model,dataset,b,n,delta_999,delta_sd,null_mean,null_sd,excess,r_above,p_left,n_rep,time_s
i21k_t,imagenet,-1,1000,0.08783908467353604,0.0003035147351940353,0.09315779022377392,0.004220296363339023,-0.005318705550237876,45,0.1176470588235294,50,73.86726808547974
i21k_t,imagenet,0,1000,0.08871234529085162,0.00020467586397463289,0.09285200502298244,0.004190406343826757,-0.004139659732130818,42,0.17647058823529413,50,82.0924379825592
i21k_t,imagenet,1,1000,0.08813615954847576,0.00027444902672241233,0.092864345455786,0.0041885428760428224,-0.004728185907310237,43,0.1568627450980392,50,81.12041425704956
i21k_t,imagenet,2,1000,0.08825121396751084,0.000274274350695764,0.0929162838658665,0.00419131479742748,-0.0046650698983556615,43,0.1568627450980392,50,81.71057152748108
i21k_t,imagenet,3,1000,0.08815991581521271,0.0002667712050790312,0.09292039651351493,0.0042003490295627905,-0.004760480698302204,43,0.1568627450980392,50,79.22060465812683
i21k_t,imagenet,4,1000,0.08773761629263369,0.00018304839422059516,0.09300966881540193,0.0042029195975690275,-0.0052720525227682455,45,0.1176470588235294,50,58.60931348800659
i21k_t,imagenet,5,1000,0.0868633029732125,0.0003835105856900434,0.09295496676669686,0.004188611955728374,-0.00609166379348436,45,0.1176470588235294,50,63.983650922775276
i21k_t,imagenet,6,1000,0.08861024634182388,0.0003196221388450352,0.09289542816355356,0.004193719931425915,-0.0042851818217296824,42,0.17647058823529413,50,63.65011167526245
i21k_t,imagenet,7,1000,0.08825132645881831,0.00021615576974008002,0.0928954114622196,0.004184750361890635,-0.004644085003401299,43,0.1568627450980392,50,78.76034593582153
i21k_t,imagenet,8,1000,0.08791781785418654,0.00012635533437992184,0.0929880376806057,0.00419109342966134,-0.00507021982641917,45,0.1176470588235294,50,81.78970265388489
i21k_t,imagenet,9,1000,0.08827591879467908,0.0002861132419531353,0.09293362705187837,0.004189817726453843,-0.0046577082571993,43,0.1568627450980392,50,79.86571884155273
i21k_t,imagenet,10,1000,0.0884536193837857,0.0002994865074749719,0.09296616253131196,0.004199535572426129,-0.004512543147526264,43,0.1568627450980392,50,74.83475971221924
i21k_t,imagenet,11,1000,0.08866358082913604,0.00024702489323429446,0.09295655031697808,0.004184972183705682,-0.004292969487842024,42,0.17647058823529413,50,86.57975459098816
i21k_t,imagenet,12,1000,0.0879209130568251,0.00022873180470865787,0.09298488105476052,0.0041916192818931145,-0.005063967997935417,45,0.1176470588235294,50,86.63056516647339
i21k_t,imagenet,13,1000,0.0868407665112831,0.00021436873841469768,0.09293542061796296,0.004194524420174546,-0.00609465410667985,45,0.1176470588235294,50,85.53153705596924
i21k_t,imagenet,14,1000,0.08848605330455518,0.00035139571618862084,0.09282199908218153,0.004198101704414356,-0.00433594577762636,42,0.17647058823529413,50,84.61682391166688
i21k_t,imagenet,15,1000,0.0857287932309163,0.00030222334180757563,0.09289294605314599,0.004204866286474308,-0.007164152822229708,47,0.0784313725490196,50,76.94274044036865
i21k_t,imagenet,16,1000,0.0879830079638667,0.00019212811280594909,0.09299466774903546,0.0041898304110658275,-0.005011659785168765,45,0.1176470588235294,50,74.47131824493408
i21k_t,imagenet,17,1000,0.08707660120500685,0.00024925945560561285,0.09297519748707177,0.0041871052103764975,-0.005898596282064904,45,0.1176470588235294,50,71.37434601783751
i21k_t,imagenet,18,1000,0.0869061116225621,0.0002249948072841605,0.09286665221020134,0.004194724520333892,-0.005960540587639243,45,0.1176470588235294,50,59.32753324508667
i21k_t,imagenet,19,1000,0.08850467740484583,0.00027160852550705953,0.093010750986852,0.004194621833429852,-0.004506073582006165,43,0.1568627450980392,50,66.368346452713
i21k_t,imagenet,20,1000,0.0867661327834087,0.0002471891855908519,0.09291291906226418,0.0041898397987444255,-0.006146786278855482,45,0.1176470588235294,50,65.69962048530579
i21k_t,imagenet,21,1000,0.08786221299709153,0.0003566381186689229,0.09304253738806613,0.004185683242163729,-0.0051803243909746,45,0.1176470588235294,50,83.81460118293762
i21k_t,imagenet,22,1000,0.08607554103860318,0.0002386148161546316,0.09293629213693654,0.004195637833602222,-0.006860751098333354,47,0.0784313725490196,50,81.98838448524475
i21k_t,imagenet,23,1000,0.08599012611014853,0.00028198299270886765,0.09300024741364436,0.004182166998076042,-0.007010121303495821,47,0.0784313725490196,50,81.65337610244752
i21k_t,imagenet,24,1000,0.08964068413596467,0.0002791437448977421,0.09280162799926857,0.0041980238593576896,-0.003160943863303914,39,0.2352941176470588,50,81.32912635803224
i21k_t,imagenet,25,1000,0.09017172649358604,0.0002600611226230025,0.0928761612649163,0.004201709218640521,-0.002704434771330269,39,0.2352941176470588,50,84.41274285316467
i21k_t,imagenet,26,1000,0.08891024533179932,0.00028117670775771957,0.09289516678409764,0.004196710509735949,-0.003984921452298326,42,0.17647058823529413,50,85.51829051971436
i21k_t,imagenet,27,1000,0.08858782617844184,0.00031240808253448063,0.09291594361918787,0.004192983406178533,-0.004328117440746043,42,0.17647058823529413,50,85.76954913139345
i21k_t,imagenet,28,1000,0.08918203451871347,0.00030747461867485247,0.0929677815530238,0.004198400903347061,-0.0037857470343103375,41,0.19607843137254904,50,84.90752911567687
i21k_t,imagenet,29,1000,0.08884039206646249,0.0002581851267881017,0.09285563949422787,0.0042053487499836215,-0.004015247427765392,42,0.17647058823529413,50,85.16412949562074
i21k_s,imagenet,-1,1000,0.06289278478250815,0.00026560569479597545,0.07535094430391615,0.0030308737253131953,-0.012458159521407995,50,0.0196078431372549,50,101.19211959838869
i21k_s,imagenet,0,1000,0.06457836210081813,0.0002543415249366631,0.07497020990055256,0.002994269186326377,-0.010391847799734429,50,0.0196078431372549,50,99.07074475288393
i21k_s,imagenet,1,1000,0.06299009295955793,0.0002500471918371427,0.07498626781518643,0.0029943834971504837,-0.011996174855628495,50,0.0196078431372549,50,100.59817290306091
i21k_s,imagenet,2,1000,0.06395472993476037,0.00020486640856395518,0.07499967673999097,0.002999107670224475,-0.01104494680523059,50,0.0196078431372549,50,100.97182941436769
i21k_s,imagenet,3,1000,0.06293568758932819,0.0002194892558435809,0.07514603899075578,0.0029993057067595552,-0.012210351401427594,50,0.0196078431372549,50,100.0281105041504
i21k_s,imagenet,4,1000,0.06351555489680641,0.0001693659246777704,0.07515180116314928,0.002999157644617327,-0.011636246266342869,50,0.0196078431372549,50,99.86862373352051
i21k_s,imagenet,5,1000,0.06194439450246408,0.000387374139070159,0.07500665773148267,0.002986129765272652,-0.0130622632290186,50,0.0196078431372549,50,97.91360259056091
i21k_s,imagenet,6,1000,0.06318545709719843,0.0002956410660599919,0.07500672802597662,0.00299184778678428,-0.011821270928778202,50,0.0196078431372549,50,98.14929676055908
i21k_s,imagenet,7,1000,0.06341493991565597,0.0002397406325978753,0.07499053950323363,0.0029899167250568197,-0.011575599587577643,50,0.0196078431372549,50,88.66187238693237
i21k_s,imagenet,8,1000,0.0633922163124268,0.00023668076817884184,0.07506661244565155,0.002999359169755496,-0.011674396133224754,50,0.0196078431372549,50,101.70007634162904
i21k_s,imagenet,9,1000,0.06240766902682963,0.00021293587907391884,0.07504616590282559,0.0030063317310624984,-0.012638496875995962,50,0.0196078431372549,50,100.93629097938538
i21k_s,imagenet,10,1000,0.06298819677463419,0.00024174952185404214,0.0751143992798431,0.002986403944065119,-0.01212620250520892,50,0.0196078431372549,50,103.23537158966064
i21k_s,imagenet,11,1000,0.06340396181191102,0.0002755014579400432,0.07512322043954223,0.0029780446246582717,-0.011719258627631207,50,0.0196078431372549,50,97.73458194732666
i21k_s,imagenet,12,1000,0.06290437864882213,0.00017455155818864857,0.0750823857902267,0.0029931011232068173,-0.012178007141404571,50,0.0196078431372549,50,75.5914852619171
i21k_s,imagenet,13,1000,0.06312113236245534,0.00025383219273479086,0.07507110245758374,0.0030104762207783567,-0.011949970095128395,50,0.0196078431372549,50,77.99335050582886
i21k_s,imagenet,14,1000,0.06316519137098818,0.00026554032211368217,0.07498000042405381,0.0030040426766320865,-0.011814809053065643,50,0.0196078431372549,50,101.6590850353241
i21k_s,imagenet,15,1000,0.061598983599060325,0.0001100586640882062,0.07509052735863557,0.003004537395339149,-0.013491543759575238,50,0.0196078431372549,50,96.52712869644164
i21k_s,imagenet,16,1000,0.061659660012864874,0.0002720506327801201,0.07510269399307791,0.002996183265020054,-0.013443033980213044,50,0.0196078431372549,50,99.54271531105042
i21k_s,imagenet,17,1000,0.0627252707178906,0.00025879221781034006,0.0750298505379913,0.002989032002075568,-0.012304579820100706,50,0.0196078431372549,50,100.6015202999115
i21k_s,imagenet,18,1000,0.0621614579809016,0.0002784900141987674,0.07501984661858695,0.002990417623351173,-0.012858388637685349,50,0.0196078431372549,50,100.17083287239076
i21k_s,imagenet,19,1000,0.06352353821955939,0.00033929051632438213,0.0750955961031477,0.002993513874196627,-0.011572057883588309,50,0.0196078431372549,50,71.34539437294006
i21k_s,imagenet,20,1000,0.06357914591281913,0.0002725078530904321,0.07500102267880551,0.002993332670501887,-0.011421876765986395,50,0.0196078431372549,50,76.25836515426636
i21k_s,imagenet,21,1000,0.06251867561110466,0.00027513926377103337,0.07510237065922187,0.0029875887488394377,-0.012583695048117209,50,0.0196078431372549,50,93.89092302322388
i21k_s,imagenet,22,1000,0.0620986408653565,0.00028471658306669553,0.07500333282968706,0.002992451102511225,-0.012904691964330556,50,0.0196078431372549,50,88.92282891273499
i21k_s,imagenet,23,1000,0.06298818992027584,0.00030504436654443015,0.07512091026887158,0.0029944694306655558,-0.012132720348595735,50,0.0196078431372549,50,93.41584014892578
i21k_s,imagenet,24,1000,0.06334662424477833,0.00019355245724691047,0.07498804836630557,0.002994263827483829,-0.011641424121527244,50,0.0196078431372549,50,97.34192514419556
i21k_s,imagenet,25,1000,0.06322292185858648,0.0002461560821024057,0.07499496750907424,0.003001606038944627,-0.01177204565048777,50,0.0196078431372549,50,96.37494254112244
i21k_s,imagenet,26,1000,0.06318725407613003,0.00033092502352193167,0.07498452647238901,0.003009584983669541,-0.01179727239625897,50,0.0196078431372549,50,91.02355337142944
i21k_s,imagenet,27,1000,0.06331491480230719,0.0003748646794358851,0.07502257402493231,0.003000277286871479,-0.011707659222625122,50,0.0196078431372549,50,95.50745558738708
i21k_s,imagenet,28,1000,0.06308240268432552,0.0002648032025715455,0.07503147098412677,0.0029986637353555377,-0.011949068299801259,50,0.0196078431372549,50,96.1022458076477
i21k_s,imagenet,29,1000,0.06289704358297142,0.00030227105907527945,0.07511762684308683,0.00300135492657534,-0.012220583260115395,50,0.0196078431372549,50,99.6884708404541
i21k_b,imagenet,-1,1000,0.05393620095877087,0.00019941582908156085,0.07019434046615801,0.002756224418380644,-0.016258139507387137,50,0.0196078431372549,50,118.44761300086977
i21k_b,imagenet,0,1000,0.054299847910280266,0.0002182070586776435,0.06963093851861983,0.002707224376558041,-0.015331090608339572,50,0.0196078431372549,50,112.94266057014464
i21k_b,imagenet,1,1000,0.05339072147402886,0.00021058767276872268,0.06961026960686284,0.0027148951459079747,-0.01621954813283398,50,0.0196078431372549,50,127.83921980857849
i21k_b,imagenet,2,1000,0.05386366429172272,0.00020140288768406216,0.06969134754127106,0.0027152535068044967,-0.01582768324954834,50,0.0196078431372549,50,158.53693222999573
i21k_b,imagenet,3,1000,0.05453911483457483,0.00023391267278353336,0.06982408839982457,0.002721147171668669,-0.01528497356524975,50,0.0196078431372549,50,155.9697394371033
i21k_b,imagenet,4,1000,0.054773308753762205,0.00021969114331409355,0.06986222193627123,0.002729197570595257,-0.015088913182509024,50,0.0196078431372549,50,146.30769395828247
i21k_b,imagenet,5,1000,0.053908014154263835,0.0001726628476759634,0.06973534119714424,0.002710799477673186,-0.015827327042880396,50,0.0196078431372549,50,130.7110435962677
i21k_b,imagenet,6,1000,0.05423244716444578,0.00023452380871506162,0.06966524856620236,0.0027091782971473987,-0.015432801401756575,50,0.0196078431372549,50,143.9883413314819
i21k_b,imagenet,7,1000,0.05323030714008605,0.00018818384331033522,0.0696814216490431,0.002711146069062189,-0.01645111450895706,50,0.0196078431372549,50,147.04367041587832
i21k_b,imagenet,8,1000,0.05410606743147986,0.0001916812735419452,0.06980083777182522,0.002720534515957466,-0.015694770340345353,50,0.0196078431372549,50,145.24854040145877
i21k_b,imagenet,9,1000,0.05406287064469417,0.0001891665501799839,0.06968191401865824,0.0027231881966330623,-0.015619043373964069,50,0.0196078431372549,50,143.4471719264984
i21k_b,imagenet,10,1000,0.053922077370548514,0.00019616034415779267,0.06978001363634552,0.002716004310857692,-0.01585793626579702,50,0.0196078431372549,50,145.64627957344058
i21k_b,imagenet,11,1000,0.05440356528581965,0.0002331549756351657,0.0698237484515977,0.002713447725109242,-0.015420183165778041,50,0.0196078431372549,50,145.03387594223022
i21k_b,imagenet,12,1000,0.05441081119221729,0.00019398177472352424,0.06974761444302649,0.0027157387347509928,-0.015336803250809203,50,0.0196078431372549,50,146.7401120662689
i21k_b,imagenet,13,1000,0.053000488670784704,0.00017128287744713202,0.06971132422455974,0.002717188116310655,-0.01671083555377503,50,0.0196078431372549,50,146.03337621688846
i21k_b,imagenet,14,1000,0.05467606370841208,0.0002463909416713997,0.06971475635819438,0.0027244169979598718,-0.015038692649782297,50,0.0196078431372549,50,147.40870642662045
i21k_b,imagenet,15,1000,0.0525192825169154,0.00016298886094705652,0.06986675711011775,0.0027213322947384194,-0.01734747459320235,50,0.0196078431372549,50,146.87500047683716
i21k_b,imagenet,16,1000,0.05411391697420757,0.00021876891722393148,0.0697648831463605,0.002709765946864818,-0.01565096617215294,50,0.0196078431372549,50,150.91143584251404
i21k_b,imagenet,17,1000,0.053480372195075655,0.00019240344542370148,0.06971910001251036,0.002709374305449412,-0.016238727817434705,50,0.0196078431372549,50,141.06559062004092
i21k_b,imagenet,18,1000,0.054486705657281816,0.00020788797077018692,0.06968135809157812,0.002710392776614398,-0.015194652434296326,50,0.0196078431372549,50,136.8749177455902
i21k_b,imagenet,19,1000,0.05469664389201525,0.00021524302834140501,0.06980129863661036,0.002715853311045977,-0.01510465474459511,50,0.0196078431372549,50,142.80234384536743
i21k_b,imagenet,20,1000,0.05464062521082454,0.00019667034106044868,0.06971159139729126,0.002714092996311329,-0.015070966186466722,50,0.0196078431372549,50,150.06097722053528
i21k_b,imagenet,21,1000,0.0544254432042576,0.00017271295216896978,0.06976684945343327,0.0027145490611320358,-0.015341406249175675,50,0.0196078431372549,50,142.0264849662781
i21k_b,imagenet,22,1000,0.05381623485637689,0.00026002228191914807,0.06968172960882428,0.002716743738524389,-0.01586549475244739,50,0.0196078431372549,50,133.86414837837222
i21k_b,imagenet,23,1000,0.054354103884394885,0.0002755664981084669,0.06979765258890805,0.0027181426130886872,-0.015443548704513171,50,0.0196078431372549,50,147.97464084625244
i21k_b,imagenet,24,1000,0.05255134778856886,0.00018338833655082894,0.06970304954008281,0.0027205578695863393,-0.017151701751513954,50,0.0196078431372549,50,138.07972431182858
i21k_b,imagenet,25,1000,0.05442838529831898,0.0001967190748293245,0.0697455796942462,0.002722909845599265,-0.015317194395927219,50,0.0196078431372549,50,140.3454620838165
i21k_b,imagenet,26,1000,0.05379038874225242,0.00020090306826664982,0.0696419645228286,0.00271435192542444,-0.015851575780576187,50,0.0196078431372549,50,147.79997873306274
i21k_b,imagenet,27,1000,0.05355887484990294,0.00017905589271261765,0.06972250678391091,0.002713539198572157,-0.016163631934007973,50,0.0196078431372549,50,141.8690462112427
i21k_b,imagenet,28,1000,0.053433335678273394,0.00024399496758855716,0.06975704253951111,0.0027167236649432787,-0.016323706861237713,50,0.0196078431372549,50,150.4886386394501
i21k_b,imagenet,29,1000,0.05462060856055575,0.00019235113473830792,0.06981112454318956,0.002715240798651286,-0.015190515982633816,50,0.0196078431372549,50,145.47745370864868
i21k_l,imagenet,-1,1000,0.05545452090601352,0.00017080526901697715,0.07127889125116045,0.002830004744158465,-0.015824370345146936,50,0.0196078431372549,50,188.0265686511993
i21k_l,imagenet,0,1000,0.05500449071209298,0.00016055026052825202,0.07066909819031107,0.002787672187552785,-0.015664607478218094,50,0.0196078431372549,50,193.1413946151733
i21k_l,imagenet,1,1000,0.05475058937278902,0.0001530106571421689,0.07069771074427039,0.0027811288386713124,-0.015947121371481375,50,0.0196078431372549,50,165.22787380218506
i21k_l,imagenet,2,1000,0.05501872187493472,0.0001348271306559984,0.07070960059700096,0.002785442921230701,-0.015690878722066245,50,0.0196078431372549,50,143.20759892463684
i21k_l,imagenet,3,1000,0.05514181431840034,0.0001381659044433193,0.07074357935516815,0.002788755805531606,-0.01560176503676781,50,0.0196078431372549,50,142.43438363075256
i21k_l,imagenet,4,1000,0.05469953915960807,0.00018366403621817933,0.07080633731623326,0.0027943237156552035,-0.01610679815662519,50,0.0196078431372549,50,176.60973906517032
i21k_l,imagenet,5,1000,0.0553162938005228,0.0001720031751680701,0.07067749773114512,0.0027755201903660394,-0.015361203930622324,50,0.0196078431372549,50,159.11456489562988
i21k_l,imagenet,6,1000,0.05479142754521865,0.00013823977031245018,0.07071900601353094,0.002781143327889748,-0.01592757846831229,50,0.0196078431372549,50,160.3209285736084
i21k_l,imagenet,7,1000,0.054452750280631436,0.00013902893015579218,0.07073107776815657,0.002779017857171068,-0.016278327487525134,50,0.0196078431372549,50,138.8397455215454
i21k_l,imagenet,8,1000,0.0548230910717798,0.00024558627893605183,0.0707280974631293,0.002780360954003461,-0.015905006391349508,50,0.0196078431372549,50,179.54176473617554
i21k_l,imagenet,9,1000,0.05436938499847825,0.00020495468801255475,0.07062787934895635,0.002788613744430277,-0.016258494350478103,50,0.0196078431372549,50,185.97896909713745
i21k_l,imagenet,10,1000,0.05538766107861417,0.00019575679094898133,0.0707077344190543,0.002787911763427004,-0.015320073340440131,50,0.0196078431372549,50,174.75384426116943
i21k_l,imagenet,11,1000,0.0553371972734857,0.0001958999612266718,0.07080791016482453,0.002784560777878573,-0.01547071289133884,50,0.0196078431372549,50,167.96650385856628
i21k_l,imagenet,12,1000,0.0549006099072847,0.00012238173885625989,0.07080414448325421,0.0027888137553448906,-0.015903534575969512,50,0.0196078431372549,50,167.0942761898041
i21k_l,imagenet,13,1000,0.05514793507409392,0.00014895582229462216,0.07071350145248964,0.0027833143558990865,-0.015565566378395727,50,0.0196078431372549,50,189.8602664470673
i21k_l,imagenet,14,1000,0.05499310237636799,0.00018604648602350268,0.07063549438568803,0.0027848037807117892,-0.015642392009320043,50,0.0196078431372549,50,188.28849053382874
i21k_l,imagenet,15,1000,0.054358406155579866,0.00022497927553335586,0.07074663747295246,0.0027930660705529423,-0.016388231317372583,50,0.0196078431372549,50,187.05145835876462
i21k_l,imagenet,16,1000,0.05516517798182461,0.00015983522008465516,0.07069412238054949,0.0027808656764665984,-0.01552894439872488,50,0.0196078431372549,50,187.4192614555359
i21k_l,imagenet,17,1000,0.055301081381663834,0.00022780273009619301,0.07069018906002111,0.002776788616028616,-0.015389107678357272,50,0.0196078431372549,50,179.1867973804474
i21k_l,imagenet,18,1000,0.05546231030321045,0.00010784399750762876,0.0706861399684792,0.0027837058081361496,-0.015223829665268744,50,0.0196078431372549,50,183.49714422225952
i21k_l,imagenet,19,1000,0.05550104482197443,0.00019212142209058784,0.07079979805597783,0.0027809980297385612,-0.015298753234003412,50,0.0196078431372549,50,181.53141665458682
i21k_l,imagenet,20,1000,0.053922810589910684,0.0001977516898897944,0.0707040911988596,0.0027804266762669213,-0.016781280608948918,50,0.0196078431372549,50,182.72648358345032
i21k_l,imagenet,21,1000,0.05409233153122113,0.0002273156722426585,0.07068013931006333,0.0027801860848287413,-0.016587807778842195,50,0.0196078431372549,50,198.98863792419436
i21k_l,imagenet,22,1000,0.05575660048382549,0.00011861004888000508,0.07071290806211787,0.0027821925813086928,-0.014956307578292381,50,0.0196078431372549,50,166.6689352989197
i21k_l,imagenet,23,1000,0.05508813866337477,0.00012546656359670337,0.0707848603510379,0.0027868669808850787,-0.015696721687663125,50,0.0196078431372549,50,194.15034198760983
i21k_l,imagenet,24,1000,0.05500416406507468,0.00018412243800010583,0.07073474149176652,0.002793488856463986,-0.015730577426691844,50,0.0196078431372549,50,189.03923749923703
i21k_l,imagenet,25,1000,0.05516764212760803,0.0002060187705762581,0.07066732431693215,0.002783731609933893,-0.015499682189324118,50,0.0196078431372549,50,196.49300837516785
i21k_l,imagenet,26,1000,0.05507543121583185,0.00015316227858924367,0.07068087683203864,0.0027840228918086067,-0.015605445616206791,50,0.0196078431372549,50,180.63232398033142
i21k_l,imagenet,27,1000,0.05480321099821223,0.0002549956665945937,0.0707449540724324,0.002783068678262784,-0.01594174307422018,50,0.0196078431372549,50,186.0342981815338
i21k_l,imagenet,28,1000,0.05507766701250225,0.00017341420918629184,0.07072955791612365,0.0027877851334969232,-0.015651890903621398,50,0.0196078431372549,50,194.29948806762692
i21k_l,imagenet,29,1000,0.054577162519754883,0.00011864659392990484,0.07071226331884732,0.0027810792792196263,-0.016135100799092437,50,0.0196078431372549,50,148.56737160682678
dinov1_b,fashionmnist,-1,10,0.13503588484727033,0.0,0.14630690822651002,0.019501587585048046,-0.011271023379239686,37,0.27450980392156865,50,23.24376678466797
dinov1_b,fashionmnist,0,10,0.13589384416139172,0.0,0.14634112870501295,0.019442838024739846,-0.01044728454362123,35,0.3137254901960784,50,23.322704792022705
dinov1_b,fashionmnist,1,10,0.1344530449997766,2.7755575615628914e-17,0.1463213513403883,0.0194520164835603,-0.0118683063406117,37,0.27450980392156865,50,23.055592775344852
dinov1_b,fashionmnist,2,10,0.1349936551194248,0.0,0.14608537018155754,0.01945546444520869,-0.011091715062132744,37,0.27450980392156865,50,24.310264348983765
dinov1_b,fashionmnist,3,10,0.13463535439039914,2.7755575615628914e-17,0.1460675842542077,0.01942130458576129,-0.011432229863808568,37,0.27450980392156865,50,24.68891668319702
dinov1_b,fashionmnist,4,10,0.1340365515982098,0.0,0.14610272638857594,0.01941647830898496,-0.012066174790366145,38,0.2549019607843137,50,25.082677364349365
dinov1_b,fashionmnist,5,10,0.13367924430645542,0.0,0.14600848402060046,0.019532644148218575,-0.01232923971414504,38,0.2549019607843137,50,25.051284551620483
dinov1_b,fashionmnist,6,10,0.13542818528889036,0.0,0.1467563111290037,0.019506482824201588,-0.011328125840113334,37,0.27450980392156865,50,24.887094974517822
dinov1_b,fashionmnist,7,10,0.13400300092413167,2.7755575615628914e-17,0.14625064816353806,0.0194950774478843,-0.012247647239406384,38,0.2549019607843137,50,24.976173162460327
dinov1_b,fashionmnist,8,10,0.13427946274906175,0.0,0.14611953977065464,0.01946092559369432,-0.0118400770215929,38,0.2549019607843137,50,24.8666570186615
dinov1_b,fashionmnist,9,10,0.13564224719069198,0.0,0.14658267287435364,0.019602843778908027,-0.010940425683661659,36,0.29411764705882354,50,22.140407800674442
dinov1_b,fashionmnist,10,10,0.13458951101144592,0.0,0.14624327742084847,0.019497267827468308,-0.01165376640940255,38,0.2549019607843137,50,20.57610011100769
dinov1_b,fashionmnist,11,10,0.134908902468949,0.0,0.14629300095668188,0.019540420427566558,-0.011384098487732893,37,0.27450980392156865,50,21.733624696731567
dinov1_b,fashionmnist,12,10,0.13552927614433918,0.0,0.14636072583062185,0.019505917254583904,-0.010831449686282664,36,0.29411764705882354,50,20.447474241256714
dinov1_b,fashionmnist,13,10,0.13462978694512162,0.0,0.14635260548483436,0.019554356227463696,-0.011722818539712744,38,0.2549019607843137,50,19.79964160919189
dinov1_b,fashionmnist,14,10,0.135187423686366,0.0,0.14637631971029044,0.01948357150734477,-0.01118889602392445,36,0.29411764705882354,50,22.78203821182251
dinov1_b,fashionmnist,15,10,0.13448028906837511,2.7755575615628914e-17,0.146414661030556,0.01955889412677834,-0.011934371962180891,38,0.2549019607843137,50,23.52251124382019
dinov1_b,fashionmnist,16,10,0.13449516836793102,0.0,0.14615786558591126,0.019512217794114443,-0.011662697217980215,38,0.2549019607843137,50,23.07018780708313
dinov1_b,fashionmnist,17,10,0.13547488103193614,0.0,0.1467028052637641,0.0195389411095119,-0.011227924231827974,37,0.27450980392156865,50,23.047473669052124
dinov1_b,fashionmnist,18,10,0.13408895422176986,0.0,0.14597418222839667,0.01943426254235131,-0.011885228006626836,38,0.2549019607843137,50,22.68544220924377
dinov1_b,fashionmnist,19,10,0.13398526787524395,0.0,0.14611263655936338,0.019420275142199833,-0.012127368684119429,38,0.2549019607843137,50,21.206430196762085
dinov1_b,fashionmnist,20,10,0.13661976673193255,2.7755575615628914e-17,0.1460468110371126,0.019514888391310374,-0.009427044305180016,34,0.3333333333333333,50,20.817885398864746
dinov1_b,fashionmnist,21,10,0.13499820059994588,2.7755575615628914e-17,0.14618707685475069,0.01953672907856476,-0.011188876254804804,37,0.27450980392156865,50,24.339237451553345
dinov1_b,fashionmnist,22,10,0.13437975510492967,0.0,0.1464535432783111,0.01961406956431836,-0.012073788173381422,38,0.2549019607843137,50,25.043524265289307
dinov1_b,fashionmnist,23,10,0.13461764607581955,2.7755575615628914e-17,0.14601324530192314,0.01946989630648889,-0.011395599226103588,37,0.27450980392156865,50,24.771526336669922
dinov1_b,fashionmnist,24,10,0.13426139464593947,0.0,0.14615352795518918,0.019513769679452186,-0.011892133309249708,38,0.2549019607843137,50,22.136417388916016
dinov1_b,fashionmnist,25,10,0.13514484524503326,0.0,0.1465170011795668,0.01956672807825632,-0.011372155934533584,37,0.27450980392156865,50,21.608640432357788
dinov1_b,fashionmnist,26,10,0.13515978864681782,2.7755575615628914e-17,0.14630118370208176,0.019549068006004287,-0.011141395055263929,37,0.27450980392156865,50,21.900783777236942
dinov1_b,fashionmnist,27,10,0.13302660107908032,2.7755575615628914e-17,0.1457659523162327,0.019394581812398486,-0.012739351237152393,40,0.21568627450980396,50,23.89090943336487
dinov1_b,fashionmnist,28,10,0.13607915241314933,0.0,0.14638422081845034,0.019530314558864944,-0.010305068405301016,35,0.3137254901960784,50,23.97049570083618
dinov1_b,fashionmnist,29,10,0.1340549151695753,2.7755575615628914e-17,0.1463760347761942,0.019466395961801858,-0.012321119606618913,39,0.2352941176470588,50,20.334015607833862
dinov2_s,fashionmnist,-1,10,0.10671717081770522,1.3877787807814454e-17,0.14338581944140186,0.018893079176796692,-0.036668648623696606,50,0.0196078431372549,50,21.63719081878662
dinov2_s,fashionmnist,0,10,0.10590383837650237,1.3877787807814454e-17,0.14341436463527985,0.018938309984074756,-0.03751052625877746,50,0.0196078431372549,50,22.776798248291016
dinov2_s,fashionmnist,1,10,0.10659782507933682,1.3877787807814454e-17,0.14345127664739604,0.01890784991114712,-0.03685345156805922,50,0.0196078431372549,50,23.158958911895752
dinov2_s,fashionmnist,2,10,0.10783957000703766,0.0,0.1433793933383187,0.018862295444428537,-0.035539823331281035,50,0.0196078431372549,50,22.97772336006165
dinov2_s,fashionmnist,3,10,0.10438522934470283,0.0,0.14357975327570882,0.0189059373511074,-0.039194523931006,50,0.0196078431372549,50,23.23056936264038
dinov2_s,fashionmnist,4,10,0.10503196139044067,0.0,0.14356264008009909,0.01890883504108011,-0.0385306786896584,50,0.0196078431372549,50,23.056640148162842
dinov2_s,fashionmnist,5,10,0.10767314171181604,0.0,0.1432637660570152,0.01888589642869903,-0.035590624345199176,50,0.0196078431372549,50,21.8800048828125
dinov2_s,fashionmnist,6,10,0.10609372978304568,0.0,0.1435151485283136,0.01893199293444064,-0.03742141874526792,50,0.0196078431372549,50,21.844048261642453
dinov2_s,fashionmnist,7,10,0.10706782673764717,0.0,0.14314346990718158,0.018861341957123686,-0.036075643169534384,50,0.0196078431372549,50,21.721252918243408
dinov2_s,fashionmnist,8,10,0.10818553219882997,0.0,0.14339656167759454,0.0188649524076812,-0.03521102947876459,50,0.0196078431372549,50,21.694622039794922
dinov2_s,fashionmnist,9,10,0.10712796523022472,0.0,0.14343874528538958,0.01891116166323551,-0.03631078005516486,50,0.0196078431372549,50,21.938832521438602
dinov2_s,fashionmnist,10,10,0.10838107092688257,0.0,0.14357095958622473,0.018944241384235647,-0.03518988865934217,50,0.0196078431372549,50,21.555875539779663
dinov2_s,fashionmnist,11,10,0.10552416208725716,0.0,0.14313265085053425,0.018897471024200127,-0.03760848876327706,50,0.0196078431372549,50,21.309499740600586
dinov2_s,fashionmnist,12,10,0.10615227058696013,0.0,0.1433261552605853,0.01886535584155786,-0.03717388467362517,50,0.0196078431372549,50,18.984288454055786
dinov2_s,fashionmnist,13,10,0.10544498846464873,0.0,0.14339439462156578,0.0188598589111842,-0.03794940615691707,50,0.0196078431372549,50,22.21710157394409
dinov2_s,fashionmnist,14,10,0.10644758423704397,0.0,0.14345639038917368,0.018875359201177683,-0.03700880615212972,50,0.0196078431372549,50,21.951953411102295
dinov2_s,fashionmnist,15,10,0.106355942566041,0.0,0.14363983142682826,0.01886404573209929,-0.037283888860787234,50,0.0196078431372549,50,21.87902283668518
dinov2_s,fashionmnist,16,10,0.10614993359524982,0.0,0.1433913283079172,0.018898079763514045,-0.03724139471266738,50,0.0196078431372549,50,22.243120431900024
dinov2_s,fashionmnist,17,10,0.1067109131393968,1.3877787807814454e-17,0.14329869377022714,0.01898574166871918,-0.03658778063083036,50,0.0196078431372549,50,23.3691999912262
dinov2_s,fashionmnist,18,10,0.1069545762426773,1.3877787807814454e-17,0.14313905030645452,0.018852850269090667,-0.03618447406377722,50,0.0196078431372549,50,23.960862159729004
dinov2_s,fashionmnist,19,10,0.10468258074754293,0.0,0.14322330059935307,0.01893227946255493,-0.03854071985181015,50,0.0196078431372549,50,23.888454914093018
dinov2_s,fashionmnist,20,10,0.1065728902644781,0.0,0.14343436666740186,0.01886570759275908,-0.03686147640292377,50,0.0196078431372549,50,23.87143874168396
dinov2_s,fashionmnist,21,10,0.10701485099568196,1.3877787807814454e-17,0.14309276742574512,0.01887263518636135,-0.03607791643006317,50,0.0196078431372549,50,23.815507411956787
dinov2_s,fashionmnist,22,10,0.10756376702421393,1.3877787807814454e-17,0.14318161223762554,0.0189432355419389,-0.03561784521341163,50,0.0196078431372549,50,23.35826659202576
dinov2_s,fashionmnist,23,10,0.10693533308740172,0.0,0.14321695755486455,0.01889682817978169,-0.03628162446746282,50,0.0196078431372549,50,23.97663187980652
dinov2_s,fashionmnist,24,10,0.10707857830071844,0.0,0.14329795797110234,0.018942739911574517,-0.03621937967038391,50,0.0196078431372549,50,23.497060298919678
dinov2_s,fashionmnist,25,10,0.10760385761959224,0.0,0.14352755966245426,0.01895590549222707,-0.035923702042861994,50,0.0196078431372549,50,23.695866107940674
dinov2_s,fashionmnist,26,10,0.10769773532254036,0.0,0.14322280669432358,0.018865491293129703,-0.035525071371783214,50,0.0196078431372549,50,23.54387664794922
dinov2_s,fashionmnist,27,10,0.10833167111404092,1.3877787807814454e-17,0.1429884762082608,0.018805401835840868,-0.03465680509421987,50,0.0196078431372549,50,23.792250156402588
dinov2_s,fashionmnist,28,10,0.10458397159692652,0.0,0.14356757679582086,0.01892680295986326,-0.038983605198894315,50,0.0196078431372549,50,23.788520097732547
dinov2_s,fashionmnist,29,10,0.10526342921189066,0.0,0.14370447522783844,0.018860593247408738,-0.038441046015947784,50,0.0196078431372549,50,23.77575135231018
dinov2_b,fashionmnist,-1,10,0.08306454514354546,0.0,0.14883890047564152,0.021120821677629964,-0.06577435533209608,50,0.0196078431372549,50,24.014861583709717
dinov2_b,fashionmnist,0,10,0.08106346604909488,0.0,0.14890215169680285,0.021169234156382586,-0.06783868564770798,50,0.0196078431372549,50,24.05618476867676
dinov2_b,fashionmnist,1,10,0.08372284303513443,0.0,0.14888687650600094,0.02111624269511627,-0.06516403347086654,50,0.0196078431372549,50,23.947004795074463
dinov2_b,fashionmnist,2,10,0.0850437265837318,0.0,0.14889590923678112,0.02111832932588666,-0.06385218265304933,50,0.0196078431372549,50,24.218708038330078
dinov2_b,fashionmnist,3,10,0.08390284227512826,0.0,0.14890747562099887,0.021138389483817247,-0.06500463334587063,50,0.0196078431372549,50,24.744189023971558
dinov2_b,fashionmnist,4,10,0.08308719949348795,0.0,0.148807093536713,0.02113639525262799,-0.06571989404322506,50,0.0196078431372549,50,22.860989332199093
dinov2_b,fashionmnist,5,10,0.08439485845318165,1.3877787807814454e-17,0.1486543463274763,0.021093787540577683,-0.06425948787429464,50,0.0196078431372549,50,23.728105783462524
dinov2_b,fashionmnist,6,10,0.08357952464496522,0.0,0.14895088725407787,0.0210962272984324,-0.06537136260911265,50,0.0196078431372549,50,23.597596645355225
dinov2_b,fashionmnist,7,10,0.0836899299528444,0.0,0.14885585964612755,0.02112314823652113,-0.06516592969328315,50,0.0196078431372549,50,23.742504835128784
dinov2_b,fashionmnist,8,10,0.08219362514434167,0.0,0.14877649084107605,0.021072820081389727,-0.06658286569673437,50,0.0196078431372549,50,23.52898001670837
dinov2_b,fashionmnist,9,10,0.08426039245084391,0.0,0.1490192648100025,0.021152217518704945,-0.06475887235915859,50,0.0196078431372549,50,23.56263256072998
dinov2_b,fashionmnist,10,10,0.08353382858266913,0.0,0.14910614996481555,0.021135132488097945,-0.06557232138214643,50,0.0196078431372549,50,23.64147472381592
dinov2_b,fashionmnist,11,10,0.08598074337331171,0.0,0.14847734309515348,0.02109791319230649,-0.062496599721841774,50,0.0196078431372549,50,23.608275175094604
dinov2_b,fashionmnist,12,10,0.07994807413514551,1.3877787807814454e-17,0.14884529515715095,0.021100453043375624,-0.06889722102200542,50,0.0196078431372549,50,23.75433826446533
dinov2_b,fashionmnist,13,10,0.07926967063622116,0.0,0.14906478340560736,0.02117816086213928,-0.0697951127693862,50,0.0196078431372549,50,23.252216339111328
dinov2_b,fashionmnist,14,10,0.08377357798764846,1.3877787807814454e-17,0.14864723986971076,0.020989247662023012,-0.0648736618820623,50,0.0196078431372549,50,23.704111814498898
dinov2_b,fashionmnist,15,10,0.08191711632459854,0.0,0.14904780847143168,0.0211779860092086,-0.06713069214683312,50,0.0196078431372549,50,23.64028286933899
dinov2_b,fashionmnist,16,10,0.08065603300430432,1.3877787807814454e-17,0.14883790201102534,0.021170577416756986,-0.06818186900672105,50,0.0196078431372549,50,22.237934112548828
dinov2_b,fashionmnist,17,10,0.08265125939886189,0.0,0.1487433348020567,0.021163712553709014,-0.06609207540319481,50,0.0196078431372549,50,20.509796857833862
dinov2_b,fashionmnist,18,10,0.08290818177305659,0.0,0.14870808857727924,0.021010788104224833,-0.06579990680422265,50,0.0196078431372549,50,23.707165479660034
dinov2_b,fashionmnist,19,10,0.08334220375886306,1.3877787807814454e-17,0.14876073023636996,0.02114858181623153,-0.0654185264775069,50,0.0196078431372549,50,24.019604444503784
dinov2_b,fashionmnist,20,10,0.0836606787483373,0.0,0.14848710649034585,0.021099832818775827,-0.06482642774200853,50,0.0196078431372549,50,23.913143634796143
dinov2_b,fashionmnist,21,10,0.08318436904838107,0.0,0.14885925244649484,0.02113841874737864,-0.06567488339811375,50,0.0196078431372549,50,23.232644081115726
dinov2_b,fashionmnist,22,10,0.08332956192131526,0.0,0.14906527572048994,0.021136262618079358,-0.06573571379917469,50,0.0196078431372549,50,24.47674918174744
dinov2_b,fashionmnist,23,10,0.08209702670467467,0.0,0.14857389642473706,0.021122509125380773,-0.06647686972006239,50,0.0196078431372549,50,24.234904289245605
dinov2_b,fashionmnist,24,10,0.0820704361881346,0.0,0.14885917387017308,0.02112902782090816,-0.06678873768203847,50,0.0196078431372549,50,25.253496408462524
dinov2_b,fashionmnist,25,10,0.08399968347901746,1.3877787807814454e-17,0.1487822386635496,0.02109977744871775,-0.06478255518453213,50,0.0196078431372549,50,23.760667562484738
dinov2_b,fashionmnist,26,10,0.08606518085577286,0.0,0.14897380354089812,0.021029212074652383,-0.06290862268512526,50,0.0196078431372549,50,23.880222082138058
dinov2_b,fashionmnist,27,10,0.0847833369545311,0.0,0.14884708015482434,0.021048991017047568,-0.06406374320029327,50,0.0196078431372549,50,22.802379608154297
dinov2_b,fashionmnist,28,10,0.08340274032222612,1.3877787807814454e-17,0.1489067821128365,0.0211464714305127,-0.06550404179061038,50,0.0196078431372549,50,20.798546552658078
dinov2_b,fashionmnist,29,10,0.08199221171601809,1.3877787807814454e-17,0.14900307602330384,0.021142871650965005,-0.06701086430728576,50,0.0196078431372549,50,23.97204065322876
dinov2_l,fashionmnist,-1,10,0.10601734515806413,0.0,0.1472254067404803,0.020136531006388358,-0.04120806158241616,50,0.0196078431372549,50,25.06498384475708
dinov2_l,fashionmnist,0,10,0.10649425161592356,1.3877787807814454e-17,0.147408943723311,0.020226904020828,-0.04091469210738745,50,0.0196078431372549,50,19.978613376617428
dinov2_l,fashionmnist,1,10,0.1047323108944038,0.0,0.14737438329464206,0.02013253957283333,-0.042642072400238235,50,0.0196078431372549,50,22.837265253067017
dinov2_l,fashionmnist,2,10,0.1050575269100851,0.0,0.14736040964989544,0.02024714365117158,-0.04230288273981034,50,0.0196078431372549,50,22.875757932662964
dinov2_l,fashionmnist,3,10,0.10724122519949708,0.0,0.14735276474522416,0.02019084566877324,-0.04011153954572708,50,0.0196078431372549,50,22.59044003486633
dinov2_l,fashionmnist,4,10,0.10730629457693668,0.0,0.14722185227055104,0.020182255006987226,-0.03991555769361437,50,0.0196078431372549,50,22.63314986228943
dinov2_l,fashionmnist,5,10,0.10621447488065563,1.3877787807814454e-17,0.1470990323433356,0.020140077559772804,-0.040884557462679966,50,0.0196078431372549,50,22.5935275554657
dinov2_l,fashionmnist,6,10,0.1057762053613098,0.0,0.14740985476895388,0.02019311551499741,-0.04163364940764408,50,0.0196078431372549,50,22.53549075126648
dinov2_l,fashionmnist,7,10,0.10693490751783148,0.0,0.14741229669708247,0.020222479454924783,-0.040477389179250985,50,0.0196078431372549,50,22.553407430648804
dinov2_l,fashionmnist,8,10,0.10450819860944,1.3877787807814454e-17,0.1471215915830664,0.02006383568666936,-0.04261339297362639,50,0.0196078431372549,50,22.52098512649536
dinov2_l,fashionmnist,9,10,0.10546865275523684,0.0,0.14734985824170144,0.0201970420701994,-0.04188120548646464,50,0.0196078431372549,50,22.602118015289307
dinov2_l,fashionmnist,10,10,0.10544118160519883,0.0,0.1472985765269106,0.0201196335540699,-0.04185739492171177,50,0.0196078431372549,50,22.831640243530273
dinov2_l,fashionmnist,11,10,0.10611495899317984,0.0,0.14697843636796482,0.02015593550248913,-0.040863477374784976,50,0.0196078431372549,50,22.86752152442932
dinov2_l,fashionmnist,12,10,0.10729274849951734,0.0,0.14723663847842472,0.020066086205879324,-0.03994388997890738,50,0.0196078431372549,50,22.80338144302368
dinov2_l,fashionmnist,13,10,0.10761040170395024,0.0,0.14765404068919616,0.020096548478487502,-0.04004363898524593,50,0.0196078431372549,50,22.852420091629032
dinov2_l,fashionmnist,14,10,0.10642242370231884,1.3877787807814454e-17,0.14701170302758265,0.02001734955829128,-0.040589279325263815,50,0.0196078431372549,50,22.860759258270264
dinov2_l,fashionmnist,15,10,0.10620452236364801,0.0,0.14724425463715415,0.020080598203665114,-0.041039732273506165,50,0.0196078431372549,50,22.787095546722412
dinov2_l,fashionmnist,16,10,0.10758743726133498,0.0,0.14705244766861394,0.02015001200428778,-0.039465010407279,50,0.0196078431372549,50,22.80020976066589
dinov2_l,fashionmnist,17,10,0.10834231440392272,0.0,0.14685801250337818,0.020170385919168442,-0.038515698099455466,49,0.0392156862745098,50,22.78628945350647
dinov2_l,fashionmnist,18,10,0.10562887342186723,0.0,0.14750588809926246,0.020122731863857195,-0.04187701467739519,50,0.0196078431372549,50,22.79929900169373
dinov2_l,fashionmnist,19,10,0.1062026627820909,0.0,0.14693891602584006,0.020070940279163167,-0.04073625324374916,50,0.0196078431372549,50,22.87965440750122
dinov2_l,fashionmnist,20,10,0.10562195962859372,0.0,0.14700041120941626,0.02003902156841348,-0.041378451580822526,50,0.0196078431372549,50,22.66402220726013
dinov2_l,fashionmnist,21,10,0.10583050135832524,1.3877787807814454e-17,0.14708209885988813,0.020145574932023683,-0.04125159750156288,50,0.0196078431372549,50,22.562228918075558
dinov2_l,fashionmnist,22,10,0.10621375025260016,0.0,0.14719180344906546,0.02019754510969756,-0.04097805319646528,50,0.0196078431372549,50,22.5603985786438
dinov2_l,fashionmnist,23,10,0.1058580456880863,0.0,0.1469982620140079,0.02014687431432111,-0.0411402163259216,50,0.0196078431372549,50,22.518877029418945
dinov2_l,fashionmnist,24,10,0.10645348834883346,1.3877787807814454e-17,0.1471337981458286,0.020162921994469576,-0.04068030979699515,50,0.0196078431372549,50,22.54607915878296
dinov2_l,fashionmnist,25,10,0.10570383484309068,0.0,0.14723700168824513,0.02023569699570093,-0.041533166845154436,50,0.0196078431372549,50,22.527224779129032
dinov2_l,fashionmnist,26,10,0.10443942341709186,0.0,0.14699613279971213,0.02004543482146086,-0.04255670938262027,50,0.0196078431372549,50,19.71066164970398
dinov2_l,fashionmnist,27,10,0.10692684818013036,0.0,0.14737816367300405,0.020190836226992432,-0.0404513154928737,50,0.0196078431372549,50,17.473857402801517
dinov2_l,fashionmnist,28,10,0.10589390693509744,0.0,0.14758558376838168,0.02024934786333175,-0.04169167683328424,50,0.0196078431372549,50,18.59380269050598
dinov2_l,fashionmnist,29,10,0.10656481029665783,0.0,0.1473635460243058,0.02013162434018588,-0.040798735727647965,50,0.0196078431372549,50,18.74003934860229
dinov2_g,fashionmnist,-1,10,0.10173915569675243,1.3877787807814454e-17,0.15240991613055382,0.023874686058546372,-0.05067076043380138,50,0.0196078431372549,50,22.67141079902649
dinov2_g,fashionmnist,0,10,0.09865151374044236,0.0,0.15238852268344988,0.02380745129445169,-0.053737008943007515,50,0.0196078431372549,50,22.634085178375244
dinov2_g,fashionmnist,1,10,0.1042717130352244,1.3877787807814454e-17,0.15270542419061253,0.02388727159271849,-0.04843371115538814,50,0.0196078431372549,50,22.53098034858704
dinov2_g,fashionmnist,2,10,0.1020990702837985,0.0,0.15241994201270986,0.023963618895606074,-0.05032087172891134,50,0.0196078431372549,50,22.5795373916626
dinov2_g,fashionmnist,3,10,0.10097045692754572,1.3877787807814454e-17,0.15259965157036934,0.023866854224596917,-0.05162919464282362,50,0.0196078431372549,50,22.720168352127075
dinov2_g,fashionmnist,4,10,0.10417094855779917,0.0,0.1523404167348499,0.02396594367376232,-0.04816946817705076,50,0.0196078431372549,50,22.621114253997803
dinov2_g,fashionmnist,5,10,0.10308193248204192,0.0,0.15219065114924848,0.023836668091007585,-0.04910871866720656,50,0.0196078431372549,50,22.604279041290283
dinov2_g,fashionmnist,6,10,0.10127106177267013,1.3877787807814454e-17,0.15244812839180905,0.02386260762997749,-0.05117706661913893,50,0.0196078431372549,50,22.730448246002197
dinov2_g,fashionmnist,7,10,0.10215004151574616,0.0,0.15259453780192006,0.0239890256470408,-0.05044449628617387,50,0.0196078431372549,50,22.59068751335144
dinov2_g,fashionmnist,8,10,0.1020578658203621,1.3877787807814454e-17,0.1523787286444772,0.023866806641738708,-0.05032086282411512,50,0.0196078431372549,50,22.618971586227413
dinov2_g,fashionmnist,9,10,0.10187716619598022,1.3877787807814454e-17,0.15268476810720186,0.023978927624985748,-0.050807601911221606,50,0.0196078431372549,50,22.62180733680725
dinov2_g,fashionmnist,10,10,0.10124377702029476,1.3877787807814454e-17,0.1524201411351744,0.023915804518444644,-0.051176364114879636,50,0.0196078431372549,50,22.607912063598636
dinov2_g,fashionmnist,11,10,0.10278057334971087,0.0,0.15237555052086027,0.02402085466505257,-0.04959497717114938,50,0.0196078431372549,50,22.642741680145264
dinov2_g,fashionmnist,12,10,0.10020527393989888,1.3877787807814454e-17,0.1524683450751662,0.02381238930793316,-0.05226307113526732,50,0.0196078431372549,50,23.02032971382141
dinov2_g,fashionmnist,13,10,0.09753846899840048,1.3877787807814454e-17,0.15277596747771266,0.023968844434029062,-0.055237498479312135,50,0.0196078431372549,50,18.50985884666443
dinov2_g,fashionmnist,14,10,0.1015629728404252,0.0,0.1522454029687451,0.02373402360274058,-0.050682430128319925,50,0.0196078431372549,50,17.639341831207272
dinov2_g,fashionmnist,15,10,0.10109229648755567,0.0,0.15240076487025306,0.02381368231880333,-0.051308468382697335,50,0.0196078431372549,50,17.923560380935672
dinov2_g,fashionmnist,16,10,0.10015417710000954,0.0,0.152414794030794,0.023876400607025318,-0.05226061693078446,50,0.0196078431372549,50,21.15185642242432
dinov2_g,fashionmnist,17,10,0.1029823006242749,1.3877787807814454e-17,0.15214923473496858,0.02387216144400934,-0.049166934110693686,50,0.0196078431372549,50,21.26935386657715
dinov2_g,fashionmnist,18,10,0.1030720292929602,1.3877787807814454e-17,0.15262083796699707,0.023883272633436727,-0.04954880867403688,50,0.0196078431372549,50,20.85801148414612
dinov2_g,fashionmnist,19,10,0.10255059871194863,1.3877787807814454e-17,0.15225405659374394,0.023826585966179314,-0.04970345788179531,50,0.0196078431372549,50,17.474542379379272
dinov2_g,fashionmnist,20,10,0.10031523974167182,0.0,0.15230519109783144,0.02381296709517728,-0.05198995135615962,50,0.0196078431372549,50,17.896708488464355
dinov2_g,fashionmnist,21,10,0.10113580189120183,1.3877787807814454e-17,0.1524665503396682,0.02381402174251916,-0.051330748448466364,50,0.0196078431372549,50,17.982330083847046
dinov2_g,fashionmnist,22,10,0.10263248611160557,1.3877787807814454e-17,0.15227672996171582,0.024015212556942483,-0.049644243850110265,50,0.0196078431372549,50,18.19548225402832
dinov2_g,fashionmnist,23,10,0.09975216386166623,0.0,0.15203029780113847,0.023783781899728133,-0.052278133939472254,50,0.0196078431372549,50,22.602574110031128
dinov2_g,fashionmnist,24,10,0.10031971302371036,0.0,0.1523383927942453,0.023939393108082244,-0.052018679770534926,50,0.0196078431372549,50,22.642957925796512
dinov2_g,fashionmnist,25,10,0.10085651825174406,0.0,0.15246837624605244,0.02401406350244556,-0.05161185799430838,50,0.0196078431372549,50,22.58065414428711
dinov2_g,fashionmnist,26,10,0.105242419202155,1.3877787807814454e-17,0.15225176908555674,0.02374065261363106,-0.04700934988340173,50,0.0196078431372549,50,22.532276391983032
dinov2_g,fashionmnist,27,10,0.10301056787492566,0.0,0.15255820099197018,0.023854096978932867,-0.04954763311704452,50,0.0196078431372549,50,22.547224521636963
dinov2_g,fashionmnist,28,10,0.10364525699740587,1.3877787807814454e-17,0.15252404958141053,0.023896416812385843,-0.048878792584004654,50,0.0196078431372549,50,22.661935567855835
dinov2_g,fashionmnist,29,10,0.10133765573443472,1.3877787807814454e-17,0.1525660068059185,0.023823799697688133,-0.05122835107148377,50,0.0196078431372549,50,22.61259913444519
clip_b,fashionmnist,-1,10,0.13816459551684931,0.0,0.17637104029567524,0.02616301267169493,-0.038206444778825926,47,0.0784313725490196,50,22.436948537826535
clip_b,fashionmnist,0,10,0.13956064947031938,2.7755575615628914e-17,0.1763045428334241,0.02612054497149488,-0.03674389336310471,47,0.0784313725490196,50,22.26061844825745
clip_b,fashionmnist,1,10,0.1386050627787465,0.0,0.17618020073962593,0.026194360637339875,-0.03757513796087941,47,0.0784313725490196,50,20.96234393119812
clip_b,fashionmnist,2,10,0.1371623915590292,0.0,0.17621878528235854,0.026177959062619847,-0.039056393723329336,48,0.05882352941176471,50,17.911169052124023
clip_b,fashionmnist,3,10,0.13697303272105876,0.0,0.1759766652465834,0.026181639188685185,-0.039003632525524634,48,0.05882352941176471,50,17.793028354644772
clip_b,fashionmnist,4,10,0.13865591050811735,0.0,0.17624203617126175,0.02615871438959174,-0.0375861256631444,47,0.0784313725490196,50,17.852103233337402
clip_b,fashionmnist,5,10,0.13831514893861135,2.7755575615628914e-17,0.17619471666501116,0.02621035061883908,-0.037879567726399804,47,0.0784313725490196,50,17.829732179641727
clip_b,fashionmnist,6,10,0.13690804511446072,2.7755575615628914e-17,0.17619757109331646,0.02621559931774688,-0.03928952597885574,48,0.05882352941176471,50,17.58431601524353
clip_b,fashionmnist,7,10,0.13771935456626647,0.0,0.17663962741345662,0.02616474605076104,-0.038920272847190164,48,0.05882352941176471,50,17.624287366867065
clip_b,fashionmnist,8,10,0.13841927415479804,0.0,0.17642187896579312,0.02617198176835741,-0.03800260481099507,47,0.0784313725490196,50,17.551071882247925
clip_b,fashionmnist,9,10,0.13706477450536764,2.7755575615628914e-17,0.17630421597543358,0.02616733356662596,-0.03923944147006594,48,0.05882352941176471,50,18.948430538177487
clip_b,fashionmnist,10,10,0.13618237898685687,0.0,0.17626811665159742,0.026066648343825948,-0.04008573766474055,48,0.05882352941176471,50,17.795616388320926
clip_b,fashionmnist,11,10,0.13730587579317186,2.7755575615628914e-17,0.17599139847522405,0.026117776516163742,-0.03868552268205222,48,0.05882352941176471,50,17.550470113754272
clip_b,fashionmnist,12,10,0.13817467763888222,2.7755575615628914e-17,0.17637460321777046,0.026225314600495674,-0.03819992557888824,48,0.05882352941176471,50,17.612822771072388
clip_b,fashionmnist,13,10,0.13631612383851127,2.7755575615628914e-17,0.17646890021583547,0.02615342632731087,-0.0401527763773242,48,0.05882352941176471,50,17.748338222503666
clip_b,fashionmnist,14,10,0.14005171821098522,0.0,0.17613076427671998,0.02614901722568821,-0.03607904606573475,46,0.09803921568627452,50,17.586106300354007
clip_b,fashionmnist,15,10,0.13834693976358456,0.0,0.17636120397274405,0.026123073072750885,-0.03801426420915949,47,0.0784313725490196,50,17.436610221862793
clip_b,fashionmnist,16,10,0.13803583215481244,2.7755575615628914e-17,0.17637497304188338,0.02618031795859464,-0.03833914088707094,48,0.05882352941176471,50,17.461459636688232
clip_b,fashionmnist,17,10,0.13948013265089235,2.7755575615628914e-17,0.1766260680035785,0.02611844904317581,-0.03714593535268612,47,0.0784313725490196,50,17.459949731826782
clip_b,fashionmnist,18,10,0.1377456223469265,2.7755575615628914e-17,0.17630053800401518,0.02617245477991335,-0.038554915657088684,48,0.05882352941176471,50,17.378803730010983
clip_b,fashionmnist,19,10,0.13597626689610953,0.0,0.17625393557530866,0.02615022610840942,-0.04027766867919913,48,0.05882352941176471,50,17.450809717178345
clip_b,fashionmnist,20,10,0.1390662533638623,0.0,0.17605400709958338,0.026132836353259185,-0.03698775373572108,47,0.0784313725490196,50,17.69587993621826
clip_b,fashionmnist,21,10,0.13670031366633098,2.7755575615628914e-17,0.17666934392256226,0.02614615266648357,-0.03996903025623122,48,0.05882352941176471,50,17.862913608551022
clip_b,fashionmnist,22,10,0.1384954239686354,0.0,0.17645907165147254,0.02613539745143285,-0.03796364768283717,47,0.0784313725490196,50,17.895588636398315
clip_b,fashionmnist,23,10,0.13759923356810108,0.0,0.17657935936310284,0.026127440471443983,-0.03898012579500176,48,0.05882352941176471,50,17.985499620437622
clip_b,fashionmnist,24,10,0.1368738161190484,0.0,0.17663471699823233,0.026186179287204587,-0.039760900879183936,48,0.05882352941176471,50,17.94414710998535
clip_b,fashionmnist,25,10,0.13583348374192214,0.0,0.17657078491925618,0.026128174092222838,-0.04073730117733401,48,0.05882352941176471,50,17.98121738433838
clip_b,fashionmnist,26,10,0.13811838520913386,2.7755575615628914e-17,0.17652818320397742,0.026070422015037318,-0.038409797994843585,47,0.0784313725490196,50,17.958077907562252
clip_b,fashionmnist,27,10,0.13812130883647838,2.7755575615628914e-17,0.17636777509088689,0.02608807900307013,-0.0382464662544085,48,0.05882352941176471,50,17.634222269058228
clip_b,fashionmnist,28,10,0.1378258736849904,0.0,0.17655054365389256,0.026149512069575203,-0.03872466996890217,47,0.0784313725490196,50,18.103316783905033
clip_b,fashionmnist,29,10,0.13884790315475934,0.0,0.1763445811973791,0.026204035790808662,-0.037496678042619774,47,0.0784313725490196,50,17.234493494033813
clip_l,fashionmnist,-1,10,0.11607822501778645,1.3877787807814454e-17,0.15661230800460849,0.021481725217103644,-0.040534082986822026,49,0.0392156862745098,50,20.64361071586609
clip_l,fashionmnist,0,10,0.1153855515850386,0.0,0.1565647979125355,0.021467018237015013,-0.041179246327496886,49,0.0392156862745098,50,19.181410312652584
clip_l,fashionmnist,1,10,0.11720884602765665,1.3877787807814454e-17,0.15621052460571636,0.02135316368209928,-0.03900167857805971,49,0.0392156862745098,50,16.701047897338867
clip_l,fashionmnist,2,10,0.11573349912799485,0.0,0.15612642076758665,0.021346192765737074,-0.040392921639591815,49,0.0392156862745098,50,16.311075448989868
clip_l,fashionmnist,3,10,0.11565370693835313,1.3877787807814454e-17,0.15613005519814313,0.021525811276621152,-0.04047634825979002,49,0.0392156862745098,50,16.306017637252808
clip_l,fashionmnist,4,10,0.11738726608174503,1.3877787807814454e-17,0.15594368257323968,0.021372483986650082,-0.03855641649149466,49,0.0392156862745098,50,16.24863338470459
clip_l,fashionmnist,5,10,0.11667622455844676,1.3877787807814454e-17,0.1565559162480529,0.021469134783409786,-0.03987969168960615,49,0.0392156862745098,50,16.166136741638187
clip_l,fashionmnist,6,10,0.11489316051571093,1.3877787807814454e-17,0.1564595422801479,0.021482727495588085,-0.04156638176443698,49,0.0392156862745098,50,16.26464581489563
clip_l,fashionmnist,7,10,0.11563683202908286,0.0,0.15650644375395473,0.0214885958387341,-0.040869611724871885,49,0.0392156862745098,50,16.13606858253479
clip_l,fashionmnist,8,10,0.1164863403713667,1.3877787807814454e-17,0.15613452330902208,0.021233967329308382,-0.03964818293765539,49,0.0392156862745098,50,16.33829402923584
clip_l,fashionmnist,9,10,0.11675296305295292,1.3877787807814454e-17,0.15695276654976678,0.021639339706875232,-0.04019980349681385,49,0.0392156862745098,50,16.37248182296753
clip_l,fashionmnist,10,10,0.1146687290407666,1.3877787807814454e-17,0.1565355544366473,0.021413173484094026,-0.041866825395880686,49,0.0392156862745098,50,16.457961797714233
clip_l,fashionmnist,11,10,0.11617151368450687,0.0,0.15673765728506686,0.02164225341240577,-0.04056614360055995,49,0.0392156862745098,50,16.25754976272583
clip_l,fashionmnist,12,10,0.11526970022478772,0.0,0.15638097929035366,0.021335211919789442,-0.0411112790655659,49,0.0392156862745098,50,16.171179056167606
clip_l,fashionmnist,13,10,0.11666499711832876,1.3877787807814454e-17,0.15628003758667952,0.02152279350169373,-0.03961504046835078,49,0.0392156862745098,50,16.345093727111813
clip_l,fashionmnist,14,10,0.11597360779329625,0.0,0.1558271577297835,0.021213247506320605,-0.03985354993648727,49,0.0392156862745098,50,16.369379043579098
clip_l,fashionmnist,15,10,0.11638945034136924,1.3877787807814454e-17,0.1565552375710728,0.021467171094903783,-0.040165787229703584,49,0.0392156862745098,50,16.29209876060486
clip_l,fashionmnist,16,10,0.11656696614849907,0.0,0.15637781245565466,0.02151358355858225,-0.03981084630715555,49,0.0392156862745098,50,16.237476110458374
clip_l,fashionmnist,17,10,0.11609431065496892,1.3877787807814454e-17,0.15719481840715288,0.021721007841905542,-0.04110050775218396,49,0.0392156862745098,50,17.87944722175598
clip_l,fashionmnist,18,10,0.11713303317314025,2.7755575615628914e-17,0.15652354629371865,0.021513400950214864,-0.0393905131205784,49,0.0392156862745098,50,20.024749279022213
clip_l,fashionmnist,19,10,0.11528523851169545,1.3877787807814454e-17,0.15685096452286326,0.021588351180478176,-0.04156572601116783,49,0.0392156862745098,50,20.088202953338627
clip_l,fashionmnist,20,10,0.11607124137510795,0.0,0.1561998603505854,0.021355803450967468,-0.040128618975477454,49,0.0392156862745098,50,20.081414937973022
clip_l,fashionmnist,21,10,0.116849169157667,1.3877787807814454e-17,0.15654630788289572,0.021377143289289385,-0.03969713872522872,49,0.0392156862745098,50,20.028602600097656
clip_l,fashionmnist,22,10,0.1150881148864704,0.0,0.15736723088989835,0.021800549339269996,-0.042279116003427965,49,0.0392156862745098,50,19.920069932937626
clip_l,fashionmnist,23,10,0.11633080092908316,0.0,0.1564969760273318,0.02141599409696649,-0.04016617509824867,49,0.0392156862745098,50,19.97692036628723
clip_l,fashionmnist,24,10,0.11447048538479185,1.3877787807814454e-17,0.15672420352410618,0.021449162449251054,-0.04225371813931435,49,0.0392156862745098,50,20.68595790863037
clip_l,fashionmnist,25,10,0.11482003232817604,1.3877787807814454e-17,0.15713265850955188,0.02154299708509958,-0.04231262618137585,49,0.0392156862745098,50,19.28369426727295
clip_l,fashionmnist,26,10,0.11477426789589798,1.3877787807814454e-17,0.15647502324628085,0.02145715570481824,-0.04170075535038287,49,0.0392156862745098,50,16.24430775642395
clip_l,fashionmnist,27,10,0.11411025499361767,1.3877787807814454e-17,0.15669895147993546,0.0212060930908855,-0.04258869648631775,49,0.0392156862745098,50,16.249828100204468
clip_l,fashionmnist,28,10,0.115022395496671,0.0,0.15717209635706764,0.021696407624414327,-0.042149700860396634,49,0.0392156862745098,50,16.227489471435547
clip_l,fashionmnist,29,10,0.116271379407155,0.0,0.15624442692239532,0.021381425235975842,-0.03997304751524031,49,0.0392156862745098,50,16.278983116149902
siglip_b,fashionmnist,-1,10,0.11203997664263372,0.0,0.15980023946194108,0.020749913238748984,-0.04776026281930736,50,0.0196078431372549,50,21.42328953742981
siglip_b,fashionmnist,0,10,0.11261827176348685,1.3877787807814454e-17,0.15967451531957114,0.020752581430719844,-0.047056243556084267,50,0.0196078431372549,50,21.364468812942505
siglip_b,fashionmnist,1,10,0.11097924083147027,0.0,0.15995541323149506,0.02076279848104176,-0.048976172400024776,50,0.0196078431372549,50,21.41382551193237
siglip_b,fashionmnist,2,10,0.11178084210404153,0.0,0.15980704316017388,0.020702899915332598,-0.04802620105613235,50,0.0196078431372549,50,21.419834613800052
siglip_b,fashionmnist,3,10,0.1111375897771986,0.0,0.15972557769870105,0.020731142572952017,-0.048587987921502436,50,0.0196078431372549,50,19.52400517463684
siglip_b,fashionmnist,4,10,0.112502628753776,1.3877787807814454e-17,0.1596065520680503,0.02078426058744096,-0.047103923314274286,50,0.0196078431372549,50,16.175922632217407
siglip_b,fashionmnist,5,10,0.1115436205355049,0.0,0.15934615130295296,0.020848224579229288,-0.04780253076744806,50,0.0196078431372549,50,16.27265191078186
siglip_b,fashionmnist,6,10,0.11244536406734187,1.3877787807814454e-17,0.15993436773431466,0.020791712230672242,-0.04748900366697277,50,0.0196078431372549,50,16.28450584411621
siglip_b,fashionmnist,7,10,0.11390668176667022,0.0,0.15981268846346064,0.02075050449442937,-0.045906006696790416,50,0.0196078431372549,50,16.198347806930542
siglip_b,fashionmnist,8,10,0.11050503466801842,0.0,0.15959103084895448,0.020829223739761614,-0.04908599618093608,50,0.0196078431372549,50,16.246455430984494
siglip_b,fashionmnist,9,10,0.11249168176665084,0.0,0.15980872069206384,0.02074877204165575,-0.047317038925412995,50,0.0196078431372549,50,16.199951171875
siglip_b,fashionmnist,10,10,0.11197939887305601,0.0,0.15960853824053264,0.02073053514893364,-0.04762913936747665,50,0.0196078431372549,50,16.216140031814575
siglip_b,fashionmnist,11,10,0.11050339080350056,1.3877787807814454e-17,0.15957140687050458,0.020632211580137137,-0.04906801606700403,50,0.0196078431372549,50,16.21292805671692
siglip_b,fashionmnist,12,10,0.11142488517555968,0.0,0.15993964586130946,0.02079796537958286,-0.048514760685749767,50,0.0196078431372549,50,16.297867774963382
siglip_b,fashionmnist,13,10,0.11451292368641305,0.0,0.1600143181519466,0.0208402935403051,-0.045501394465533564,50,0.0196078431372549,50,16.293646097183228
siglip_b,fashionmnist,14,10,0.11082486145773893,1.3877787807814454e-17,0.15970411486980973,0.0208741074015538,-0.048879253412070806,50,0.0196078431372549,50,16.199867010116574
siglip_b,fashionmnist,15,10,0.1124295395426374,1.3877787807814454e-17,0.15970027760208244,0.020794669396655,-0.04727073805944505,50,0.0196078431372549,50,16.3249089717865
siglip_b,fashionmnist,16,10,0.11137797543198194,1.3877787807814454e-17,0.15978067844253138,0.02073022810503467,-0.048402703010549435,50,0.0196078431372549,50,16.265610456466675
siglip_b,fashionmnist,17,10,0.1110308512717447,0.0,0.1595035985882548,0.020619854390529414,-0.048472747316510106,50,0.0196078431372549,50,16.216681718826294
siglip_b,fashionmnist,18,10,0.1131908087743346,0.0,0.1597586668321488,0.0208673617539741,-0.0465678580578142,50,0.0196078431372549,50,16.341853857040405
siglip_b,fashionmnist,19,10,0.11192470340336036,0.0,0.15957246957917753,0.020799981330850956,-0.04764776617581717,50,0.0196078431372549,50,16.307657718658447
siglip_b,fashionmnist,20,10,0.10983863215090467,0.0,0.15978993375389353,0.02078368124956104,-0.04995130160298887,50,0.0196078431372549,50,16.330260515213013
siglip_b,fashionmnist,21,10,0.11381854803831976,0.0,0.15985019418756058,0.020722534613747443,-0.04603164614924084,50,0.0196078431372549,50,16.19469952583313
siglip_b,fashionmnist,22,10,0.11247958470476734,0.0,0.15985446926474076,0.020725790270085524,-0.04737488455997342,50,0.0196078431372549,50,16.3759446144104
siglip_b,fashionmnist,23,10,0.11324241787727715,0.0,0.15970976557366254,0.020811242104719376,-0.0464673476963854,50,0.0196078431372549,50,17.311946868896484
siglip_b,fashionmnist,24,10,0.11232352141080452,1.3877787807814454e-17,0.1599419214833408,0.020700279052264545,-0.04761840007253629,50,0.0196078431372549,50,16.672989845275882
siglip_b,fashionmnist,25,10,0.11375699144718618,2.7755575615628914e-17,0.15979163659468829,0.020705828099840624,-0.046034645147502114,50,0.0196078431372549,50,16.560982704162598
siglip_b,fashionmnist,26,10,0.11106439452399093,0.0,0.1599481437722629,0.020739727405774684,-0.04888374924827196,50,0.0196078431372549,50,16.646403074264526
siglip_b,fashionmnist,27,10,0.11321709169083173,0.0,0.15987260498051128,0.020894579885965967,-0.04665551328967957,50,0.0196078431372549,50,16.629698514938354
siglip_b,fashionmnist,28,10,0.11301161029498975,1.3877787807814454e-17,0.15982260007805044,0.020732843075979317,-0.0468109897830607,50,0.0196078431372549,50,16.691703796386722
siglip_b,fashionmnist,29,10,0.11143294726645553,0.0,0.15993594963597293,0.02084678220793949,-0.04850300236951742,50,0.0196078431372549,50,16.46701455116272
i21k_t,mnist,-1,10,0.13427752465995454,0.0,0.16390801350143733,0.02438586087491039,-0.029630488841482755,45,0.1176470588235294,50,16.443902969360348
i21k_t,mnist,0,10,0.13462537110483258,2.7755575615628914e-17,0.16389721594913273,0.024244354562083008,-0.02927184484430015,45,0.1176470588235294,50,19.0234317779541
i21k_t,mnist,1,10,0.1339291788075479,2.7755575615628914e-17,0.16345840522304148,0.024334159496379026,-0.029529226415493576,45,0.1176470588235294,50,21.11717247962952
i21k_t,mnist,2,10,0.13444985756049085,2.7755575615628914e-17,0.16418676562142992,0.02458371107660076,-0.029736908060939093,45,0.1176470588235294,50,21.168155670166016
i21k_t,mnist,3,10,0.13167217879633347,0.0,0.16399680324032406,0.024455417347036157,-0.03232462444399056,46,0.09803921568627452,50,21.17249155044556
i21k_t,mnist,4,10,0.13260394621164998,0.0,0.16383585349647636,0.024355144863506126,-0.031231907284826388,46,0.09803921568627452,50,21.206367969512943
i21k_t,mnist,5,10,0.13571853929078442,0.0,0.16385236027409952,0.0243637998547827,-0.0281338209833151,45,0.1176470588235294,50,21.175627231597897
i21k_t,mnist,6,10,0.1367539572306194,0.0,0.16341383996930006,0.02424651611593416,-0.02665988273868064,45,0.1176470588235294,50,21.225542545318607
i21k_t,mnist,7,10,0.13462423352470526,0.0,0.16334966142265314,0.024305909943918156,-0.028725427897947936,45,0.1176470588235294,50,21.18721032142639
i21k_t,mnist,8,10,0.13306407839455295,0.0,0.1644545414682087,0.02457429291182672,-0.031390463073655755,45,0.1176470588235294,50,21.248764753341675
i21k_t,mnist,9,10,0.1323398423098656,0.0,0.16431147850980266,0.024455377755554748,-0.031971636199937065,46,0.09803921568627452,50,21.17570948600769
i21k_t,mnist,10,10,0.13662738778705116,0.0,0.16402759258898958,0.02434868479679909,-0.027400204801938444,45,0.1176470588235294,50,21.2179172039032
i21k_t,mnist,11,10,0.13506605793128962,0.0,0.16417390702827953,0.02435380656253039,-0.029107849096989907,45,0.1176470588235294,50,21.19650101661682
i21k_t,mnist,12,10,0.13342540613903736,0.0,0.16405986947667248,0.024553079986397757,-0.03063446333763512,45,0.1176470588235294,50,21.2218029499054
i21k_t,mnist,13,10,0.13439423763329067,0.0,0.1630822363541033,0.024218824234134267,-0.028687998720812624,45,0.1176470588235294,50,21.21191120147705
i21k_t,mnist,14,10,0.13608774726374012,2.7755575615628914e-17,0.16395374000305504,0.024511602991023184,-0.027865992739314917,45,0.1176470588235294,50,21.182945966720578
i21k_t,mnist,15,10,0.1356222915823602,0.0,0.16402577078571234,0.0243262796810608,-0.028403479203352174,45,0.1176470588235294,50,16.052217721939087
i21k_t,mnist,16,10,0.1308452907762095,2.7755575615628914e-17,0.16298892883790994,0.02405556807921506,-0.03214363806170048,46,0.09803921568627452,50,15.304881811141968
i21k_t,mnist,17,10,0.13474659581238627,2.7755575615628914e-17,0.16467262757993514,0.024617063474862595,-0.029926031767548905,45,0.1176470588235294,50,15.40133810043335
i21k_t,mnist,18,10,0.13462339089218042,2.7755575615628914e-17,0.1636446298726703,0.024524090757042358,-0.02902123898048989,45,0.1176470588235294,50,15.39895510673523
i21k_t,mnist,19,10,0.1313344538130142,2.7755575615628914e-17,0.16417055238589648,0.024553914628129062,-0.032836098572882284,46,0.09803921568627452,50,15.421919822692873
i21k_t,mnist,20,10,0.13313354525458493,0.0,0.16478522728755474,0.02475442634318304,-0.031651682032969836,46,0.09803921568627452,50,15.388128995895386
i21k_t,mnist,21,10,0.13231269072364646,2.7755575615628914e-17,0.16349214162863265,0.02419578571859617,-0.031179450904986195,45,0.1176470588235294,50,15.496054887771606
i21k_t,mnist,22,10,0.13018944616730208,0.0,0.16319527312357698,0.02416863276850961,-0.033005826956274915,46,0.09803921568627452,50,15.458093404769896
i21k_t,mnist,23,10,0.13192920087008925,2.7755575615628914e-17,0.16377009595292466,0.024476791103495186,-0.03184089508283538,46,0.09803921568627452,50,15.370733499526978
i21k_t,mnist,24,10,0.13398402693878095,2.7755575615628914e-17,0.1642921648390762,0.024454297803829867,-0.030308137900295237,45,0.1176470588235294,50,15.366586208343506
i21k_t,mnist,25,10,0.13178965427797046,0.0,0.16408096856039436,0.02441237112753479,-0.032291314282423905,46,0.09803921568627452,50,15.397320985794067
i21k_t,mnist,26,10,0.1374360366370068,2.7755575615628914e-17,0.1639426484604334,0.02430672251665237,-0.026506611823426614,45,0.1176470588235294,50,15.355761289596558
i21k_t,mnist,27,10,0.1326576923116284,2.7755575615628914e-17,0.16369626581160496,0.02437946488832021,-0.031038573499976543,46,0.09803921568627452,50,15.39192795753479
i21k_t,mnist,28,10,0.1362958466311504,0.0,0.1636519950702686,0.02424705029655877,-0.027356148439118183,45,0.1176470588235294,50,15.45919942855835
i21k_t,mnist,29,10,0.13553314279243509,0.0,0.1635002419837125,0.024303537143365084,-0.02796709919127741,45,0.1176470588235294,50,15.386049270629885
i21k_s,mnist,-1,10,0.12767443878048385,0.0,0.16729600470204026,0.027760179945615745,-0.03962156592155641,48,0.05882352941176471,50,15.4183087348938
i21k_s,mnist,0,10,0.12878046527400835,0.0,0.1672535169671194,0.027611888166804543,-0.03847305169311105,48,0.05882352941176471,50,15.43498468399048
i21k_s,mnist,1,10,0.1265228086171722,2.7755575615628914e-17,0.16709717195167972,0.027780489362086002,-0.040574363334507535,48,0.05882352941176471,50,15.476217031478882
i21k_s,mnist,2,10,0.12951498406392964,2.7755575615628914e-17,0.16735838921369836,0.027891657372069518,-0.03784340514976872,48,0.05882352941176471,50,15.407760381698608
i21k_s,mnist,3,10,0.1276572987111555,0.0,0.16738478488260106,0.02769548439878711,-0.039727486171445565,48,0.05882352941176471,50,15.369842767715454
i21k_s,mnist,4,10,0.12689017953620946,0.0,0.1671965877448412,0.027637906464802263,-0.04030640820863177,48,0.05882352941176471,50,15.385373830795288
i21k_s,mnist,5,10,0.1273044380232775,0.0,0.16699405756627367,0.027731086254369763,-0.039689619542996164,48,0.05882352941176471,50,15.530046701431274
i21k_s,mnist,6,10,0.1280872258099272,2.7755575615628914e-17,0.1674692618247909,0.027750842107346928,-0.0393820360148637,48,0.05882352941176471,50,15.347810506820679
i21k_s,mnist,7,10,0.12826848458915627,2.7755575615628914e-17,0.1674230569803413,0.027879538158638112,-0.039154572391185034,48,0.05882352941176471,50,15.459497690200806
i21k_s,mnist,8,10,0.12846236591108967,2.7755575615628914e-17,0.16736616278361902,0.02790295760177653,-0.03890379687252935,48,0.05882352941176471,50,15.426169157028198
i21k_s,mnist,9,10,0.12690630783063545,2.7755575615628914e-17,0.16713552834582254,0.02773519924574222,-0.040229220515187125,48,0.05882352941176471,50,15.359679460525513
i21k_s,mnist,10,10,0.12981738143446514,0.0,0.16746301663877022,0.02786358080970472,-0.037645635204305056,48,0.05882352941176471,50,15.30115556716919
i21k_s,mnist,11,10,0.12697244631864613,0.0,0.16732979464578726,0.027645988535413217,-0.040357348327141114,48,0.05882352941176471,50,15.382867097854614
i21k_s,mnist,12,10,0.12747310607804038,2.7755575615628914e-17,0.16744906472341167,0.02782814639653704,-0.03997595864537129,48,0.05882352941176471,50,15.333625316619873
i21k_s,mnist,13,10,0.1285440672241527,0.0,0.16665311466280236,0.02767209914067836,-0.03810904743864965,48,0.05882352941176471,50,15.42312479019165
i21k_s,mnist,14,10,0.12776887232312575,2.7755575615628914e-17,0.16699174623260862,0.027728409014504702,-0.03922287390948287,48,0.05882352941176471,50,15.344861030578613
i21k_s,mnist,15,10,0.1268068272454472,0.0,0.16695929437415016,0.027604994328080508,-0.04015246712870293,48,0.05882352941176471,50,15.317556142807007
i21k_s,mnist,16,10,0.12631317815648846,2.7755575615628914e-17,0.16719688825664478,0.027621132491725528,-0.040883710100156345,48,0.05882352941176471,50,15.467588663101196
i21k_s,mnist,17,10,0.12832380738545224,0.0,0.1674882614335475,0.02775721131411237,-0.03916445404809527,48,0.05882352941176471,50,15.38141107559204
i21k_s,mnist,18,10,0.12865781878803126,0.0,0.16712432012575462,0.02776443636213534,-0.038466501337723384,48,0.05882352941176471,50,15.408368825912476
i21k_s,mnist,19,10,0.1274525785234668,0.0,0.16734911429298058,0.027761762732323517,-0.03989653576951377,48,0.05882352941176471,50,15.415180683135985
i21k_s,mnist,20,10,0.12832660797377246,0.0,0.16761277309652733,0.027823916307894832,-0.0392861651227549,48,0.05882352941176471,50,15.379457712173462
i21k_s,mnist,21,10,0.12612742407721855,0.0,0.1671167736111417,0.027598595110048425,-0.040989349533923136,48,0.05882352941176471,50,15.415682792663574
i21k_s,mnist,22,10,0.1257075213116999,2.7755575615628914e-17,0.16735422364361466,0.027773942727123843,-0.041646702331914726,48,0.05882352941176471,50,15.486618280410767
i21k_s,mnist,23,10,0.1258851435672756,2.7755575615628914e-17,0.16702162094898848,0.027623621803045912,-0.04113647738171289,48,0.05882352941176471,50,15.609415292739868
i21k_s,mnist,24,10,0.12640991669483534,0.0,0.16744827766722384,0.027673050393492705,-0.0410383609723885,48,0.05882352941176471,50,15.389474868774414
i21k_s,mnist,25,10,0.12740868255688206,2.7755575615628914e-17,0.1674705927587671,0.02769991551414737,-0.04006191020188507,48,0.05882352941176471,50,15.444090843200685
i21k_s,mnist,26,10,0.12856530798042076,0.0,0.16735024829877154,0.027880736428213964,-0.038784940318350815,48,0.05882352941176471,50,15.490943670272827
i21k_s,mnist,27,10,0.12676157548451164,2.7755575615628914e-17,0.16714453921577932,0.0277545464124908,-0.04038296373126768,48,0.05882352941176471,50,15.585720777511597
i21k_s,mnist,28,10,0.12776783577458845,0.0,0.16702801438958134,0.02757294567817532,-0.0392601786149929,48,0.05882352941176471,50,15.3767249584198
i21k_s,mnist,29,10,0.12854847433744915,2.7755575615628914e-17,0.16737469776453254,0.02779182202289183,-0.03882622342708342,48,0.05882352941176471,50,15.523619174957275
i21k_b,mnist,-1,10,0.13347234307490144,0.0,0.15008863809621922,0.020832114821396814,-0.016616295021317784,40,0.21568627450980396,50,23.914354085922238
i21k_b,mnist,0,10,0.13410682788046074,0.0,0.15009675895648214,0.020755874839648792,-0.015989931076021396,39,0.2352941176470588,50,24.02564358711243
i21k_b,mnist,1,10,0.13228921550193945,2.7755575615628914e-17,0.14949041541396746,0.020908556490287014,-0.01720119991202798,41,0.19607843137254904,50,19.97730708122253
i21k_b,mnist,2,10,0.13586849170506166,0.0,0.15008603769368287,0.0209883965310616,-0.014217545988621209,36,0.29411764705882354,50,23.573962926864624
i21k_b,mnist,3,10,0.1320318166491576,0.0,0.15029263263460416,0.020825914061653017,-0.018260815985446568,41,0.19607843137254904,50,22.8212571144104
i21k_b,mnist,4,10,0.13126974441627667,0.0,0.1497985078175211,0.020716804933570348,-0.01852876340124443,41,0.19607843137254904,50,19.381537437438965
i21k_b,mnist,5,10,0.13269056038770555,0.0,0.14976316217154315,0.0208163024728762,-0.017072601783837626,41,0.19607843137254904,50,21.352101802825924
i21k_b,mnist,6,10,0.13400233406336667,0.0,0.14995974254494382,0.020784194495352716,-0.015957408481577146,40,0.21568627450980396,50,22.20735263824463
i21k_b,mnist,7,10,0.13357676259418033,2.7755575615628914e-17,0.15023641477506605,0.020904194188787542,-0.01665965218088572,40,0.21568627450980396,50,22.229106426239014
i21k_b,mnist,8,10,0.13446666902796992,0.0,0.14986409960515454,0.0208508608933139,-0.015397430577184653,39,0.2352941176470588,50,22.956637859344482
i21k_b,mnist,9,10,0.13227767141284955,0.0,0.15000607327917365,0.020817578162114436,-0.017728401866324073,41,0.19607843137254904,50,23.773066759109497
i21k_b,mnist,10,10,0.13247152800385306,2.7755575615628914e-17,0.14952051894404572,0.020766177509370227,-0.017048990940192688,41,0.19607843137254904,50,23.60061812400818
i21k_b,mnist,11,10,0.13360459336434333,0.0,0.14992768428784153,0.02089403710790504,-0.01632309092349821,39,0.2352941176470588,50,23.731430768966675
i21k_b,mnist,12,10,0.1343485737911107,0.0,0.15006093396647865,0.02091093214719957,-0.01571236017536795,39,0.2352941176470588,50,23.62179660797119
i21k_b,mnist,13,10,0.13243525148456253,0.0,0.1490354459392428,0.020747712573621947,-0.016600194454680278,41,0.19607843137254904,50,23.48297667503357
i21k_b,mnist,14,10,0.1317366377659221,0.0,0.14959036100479178,0.02084002004121921,-0.01785372323886969,41,0.19607843137254904,50,23.650129556655887
i21k_b,mnist,15,10,0.13417429345425752,0.0,0.15011873283214774,0.020858693385216974,-0.015944439377890224,39,0.2352941176470588,50,23.640888214111328
i21k_b,mnist,16,10,0.1339512853318603,0.0,0.14995005123133553,0.02074836854719737,-0.01599876589947524,39,0.2352941176470588,50,23.656766176223755
i21k_b,mnist,17,10,0.13450202779579828,0.0,0.1510329855443712,0.021169534675492582,-0.01653095774857291,39,0.2352941176470588,50,22.772404432296753
i21k_b,mnist,18,10,0.13266617622739812,0.0,0.15005314394123329,0.020901117058379392,-0.01738696771383516,40,0.21568627450980396,50,24.00161838531494
i21k_b,mnist,19,10,0.13376485350423348,0.0,0.1504208041775317,0.020924215735396358,-0.016655950673298225,40,0.21568627450980396,50,24.00419521331787
i21k_b,mnist,20,10,0.13202311138887074,0.0,0.1504788615009183,0.02098147677244429,-0.01845575011204756,41,0.19607843137254904,50,23.922723293304443
i21k_b,mnist,21,10,0.1326687335993912,0.0,0.15007957048537268,0.020837220951006718,-0.017410836885981495,41,0.19607843137254904,50,23.981062173843387
i21k_b,mnist,22,10,0.13302662559478068,2.7755575615628914e-17,0.15042122502544894,0.020836799609787654,-0.01739459943066829,40,0.21568627450980396,50,24.020262002944946
i21k_b,mnist,23,10,0.13364107671093226,2.7755575615628914e-17,0.15047756188131348,0.020852482379363286,-0.016836485170381218,40,0.21568627450980396,50,23.93612051010132
i21k_b,mnist,24,10,0.13283864255927333,0.0,0.15053255407060195,0.02086710091883369,-0.017693911511328625,41,0.19607843137254904,50,24.037522554397587
i21k_b,mnist,25,10,0.13082408328826767,0.0,0.1499626692668671,0.02072896593102977,-0.01913858597859944,41,0.19607843137254904,50,24.03652858734131
i21k_b,mnist,26,10,0.13483999224502444,2.7755575615628914e-17,0.15045518738692412,0.020937318622254772,-0.015615195141899657,40,0.21568627450980396,50,24.19628357887268
i21k_b,mnist,27,10,0.13265557122274182,2.7755575615628914e-17,0.15007154453535607,0.020863730401474972,-0.01741597331261424,41,0.19607843137254904,50,24.121501445770264
i21k_b,mnist,28,10,0.13718660670166946,0.0,0.15043407375860465,0.0208794353021677,-0.013247467056935192,34,0.3333333333333333,50,24.25088286399841
i21k_b,mnist,29,10,0.13351541671120853,0.0,0.14977407011257066,0.020748171164311,-0.016258653401362094,40,0.21568627450980396,50,24.17539882659912
i21k_l,mnist,-1,10,0.12442113794682512,0.0,0.16847826165507054,0.024183666599907682,-0.044057123708245424,49,0.0392156862745098,50,22.334169149398804
i21k_l,mnist,0,10,0.12500062080833935,0.0,0.16871241084633687,0.024089586342187923,-0.04371179003799752,49,0.0392156862745098,50,22.23032784461975
i21k_l,mnist,1,10,0.12394795374586624,1.3877787807814454e-17,0.16773691681765462,0.02447460904725845,-0.0437889630717884,49,0.0392156862745098,50,22.771921634674072
i21k_l,mnist,2,10,0.12393079252187085,0.0,0.16830289607521784,0.024227887796727996,-0.044372103553346975,49,0.0392156862745098,50,19.206418514251713
i21k_l,mnist,3,10,0.12534081069488684,0.0,0.16868542510222573,0.024185811661125732,-0.04334461440733889,49,0.0392156862745098,50,22.18923282623291
i21k_l,mnist,4,10,0.12343063908744772,0.0,0.168414562312946,0.02416823780981925,-0.04498392322549828,49,0.0392156862745098,50,22.7503342628479
i21k_l,mnist,5,10,0.12275357916497405,1.3877787807814454e-17,0.16872839921869684,0.024097333181371812,-0.045974820053722776,49,0.0392156862745098,50,20.67369294166565
i21k_l,mnist,6,10,0.12417139305445485,0.0,0.16857176546791275,0.024144907318133974,-0.044400372413457886,49,0.0392156862745098,50,21.17963075637817
i21k_l,mnist,7,10,0.123852837397467,0.0,0.1687697168239019,0.02405441235487113,-0.044916879426434915,49,0.0392156862745098,50,21.52609086036682
i21k_l,mnist,8,10,0.12368082499127515,0.0,0.16813706251605062,0.02416136583168264,-0.04445623752477547,49,0.0392156862745098,50,22.82855701446533
i21k_l,mnist,9,10,0.12492331728471713,0.0,0.16813412769147226,0.024224229290274384,-0.043210810406755104,49,0.0392156862745098,50,22.725884199142453
i21k_l,mnist,10,10,0.12357726891255268,0.0,0.16833763338085295,0.02415789852559353,-0.0447603644683003,49,0.0392156862745098,50,22.750985860824585
i21k_l,mnist,11,10,0.12384162684902934,1.3877787807814454e-17,0.16828356117563018,0.024177624445830083,-0.0444419343266008,49,0.0392156862745098,50,22.659016132354736
i21k_l,mnist,12,10,0.12528033136634326,0.0,0.16870045265646974,0.0241207901251395,-0.04342012129012651,49,0.0392156862745098,50,22.73811459541321
i21k_l,mnist,13,10,0.12362661635893855,1.3877787807814454e-17,0.16769309449930275,0.024417504937159905,-0.04406647814036421,49,0.0392156862745098,50,22.798739671707157
i21k_l,mnist,14,10,0.12556363542786175,0.0,0.1681627502670366,0.02423701216186362,-0.04259911483917486,49,0.0392156862745098,50,19.56178569793701
i21k_l,mnist,15,10,0.12535562009880738,2.7755575615628914e-17,0.16857038117182474,0.024083706457324827,-0.04321476107301739,49,0.0392156862745098,50,17.771011829376217
i21k_l,mnist,16,10,0.12382169256541613,0.0,0.1683636068586566,0.0242264768603035,-0.04454191429324048,49,0.0392156862745098,50,17.65496850013733
i21k_l,mnist,17,10,0.1252469452899579,2.7755575615628914e-17,0.16904546860905792,0.024053481299894847,-0.04379852331910003,49,0.0392156862745098,50,17.560427188873287
i21k_l,mnist,18,10,0.12508155643450794,0.0,0.16839597798697795,0.024219237305894148,-0.04331442155246998,49,0.0392156862745098,50,17.602644205093387
i21k_l,mnist,19,10,0.12390739102744913,0.0,0.16835831918181995,0.02430838198521931,-0.044450928154370836,49,0.0392156862745098,50,17.672713756561283
i21k_l,mnist,20,10,0.12350205257008268,0.0,0.16898634516572758,0.024014426582415014,-0.04548429259564489,49,0.0392156862745098,50,17.570306062698364
i21k_l,mnist,21,10,0.1253912677058748,0.0,0.16825714302153116,0.02424593256468317,-0.04286587531565636,49,0.0392156862745098,50,17.554090023040768
i21k_l,mnist,22,10,0.12427871172161747,1.3877787807814454e-17,0.168751382322108,0.024190983754401256,-0.044472670600490524,49,0.0392156862745098,50,17.479129314422607
i21k_l,mnist,23,10,0.12449035857237024,0.0,0.16852575343540288,0.02418972651494209,-0.04403539486303265,49,0.0392156862745098,50,17.50765347480774
i21k_l,mnist,24,10,0.123795812850725,1.3877787807814454e-17,0.169220192056996,0.024041620506446145,-0.045424379206270994,49,0.0392156862745098,50,17.814916610717773
i21k_l,mnist,25,10,0.12343746002420415,1.3877787807814454e-17,0.16848346060238664,0.024213615403052908,-0.04504600057818249,49,0.0392156862745098,50,17.982566595077515
i21k_l,mnist,26,10,0.12604476289560212,2.7755575615628914e-17,0.16832090949343734,0.024149392930439016,-0.04227614659783521,49,0.0392156862745098,50,17.943337440490726
i21k_l,mnist,27,10,0.12444173861772237,0.0,0.1684955498736225,0.024223875811656376,-0.04405381125590012,49,0.0392156862745098,50,18.167227506637573
i21k_l,mnist,28,10,0.12553763135412013,0.0,0.16853750258723302,0.024147516604142338,-0.042999871233112885,49,0.0392156862745098,50,22.126880645751953
i21k_l,mnist,29,10,0.12325749651855132,0.0,0.16863953457202996,0.02414913777929589,-0.045382038053478624,49,0.0392156862745098,50,22.78849983215332
dinov1_b,mnist,-1,10,0.10843945881596892,0.0,0.1450508617245769,0.02152107454217585,-0.03661140290860798,49,0.0392156862745098,50,22.564393043518066
dinov1_b,mnist,0,10,0.10968322616984998,1.3877787807814454e-17,0.14518631686597794,0.021509999363486642,-0.03550309069612796,48,0.05882352941176471,50,22.57534646987915
dinov1_b,mnist,1,10,0.10912692661787483,1.3877787807814454e-17,0.14498231008579868,0.021610021677970388,-0.03585538346792383,49,0.0392156862745098,50,22.57901406288147
dinov1_b,mnist,2,10,0.10902628606833402,1.3877787807814454e-17,0.1455209508228344,0.021773981160864042,-0.036494664754500375,49,0.0392156862745098,50,22.64051103591919
dinov1_b,mnist,3,10,0.1090508243408875,1.3877787807814454e-17,0.1454228900330297,0.021669543511131036,-0.03637206569214218,49,0.0392156862745098,50,22.59769058227539
dinov1_b,mnist,4,10,0.10904216986511277,1.3877787807814454e-17,0.14484871574547414,0.021370176186637915,-0.035806545880361376,49,0.0392156862745098,50,20.86110901832581
dinov1_b,mnist,5,10,0.1079200239520264,1.3877787807814454e-17,0.1444909377544438,0.021400668607560205,-0.036570913802417386,49,0.0392156862745098,50,20.686452627182007
dinov1_b,mnist,6,10,0.1086979149910289,1.3877787807814454e-17,0.1449038756181273,0.02142854013579312,-0.03620596062709838,49,0.0392156862745098,50,22.613598823547363
dinov1_b,mnist,7,10,0.10844144992092336,1.3877787807814454e-17,0.1450698502952404,0.021387721219171242,-0.03662840037431701,49,0.0392156862745098,50,22.631528615951535
dinov1_b,mnist,8,10,0.10701968094379558,1.3877787807814454e-17,0.1450924818964157,0.02151783453151455,-0.03807280095262011,49,0.0392156862745098,50,22.54259705543518
dinov1_b,mnist,9,10,0.10792786463577528,1.3877787807814454e-17,0.14501906702581213,0.02154479195532921,-0.03709120239003685,49,0.0392156862745098,50,22.56750726699829
dinov1_b,mnist,10,10,0.10817313433433076,0.0,0.1447817775928702,0.021414312861278047,-0.036608643258539436,49,0.0392156862745098,50,22.736632823944092
dinov1_b,mnist,11,10,0.11031369135457217,0.0,0.14558345499776115,0.02172389765438623,-0.035269763643188984,48,0.05882352941176471,50,22.583680868148804
dinov1_b,mnist,12,10,0.1074672395703718,0.0,0.14493747408929886,0.021343678509469,-0.03747023451892705,49,0.0392156862745098,50,22.63427734375
dinov1_b,mnist,13,10,0.10750783552529636,0.0,0.1442274978642685,0.021340045787535792,-0.03671966233897213,49,0.0392156862745098,50,22.72037982940674
dinov1_b,mnist,14,10,0.10754253297920646,0.0,0.14459766300816868,0.021460458148478242,-0.03705513002896221,49,0.0392156862745098,50,22.59640669822693
dinov1_b,mnist,15,10,0.1093779273512938,0.0,0.14511021658038692,0.021558303172497646,-0.035732289229093134,49,0.0392156862745098,50,22.63167524337769
dinov1_b,mnist,16,10,0.10732778340371577,0.0,0.1448137601099974,0.021472758881668115,-0.03748597670628162,49,0.0392156862745098,50,22.596290826797485
dinov1_b,mnist,17,10,0.11022892959185664,1.3877787807814454e-17,0.14544957976586362,0.02164743416042139,-0.03522065017400698,49,0.0392156862745098,50,22.608976364135746
dinov1_b,mnist,18,10,0.10900566077640586,1.3877787807814454e-17,0.14494739399665582,0.02149712424041949,-0.03594173322024996,49,0.0392156862745098,50,22.58863925933838
dinov1_b,mnist,19,10,0.10833432290393523,1.3877787807814454e-17,0.14502229162069066,0.02154246451456542,-0.03668796871675545,49,0.0392156862745098,50,22.91754245758057
dinov1_b,mnist,20,10,0.10848655251944277,1.3877787807814454e-17,0.14503656499249862,0.021465668641829413,-0.036550012473055865,49,0.0392156862745098,50,19.259214162826535
dinov1_b,mnist,21,10,0.1075949764488531,0.0,0.144941347926225,0.02146909807636744,-0.03734637147737191,49,0.0392156862745098,50,17.83510947227478
dinov1_b,mnist,22,10,0.10769378738369736,0.0,0.14507479894101571,0.02149529880485681,-0.03738101155731837,49,0.0392156862745098,50,17.943047046661373
dinov1_b,mnist,23,10,0.1081648887227248,1.3877787807814454e-17,0.14535724507598138,0.02175671203705849,-0.037192356353256566,49,0.0392156862745098,50,18.145965814590454
dinov1_b,mnist,24,10,0.10878377338417304,0.0,0.14524574021668324,0.0215101498092702,-0.03646196683251021,49,0.0392156862745098,50,18.06528997421265
dinov1_b,mnist,25,10,0.10854944882331777,1.3877787807814454e-17,0.1451826877566468,0.021638769125353542,-0.03663323893332904,49,0.0392156862745098,50,18.17299175262451
dinov1_b,mnist,26,10,0.10968139681660567,0.0,0.14536628823933034,0.02150380004651297,-0.0356848914227247,49,0.0392156862745098,50,18.028973102569577
dinov1_b,mnist,27,10,0.10658244703591964,0.0,0.14486488750879092,0.02142944968613401,-0.038282440472871285,49,0.0392156862745098,50,17.963692903518677
dinov1_b,mnist,28,10,0.11062255406794036,0.0,0.14545988987943345,0.02156671257253151,-0.03483733581149308,48,0.05882352941176471,50,17.461564779281616
dinov1_b,mnist,29,10,0.10873856550957887,0.0,0.14513676771045236,0.02158338332909897,-0.03639820220087349,49,0.0392156862745098,50,17.46393132209778
dinov2_s,mnist,-1,10,0.14935831439413907,0.0,0.15749029679522164,0.022757065725700874,-0.008131982401082566,28,0.4509803921568628,50,18.81432247161865
dinov2_s,mnist,0,10,0.15067860717065934,0.0,0.15755401657532414,0.022748387238175214,-0.006875409404664801,28,0.4509803921568628,50,17.583797931671146
dinov2_s,mnist,1,10,0.14797530328571945,0.0,0.15702739395372547,0.02270347384967353,-0.009052090668006024,29,0.4313725490196079,50,17.561036109924313
dinov2_s,mnist,2,10,0.14999597370720688,2.7755575615628914e-17,0.15768306726971446,0.02295485394284053,-0.007687093562507546,28,0.4509803921568628,50,17.700411796569824
dinov2_s,mnist,3,10,0.14811258207829953,2.7755575615628914e-17,0.1576837611905045,0.022722094030095084,-0.00957117911220498,29,0.4313725490196079,50,17.295111894607544
dinov2_s,mnist,4,10,0.14811600282968884,0.0,0.15719234379452096,0.022625243881623614,-0.009076340964832121,28,0.4509803921568628,50,17.322381019592285
dinov2_s,mnist,5,10,0.150752054792002,0.0,0.15776509036724615,0.02290799164062106,-0.0070130355752441855,28,0.4509803921568628,50,21.01747274398804
dinov2_s,mnist,6,10,0.1504440773371349,0.0,0.15735722285761752,0.02271916865139267,-0.006913145520482611,28,0.4509803921568628,50,22.748935222625732
dinov2_s,mnist,7,10,0.1503109027370888,0.0,0.15726486798000094,0.022768684805239983,-0.00695396524291214,28,0.4509803921568628,50,21.50684809684753
dinov2_s,mnist,8,10,0.15106285840949835,2.7755575615628914e-17,0.15799311140644373,0.02288130523152137,-0.006930252996945385,28,0.4509803921568628,50,20.255954027175907
dinov2_s,mnist,9,10,0.1490971311536598,2.7755575615628914e-17,0.1578069153262587,0.02271325198705474,-0.008709784172598906,28,0.4509803921568628,50,22.338233947753906
dinov2_s,mnist,10,10,0.15170118217324485,0.0,0.1577987959980599,0.02285943976895199,-0.006097613824815079,28,0.4509803921568628,50,20.76977705955505
dinov2_s,mnist,11,10,0.1497109933196415,0.0,0.1577603124452296,0.022943789371620414,-0.008049319125588095,28,0.4509803921568628,50,17.252370834350586
dinov2_s,mnist,12,10,0.1494507081733471,2.7755575615628914e-17,0.15749495910806666,0.022712865703770624,-0.008044250934719555,28,0.4509803921568628,50,17.318140029907227
dinov2_s,mnist,13,10,0.15013458550279496,0.0,0.15674844509117786,0.02261259338356261,-0.006613859588382898,28,0.4509803921568628,50,17.256593942642212
dinov2_s,mnist,14,10,0.14975427215989742,0.0,0.15719225076976973,0.022806804800031426,-0.007437978609872303,28,0.4509803921568628,50,17.338574647903442
dinov2_s,mnist,15,10,0.14977889776481804,0.0,0.15751919878581558,0.02274526948324452,-0.007740301020997542,28,0.4509803921568628,50,17.692128896713253
dinov2_s,mnist,16,10,0.1482148531899956,0.0,0.15744360338407234,0.022614168886962646,-0.009228750194076736,29,0.4313725490196079,50,17.97282385826111
dinov2_s,mnist,17,10,0.15052146972777844,2.7755575615628914e-17,0.1577181685185759,0.022869287466823703,-0.007196698790797457,28,0.4509803921568628,50,17.532737493515015
dinov2_s,mnist,18,10,0.1504101794506108,2.7755575615628914e-17,0.15701009770038238,0.022764149737897667,-0.006599918249771575,28,0.4509803921568628,50,19.32045841217041
dinov2_s,mnist,19,10,0.14865292745206876,0.0,0.15803013660144385,0.02281733843292363,-0.009377209149375091,29,0.4313725490196079,50,18.131037712097168
dinov2_s,mnist,20,10,0.14902154356836167,2.7755575615628914e-17,0.15776947279795572,0.02282392202187904,-0.008747929229594055,28,0.4509803921568628,50,17.507484197616574
dinov2_s,mnist,21,10,0.14813688974977698,0.0,0.15759216287259126,0.02283210785592708,-0.009455273122814243,29,0.4313725490196079,50,17.489596843719482
dinov2_s,mnist,22,10,0.15028121349636248,0.0,0.15761185864520882,0.022824940384635225,-0.007330645148846349,28,0.4509803921568628,50,17.70379900932312
dinov2_s,mnist,23,10,0.1483349410129617,0.0,0.15707897059165074,0.0227761134024564,-0.008744029578689055,29,0.4313725490196079,50,17.487256050109867
dinov2_s,mnist,24,10,0.14789309958771038,0.0,0.15742928527214986,0.02256329199785364,-0.009536185684439452,29,0.4313725490196079,50,17.510982036590573
dinov2_s,mnist,25,10,0.1487281273087196,2.7755575615628914e-17,0.15782338582709468,0.022806762791007355,-0.009095258518375088,28,0.4509803921568628,50,17.714038133621216
dinov2_s,mnist,26,10,0.15077020856707285,0.0,0.1578485975691744,0.022856517543217526,-0.007078389002101559,28,0.4509803921568628,50,17.736266374588013
dinov2_s,mnist,27,10,0.14833149758623682,0.0,0.157635946147188,0.022826292704563385,-0.009304448560951195,29,0.4313725490196079,50,17.649322986602787
dinov2_s,mnist,28,10,0.1518810288162284,0.0,0.1578581849867228,0.02290382853029758,-0.005977156170494408,28,0.4509803921568628,50,17.666520833969113
dinov2_s,mnist,29,10,0.15188210560237222,0.0,0.1575136419258938,0.022848856822040915,-0.005631536323521563,28,0.4509803921568628,50,17.388251781463627
dinov2_b,mnist,-1,10,0.14131261088643954,0.0,0.16165640664838746,0.027153778643591992,-0.020343795761947864,39,0.2352941176470588,50,22.984348058700558
dinov2_b,mnist,0,10,0.14159204233846215,2.7755575615628914e-17,0.1616662636494731,0.027087475858741758,-0.020074221311010942,39,0.2352941176470588,50,22.93413758277893
dinov2_b,mnist,1,10,0.14120023155388056,2.7755575615628914e-17,0.161232915082613,0.027037067672187314,-0.020032683528732442,39,0.2352941176470588,50,22.886013269424442
dinov2_b,mnist,2,10,0.14075194075133218,2.7755575615628914e-17,0.16204962316174054,0.027456519391546298,-0.021297682410408383,39,0.2352941176470588,50,22.873445510864254
dinov2_b,mnist,3,10,0.1419322291362933,2.7755575615628914e-17,0.1624406220026609,0.027520717490036973,-0.020508392866367603,39,0.2352941176470588,50,22.84767866134644
dinov2_b,mnist,4,10,0.14006255199298906,2.7755575615628914e-17,0.16168622416473305,0.02706338078017844,-0.02162367217174399,39,0.2352941176470588,50,22.569337368011475
dinov2_b,mnist,5,10,0.14185656033747227,2.7755575615628914e-17,0.16194229534643573,0.027267398498211345,-0.020085735008963462,39,0.2352941176470588,50,21.86248540878296
dinov2_b,mnist,6,10,0.1412993974003956,2.7755575615628914e-17,0.1615585433995867,0.02708965013192105,-0.020259145999191097,39,0.2352941176470588,50,22.551523447036747
dinov2_b,mnist,7,10,0.14051213184108452,0.0,0.16247875263177586,0.02751651792191788,-0.021966620790691338,39,0.2352941176470588,50,22.40937614440918
dinov2_b,mnist,8,10,0.14066032664946831,2.7755575615628914e-17,0.1614014438528498,0.027045885335084063,-0.02074111720338148,39,0.2352941176470588,50,21.97968053817749
dinov2_b,mnist,9,10,0.1411155346866266,0.0,0.1617929244363586,0.027204305043414083,-0.02067738974973199,39,0.2352941176470588,50,21.79576110839844
dinov2_b,mnist,10,10,0.1399227428182634,2.7755575615628914e-17,0.16121316581186731,0.02700581382246037,-0.021290422993603925,39,0.2352941176470588,50,21.737555980682373
dinov2_b,mnist,11,10,0.14198412646010786,0.0,0.16154266829438016,0.02715889951717936,-0.019558541834272303,39,0.2352941176470588,50,21.74711513519287
dinov2_b,mnist,12,10,0.1408892421908007,2.7755575615628914e-17,0.16185266153753816,0.027191676735715927,-0.020963419346737452,39,0.2352941176470588,50,21.743882179260254
dinov2_b,mnist,13,10,0.14096793791100656,2.7755575615628914e-17,0.1615071094262206,0.02715283637255396,-0.020539171515214037,39,0.2352941176470588,50,19.393770456314087
dinov2_b,mnist,14,10,0.1416959235017965,0.0,0.16149502910668712,0.027145279410403855,-0.019799105604890618,39,0.2352941176470588,50,16.585885286331177
dinov2_b,mnist,15,10,0.14025400572914498,2.7755575615628914e-17,0.1613793462867292,0.027116673854918186,-0.021125340557584218,39,0.2352941176470588,50,16.877898216247562
dinov2_b,mnist,16,10,0.14194752282547698,0.0,0.1617633466769457,0.02717789774065782,-0.019815823851468684,39,0.2352941176470588,50,16.589614391326904
dinov2_b,mnist,17,10,0.14178020611090866,2.7755575615628914e-17,0.1620676134748778,0.027389288262583647,-0.02028740736396914,39,0.2352941176470588,50,16.413524627685547
dinov2_b,mnist,18,10,0.14189124288254812,0.0,0.16158839023297494,0.02718533705186261,-0.019697147350426845,39,0.2352941176470588,50,16.617047309875492
dinov2_b,mnist,19,10,0.1397834778593147,2.7755575615628914e-17,0.16171656592615316,0.02711629004383536,-0.02193308806683847,39,0.2352941176470588,50,16.69799518585205
dinov2_b,mnist,20,10,0.14127427808317447,2.7755575615628914e-17,0.16162679239728772,0.027124124671418226,-0.02035251431411325,39,0.2352941176470588,50,16.549973964691162
dinov2_b,mnist,21,10,0.1428226709013516,0.0,0.16206063213695646,0.02731752022750914,-0.01923796123560487,39,0.2352941176470588,50,16.427689790725708
dinov2_b,mnist,22,10,0.14277242860487172,0.0,0.16183835126352109,0.027310188863308923,-0.01906592265864937,39,0.2352941176470588,50,16.736602067947388
dinov2_b,mnist,23,10,0.14344657731028254,2.7755575615628914e-17,0.16209016458411274,0.027375032812924617,-0.01864358727383017,39,0.2352941176470588,50,16.6983642578125
dinov2_b,mnist,24,10,0.14143647960985667,2.7755575615628914e-17,0.1619953152285513,0.02721144991253047,-0.020558835618694617,39,0.2352941176470588,50,16.887818574905396
dinov2_b,mnist,25,10,0.1417177723600763,2.7755575615628914e-17,0.16162571707616938,0.02702879397801821,-0.019907944716093084,39,0.2352941176470588,50,16.864259481430054
dinov2_b,mnist,26,10,0.14218915717915942,2.7755575615628914e-17,0.16175681800694408,0.02721637239483244,-0.01956766082778466,39,0.2352941176470588,50,16.785633563995358
dinov2_b,mnist,27,10,0.1412265271092643,0.0,0.1617751246955914,0.027241477101299226,-0.0205485975863271,39,0.2352941176470588,50,17.210419416427612
dinov2_b,mnist,28,10,0.14066280656210178,2.7755575615628914e-17,0.16196168046707934,0.02731366728168261,-0.02129887390497756,39,0.2352941176470588,50,16.673335552215573
dinov2_b,mnist,29,10,0.14123970136377387,0.0,0.1613559684501918,0.027065202173039926,-0.020116267086417918,39,0.2352941176470588,50,17.275699615478516
dinov2_l,mnist,-1,10,0.15036074346998407,0.0,0.16638538020145613,0.02661056241367,-0.01602463673147206,35,0.3137254901960784,50,21.438570261001587
dinov2_l,mnist,0,10,0.14751884164064705,0.0,0.16613588726591547,0.026708010139300086,-0.01861704562526842,37,0.27450980392156865,50,18.49535870552063
dinov2_l,mnist,1,10,0.1514024902719931,0.0,0.16606783178646484,0.026832580731093687,-0.014665341514471741,34,0.3333333333333333,50,16.517950057983402
dinov2_l,mnist,2,10,0.15383362889021335,0.0,0.16636503969557348,0.0265813605099632,-0.01253141080536013,34,0.3333333333333333,50,16.463720798492428
dinov2_l,mnist,3,10,0.15137041555050715,0.0,0.16665180702497398,0.026392192356672995,-0.01528139147446683,35,0.3137254901960784,50,16.576488018035892
dinov2_l,mnist,4,10,0.1472769123611915,0.0,0.16599133286393514,0.026750867314298776,-0.018714420502743637,37,0.27450980392156865,50,16.493273735046387
dinov2_l,mnist,5,10,0.15039202933491594,2.7755575615628914e-17,0.16633922730001804,0.026694681595397646,-0.015947197965102078,36,0.29411764705882354,50,16.644460916519165
dinov2_l,mnist,6,10,0.14897528911943606,0.0,0.16627032045584747,0.026558517755838392,-0.017295031336411443,37,0.27450980392156865,50,16.601541996002194
dinov2_l,mnist,7,10,0.15224027227424378,0.0,0.16674689631853915,0.02646596366904266,-0.014506624044295369,34,0.3333333333333333,50,16.72962999343872
dinov2_l,mnist,8,10,0.14971137641425394,0.0,0.16642490264099455,0.026542012855624915,-0.016713526226740605,37,0.27450980392156865,50,16.701768398284912
dinov2_l,mnist,9,10,0.15113859248228495,2.7755575615628914e-17,0.16628771242690984,0.02665321360836699,-0.015149119944624896,34,0.3333333333333333,50,16.690154552459713
dinov2_l,mnist,10,10,0.15064194003590856,2.7755575615628914e-17,0.16627643631021868,0.026624904383785074,-0.015634496274310128,34,0.3333333333333333,50,16.631675958633426
dinov2_l,mnist,11,10,0.14973186663210164,2.7755575615628914e-17,0.16605195877226606,0.026681305670515375,-0.016320092140164392,36,0.29411764705882354,50,16.450969696044922
dinov2_l,mnist,12,10,0.15029806078586178,0.0,0.16639478696446222,0.02659849114826255,-0.016096726178600446,35,0.3137254901960784,50,16.381901264190677
dinov2_l,mnist,13,10,0.1507080755093067,2.7755575615628914e-17,0.16588039978351707,0.026822601656555613,-0.015172324274210362,35,0.3137254901960784,50,16.322128772735596
dinov2_l,mnist,14,10,0.15082279932963075,2.7755575615628914e-17,0.16600493441430822,0.026690046593868092,-0.015182135084677443,34,0.3333333333333333,50,16.678576231002808
dinov2_l,mnist,15,10,0.15109234861825974,2.7755575615628914e-17,0.16667832164897198,0.02649646308374101,-0.015585973030712241,35,0.3137254901960784,50,16.49429202079773
dinov2_l,mnist,16,10,0.14843032707509876,2.7755575615628914e-17,0.16618911327859326,0.02676707278885456,-0.01775878620349447,37,0.27450980392156865,50,16.433184146881107
dinov2_l,mnist,17,10,0.1496032539813011,0.0,0.16696495947427345,0.026330412890697333,-0.017361705492972362,37,0.27450980392156865,50,16.442070484161373
dinov2_l,mnist,18,10,0.14994188357012586,0.0,0.16659956595323386,0.026561455100895682,-0.016657682383107997,37,0.27450980392156865,50,16.490842580795288
dinov2_l,mnist,19,10,0.14894315963458474,0.0,0.1665630157429006,0.02660004976633007,-0.017619856108315846,37,0.27450980392156865,50,16.47922444343567
dinov2_l,mnist,20,10,0.14994779095816496,2.7755575615628914e-17,0.1664618669398891,0.026496305054582333,-0.01651407598172414,36,0.29411764705882354,50,16.480170011520386
dinov2_l,mnist,21,10,0.1508444635166475,0.0,0.16656826715472456,0.02655023520949214,-0.015723803638077072,35,0.3137254901960784,50,16.38289523124695
dinov2_l,mnist,22,10,0.1509205134866318,0.0,0.16680591018743024,0.02649772044243172,-0.015885396700798443,36,0.29411764705882354,50,16.517221689224243
dinov2_l,mnist,23,10,0.1475663060277166,0.0,0.1665866449677832,0.026470406132927983,-0.01902033894006661,37,0.27450980392156865,50,16.542325496673588
dinov2_l,mnist,24,10,0.1487121151369893,2.7755575615628914e-17,0.1668525702605407,0.026436071691370317,-0.01814045512355142,37,0.27450980392156865,50,16.49575448036194
dinov2_l,mnist,25,10,0.14640318798614047,0.0,0.16646334791678286,0.026615605475693627,-0.02006015993064239,38,0.2549019607843137,50,16.58324360847473
dinov2_l,mnist,26,10,0.14772717626603474,0.0,0.1663042593232005,0.026605475746936967,-0.018577083057165742,37,0.27450980392156865,50,16.541587352752686
dinov2_l,mnist,27,10,0.14998863097831516,0.0,0.1662315705711497,0.02666972653179986,-0.016242939592834568,36,0.29411764705882354,50,16.556252002716064
dinov2_l,mnist,28,10,0.14725266703171466,0.0,0.16629665801816326,0.02660185192891615,-0.019043990986448628,37,0.27450980392156865,50,16.494541645050052
dinov2_l,mnist,29,10,0.14965168573576956,2.7755575615628914e-17,0.16629600910653314,0.026665592570429008,-0.01664432337076363,36,0.29411764705882354,50,16.63745403289795
dinov2_g,mnist,-1,10,0.1472739529811991,2.7755575615628914e-17,0.16907218594514645,0.025369243987265568,-0.02179823296394734,41,0.19607843137254904,50,17.146008968353268
dinov2_g,mnist,0,10,0.14989653449683846,2.7755575615628914e-17,0.1689459621179717,0.025391614835435783,-0.01904942762113324,40,0.21568627450980396,50,16.599395990371704
dinov2_g,mnist,1,10,0.1456601736889756,2.7755575615628914e-17,0.168893095013412,0.025663468858652103,-0.02323292132443641,41,0.19607843137254904,50,16.666155815124508
dinov2_g,mnist,2,10,0.14718897331165753,2.7755575615628914e-17,0.16910709597676446,0.025308732167895538,-0.0219181226651069,41,0.19607843137254904,50,16.732555627822876
dinov2_g,mnist,3,10,0.1467636989010382,2.7755575615628914e-17,0.16931191014896546,0.02512904687701054,-0.022548211247927247,41,0.19607843137254904,50,16.557279109954838
dinov2_g,mnist,4,10,0.14791801741996852,0.0,0.16881338990363376,0.025595795812845545,-0.020895372483665242,41,0.19607843137254904,50,16.572093486785892
dinov2_g,mnist,5,10,0.1494079972291888,2.7755575615628914e-17,0.16919828670294124,0.025353374861424333,-0.01979028947375247,41,0.19607843137254904,50,16.839744091033936
dinov2_g,mnist,6,10,0.1474574490391493,0.0,0.1689451811836997,0.02537708474224881,-0.02148773214455038,41,0.19607843137254904,50,16.95849895477295
dinov2_g,mnist,7,10,0.1494777319416618,0.0,0.16946829392566776,0.025039877698956357,-0.01999056198400595,41,0.19607843137254904,50,17.286741495132446
dinov2_g,mnist,8,10,0.14578522341086916,0.0,0.16893228577289254,0.025346404855161025,-0.02314706236202338,41,0.19607843137254904,50,16.717808485031128
dinov2_g,mnist,9,10,0.14463542873954707,0.0,0.16902679525687586,0.025369757694798226,-0.024391366517328792,42,0.17647058823529413,50,16.758015871047974
dinov2_g,mnist,10,10,0.14652571507867956,0.0,0.1687691304379484,0.025470184916110496,-0.022243415359268826,41,0.19607843137254904,50,16.857463836669922
dinov2_g,mnist,11,10,0.1465788809656598,0.0,0.16875118101239625,0.025495792116630788,-0.022172300046736454,41,0.19607843137254904,50,16.73287081718445
dinov2_g,mnist,12,10,0.1463173986750002,0.0,0.16919259501006986,0.02529950754695823,-0.022875196335069653,41,0.19607843137254904,50,16.790294647216793
dinov2_g,mnist,13,10,0.14789508105748042,0.0,0.16889367375210068,0.02557669344043744,-0.02099859269462026,41,0.19607843137254904,50,16.70507264137268
dinov2_g,mnist,14,10,0.1457635041800695,0.0,0.1689833719684329,0.025478363595894917,-0.02321986778836341,41,0.19607843137254904,50,16.74021291732788
dinov2_g,mnist,15,10,0.1465396993836809,0.0,0.16919646889143686,0.0253129527357351,-0.02265676950775597,41,0.19607843137254904,50,16.752330303192142
dinov2_g,mnist,16,10,0.14815095777236215,2.7755575615628914e-17,0.1691330800356318,0.02532763087435861,-0.02098212226326962,41,0.19607843137254904,50,16.766114234924313
dinov2_g,mnist,17,10,0.1461905190451403,2.7755575615628914e-17,0.16927742825280526,0.02519134279655653,-0.02308690920766496,41,0.19607843137254904,50,16.808154582977295
dinov2_g,mnist,18,10,0.14933924882508212,2.7755575615628914e-17,0.16899273647202154,0.02545559396116772,-0.019653487646939444,40,0.21568627450980396,50,16.696841955184937
dinov2_g,mnist,19,10,0.14789777509833207,0.0,0.1691325574007642,0.02538396947170129,-0.021234782302432115,41,0.19607843137254904,50,16.824447870254517
dinov2_g,mnist,20,10,0.14715522737151782,0.0,0.16884096605785673,0.025315767548174283,-0.021685738686338912,41,0.19607843137254904,50,16.75683569908142
dinov2_g,mnist,21,10,0.146613893188853,0.0,0.16935657739974389,0.02519342919535819,-0.022742684210890873,41,0.19607843137254904,50,16.754558563232422
dinov2_g,mnist,22,10,0.1483462095369811,2.7755575615628914e-17,0.1693545851750553,0.024985616075644233,-0.0210083756380742,41,0.19607843137254904,50,16.776527166366574
dinov2_g,mnist,23,10,0.14758285978606225,0.0,0.16934307178805053,0.02511074417106189,-0.0217602120019883,41,0.19607843137254904,50,16.72075390815735
dinov2_g,mnist,24,10,0.14778035930645492,2.7755575615628914e-17,0.16917743523381468,0.02523741200428473,-0.02139707592735976,41,0.19607843137254904,50,16.720126628875732
dinov2_g,mnist,25,10,0.14696700867444829,2.7755575615628914e-17,0.1691035757812834,0.025328146064973345,-0.02213656710683512,41,0.19607843137254904,50,16.409037828445435
dinov2_g,mnist,26,10,0.14745305630743816,2.7755575615628914e-17,0.1690113481405447,0.02526289701889277,-0.021558291833106532,41,0.19607843137254904,50,15.704289436340332
dinov2_g,mnist,27,10,0.14476049215273995,0.0,0.16904366543141655,0.025438160341612604,-0.0242831732786766,41,0.19607843137254904,50,15.931780576705933
dinov2_g,mnist,28,10,0.15007917408659338,2.7755575615628914e-17,0.16925050397190933,0.02515381722940372,-0.019171329885315943,41,0.19607843137254904,50,15.734369277954102
dinov2_g,mnist,29,10,0.14783773141690176,2.7755575615628914e-17,0.1689891515405056,0.025512311435308098,-0.021151420123603826,41,0.19607843137254904,50,15.741706371307373
clip_b,mnist,-1,10,0.13803716575248368,0.0,0.14255143703786888,0.020382748572966104,-0.004514271285385203,29,0.4313725490196079,50,15.821779727935793
clip_b,mnist,0,10,0.14171791747076062,0.0,0.14236535878936105,0.02044053763360593,-0.0006474413186004223,23,0.5490196078431373,50,15.823332071304321
clip_b,mnist,1,10,0.13997680098818552,2.7755575615628914e-17,0.1422853704252393,0.02024042793255872,-0.0023085694370537924,25,0.5098039215686274,50,15.61851406097412
clip_b,mnist,2,10,0.1386095884176381,0.0,0.14263712679383114,0.020368378745672527,-0.004027538376193074,29,0.4313725490196079,50,15.816187620162964
clip_b,mnist,3,10,0.13612838750257286,2.7755575615628914e-17,0.14255604256318394,0.020265059963055013,-0.006427655060611104,30,0.4117647058823529,50,15.644525289535522
clip_b,mnist,4,10,0.14167560604370896,0.0,0.1427897005677892,0.020460891837224455,-0.0011140945240802336,24,0.5294117647058824,50,15.663833141326904
clip_b,mnist,5,10,0.14137416206657802,2.7755575615628914e-17,0.14329542447496305,0.02059480304818461,-0.0019212624083850551,24,0.5294117647058824,50,15.715083837509155
clip_b,mnist,6,10,0.13887466299319004,0.0,0.14244688843304465,0.020427333717560902,-0.0035722254398546094,28,0.4509803921568628,50,15.674186706542967
clip_b,mnist,7,10,0.13936443318735828,0.0,0.14244728150242494,0.020396276069860858,-0.003082848315066694,27,0.4705882352941176,50,15.773430585861206
clip_b,mnist,8,10,0.1369324546989748,2.7755575615628914e-17,0.1421712630061756,0.020271426204300887,-0.005238808307200804,29,0.4313725490196079,50,15.576672792434692
clip_b,mnist,9,10,0.136652837712751,0.0,0.14219196947790413,0.020451497994963645,-0.005539131765153138,29,0.4313725490196079,50,15.675506114959715
clip_b,mnist,10,10,0.13735834845297035,0.0,0.14242151855542004,0.02032795083722709,-0.005063170102449693,29,0.4313725490196079,50,15.681187629699707
clip_b,mnist,11,10,0.13347508769087596,2.7755575615628914e-17,0.1419536815376565,0.02018275737815501,-0.008478593846780541,33,0.35294117647058826,50,15.750216007232664
clip_b,mnist,12,10,0.14221411392779165,2.7755575615628914e-17,0.14250878293557215,0.02036963299350532,-0.0002946690077804959,23,0.5490196078431373,50,15.631497859954836
clip_b,mnist,13,10,0.13783243744823706,2.7755575615628914e-17,0.14290022172995767,0.020609633253129967,-0.005067784281720611,29,0.4313725490196079,50,15.670948028564453
clip_b,mnist,14,10,0.1359789392699715,0.0,0.14219247060720966,0.020383317124341147,-0.006213531337238121,29,0.4313725490196079,50,15.4875328540802
clip_b,mnist,15,10,0.1372781334750333,0.0,0.14217244827870176,0.02023910824442044,-0.004894314803668476,29,0.4313725490196079,50,15.62893033027649
clip_b,mnist,16,10,0.13999807490618582,2.7755575615628914e-17,0.14250258767491875,0.02039410652199277,-0.002504512768732925,25,0.5098039215686274,50,15.472471475601196
clip_b,mnist,17,10,0.13938466314675746,0.0,0.1424628271931937,0.02029042421511426,-0.003078164046436266,27,0.4705882352941176,50,15.582473039627075
clip_b,mnist,18,10,0.13729576116357056,0.0,0.1422466527593113,0.02031258481618513,-0.0049508915957407465,29,0.4313725490196079,50,15.517523527145386
clip_b,mnist,19,10,0.13734999234336656,0.0,0.142461000035169,0.02044146072092581,-0.005111007691802449,29,0.4313725490196079,50,15.499106168746948
clip_b,mnist,20,10,0.1369700020519638,2.7755575615628914e-17,0.14245027654637654,0.020254384346725524,-0.005480274494412768,29,0.4313725490196079,50,15.48527479171753
clip_b,mnist,21,10,0.1375536633073024,0.0,0.14278041720732004,0.02041044048792932,-0.0052267539000176435,29,0.4313725490196079,50,15.566342115402222
clip_b,mnist,22,10,0.13946400270651754,0.0,0.1427046653515923,0.020414980594802748,-0.003240662645074749,27,0.4705882352941176,50,15.413461446762085
clip_b,mnist,23,10,0.13501876996319698,0.0,0.14270937104326814,0.02055752210379758,-0.007690601080071162,33,0.35294117647058826,50,15.507909536361694
clip_b,mnist,24,10,0.13928385994392076,0.0,0.1423270085819191,0.020375666434347208,-0.003043148637998344,27,0.4705882352941176,50,15.548229217529295
clip_b,mnist,25,10,0.13715289562462826,2.7755575615628914e-17,0.14299369772441872,0.020470583255873403,-0.00584080209979046,29,0.4313725490196079,50,15.451904296875
clip_b,mnist,26,10,0.13950789418565152,2.7755575615628914e-17,0.1424157412600249,0.020259559339134762,-0.0029078470743733875,27,0.4705882352941176,50,15.607581615447998
clip_b,mnist,27,10,0.1371759173789064,0.0,0.14279350224427348,0.02039853021852572,-0.005617584865367065,29,0.4313725490196079,50,15.43180775642395
clip_b,mnist,28,10,0.14002800447966962,2.7755575615628914e-17,0.14272232845303173,0.02061108729343524,-0.002694323973362112,26,0.4901960784313725,50,15.43551230430603
clip_b,mnist,29,10,0.13749909419164033,0.0,0.14232975807225404,0.020323868748059887,-0.004830663880613706,29,0.4313725490196079,50,15.427502155303955
clip_l,mnist,-1,10,0.16480574915157226,0.0,0.17638458225971246,0.020259685600796284,-0.011578833108140202,32,0.3725490196078432,50,15.463719844818115
clip_l,mnist,0,10,0.1638229496454274,2.7755575615628914e-17,0.17611843858428455,0.020414407720315792,-0.012295488938857152,32,0.3725490196078432,50,15.521560668945312
clip_l,mnist,1,10,0.16474340361293446,0.0,0.17620971989147774,0.020583338475869302,-0.011466316278543331,32,0.3725490196078432,50,15.622698545455933
clip_l,mnist,2,10,0.16394959027719178,2.7755575615628914e-17,0.17623503266378168,0.020213661457352785,-0.012285442386589908,33,0.35294117647058826,50,15.575416564941404
clip_l,mnist,3,10,0.1642929689682036,0.0,0.1763489943168364,0.02018168959696701,-0.012056025348632787,32,0.3725490196078432,50,15.601755380630493
clip_l,mnist,4,10,0.16476385491593598,0.0,0.17614898349233374,0.02048484669665153,-0.011385128576397755,32,0.3725490196078432,50,15.652238130569458
clip_l,mnist,5,10,0.16650281650221582,2.7755575615628914e-17,0.17674271889618925,0.01996911974928873,-0.01023990239397343,32,0.3725490196078432,50,15.453804731369019
clip_l,mnist,6,10,0.16670837243925435,2.7755575615628914e-17,0.1765102322890289,0.02022988731998953,-0.009801859849774552,32,0.3725490196078432,50,15.786665439605713
clip_l,mnist,7,10,0.1639376477801387,0.0,0.17650981483953246,0.020239294087925755,-0.012572167059393735,32,0.3725490196078432,50,15.545554876327515
clip_l,mnist,8,10,0.16402844479402096,0.0,0.1761075572380447,0.020482976575694072,-0.012079112444023736,32,0.3725490196078432,50,15.37792181968689
clip_l,mnist,9,10,0.16338187986890845,2.7755575615628914e-17,0.17631328909336466,0.020373766343454582,-0.012931409224456179,33,0.35294117647058826,50,14.754255533218384
clip_l,mnist,10,10,0.16500729068492048,0.0,0.17610491076819887,0.020503440380317726,-0.011097620083278387,32,0.3725490196078432,50,14.939858198165894
clip_l,mnist,11,10,0.16578006868647274,0.0,0.1764733467125718,0.02035087203524396,-0.01069327802609907,32,0.3725490196078432,50,14.725059270858765
clip_l,mnist,12,10,0.16387483765550787,2.7755575615628914e-17,0.17624976103578788,0.020565114909013117,-0.012374923380280012,32,0.3725490196078432,50,14.12751817703247
clip_l,mnist,13,10,0.16403742983222486,2.7755575615628914e-17,0.17631483778993404,0.02052023935688421,-0.012277407957709235,32,0.3725490196078432,50,14.161463499069214
clip_l,mnist,14,10,0.1618680958689321,2.7755575615628914e-17,0.1758223346985827,0.02074454266529621,-0.013954238829650578,34,0.3333333333333333,50,14.08964776992798
clip_l,mnist,15,10,0.16344174680901485,0.0,0.17623381295506887,0.02026356736219132,-0.012792066146054049,33,0.35294117647058826,50,15.033666133880615
clip_l,mnist,16,10,0.16360026418020818,0.0,0.17631773967681044,0.020406275354180985,-0.012717475496602263,32,0.3725490196078432,50,15.00257420539856
clip_l,mnist,17,10,0.16549019686965574,2.7755575615628914e-17,0.17663594925523646,0.02010570478951372,-0.011145752385580687,32,0.3725490196078432,50,14.990947008132935
clip_l,mnist,18,10,0.16387968664841787,2.7755575615628914e-17,0.17619761614350424,0.02053934856049957,-0.012317929495086366,32,0.3725490196078432,50,14.223709344863892
clip_l,mnist,19,10,0.1680021333245459,0.0,0.1767206307294896,0.020120736444816063,-0.00871849740494371,32,0.3725490196078432,50,14.08390188217163
clip_l,mnist,20,10,0.1638796397596358,0.0,0.17621111353995836,0.020132730690667327,-0.012331473780322566,32,0.3725490196078432,50,14.178590297698975
clip_l,mnist,21,10,0.16566031015614574,2.7755575615628914e-17,0.176107014509415,0.020480681888138067,-0.010446704353269248,32,0.3725490196078432,50,14.104977130889893
clip_l,mnist,22,10,0.1662430927891543,0.0,0.17632933186075214,0.02028105706914944,-0.010086239071597836,32,0.3725490196078432,50,14.127774238586426
clip_l,mnist,23,10,0.16481296770928294,2.7755575615628914e-17,0.17645370915524494,0.020117019959692013,-0.011640741445962,32,0.3725490196078432,50,14.14176058769226
clip_l,mnist,24,10,0.1648572533625932,0.0,0.17624069755875527,0.02034972636836275,-0.011383444196162051,32,0.3725490196078432,50,14.140090227127075
clip_l,mnist,25,10,0.16675892959457822,2.7755575615628914e-17,0.17641524783870288,0.02011973454661766,-0.009656318244124662,32,0.3725490196078432,50,14.15965723991394
clip_l,mnist,26,10,0.16669425895131554,0.0,0.17654473474542404,0.020172890466968157,-0.0098504757941085,32,0.3725490196078432,50,14.137495517730713
clip_l,mnist,27,10,0.16524788018249653,2.7755575615628914e-17,0.1765074208311442,0.02019001335250537,-0.011259540648647677,32,0.3725490196078432,50,14.077303886413574
clip_l,mnist,28,10,0.16604883885139726,2.7755575615628914e-17,0.176244505521555,0.02034713525104517,-0.010195666670157729,32,0.3725490196078432,50,14.607350587844849
clip_l,mnist,29,10,0.16394524861830426,0.0,0.1761589387194762,0.020510710482707795,-0.012213690101171959,32,0.3725490196078432,50,14.070916414260864
siglip_b,mnist,-1,10,0.1132885938861466,0.0,0.1623726121981205,0.02366497621539557,-0.049084018311973884,50,0.0196078431372549,50,14.074086427688599
siglip_b,mnist,0,10,0.11292435771892242,1.3877787807814454e-17,0.16242922034964904,0.023685875859524304,-0.04950486263072662,50,0.0196078431372549,50,14.651081323623655
siglip_b,mnist,1,10,0.11180914420778128,1.3877787807814454e-17,0.16252102183872896,0.023644171567876036,-0.050711877630947685,50,0.0196078431372549,50,14.129480361938475
siglip_b,mnist,2,10,0.11249488521680727,0.0,0.1623327346211497,0.02368636724222684,-0.04983784940434244,50,0.0196078431372549,50,14.629424571990967
siglip_b,mnist,3,10,0.11310783415758248,2.7755575615628914e-17,0.16217701676446347,0.023785716114119327,-0.04906918260688098,50,0.0196078431372549,50,14.15255856513977
siglip_b,mnist,4,10,0.11370270695339105,0.0,0.16234818237550555,0.02369719849951217,-0.04864547542211449,50,0.0196078431372549,50,14.133749008178713
siglip_b,mnist,5,10,0.11290375772345765,1.3877787807814454e-17,0.16232990496606514,0.023718410940531013,-0.049426147242607486,50,0.0196078431372549,50,14.132854223251345
siglip_b,mnist,6,10,0.11396693605124385,0.0,0.1623228837986658,0.023676784882904856,-0.04835594774742197,50,0.0196078431372549,50,14.083242416381836
siglip_b,mnist,7,10,0.11158003711521852,1.3877787807814454e-17,0.16238560190703288,0.023709183423280697,-0.050805564791814375,50,0.0196078431372549,50,14.736149072647095
siglip_b,mnist,8,10,0.112993221728728,0.0,0.162264257774948,0.023739183491691226,-0.04927103604622,50,0.0196078431372549,50,15.003400087356567
siglip_b,mnist,9,10,0.11321280723357713,1.3877787807814454e-17,0.16236999775729946,0.02372197433550865,-0.04915719052372235,50,0.0196078431372549,50,15.044596672058105
siglip_b,mnist,10,10,0.11246854900599043,0.0,0.1624885728239248,0.023669579179819013,-0.05002002381793436,50,0.0196078431372549,50,15.041750192642212
siglip_b,mnist,11,10,0.11304164649772465,0.0,0.16252318659946924,0.02360175275164841,-0.049481540101744576,50,0.0196078431372549,50,15.028980493545532
siglip_b,mnist,12,10,0.11281276647378675,0.0,0.16236677171464595,0.02375043258102715,-0.049554005240859185,50,0.0196078431372549,50,15.017971277236938
siglip_b,mnist,13,10,0.11449486403457568,1.3877787807814454e-17,0.16264066099034094,0.023478427977933255,-0.04814579695576529,50,0.0196078431372549,50,15.037615537643433
siglip_b,mnist,14,10,0.11434030177959482,1.3877787807814454e-17,0.16229993049860295,0.023668794119569053,-0.04795962871900812,50,0.0196078431372549,50,15.046576976776125
siglip_b,mnist,15,10,0.11409807188096735,0.0,0.16236190727587746,0.0236334392429876,-0.048263835394910096,50,0.0196078431372549,50,15.008671283721926
siglip_b,mnist,16,10,0.11405148498006608,1.3877787807814454e-17,0.16220576752447774,0.02369555415230753,-0.04815428254441166,50,0.0196078431372549,50,15.00303053855896
siglip_b,mnist,17,10,0.11323667452464015,2.7755575615628914e-17,0.16221049684488126,0.023792696150690733,-0.048973822320241056,50,0.0196078431372549,50,15.017496347427368
siglip_b,mnist,18,10,0.11290216246947192,0.0,0.16243009087147206,0.023530664473624674,-0.0495279284020001,50,0.0196078431372549,50,15.005985260009766
siglip_b,mnist,19,10,0.11268602486166485,1.3877787807814454e-17,0.16226088762748714,0.023713757666562103,-0.04957486276582233,50,0.0196078431372549,50,15.044633626937866
siglip_b,mnist,20,10,0.1122480031247181,0.0,0.16237893834268927,0.023727586812256986,-0.05013093521797117,50,0.0196078431372549,50,15.029860496520994
siglip_b,mnist,21,10,0.11406998669426555,0.0,0.1625077057111705,0.02362526769185544,-0.04843771901690496,50,0.0196078431372549,50,15.055424451828005
siglip_b,mnist,22,10,0.11415920677063247,1.3877787807814454e-17,0.16219088680448746,0.023707889924281963,-0.04803168003385496,50,0.0196078431372549,50,15.061533689498901
siglip_b,mnist,23,10,0.11512872211488083,1.3877787807814454e-17,0.1622382097285061,0.023665761569824983,-0.047109487613625295,50,0.0196078431372549,50,15.04460620880127
siglip_b,mnist,24,10,0.1129818550342099,0.0,0.1624348823298909,0.023640416432848945,-0.04945302729568099,50,0.0196078431372549,50,15.029801845550535
siglip_b,mnist,25,10,0.11406380517026578,1.3877787807814454e-17,0.16222583595472706,0.0236914135088146,-0.04816203078446125,50,0.0196078431372549,50,15.013389348983765
siglip_b,mnist,26,10,0.11332364944401245,1.3877787807814454e-17,0.16231890214101902,0.023729168912279545,-0.04899525269700658,50,0.0196078431372549,50,15.072436809539795
siglip_b,mnist,27,10,0.11281088610564068,1.3877787807814454e-17,0.1623687526611938,0.02362973603860915,-0.049557866555553116,50,0.0196078431372549,50,15.06003189086914
siglip_b,mnist,28,10,0.11356190678334716,0.0,0.16257651670102582,0.023546985697845715,-0.04901460991767869,50,0.0196078431372549,50,15.060075759887695
siglip_b,mnist,29,10,0.11272751475906358,1.3877787807814454e-17,0.16234707084327138,0.02366929091922218,-0.0496195560842078,50,0.0196078431372549,50,15.075003862380981
dinov1_b,imagenet,-1,1000,0.0552455916591852,0.0003731814462132311,0.07578887939599882,0.001992536811811078,-0.02054328773681363,50,0.0196078431372549,50,112.15374898910522
dinov1_b,imagenet,0,1000,0.0551614670183103,0.00041008772512891785,0.07541708294786485,0.0019831965318780212,-0.02025561592955455,50,0.0196078431372549,50,100.66202306747437
dinov1_b,imagenet,1,1000,0.05521112358032556,0.00036423710377154187,0.07555764830783641,0.00197170248492067,-0.02034652472751085,50,0.0196078431372549,50,106.5082700252533
dinov1_b,imagenet,2,1000,0.05474361424446837,0.0003122637490824795,0.07551716294733772,0.001965968083297311,-0.02077354870286936,50,0.0196078431372549,50,112.50225853919984
dinov1_b,imagenet,3,1000,0.0550557432578363,0.0003988898169272276,0.07552067555786676,0.001979861972742311,-0.020464932300030464,50,0.0196078431372549,50,149.51455092430115
dinov1_b,imagenet,4,1000,0.055383747273541735,0.00046315935028303,0.0754914839955693,0.0019725293026904922,-0.020107736722027564,50,0.0196078431372549,50,141.02482581138608
dinov1_b,imagenet,5,1000,0.05517139434973034,0.0004188888309990226,0.07538472458566997,0.0019722293649052924,-0.02021333023593963,50,0.0196078431372549,50,121.63576316833496
dinov1_b,imagenet,6,1000,0.05534143036715914,0.0004243896084009388,0.07549621151587607,0.0019588757037799862,-0.02015478114871693,50,0.0196078431372549,50,154.05868363380432
dinov1_b,imagenet,7,1000,0.05480423431471258,0.00032603529728771703,0.07545521008253972,0.0019682605206603207,-0.020650975767827137,50,0.0196078431372549,50,153.75122308731082
dinov1_b,imagenet,8,1000,0.054583559376016964,0.00035584662282649084,0.07547013451134142,0.001971627683015786,-0.020886575135324457,50,0.0196078431372549,50,135.5366909503937
dinov1_b,imagenet,9,1000,0.05419739815761608,0.00037251783517072457,0.0754709029414887,0.0019675374783442293,-0.021273504783872615,50,0.0196078431372549,50,140.25246357917786
dinov1_b,imagenet,10,1000,0.05494021101341166,0.00028526621377592616,0.07541391879692133,0.0019754797348376088,-0.020473707783509654,50,0.0196078431372549,50,133.25189924240112
dinov1_b,imagenet,11,1000,0.05464090142854215,0.00028503586684785695,0.07548638872865643,0.001958907996926073,-0.020845487300114283,50,0.0196078431372549,50,123.62626767158508
dinov1_b,imagenet,12,1000,0.05496199885993512,0.000438484177536715,0.0755089507630609,0.0019682897436941343,-0.020546951903125783,50,0.0196078431372549,50,123.89793419837952
dinov1_b,imagenet,13,1000,0.05533170751381557,0.0004910906855555228,0.07545340340460918,0.001972134076702448,-0.02012169589079361,50,0.0196078431372549,50,150.9229378700256
dinov1_b,imagenet,14,1000,0.0549553465406693,0.0005514143113818669,0.07543062313403365,0.001977657013026132,-0.020475276593364344,50,0.0196078431372549,50,136.84039616584778
dinov1_b,imagenet,15,1000,0.05547108713406782,0.0003726365102309416,0.07550304194152603,0.001968828966645766,-0.020031954807458195,50,0.0196078431372549,50,133.02984929084778
dinov1_b,imagenet,16,1000,0.05492100932132403,0.000349672890847066,0.0754805515337888,0.001967744214903198,-0.020559542212464768,50,0.0196078431372549,50,144.01603651046753
dinov1_b,imagenet,17,1000,0.054809965531404964,0.00035412140673782505,0.07540217217595227,0.001965978128756377,-0.020592206644547317,50,0.0196078431372549,50,147.08733487129214
dinov1_b,imagenet,18,1000,0.05516450768105336,0.00023228634044870038,0.07542899211402015,0.001975995587399002,-0.0202644844329668,50,0.0196078431372549,50,147.12718152999878
dinov1_b,imagenet,19,1000,0.055236573826938466,0.0003760688349492326,0.07554289226874984,0.0019696970464953565,-0.02030631844181137,50,0.0196078431372549,50,149.1700329780579
dinov1_b,imagenet,20,1000,0.05514440100022154,0.0004469466504194922,0.07544109610326591,0.0019611727886553352,-0.020296695103044368,50,0.0196078431372549,50,140.74427509307858
dinov1_b,imagenet,21,1000,0.055099635638912715,0.0004089222040441092,0.07547218658838947,0.0019534345614472728,-0.02037255094947675,50,0.0196078431372549,50,146.36135959625244
dinov1_b,imagenet,22,1000,0.05486240904952325,0.00036003884761641176,0.07547318591294057,0.001961273639088967,-0.020610776863417328,50,0.0196078431372549,50,137.59628057479858
dinov1_b,imagenet,23,1000,0.055179870915575836,0.000402067255035583,0.07550413108017401,0.0019589292402140603,-0.02032426016459816,50,0.0196078431372549,50,143.2296719551086
dinov1_b,imagenet,24,1000,0.05512892691857586,0.00032308536060869083,0.0754373949047335,0.001975370021899208,-0.020308467986157642,50,0.0196078431372549,50,128.23978066444394
dinov1_b,imagenet,25,1000,0.0552891840717689,0.0002985417982562245,0.07546486632084029,0.0019636625356731284,-0.020175682249071392,50,0.0196078431372549,50,146.16068601608274
dinov1_b,imagenet,26,1000,0.05522238922451976,0.0004175873081244795,0.07545508777669724,0.0019701742419407572,-0.020232698552177485,50,0.0196078431372549,50,148.42836570739746
dinov1_b,imagenet,27,1000,0.05473954584695436,0.00033763135064051334,0.07552383465847462,0.0019507844910667386,-0.020784288811520276,50,0.0196078431372549,50,149.1593158245087
dinov1_b,imagenet,28,1000,0.054878096958344016,0.0004118530895008664,0.07555899193193989,0.001973692995265564,-0.02068089497359587,50,0.0196078431372549,50,150.7225592136383
dinov1_b,imagenet,29,1000,0.0550587376723667,0.00035892515065744345,0.07549045518693355,0.0019743850810781463,-0.02043171751456685,50,0.0196078431372549,50,156.15983533859253
dinov2_s,imagenet,-1,1000,0.05293377280502317,0.00023910565046815884,0.0691658542995833,0.0008864027333905916,-0.01623208149456013,50,0.0196078431372549,50,104.31670355796814
dinov2_s,imagenet,0,1000,0.0523034005176897,0.00027699258195578645,0.06888573452459902,0.0008717677012977987,-0.016582334006909318,50,0.0196078431372549,50,94.07671403884888
dinov2_s,imagenet,1,1000,0.05291984679386876,0.000312549002501404,0.06891568073291628,0.0008721280798590894,-0.015995833939047518,50,0.0196078431372549,50,91.88126897811891
dinov2_s,imagenet,2,1000,0.0527044264687566,0.00021897238042330424,0.06890180349848145,0.0008656132263704251,-0.016197377029724853,50,0.0196078431372549,50,100.55137491226195
dinov2_s,imagenet,3,1000,0.0528524176967489,0.00024637986919592923,0.0688993237959846,0.000864865030002214,-0.016046906099235696,50,0.0196078431372549,50,97.46625304222107
dinov2_s,imagenet,4,1000,0.05334236559432104,0.00029254694608461584,0.06889593135711633,0.0008755799849407727,-0.01555356576279529,50,0.0196078431372549,50,100.65946006774902
dinov2_s,imagenet,5,1000,0.052776646107383036,0.00027012574720420424,0.06885105502100364,0.0008667639874017554,-0.016074408913620594,50,0.0196078431372549,50,97.54593467712402
dinov2_s,imagenet,6,1000,0.053269920264199376,0.00018706310811761472,0.06893045591722641,0.0008716461249414189,-0.01566053565302703,50,0.0196078431372549,50,95.27321887016295
dinov2_s,imagenet,7,1000,0.052920991999147904,0.00017139588090654922,0.06891881038331545,0.000870688405915834,-0.015997818384167542,50,0.0196078431372549,50,99.52235960960388
dinov2_s,imagenet,8,1000,0.052186330644487064,0.00017822469407110354,0.06886494277386218,0.0008642407990927466,-0.01667861212937511,50,0.0196078431372549,50,91.26432967185974
dinov2_s,imagenet,9,1000,0.053292485701705285,0.00021840539510854069,0.0688666907454106,0.0008670577187353617,-0.015574205043705313,50,0.0196078431372549,50,70.29176926612854
dinov2_s,imagenet,10,1000,0.052999370465180426,0.00025772938862502815,0.06889964327551076,0.0008666754357132835,-0.015900272810330338,50,0.0196078431372549,50,99.13033151626587
dinov2_s,imagenet,11,1000,0.05247125444537528,0.00023267554935253143,0.06887818482711802,0.0008610521418632558,-0.01640693038174274,50,0.0196078431372549,50,98.36186170578004
dinov2_s,imagenet,12,1000,0.052572043292271935,0.0002189044463161487,0.06892644613802902,0.0008634871393051965,-0.01635440284575709,50,0.0196078431372549,50,93.5449812412262
dinov2_s,imagenet,13,1000,0.0528601011529028,0.00030848774872554866,0.06886747919631024,0.0008687395128810278,-0.016007378043407447,50,0.0196078431372549,50,105.34078884124756
dinov2_s,imagenet,14,1000,0.05244760840044577,0.00021668283709845468,0.06887880120131701,0.0008637099927418763,-0.01643119280087124,50,0.0196078431372549,50,92.42287182807922
dinov2_s,imagenet,15,1000,0.05295754085825756,0.00026733974614631033,0.06884379997505034,0.0008626833790048303,-0.015886259116792784,50,0.0196078431372549,50,103.68083930015564
dinov2_s,imagenet,16,1000,0.05280850111127825,0.0002065663068808387,0.06881219234117626,0.0008528373762560035,-0.01600369122989801,50,0.0196078431372549,50,102.49124646186829
dinov2_s,imagenet,17,1000,0.053234234661178784,0.0002834289199314242,0.06885662240719596,0.0008695645806712809,-0.015622387746017182,50,0.0196078431372549,50,100.69146013259888
dinov2_s,imagenet,18,1000,0.052860482113987535,0.00021027895568294104,0.06886780292138081,0.0008611470435303545,-0.01600732080739327,50,0.0196078431372549,50,102.09012937545776
dinov2_s,imagenet,19,1000,0.052578994807592885,0.0002685660819133541,0.06887080585946448,0.000872816042477041,-0.016291811051871573,50,0.0196078431372549,50,104.38889074325563
dinov2_s,imagenet,20,1000,0.05330418010623776,0.0003364823198228577,0.0688456665434261,0.0008761781078029635,-0.015541486437188341,50,0.0196078431372549,50,103.20233607292177
dinov2_s,imagenet,21,1000,0.05335714627009792,0.00025072749592751933,0.06888214953973817,0.0008713780097198043,-0.01552500326964025,50,0.0196078431372549,50,97.79618668556213
dinov2_s,imagenet,22,1000,0.05268216352382592,0.00023072769610454335,0.06884028045312403,0.0008685592882105385,-0.01615811692929811,50,0.0196078431372549,50,89.84545016288756
dinov2_s,imagenet,23,1000,0.05326345633303185,0.0002263166223528543,0.06888446486903316,0.0008692012001344441,-0.015621008536001303,50,0.0196078431372549,50,99.30137300491332
dinov2_s,imagenet,24,1000,0.052164897826851436,0.0002433515607666194,0.06886876848408728,0.0008688254680277031,-0.016703870657235824,50,0.0196078431372549,50,100.09021115303041
dinov2_s,imagenet,25,1000,0.05307082976638696,0.0002881759369114076,0.06884633401906676,0.0008594363376582494,-0.015775504252679796,50,0.0196078431372549,50,98.71986317634584
dinov2_s,imagenet,26,1000,0.052460930068660885,0.0002651515589443322,0.06889667827675132,0.0008585792585290975,-0.01643574820809044,50,0.0196078431372549,50,100.4787950515747
dinov2_s,imagenet,27,1000,0.05240869201261929,0.0001910932260076448,0.0688711300727844,0.0008804916650789783,-0.01646243806016512,50,0.0196078431372549,50,100.19827389717102
dinov2_s,imagenet,28,1000,0.052442763943217514,0.0002504419156915253,0.06893022543600011,0.0008685830263990165,-0.0164874614927826,50,0.0196078431372549,50,81.90754628181458
dinov2_s,imagenet,29,1000,0.05261994183744545,0.0001954780821365904,0.06889422295226716,0.0008732833503693064,-0.01627428111482171,50,0.0196078431372549,50,69.88054633140564
dinov2_b,imagenet,-1,1000,0.033561652366344834,0.00016182450755775234,0.050317466238354,0.0004568421157637462,-0.016755813872009168,50,0.0196078431372549,50,151.94272947311399
dinov2_b,imagenet,0,1000,0.033876243919441884,0.00018412054779072185,0.05016145347946724,0.00044811994938911834,-0.016285209560025358,50,0.0196078431372549,50,147.10307097434998
dinov2_b,imagenet,1,1000,0.03368734957776416,0.00017764440855971438,0.050208644073236976,0.0004504135325549161,-0.01652129449547281,50,0.0196078431372549,50,152.8833613395691
dinov2_b,imagenet,2,1000,0.033595707657416256,0.0001931898804640453,0.050209411705805236,0.0004536717112095682,-0.016613704048388987,50,0.0196078431372549,50,152.74842834472656
dinov2_b,imagenet,3,1000,0.03340061701323846,0.00021107807179987587,0.05018489225358986,0.0004517819628481182,-0.01678427524035141,50,0.0196078431372549,50,150.9468529224396
dinov2_b,imagenet,4,1000,0.03346259162152985,0.00015455525535546525,0.05018138572308687,0.00045129159857142803,-0.016718794101557015,50,0.0196078431372549,50,154.2658076286316
dinov2_b,imagenet,5,1000,0.03365783580437779,0.00012234286787466103,0.0501313682264017,0.0004553441439470319,-0.016473532422023908,50,0.0196078431372549,50,149.89107370376587
dinov2_b,imagenet,6,1000,0.033952791900199904,0.00017441091089892804,0.0501948145006486,0.0004526830862038248,-0.01624202260044869,50,0.0196078431372549,50,148.64181947708133
dinov2_b,imagenet,7,1000,0.03400013673592367,0.0001656462814871495,0.050173306473798814,0.00045225274656381396,-0.016173169737875137,50,0.0196078431372549,50,149.38245797157288
dinov2_b,imagenet,8,1000,0.03348529013126876,0.00022537068158589828,0.05013495368248248,0.00045739978057158116,-0.016649663551213726,50,0.0196078431372549,50,150.50069165229797
dinov2_b,imagenet,9,1000,0.03391885024454828,0.00022815962450048168,0.050128846084353855,0.0004485834717080463,-0.016209995839805574,50,0.0196078431372549,50,152.3062431812286
dinov2_b,imagenet,10,1000,0.03371750815121318,0.0001952547124807344,0.0501451916351071,0.000454485078757801,-0.016427683483893916,50,0.0196078431372549,50,157.31054520606997
dinov2_b,imagenet,11,1000,0.03357316652824755,0.0001787827245326861,0.05016269107633466,0.00044611888608525965,-0.016589524548087112,50,0.0196078431372549,50,149.79783725738525
dinov2_b,imagenet,12,1000,0.033846550479007066,0.00021092103390196466,0.05018517146861662,0.0004517654836597493,-0.016338620989609545,50,0.0196078431372549,50,145.88294386863708
dinov2_b,imagenet,13,1000,0.033349663462208884,0.00018699308979196796,0.050179603355405035,0.0004559294097783921,-0.01682993989319616,50,0.0196078431372549,50,145.71837520599362
dinov2_b,imagenet,14,1000,0.03356783888691976,0.0001599898176143852,0.05016465238174998,0.00045856438260647256,-0.01659681349483022,50,0.0196078431372549,50,106.80344009399414
dinov2_b,imagenet,15,1000,0.033665204373837736,0.0002515597936262973,0.05013256860668498,0.00044949068266845213,-0.01646736423284724,50,0.0196078431372549,50,135.83015966415405
dinov2_b,imagenet,16,1000,0.0337088658348442,0.000204368091313149,0.050123454656491914,0.00044989424803511767,-0.01641458882164771,50,0.0196078431372549,50,148.68001770973206
dinov2_b,imagenet,17,1000,0.03357288423627544,0.0001361630610910044,0.0501501826694282,0.00045847440886690117,-0.01657729843315276,50,0.0196078431372549,50,146.54264736175537
dinov2_b,imagenet,18,1000,0.03395463436653905,0.00017841911385174108,0.05016432800310884,0.0004551495392680434,-0.016209693636569794,50,0.0196078431372549,50,142.96895575523374
dinov2_b,imagenet,19,1000,0.033650993529594136,0.0001675890045749087,0.050173450976584814,0.00045642473484951124,-0.016522457446990664,50,0.0196078431372549,50,150.11763596534732
dinov2_b,imagenet,20,1000,0.03374481697398983,0.00021567085215153347,0.050169165166904915,0.000457835782998125,-0.016424348192915078,50,0.0196078431372549,50,132.22476959228516
dinov2_b,imagenet,21,1000,0.033712426799240885,0.00015878227380908383,0.05017198332359565,0.000453667184467429,-0.016459556524354754,50,0.0196078431372549,50,123.26787400245668
dinov2_b,imagenet,22,1000,0.03365345300379274,0.00021632870452675782,0.05014251069609668,0.0004558044372789788,-0.016489057692303938,50,0.0196078431372549,50,102.94544863700868
dinov2_b,imagenet,23,1000,0.0338756468987615,0.0002291553972441953,0.05020437464648606,0.000458154845666466,-0.016328727747724564,50,0.0196078431372549,50,100.52155900001526
dinov2_b,imagenet,24,1000,0.03368860333690495,0.00011964131856835616,0.050153215630316536,0.0004554482441286905,-0.016464612293411583,50,0.0196078431372549,50,111.4329264163971
dinov2_b,imagenet,25,1000,0.033827898554480186,0.00021832241832702562,0.05012175391762279,0.00044986491779465935,-0.016293855363142595,50,0.0196078431372549,50,109.99131441116332
dinov2_b,imagenet,26,1000,0.033326384711014484,0.00020828824848651234,0.05018353928921794,0.0004518813456243679,-0.016857154578203457,50,0.0196078431372549,50,136.4635033607483
dinov2_b,imagenet,27,1000,0.03386896265701538,0.0001807570270581304,0.05017235051450041,0.0004540188247513002,-0.01630338785748503,50,0.0196078431372549,50,152.7566809654236
dinov2_b,imagenet,28,1000,0.033512327601335365,0.00015286014763973618,0.05017704144820116,0.0004496104435957546,-0.016664713846865804,50,0.0196078431372549,50,144.91712212562558
dinov2_b,imagenet,29,1000,0.033604904230133334,0.00015702727561926392,0.05021736735836836,0.00045332165839456767,-0.016612463128235028,50,0.0196078431372549,50,117.3073046207428
dinov2_l,imagenet,-1,1000,0.029723104229456367,0.00011737536245415696,0.04332061306168357,0.0003893288892916952,-0.013597508832227198,50,0.0196078431372549,50,166.46599769592285
dinov2_l,imagenet,0,1000,0.029771039037916863,0.00012126186535004693,0.04318932130700146,0.00038346740625631176,-0.013418282269084598,50,0.0196078431372549,50,184.93652749061584
dinov2_l,imagenet,1,1000,0.029675494217351512,7.73485082298664e-05,0.04322493192413929,0.0003853707421731242,-0.013549437706787777,50,0.0196078431372549,50,179.97233080863953
dinov2_l,imagenet,2,1000,0.029655875339371588,0.00011271865991470491,0.043230062818500635,0.0003849504635968689,-0.01357418747912905,50,0.0196078431372549,50,185.66496396064758
dinov2_l,imagenet,3,1000,0.02967187807596325,0.0001021284373973816,0.0432223865139657,0.0003861469459990798,-0.013550508438002444,50,0.0196078431372549,50,175.99751043319702
dinov2_l,imagenet,4,1000,0.029594121159985026,0.00010506955443965084,0.043226400778421235,0.0003843076158819478,-0.013632279618436216,50,0.0196078431372549,50,182.084645986557
dinov2_l,imagenet,5,1000,0.02967170005625493,0.00012213090971747298,0.043170510737429314,0.0003843120345741251,-0.013498810681174374,50,0.0196078431372549,50,194.38500905036926
dinov2_l,imagenet,6,1000,0.0298966878819972,0.00011203419849140454,0.04322743906576584,0.00038320531752911765,-0.013330751183768641,50,0.0196078431372549,50,189.2489798069
dinov2_l,imagenet,7,1000,0.02953805089962942,0.00010447943752903484,0.04321466560186196,0.00038445774161368295,-0.013676614702232548,50,0.0196078431372549,50,188.5216307640076
dinov2_l,imagenet,8,1000,0.02966244208764748,0.00011909334433192134,0.043144327909031714,0.0003836614102524399,-0.01348188582138423,50,0.0196078431372549,50,142.86030554771426
dinov2_l,imagenet,9,1000,0.029774443621626533,0.00012201317181845725,0.043185916876378336,0.00038359507151146816,-0.01341147325475181,50,0.0196078431372549,50,159.04814100265503
dinov2_l,imagenet,10,1000,0.029745667444269694,0.00015388507926070472,0.043186482260511534,0.0003858324441021437,-0.013440814816241844,50,0.0196078431372549,50,177.0715515613556
dinov2_l,imagenet,11,1000,0.02975601587428282,0.00013959440206538413,0.04316833521170114,0.0003822170454389618,-0.013412319337418318,50,0.0196078431372549,50,189.4052929878235
dinov2_l,imagenet,12,1000,0.029641211297187664,0.00014758151002182014,0.04321491245670925,0.0003831516786375873,-0.013573701159521584,50,0.0196078431372549,50,186.31717848777768
dinov2_l,imagenet,13,1000,0.029844523734454325,0.00013174431827325006,0.04319883697706816,0.0003831888207967693,-0.013354313242613828,50,0.0196078431372549,50,189.01473045349118
dinov2_l,imagenet,14,1000,0.029932596378162743,0.00011514286608002172,0.04320433196105527,0.0003830302944835385,-0.013271735582892522,50,0.0196078431372549,50,171.65327191352844
dinov2_l,imagenet,15,1000,0.029596175348915205,0.00010009300277995104,0.04321004978023146,0.00038269393621313824,-0.013613874431316259,50,0.0196078431372549,50,184.0737588405609
dinov2_l,imagenet,16,1000,0.02967471721986962,0.00011792065990757732,0.04320101885541211,0.00038428844578094616,-0.013526301635542493,50,0.0196078431372549,50,187.65832328796387
dinov2_l,imagenet,17,1000,0.029931550985585413,0.00010717761760904743,0.04320625071880341,0.00038238924145920616,-0.013274699733218005,50,0.0196078431372549,50,186.49522161483762
dinov2_l,imagenet,18,1000,0.0299276779348762,0.00012903070544997678,0.04321408865377081,0.0003854249611632465,-0.013286410718894616,50,0.0196078431372549,50,184.7681677341461
dinov2_l,imagenet,19,1000,0.02971061916025919,8.943171926405429e-05,0.04321828529616048,0.00038493940226336535,-0.013507666135901292,50,0.0196078431372549,50,188.11608290672302
dinov2_l,imagenet,20,1000,0.0299143385902624,0.00011792369250519468,0.04320678921097789,0.00038420991894873904,-0.01329245062071549,50,0.0196078431372549,50,195.74106168746948
dinov2_l,imagenet,21,1000,0.02965854676094835,0.00011670122685197356,0.04317380306365199,0.00038426948247587145,-0.013515256302703641,50,0.0196078431372549,50,193.6313967704773
dinov2_l,imagenet,22,1000,0.02968366089600418,0.00010011482345100652,0.04320742968768498,0.0003850210339992355,-0.013523768791680804,50,0.0196078431372549,50,177.2870843410492
dinov2_l,imagenet,23,1000,0.02983941016286386,9.251255574102671e-05,0.04323739522040418,0.00038543024292060754,-0.013397985057540321,50,0.0196078431372549,50,177.8704080581665
dinov2_l,imagenet,24,1000,0.02955535757518108,9.282897299199432e-05,0.04320265111704311,0.000384598690524661,-0.013647293541862024,50,0.0196078431372549,50,176.8441367149353
dinov2_l,imagenet,25,1000,0.029873654684623094,0.0001226780568179437,0.043167401186989585,0.0003820640588532431,-0.01329374650236648,50,0.0196078431372549,50,166.4017014503479
dinov2_l,imagenet,26,1000,0.029925224282391926,0.00011407445362148452,0.043208642585281336,0.00038206932392072815,-0.013283418302889415,50,0.0196078431372549,50,168.44401383399963
dinov2_l,imagenet,27,1000,0.02977441368722116,9.885484572280591e-05,0.04318735292109964,0.0003836410359322024,-0.01341293923387848,50,0.0196078431372549,50,165.2523357868195
dinov2_l,imagenet,28,1000,0.02943042137774624,0.00011113245661095515,0.043184978423700206,0.00038452211195077595,-0.01375455704595397,50,0.0196078431372549,50,152.4311325550079
dinov2_l,imagenet,29,1000,0.029653579589520886,0.0001212753409100346,0.043251438811272205,0.00038287388235013837,-0.013597859221751316,50,0.0196078431372549,50,153.78448510169986
dinov2_g,imagenet,-1,1000,0.03264781036605507,0.0004987619777615,0.04071739389167511,0.00032828834924032686,-0.008069583525620039,50,0.0196078431372549,50,253.95063304901126
dinov2_g,imagenet,0,1000,0.03271247545443397,0.00046976834231417014,0.040619476762632965,0.00032758800788312966,-0.007907001308199005,50,0.0196078431372549,50,253.19591045379642
dinov2_g,imagenet,1,1000,0.031754975166555004,0.00041093010113605715,0.040639699592892375,0.00032879979632396836,-0.00888472442633738,50,0.0196078431372549,50,251.8291208744049
dinov2_g,imagenet,2,1000,0.03215874983241615,0.0004319322365882745,0.04064498462297663,0.0003298915012887353,-0.00848623479056048,50,0.0196078431372549,50,245.3217523097992
dinov2_g,imagenet,3,1000,0.03214831934805716,0.00037317326980390337,0.04063393926389579,0.0003268506545992665,-0.008485619915838627,50,0.0196078431372549,50,254.09127616882324
dinov2_g,imagenet,4,1000,0.032621175012008015,0.000404006428835645,0.04068026521559835,0.0003302216580165677,-0.008059090203590337,50,0.0196078431372549,50,251.050950050354
dinov2_g,imagenet,5,1000,0.03201421282155113,0.000426400892370356,0.04058840316977058,0.00032817049950077887,-0.008574190348219449,50,0.0196078431372549,50,240.23476839065552
dinov2_g,imagenet,6,1000,0.03244934036171464,0.0003361221713903696,0.04065174406651851,0.00032652287574986714,-0.008202403704803872,50,0.0196078431372549,50,227.85718154907227
dinov2_g,imagenet,7,1000,0.03212015946686707,0.0003462287104440497,0.04066346661546711,0.000329422666281871,-0.008543307148600042,50,0.0196078431372549,50,252.568323135376
dinov2_g,imagenet,8,1000,0.03228884966271641,0.0003829883498379993,0.04056774770009208,0.0003263930687282317,-0.008278898037375665,50,0.0196078431372549,50,268.03631401062006
dinov2_g,imagenet,9,1000,0.03207797120210327,0.00045124088198570745,0.04058322109016033,0.00032615100769558766,-0.008505249888057065,50,0.0196078431372549,50,262.07398104667664
dinov2_g,imagenet,10,1000,0.03261322741720786,0.0004513987918517088,0.0406116032379669,0.00032955330262508987,-0.007998375820759041,50,0.0196078431372549,50,262.1587417125702
dinov2_g,imagenet,11,1000,0.032687183963337994,0.00039741455205127184,0.04060115719648802,0.00032577591770647515,-0.007913973233150025,50,0.0196078431372549,50,260.96753597259516
dinov2_g,imagenet,12,1000,0.03231879665525249,0.0003798033616121228,0.0406585179451644,0.00032890650034698006,-0.008339721289911915,50,0.0196078431372549,50,262.4521334171295
dinov2_g,imagenet,13,1000,0.03219745883415424,0.0003911667180712328,0.04061844465161466,0.0003284825778968614,-0.008420985817460425,50,0.0196078431372549,50,261.80226349830633
dinov2_g,imagenet,14,1000,0.032183611708360906,0.00035075119304170155,0.04062714140830855,0.0003271885798144488,-0.008443529699947641,50,0.0196078431372549,50,258.50677466392517
dinov2_g,imagenet,15,1000,0.032129103712728715,0.0004457693641081066,0.040596178893406124,0.0003267353361113493,-0.008467075180677408,50,0.0196078431372549,50,244.16194200515747
dinov2_g,imagenet,16,1000,0.03234246219885056,0.0004342254970139769,0.04062536719264391,0.0003283686782726408,-0.008282904993793347,50,0.0196078431372549,50,197.2968111038208
dinov2_g,imagenet,17,1000,0.03270523751395322,0.00045560367933018077,0.040620267445993764,0.000329587628858513,-0.007915029932040546,50,0.0196078431372549,50,216.3167142868042
dinov2_g,imagenet,18,1000,0.03291478676195618,0.00037733112948500254,0.04065598792370787,0.0003287416564530588,-0.007741201161751691,50,0.0196078431372549,50,256.85863018035894
dinov2_g,imagenet,19,1000,0.03171705337352012,0.0003515439515081512,0.040625852690165734,0.00032934986895482107,-0.008908799316645608,50,0.0196078431372549,50,243.18480968475345
dinov2_g,imagenet,20,1000,0.03271572007439057,0.0005360654112973985,0.040643380149820836,0.00032890008647057167,-0.007927660075430271,50,0.0196078431372549,50,230.91002249717712
dinov2_g,imagenet,21,1000,0.03258397676932863,0.00046188390704839387,0.04058372045291792,0.0003274002969024483,-0.007999743683589293,50,0.0196078431372549,50,248.46065378189087
dinov2_g,imagenet,22,1000,0.03174141405283976,0.0004460582598134512,0.04063072281692083,0.00032744839742461203,-0.008889308764081075,50,0.0196078431372549,50,250.40346312522888
dinov2_g,imagenet,23,1000,0.0321078897029658,0.0004455819302752581,0.04066193017201435,0.0003290843131107778,-0.008554040469048556,50,0.0196078431372549,50,270.9067230224609
dinov2_g,imagenet,24,1000,0.03165107177026789,0.0004283664976320836,0.04063186618629307,0.0003280587128625672,-0.00898079441602518,50,0.0196078431372549,50,240.8439953327179
dinov2_g,imagenet,25,1000,0.03259604274775507,0.0004285271616838317,0.040553266510633616,0.0003274003485351576,-0.007957223762878544,50,0.0196078431372549,50,259.8964970111847
dinov2_g,imagenet,26,1000,0.03170495755174156,0.00048292138337000526,0.040640150987123286,0.00032757375105164937,-0.008935193435381732,50,0.0196078431372549,50,264.9629855155945
dinov2_g,imagenet,27,1000,0.03244159421573722,0.000391233738689492,0.040608410832157285,0.00033055601130183634,-0.008166816616420075,50,0.0196078431372549,50,257.86600017547613
dinov2_g,imagenet,28,1000,0.03174452169783591,0.00043339370129720717,0.040616800382028924,0.000327514485842626,-0.008872278684193012,50,0.0196078431372549,50,260.64919590950007
dinov2_g,imagenet,29,1000,0.032375843482373316,0.00039304390602686636,0.04068277154086965,0.00032833892722432235,-0.008306928058496331,50,0.0196078431372549,50,207.2699475288391
clip_b,imagenet,-1,1000,0.08431129786955477,0.00026180391642323636,0.0910021737375782,0.004774825071860904,-0.00669087586802343,45,0.1176470588235294,50,83.68824219703673
clip_b,imagenet,0,1000,0.08395078879033326,0.00029498436874472766,0.09059475102189564,0.004727955480323831,-0.0066439622315623845,45,0.1176470588235294,50,69.08450174331665
clip_b,imagenet,1,1000,0.08279874061158046,0.000315683610638361,0.09063592338688484,0.004727960599568168,-0.007837182775304373,46,0.09803921568627452,50,88.95427942276001
clip_b,imagenet,2,1000,0.08499448010560441,0.0001703059278001779,0.09057023473195168,0.0047288841815337716,-0.005575754626347268,44,0.13725490196078433,50,86.8518316745758
clip_b,imagenet,3,1000,0.08428441575753425,0.00029965968025851176,0.0905637063375542,0.004737952453098653,-0.0062792905800199425,44,0.13725490196078433,50,95.37738490104677
clip_b,imagenet,4,1000,0.08395868243240348,0.00026045715964027546,0.0907450878739639,0.004732170733387674,-0.0067864054415604225,45,0.1176470588235294,50,95.32759761810304
clip_b,imagenet,5,1000,0.08482309867243491,0.0001796203128590923,0.0907535772644566,0.004736358484072696,-0.0059304785920216855,44,0.13725490196078433,50,82.74099326133728
clip_b,imagenet,6,1000,0.08277778764649177,0.00017860361313217881,0.09068110636895503,0.004735221902328071,-0.007903318722463276,46,0.09803921568627452,50,95.36469650268556
clip_b,imagenet,7,1000,0.08249612503201299,0.00026592999945558186,0.09070077088009648,0.0047343165265135035,-0.008204645848083489,48,0.05882352941176471,50,97.50104308128357
clip_b,imagenet,8,1000,0.08457191468786572,0.00028847411019773775,0.090705420618591,0.0047305205174913365,-0.006133505930725272,44,0.13725490196078433,50,91.89725303649902
clip_b,imagenet,9,1000,0.08349579088487451,0.0002627785003218018,0.0907392816972808,0.00473275883402066,-0.0072434908124063,45,0.1176470588235294,50,82.86059451103209
clip_b,imagenet,10,1000,0.08362290223175937,0.00025143631434596935,0.09059590669048148,0.004734027768451185,-0.006973004458722107,45,0.1176470588235294,50,92.5212574005127
clip_b,imagenet,11,1000,0.08409075422944776,0.0002099140957293966,0.09071870794137674,0.004727487516666722,-0.00662795371192898,45,0.1176470588235294,50,93.82190155982971
clip_b,imagenet,12,1000,0.08477385392058967,0.0002424596376616256,0.09065187821260982,0.004738622149213071,-0.00587802429202014,44,0.13725490196078433,50,87.48471665382385
clip_b,imagenet,13,1000,0.0818551433993707,0.00022060190215322047,0.0906725420952774,0.004735570715888018,-0.008817398695906711,48,0.05882352941176471,50,95.2857015132904
clip_b,imagenet,14,1000,0.08321853240277431,0.000302820165224053,0.09066851743107383,0.004729340886690378,-0.007449985028299522,46,0.09803921568627452,50,91.17723441123962
clip_b,imagenet,15,1000,0.08434709628428769,0.00021510175406913126,0.09063230138415873,0.004732459054061272,-0.006285205099871044,44,0.13725490196078433,50,89.80548691749573
clip_b,imagenet,16,1000,0.08532525459934402,0.0001799270541928651,0.09058278565659862,0.0047313034825129646,-0.0052575310572546,44,0.13725490196078433,50,89.28090858459473
clip_b,imagenet,17,1000,0.08426851733773101,0.0002570030565633017,0.09073955837989324,0.0047271739607210395,-0.006471041042162243,45,0.1176470588235294,50,86.69250845909119
clip_b,imagenet,18,1000,0.08530173524500863,0.0001447929917100307,0.09062145541951172,0.004735928868006058,-0.005319720174503106,44,0.13725490196078433,50,88.43325424194336
clip_b,imagenet,19,1000,0.08296730285198388,0.0002726819613957624,0.09073923921458203,0.004735397475408875,-0.007771936362598167,46,0.09803921568627452,50,89.55993676185608
clip_b,imagenet,20,1000,0.08442106099094332,0.00018673465293378333,0.09071593043025214,0.0047257253939706825,-0.006294869439308806,44,0.13725490196078433,50,78.22433090209961
clip_b,imagenet,21,1000,0.0842266114619353,0.00028855596851520707,0.09073085070760384,0.004729520420454372,-0.006504239245668536,45,0.1176470588235294,50,91.37404346466064
clip_b,imagenet,22,1000,0.08282658007721556,0.00018155040877183736,0.09064217045425943,0.004727700896496679,-0.007815590377043852,46,0.09803921568627452,50,92.65687394142151
clip_b,imagenet,23,1000,0.08309915367704608,0.00025134701474253875,0.09069566639858907,0.00473244828693666,-0.007596512721542993,46,0.09803921568627452,50,88.65376305580139
clip_b,imagenet,24,1000,0.08354829942543418,0.0002771701169928108,0.09051313485754373,0.0047424993502689855,-0.006964835432109559,45,0.1176470588235294,50,69.61250948905946
clip_b,imagenet,25,1000,0.08378765883453368,0.00025547649126606107,0.0905905946538004,0.004744005678473592,-0.006802935819266735,45,0.1176470588235294,50,86.16434454917908
clip_b,imagenet,26,1000,0.08423839863502916,0.00033343349135648453,0.09066454183420808,0.004734040307090964,-0.0064261431991789325,45,0.1176470588235294,50,86.07301831245422
clip_b,imagenet,27,1000,0.08534336234049969,0.00025649039277096897,0.09064444697761123,0.0047286224678610295,-0.005301084637111528,44,0.13725490196078433,50,74.28630995750426
clip_b,imagenet,28,1000,0.08345069392684103,0.0002471186622134019,0.0906658578068808,0.0047371223281778285,-0.007215163880039788,45,0.1176470588235294,50,71.82639026641846
clip_b,imagenet,29,1000,0.08366998330296226,0.00024388944607876484,0.09069846304425612,0.00473407708353901,-0.0070284797412938785,45,0.1176470588235294,50,90.47769904136658
clip_l,imagenet,-1,1000,0.07603490956647023,0.00028942422421858796,0.08531334428625613,0.004034596595886664,-0.009278434719785912,49,0.0392156862745098,50,119.57188773155212
clip_l,imagenet,0,1000,0.07612748420335655,0.0002735207491709243,0.08488637775140724,0.003998172638097374,-0.008758893548050692,49,0.0392156862745098,50,106.60536122322084
clip_l,imagenet,1,1000,0.07586884129302943,0.00032813067503891934,0.08496054628522519,0.003993327428217185,-0.009091704992195762,49,0.0392156862745098,50,112.9063675403595
clip_l,imagenet,2,1000,0.07581908427341763,0.0003142568460535452,0.08495174543166621,0.003993045725570943,-0.009132661158248595,49,0.0392156862745098,50,150.75638651847842
clip_l,imagenet,3,1000,0.07537642261022856,0.0003057227018055659,0.08491737143537394,0.003996377445130489,-0.009540948825145376,50,0.0196078431372549,50,150.9628708362579
clip_l,imagenet,4,1000,0.07530780258927723,0.0003359300431479185,0.08499741210203006,0.0039904805236008565,-0.009689609512752828,50,0.0196078431372549,50,137.8036501407623
clip_l,imagenet,5,1000,0.07533445563149348,0.00035518380013779913,0.08501787504080603,0.003992724780313756,-0.009683419409312556,50,0.0196078431372549,50,138.44560003280642
clip_l,imagenet,6,1000,0.07536350561291043,0.00028945367714882346,0.08498900725202445,0.0039977912528762,-0.00962550163911402,50,0.0196078431372549,50,147.25821876525882
clip_l,imagenet,7,1000,0.07503492578210699,0.0002889977794960912,0.08499478588213061,0.0039936866056416226,-0.0099598601000236,50,0.0196078431372549,50,148.46750807762146
clip_l,imagenet,8,1000,0.07568305041708212,0.00035796129898325564,0.08500055516620622,0.003991723560663717,-0.0093175047491241,49,0.0392156862745098,50,123.12355518341064
clip_l,imagenet,9,1000,0.07622487185432894,0.00030205937485123206,0.08500593478952834,0.003988863672753398,-0.008781062935199395,49,0.0392156862745098,50,147.0990602970123
clip_l,imagenet,10,1000,0.07428300830110843,0.00020071788095712569,0.08494740958663254,0.003998168188901532,-0.010664401285524108,50,0.0196078431372549,50,151.9838786125183
clip_l,imagenet,11,1000,0.07598825437616494,0.0003493641151065467,0.08492924791225899,0.003987620534972738,-0.008940993536094052,49,0.0392156862745098,50,140.71872305870056
clip_l,imagenet,12,1000,0.07573401433481873,0.00037563771682051154,0.08495544969980187,0.0039998588058572215,-0.009221435364983141,49,0.0392156862745098,50,150.30878353118896
clip_l,imagenet,13,1000,0.0755700952756619,0.00037745416523919217,0.0849716535306056,0.004002510706175619,-0.009401558254943695,49,0.0392156862745098,50,143.57773160934445
clip_l,imagenet,14,1000,0.07650267144988124,0.00035995544864142806,0.08492516794723326,0.003993811553979707,-0.008422496497352022,48,0.05882352941176471,50,128.42996311187744
clip_l,imagenet,15,1000,0.07636369322733369,0.000319466708667685,0.08495948519299235,0.003995286128584809,-0.008595791965658656,48,0.05882352941176471,50,126.67728853225708
clip_l,imagenet,16,1000,0.07546094454634958,0.00024633578154969934,0.08487281490158376,0.003994286899342962,-0.009411870355234178,49,0.0392156862745098,50,152.27326607704163
clip_l,imagenet,17,1000,0.07609674348446134,0.0004342918195408708,0.08498099873651176,0.0039924905876675305,-0.008884255252050416,49,0.0392156862745098,50,153.18327665328982
clip_l,imagenet,18,1000,0.07602532542665921,0.00024659782130434895,0.08496908492561486,0.003998255963192499,-0.00894375949895565,49,0.0392156862745098,50,156.04037547111508
clip_l,imagenet,19,1000,0.07453686641181588,0.00041844049538674986,0.08498946644861283,0.003985504181695236,-0.010452600036796959,50,0.0196078431372549,50,148.11515259742737
clip_l,imagenet,20,1000,0.0747712378418694,0.00027789468501588044,0.08495824594936567,0.003986844482089638,-0.010187008107496271,50,0.0196078431372549,50,151.55627846717834
clip_l,imagenet,21,1000,0.07427748349496624,0.00029318001601070804,0.08499332182372467,0.003986883381844448,-0.010715838328758429,50,0.0196078431372549,50,153.77926206588742
clip_l,imagenet,22,1000,0.07582083883290325,0.00026477822301969594,0.08494002166500741,0.003988876452040547,-0.009119182832104169,49,0.0392156862745098,50,154.23299098014832
clip_l,imagenet,23,1000,0.07514278619897545,0.00026776480471025734,0.08496253137990616,0.003993602150544617,-0.009819745180930706,50,0.0196078431372549,50,137.2007884979248
clip_l,imagenet,24,1000,0.07571791960291972,0.00036401508387097465,0.08489973164575078,0.003994705813015499,-0.009181812042831056,49,0.0392156862745098,50,139.9024474620819
clip_l,imagenet,25,1000,0.0747093870060314,0.0003851883281516183,0.08497295870865111,0.00399924611642219,-0.010263571702619713,50,0.0196078431372549,50,154.02827143669128
clip_l,imagenet,26,1000,0.07628534037732973,0.0002875593510705198,0.08492437043994921,0.003993619746201061,-0.008639030062619485,48,0.05882352941176471,50,152.4468085765839
clip_l,imagenet,27,1000,0.07613714410220086,0.00039844840250804553,0.08495927807187963,0.003990549181677293,-0.008822133969678764,49,0.0392156862745098,50,153.1494791507721
clip_l,imagenet,28,1000,0.07631367177461437,0.00026868311519234565,0.08498444997081432,0.00399563870015714,-0.00867077819619995,48,0.05882352941176471,50,152.44454526901242
clip_l,imagenet,29,1000,0.07541099104417033,0.00035032155756695773,0.08504975222528989,0.0039927307183907045,-0.009638761181119572,50,0.0196078431372549,50,150.43339109420774
siglip_b,imagenet,-1,1000,0.07474222652776473,0.00034010496388139314,0.08242807442719513,0.004292570425279359,-0.007685847899430402,48,0.05882352941176471,50,145.42903828620908
siglip_b,imagenet,0,1000,0.07540736850826357,0.00020310879668252805,0.08206715430853231,0.0042552376367305305,-0.006659785800268742,46,0.09803921568627452,50,146.6521143913269
siglip_b,imagenet,1,1000,0.07333498231613005,0.00020517628558937902,0.0820486129910783,0.004252279687316213,-0.00871363067494825,49,0.0392156862745098,50,137.5241277217865
siglip_b,imagenet,2,1000,0.07457093064164974,0.00024623050323702866,0.08212998503389297,0.0042555347757419395,-0.007559054392243234,48,0.05882352941176471,50,145.9697504043579
siglip_b,imagenet,3,1000,0.07314253396194319,0.00024910685399055543,0.08216120053041985,0.0042567095045977724,-0.009018666568476665,49,0.0392156862745098,50,155.41633749008182
siglip_b,imagenet,4,1000,0.07421130301104617,0.00030892917509213664,0.08221913671236533,0.004255306133278546,-0.00800783370131915,48,0.05882352941176471,50,130.06462907791138
siglip_b,imagenet,5,1000,0.07448955281804162,0.00021932889474158418,0.08218197812462844,0.004259288351214254,-0.007692425306586814,48,0.05882352941176471,50,102.74933457374573
siglip_b,imagenet,6,1000,0.07446759606464065,0.0002186118303254748,0.08215500799982499,0.00425889771956031,-0.007687411935184338,48,0.05882352941176471,50,121.88607144355774
siglip_b,imagenet,7,1000,0.07412293225752778,0.00033949206644134136,0.08216876833801988,0.00425750965387453,-0.0080458360804921,48,0.05882352941176471,50,119.79370594024658
siglip_b,imagenet,8,1000,0.07419267618192472,0.00026441027728937546,0.0821777165707615,0.00425847081503103,-0.007985040388836781,48,0.05882352941176471,50,121.17578482627869
siglip_b,imagenet,9,1000,0.07428707833792571,0.00024744772526787807,0.08215952388919924,0.004262380551225585,-0.007872445551273533,48,0.05882352941176471,50,129.8765344619751
siglip_b,imagenet,10,1000,0.07422100394616216,0.00031984599874878086,0.08212941684900853,0.004257590698206403,-0.00790841290284637,48,0.05882352941176471,50,106.66266489028929
siglip_b,imagenet,11,1000,0.07451410680865637,0.00024157595570821705,0.08214347409565002,0.00425534648957296,-0.007629367286993648,48,0.05882352941176471,50,120.43516182899477
siglip_b,imagenet,12,1000,0.07386836456279405,0.00024950937912020374,0.08215485927354649,0.00425391132513133,-0.008286494710752434,48,0.05882352941176471,50,145.73032045364383
siglip_b,imagenet,13,1000,0.07426385611474895,0.0002825377162543393,0.08209280602059676,0.004258886540287054,-0.007828949905847815,48,0.05882352941176471,50,145.4552137851715
siglip_b,imagenet,14,1000,0.07478556852824593,0.00032381005141838437,0.08213269255853531,0.0042626258684300535,-0.0073471240302893925,48,0.05882352941176471,50,144.87405896186831
siglip_b,imagenet,15,1000,0.07422388017872986,0.00021251147617693883,0.08210849089066523,0.0042567105927664994,-0.007884610711935372,48,0.05882352941176471,50,149.25042724609375
siglip_b,imagenet,16,1000,0.07449171067295225,0.00038406939517185266,0.0821303477007839,0.004255169020175193,-0.0076386370278316434,48,0.05882352941176471,50,151.55019044876101
siglip_b,imagenet,17,1000,0.07365289078519943,0.00030362339829223284,0.08220593935799148,0.004253481055563205,-0.008553048572792044,48,0.05882352941176471,50,125.77921319007874
siglip_b,imagenet,18,1000,0.0753133673219795,0.0002328012209363331,0.08207116132914323,0.004259259432522996,-0.006757794007163712,47,0.0784313725490196,50,143.70646405220032
siglip_b,imagenet,19,1000,0.07434878032779325,0.00020141462711026047,0.08216733812240339,0.00425742386291064,-0.007818557794610131,48,0.05882352941176471,50,129.45634484291077
siglip_b,imagenet,20,1000,0.07510803104809552,0.0002880537630125666,0.08218018315645421,0.0042516418508806025,-0.007072152108358695,48,0.05882352941176471,50,119.80570864677428
siglip_b,imagenet,21,1000,0.0738563499125921,0.000258851656372366,0.08219766884400782,0.0042573678622163545,-0.008341318931415723,48,0.05882352941176471,50,128.32893633842468
siglip_b,imagenet,22,1000,0.07426886094856781,0.00022924176235599515,0.08214490457850085,0.0042539932147039215,-0.007876043629933036,48,0.05882352941176471,50,127.9263048171997
siglip_b,imagenet,23,1000,0.07436912007325851,0.00023186355837819008,0.08217773301870478,0.004258292765134203,-0.0078086129454462685,48,0.05882352941176471,50,126.087708234787
siglip_b,imagenet,24,1000,0.07420225940355897,0.0002824512027237766,0.08211268169138483,0.0042576891821219575,-0.007910422287825833,48,0.05882352941176471,50,120.3856508731842
siglip_b,imagenet,25,1000,0.07292953756224121,0.00025232343298224136,0.08209246191730375,0.004263680514659126,-0.009162924355062538,49,0.0392156862745098,50,115.2715356349945
siglip_b,imagenet,26,1000,0.07457168407267357,0.00019076636677078031,0.08215772808140004,0.004256902918536226,-0.007586044008726464,48,0.05882352941176471,50,124.63863897323608
siglip_b,imagenet,27,1000,0.07496141267752568,0.0003738017479676203,0.08214338263408527,0.004254230739106962,-0.0071819699565596066,48,0.05882352941176471,50,123.32007694244385
siglip_b,imagenet,28,1000,0.07489165471891726,0.0002626139596244334,0.08215164230510125,0.004260539455098728,-0.007259987586183986,48,0.05882352941176471,50,115.76329350471495
siglip_b,imagenet,29,1000,0.07375081879919425,0.00026710633843174603,0.08216828650453112,0.0042602649889881775,-0.008417467705336884,48,0.05882352941176471,50,118.36982345581056
i21k_t,cifar100,-1,100,0.13091116037629616,0.00018946347045129994,0.13569642756148972,0.008316951016537526,-0.004785267185193565,35,0.3137254901960784,50,30.80372381210327
i21k_t,cifar100,0,100,0.12802733126834198,0.00025901970961437896,0.13525789965602575,0.00830982627246623,-0.007230568387683739,40,0.21568627450980396,50,30.19924139976501
i21k_t,cifar100,1,100,0.13110238236564753,0.0004141580394931629,0.13565148274484698,0.008235669607847995,-0.00454910037919945,35,0.3137254901960784,50,30.189558506011963
i21k_t,cifar100,2,100,0.13140714778213708,0.00038099989087615266,0.13564181358988667,0.008268189293709495,-0.004234665807749588,35,0.3137254901960784,50,30.347047567367554
i21k_t,cifar100,3,100,0.13196703341962207,0.00041604295585024524,0.13572287973956107,0.008286822296087959,-0.003755846319938999,33,0.35294117647058826,50,30.754007816314697
i21k_t,cifar100,4,100,0.13270806614192854,0.0002567274654606951,0.13520637698237006,0.008353369500161894,-0.002498310840441525,31,0.392156862745098,50,30.329850673675537
i21k_t,cifar100,5,100,0.13327667336915788,0.0003155303706951488,0.13567924573432574,0.008277196217835809,-0.002402572365167888,30,0.4117647058823529,50,30.26023101806641
i21k_t,cifar100,6,100,0.1307218974458739,0.00025576268080910764,0.1355344255599237,0.008282303037387941,-0.004812528114049808,35,0.3137254901960784,50,30.110252141952515
i21k_t,cifar100,7,100,0.13132139840524865,0.00036662848166770553,0.13532983834030282,0.008324520603515006,-0.0040084399350541755,34,0.3333333333333333,50,30.485989332199093
i21k_t,cifar100,8,100,0.13186582558444707,0.00038693592013977403,0.1350679751817558,0.008318724758379005,-0.003202149597308745,33,0.35294117647058826,50,30.73738408088684
i21k_t,cifar100,9,100,0.13049467859361036,0.0002100597285840099,0.13571472114091224,0.008302861770351692,-0.005220042547301906,36,0.29411764705882354,50,30.674328327178955
i21k_t,cifar100,10,100,0.13125513561664465,0.00037581127341282383,0.13521643210728446,0.008336507196703936,-0.003961296490639782,34,0.3333333333333333,50,30.59752440452576
i21k_t,cifar100,11,100,0.12665441795354565,0.0003410496822135811,0.1355245707551477,0.008283455345506181,-0.008870152801602055,42,0.17647058823529413,50,30.483180284500122
i21k_t,cifar100,12,100,0.1308995335586904,0.0005794899942972932,0.13537681667982085,0.008260349229744309,-0.0044772831211304384,35,0.3137254901960784,50,31.00220799446106
i21k_t,cifar100,13,100,0.12985690811649034,0.0002920033090256558,0.13528559918870078,0.008269712482793233,-0.005428691072210418,37,0.27450980392156865,50,30.87878155708313
i21k_t,cifar100,14,100,0.13429897975274746,0.0002618023735047252,0.13520327160749315,0.008345804040904884,-0.0009042918547456924,26,0.4901960784313725,50,31.06653881072998
i21k_t,cifar100,15,100,0.1307085638788136,0.00027663422407673584,0.13497361743052927,0.008328680164915298,-0.004265053551715664,34,0.3333333333333333,50,30.95111107826233
i21k_t,cifar100,16,100,0.13043085384252034,0.00034783782281551574,0.1355409952139811,0.008277108122233975,-0.005110141371460764,36,0.29411764705882354,50,30.94941115379333
i21k_t,cifar100,17,100,0.13309394702712649,0.00020535295095973246,0.13535509508889265,0.008339793359189458,-0.002261148061766166,30,0.4117647058823529,50,31.07967329025269
i21k_t,cifar100,18,100,0.13199625542302953,0.0003380786912789528,0.13554431183730992,0.008299863583014816,-0.0035480564142803812,33,0.35294117647058826,50,31.13835048675537
i21k_t,cifar100,19,100,0.13109620575666547,0.000288746581776123,0.13544993631960975,0.008287639002105704,-0.004353730562944275,35,0.3137254901960784,50,31.03817844390869
i21k_t,cifar100,20,100,0.13135947781204024,0.00024558939913397787,0.13587206316887454,0.008206072244594655,-0.004512585356834298,35,0.3137254901960784,50,31.15415668487549
i21k_t,cifar100,21,100,0.13126766826106415,0.00035208654069509047,0.1354196404935094,0.008273552781493334,-0.0041519722324452335,34,0.3333333333333333,50,30.493031978607178
i21k_t,cifar100,22,100,0.13192556373433167,0.00035458462560954336,0.13506729399241896,0.00833744983779512,-0.003141730258087283,33,0.35294117647058826,50,30.535963773727413
i21k_t,cifar100,23,100,0.13066675208369533,0.0002998549182118348,0.13555036298659714,0.00827085481097622,-0.0048836109029018184,36,0.29411764705882354,50,30.50710201263428
i21k_t,cifar100,24,100,0.1325827222718239,0.0002860477997598629,0.13538028093863122,0.008293432636121773,-0.002797558666807309,32,0.3725490196078432,50,30.36778926849365
i21k_t,cifar100,25,100,0.1276197683855914,0.0003444139282175168,0.13527144724382054,0.008321880101253313,-0.007651678858229149,41,0.19607843137254904,50,27.156871795654297
i21k_t,cifar100,26,100,0.12899132808577776,0.0003900117882266527,0.13565084788763146,0.008259246980605688,-0.0066595198018536686,38,0.2549019607843137,50,29.255557537078857
i21k_t,cifar100,27,100,0.1342433579100021,0.00036493858113585047,0.13526687252151318,0.008273455412244042,-0.0010235146115110672,26,0.4901960784313725,50,29.439177751541138
i21k_t,cifar100,28,100,0.13101389459620388,0.00029993654549162143,0.13538170155349388,0.008262904660074592,-0.004367806957289999,35,0.3137254901960784,50,29.7880437374115
i21k_t,cifar100,29,100,0.13323932131877214,0.00022782936224287567,0.13548890129335547,0.00829349592345663,-0.0022495799745833323,30,0.4117647058823529,50,29.66615390777588
i21k_s,cifar100,-1,100,0.122018838875406,0.00031181699995200686,0.1214201418157167,0.007086641483696763,0.0005986970596892903,27,0.4705882352941176,50,30.006025791168213
i21k_s,cifar100,0,100,0.1218571920933453,0.00022187732360091905,0.12116809476814787,0.007037628709214374,0.0006890973251974379,27,0.4705882352941176,50,29.718117475509644
i21k_s,cifar100,1,100,0.12317156176653125,0.00038537489977634085,0.12115624443797302,0.007109362462329072,0.0020153173285582388,22,0.5686274509803921,50,30.79026460647583
i21k_s,cifar100,2,100,0.12041120208256413,0.0002782102601116691,0.12154442755745153,0.0070359971861952,-0.001133225474887381,31,0.392156862745098,50,30.766042232513428
i21k_s,cifar100,3,100,0.12252728995419107,0.00026403155381189046,0.12140495937054754,0.007056553035637689,0.0011223305836434994,26,0.4901960784313725,50,30.884518146514893
i21k_s,cifar100,4,100,0.12137511753566788,0.0003023389175788686,0.12157488954570855,0.007077443671301712,-0.0001997720100406913,29,0.4313725490196079,50,29.7161557674408
i21k_s,cifar100,5,100,0.12356542416544987,0.00031455165220243213,0.12139116051931373,0.007007982579154349,0.0021742636461361538,23,0.5490196078431373,50,29.668521404266357
i21k_s,cifar100,6,100,0.12392119618832267,0.00028344864053641525,0.12142490153121085,0.007069485212238049,0.002496294657111861,21,0.5882352941176471,50,29.683021306991574
i21k_s,cifar100,7,100,0.1210067103805859,0.00034212154967238907,0.12115272310911301,0.007084285345083606,-0.00014601272852710068,29,0.4313725490196079,50,30.418928146362305
i21k_s,cifar100,8,100,0.12102506645789385,0.00019944842627138854,0.12106833374720227,0.007091244832418794,-4.326728930842405e-05,29,0.4313725490196079,50,30.57616925239563
i21k_s,cifar100,9,100,0.12058394430968535,0.00029833439208891345,0.12129098852134787,0.007077084764673803,-0.0007070442116625109,31,0.392156862745098,50,30.74636650085449
i21k_s,cifar100,10,100,0.1214085522587743,0.00022940623744793228,0.12114249230789945,0.007088940001267331,0.00026605995087483625,28,0.4509803921568628,50,30.704982995986942
i21k_s,cifar100,11,100,0.12133431470044033,0.0003124178699710936,0.12154405557168743,0.007020155234972504,-0.00020974087124710214,29,0.4313725490196079,50,30.704145908355713
i21k_s,cifar100,12,100,0.12285844896682767,0.00016586466775454282,0.12145195361413055,0.0070492500705628845,0.0014064953526971016,25,0.5098039215686274,50,30.92817807197571
i21k_s,cifar100,13,100,0.12155982420753213,0.0003438625138233411,0.12108601180833145,0.007100163396400308,0.00047381239920067647,28,0.4509803921568628,50,30.526829719543453
i21k_s,cifar100,14,100,0.1224842948555626,0.0002835923776201285,0.1211636784482844,0.007097472456276758,0.0013206164072782078,26,0.4901960784313725,50,30.52039885520935
i21k_s,cifar100,15,100,0.12086373864115693,0.0002408492637377168,0.12130004004343198,0.007100771496534505,-0.0004363014022750605,30,0.4117647058823529,50,30.606163024902344
i21k_s,cifar100,16,100,0.11900503920530454,0.0002851600831559758,0.1213995643441712,0.00701821233860946,-0.002394525138866649,32,0.3725490196078432,50,30.5254979133606
i21k_s,cifar100,17,100,0.12191416100225065,0.00032156422787357904,0.12136931024003192,0.0070738268574514485,0.0005448507622187182,27,0.4705882352941176,50,29.254642963409424
i21k_s,cifar100,18,100,0.1231932712539756,0.00026947447102798605,0.12128480261874194,0.0070488834913109595,0.0019084686352336397,23,0.5490196078431373,50,31.372191667556766
i21k_s,cifar100,19,100,0.12196487477758125,0.0003641886920440816,0.12104723076314874,0.007069734304207755,0.0009176440144325061,27,0.4705882352941176,50,27.73190402984619
i21k_s,cifar100,20,100,0.12165389751581833,0.0003840453639070708,0.12152688531390395,0.007046919609750012,0.0001270122019143699,29,0.4313725490196079,50,26.879982471466064
i21k_s,cifar100,21,100,0.12432870807561858,0.0005357751573555173,0.1212583220261093,0.007064817319857592,0.00307038604950928,19,0.6274509803921569,50,26.52095890045166
i21k_s,cifar100,22,100,0.12044838793114986,0.00027718896898144146,0.12127582746351205,0.007004309461953897,-0.0008274395323622091,31,0.392156862745098,50,30.45014977455139
i21k_s,cifar100,23,100,0.12110109251085345,0.00036200357780174456,0.12110589326582533,0.007083282832368011,-4.8007549718620535e-06,29,0.4313725490196079,50,31.53440809249878
i21k_s,cifar100,24,100,0.1206142751091034,0.00046165698729033945,0.1211890072953394,0.007072934217280139,-0.0005747321862359933,31,0.392156862745098,50,31.385364770889282
i21k_s,cifar100,25,100,0.12257087535337595,0.00043747142129570117,0.12105825350920008,0.007078611815941825,0.0015126218441758599,26,0.4901960784313725,50,29.840122938156128
i21k_s,cifar100,26,100,0.12219374039526612,0.0002525380691538043,0.12130218246571288,0.007027311659299857,0.0008915579295532687,27,0.4705882352941176,50,30.355538845062256
i21k_s,cifar100,27,100,0.12149665117147382,0.00029655352172924137,0.1211658709633678,0.00704842295043857,0.0003307802081060074,27,0.4705882352941176,50,31.08420991897583
i21k_s,cifar100,28,100,0.12195203126810646,0.00035536189220968667,0.12104785448716555,0.0071159085918156735,0.000904176780940888,26,0.4901960784313725,50,30.8635368347168
i21k_s,cifar100,29,100,0.1225723501919278,0.00029825352951713555,0.1213051320330726,0.007045681017774764,0.0012672181588551936,26,0.4901960784313725,50,31.00840258598328
i21k_b,cifar100,-1,100,0.12592955120900734,0.00041531548991135056,0.11929027088750263,0.007344136005116438,0.006639280321504723,7,0.8627450980392157,50,26.88868045806885
i21k_b,cifar100,0,100,0.12672882730907106,0.00028303475542742525,0.11928714741967122,0.0072820493553305485,0.007441679889399837,6,0.8823529411764706,50,31.37662649154663
i21k_b,cifar100,1,100,0.12598267126235796,0.0004242193901332362,0.11931460064253395,0.0073045776533866204,0.006668070619823996,7,0.8627450980392157,50,31.976834535598755
i21k_b,cifar100,2,100,0.12415087156649733,0.00034054258276614664,0.11901985979187447,0.007345437565623621,0.005131011774622843,14,0.7254901960784313,50,30.582600116729736
i21k_b,cifar100,3,100,0.12637755328667094,0.00041889802086488817,0.11937404096683607,0.007306305650747686,0.007003512319834898,7,0.8627450980392157,50,28.411155700683594
i21k_b,cifar100,4,100,0.12528973860765014,0.00041432290168283474,0.11947753759230025,0.007303917583520255,0.005812201015349933,12,0.7647058823529411,50,27.88649153709412
i21k_b,cifar100,5,100,0.12732542523507145,0.0004631197403881071,0.11930804891548452,0.007256760770912967,0.008017376319586947,5,0.9019607843137256,50,32.06418251991272
i21k_b,cifar100,6,100,0.1278801502141424,0.0004706485865807856,0.11934765012601713,0.0073429414122059816,0.008532500088125271,5,0.9019607843137256,50,29.43918919563293
i21k_b,cifar100,7,100,0.12485086579336015,0.0003786260467824233,0.11905821888445932,0.0073383027902664795,0.005792646908900856,12,0.7647058823529411,50,32.230608701705926
i21k_b,cifar100,8,100,0.1239641965921738,0.0004052787399533767,0.1191480177597638,0.0073254241657432035,0.0048161788324099924,14,0.7254901960784313,50,31.024407863616943
i21k_b,cifar100,9,100,0.1238540380246088,0.0004917900519470597,0.11914586908635348,0.0073263852237781075,0.004708168938255306,15,0.7058823529411765,50,26.69420289993286
i21k_b,cifar100,10,100,0.12490006188988488,0.00034147942972187245,0.11940378269583699,0.007288158918559374,0.005496279194047868,13,0.7450980392156863,50,30.52816843986511
i21k_b,cifar100,11,100,0.12538718820255434,0.0004722042170065241,0.11903114588085305,0.0073372842382855,0.006356042321701311,7,0.8627450980392157,50,30.593974113464355
i21k_b,cifar100,12,100,0.12595310982369404,0.0004110229046130139,0.11901677702134955,0.007353575751814244,0.006936332802344528,7,0.8627450980392157,50,30.41983413696289
i21k_b,cifar100,13,100,0.1253500070865234,0.0002818213360807158,0.11900117631953235,0.00730500677821193,0.006348830766991068,7,0.8627450980392157,50,30.380290508270264
i21k_b,cifar100,14,100,0.12653329765740445,0.00041656407530318965,0.11916755114834438,0.0073484744024938705,0.007365746509060078,6,0.8823529411764706,50,31.209994792938232
i21k_b,cifar100,15,100,0.125061280275446,0.00044726624557620204,0.11932901667865907,0.007331978734743084,0.005732263596786913,12,0.7647058823529411,50,30.64417195320129
i21k_b,cifar100,16,100,0.12357964398904628,0.0003209188955191508,0.1192835734174062,0.007299279277799183,0.0042960705716400815,17,0.6666666666666666,50,30.416215419769287
i21k_b,cifar100,17,100,0.12631223336104186,0.000395757813773348,0.11909873767254688,0.007334153422349706,0.007213495688494942,7,0.8627450980392157,50,31.99141478538513
i21k_b,cifar100,18,100,0.125796410021741,0.00043687206343462283,0.11938482037376474,0.00727220799364498,0.0064115896479762504,7,0.8627450980392157,50,32.05429673194885
i21k_b,cifar100,19,100,0.12397110090532586,0.00040089551605001003,0.11893238699731815,0.007324178863067734,0.005038713908007668,14,0.7254901960784313,50,30.124735593795773
i21k_b,cifar100,20,100,0.12585155207673165,0.00034542774947359884,0.11927287613275835,0.007300884174986359,0.0065786759439732815,7,0.8627450980392157,50,31.06433463096619
i21k_b,cifar100,21,100,0.1266188276762465,0.0004220939488082064,0.11890840389908496,0.007338812336058928,0.007710423777161524,6,0.8823529411764706,50,30.222408533096317
i21k_b,cifar100,22,100,0.12516435398308884,0.00036263292048174296,0.11924742909660775,0.007255296223501553,0.005916924886481101,9,0.8235294117647058,50,29.123419046401978
i21k_b,cifar100,23,100,0.12497243692732285,0.0003937395604325617,0.11908813583189876,0.007343700318816182,0.005884301095424094,11,0.7843137254901961,50,30.59290051460266
i21k_b,cifar100,24,100,0.12442734088443265,0.00033068724816664113,0.11884956936206408,0.007336582830354242,0.005577771522368588,13,0.7450980392156863,50,30.091185569763184
i21k_b,cifar100,25,100,0.12674685966757618,0.00042797411665097736,0.11888575577239995,0.0073488905703344015,0.007861103895176205,6,0.8823529411764706,50,31.08068871498108
i21k_b,cifar100,26,100,0.12563600654172574,0.0004958148076301996,0.11910139146538565,0.007283729068900077,0.006534615076340122,7,0.8627450980392157,50,30.28237748146057
i21k_b,cifar100,27,100,0.12543734894464525,0.0003299851914121938,0.1191688256090352,0.0073096755325165125,0.006268523335610066,8,0.8431372549019608,50,30.16876816749573
i21k_b,cifar100,28,100,0.12637603263930686,0.0005285028923904772,0.11895635814318235,0.007353882384416183,0.007419674496124491,6,0.8823529411764706,50,32.0326247215271
i21k_b,cifar100,29,100,0.1268104173054215,0.0003898396318492672,0.1192152459907559,0.00727834323576757,0.007595171314665597,6,0.8823529411764706,50,31.908938646316532
i21k_l,cifar100,-1,100,0.09395713512929824,0.0002113500247731973,0.11373828804205455,0.005306427248852493,-0.019781152912756325,50,0.0196078431372549,50,30.760380506515503
i21k_l,cifar100,0,100,0.09377959816284284,0.00026592162314750096,0.113531217791145,0.005224317684471938,-0.01975161962830216,50,0.0196078431372549,50,30.541508197784424
i21k_l,cifar100,1,100,0.09408261630441683,0.00025740205557234555,0.1136573252436298,0.005243884083211304,-0.01957470893921298,50,0.0196078431372549,50,30.36673378944397
i21k_l,cifar100,2,100,0.09358833191068223,0.0002780749049658023,0.1136542335394359,0.005298980197119707,-0.020065901628753668,50,0.0196078431372549,50,31.315202951431274
i21k_l,cifar100,3,100,0.09468711780735108,0.0002172819364590141,0.11355272238656562,0.005255349517632304,-0.01886560457921453,50,0.0196078431372549,50,32.12142944335937
i21k_l,cifar100,4,100,0.09346752545974094,0.00023337584061425932,0.1136352939180682,0.0052443724395456045,-0.020167768458327268,50,0.0196078431372549,50,31.676164388656613
i21k_l,cifar100,5,100,0.09361275605784967,0.00020466742249988502,0.1135080168308652,0.005223573602450407,-0.019895260773015525,50,0.0196078431372549,50,30.97175145149231
i21k_l,cifar100,6,100,0.0937118129802941,0.00027784545380937585,0.11353785635056135,0.005255473546853877,-0.019826043370267263,50,0.0196078431372549,50,30.841233015060425
i21k_l,cifar100,7,100,0.09366551770679653,0.0002746582779449523,0.11334473143554495,0.005271506464858266,-0.01967921372874844,50,0.0196078431372549,50,31.557152271270752
i21k_l,cifar100,8,100,0.09379456167216972,0.000244343551267938,0.11340786014608285,0.005265886140272751,-0.019613298473913143,50,0.0196078431372549,50,33.35892748832702
i21k_l,cifar100,9,100,0.093983568761304,0.00024302611693650478,0.11349004820660433,0.005254209710094194,-0.019506479445300318,50,0.0196078431372549,50,32.091727256774895
i21k_l,cifar100,10,100,0.093375907606612,0.00026126902421368044,0.11358794716748295,0.005229186248986023,-0.020212039560870948,50,0.0196078431372549,50,32.231698989868164
i21k_l,cifar100,11,100,0.09230043364033816,0.00022069159584457728,0.1135422306350852,0.005290789576789935,-0.021241796994747014,50,0.0196078431372549,50,32.33015942573548
i21k_l,cifar100,12,100,0.09478921150472727,0.0002343299679605522,0.11343947997616688,0.005281876531065354,-0.01865026847143961,50,0.0196078431372549,50,31.9247522354126
i21k_l,cifar100,13,100,0.09381936622195004,0.0002698905200355061,0.113484034000474,0.005262440347954314,-0.01966466777852396,50,0.0196078431372549,50,31.61051750183105
i21k_l,cifar100,14,100,0.09396055600090022,0.0002693385970300101,0.11373173665000325,0.005290973136754661,-0.019771180649103038,50,0.0196078431372549,50,31.628822088241574
i21k_l,cifar100,15,100,0.09359091143168888,0.000293895356675899,0.1135898041451933,0.005286146706610591,-0.019998892713504426,50,0.0196078431372549,50,31.920345067977905
i21k_l,cifar100,16,100,0.09350672083824448,0.00020525353915643396,0.1135214051961034,0.00526693474675355,-0.0200146843578589,50,0.0196078431372549,50,32.531556367874146
i21k_l,cifar100,17,100,0.0938206596013745,0.0002530550819799333,0.1132961432087714,0.005290665804655233,-0.019475483607396885,50,0.0196078431372549,50,31.96274018287659
i21k_l,cifar100,18,100,0.0943066545778302,0.00029432044004276675,0.11343157398581664,0.005278534407289428,-0.019124919407986427,50,0.0196078431372549,50,31.348801851272587
i21k_l,cifar100,19,100,0.09340450619110112,0.0001671636002626434,0.1134988551872754,0.005262662220382036,-0.02009434899617428,50,0.0196078431372549,50,31.533822774887085
i21k_l,cifar100,20,100,0.09334188724950032,0.0003413328109335328,0.11352661852721428,0.005252157110787114,-0.020184731277713943,50,0.0196078431372549,50,31.67723369598389
i21k_l,cifar100,21,100,0.09286180000769494,0.00015874280813111703,0.11338189687328835,0.005295776101650875,-0.020520096865593432,50,0.0196078431372549,50,32.22799158096313
i21k_l,cifar100,22,100,0.0937612050537812,0.00026130962333859964,0.11338343521172373,0.005236862018236328,-0.01962223015794251,50,0.0196078431372549,50,32.60444235801697
i21k_l,cifar100,23,100,0.09436447920686172,0.0002261208480905358,0.1134666201509403,0.005293219493474337,-0.0191021409440786,50,0.0196078431372549,50,32.420407056808465
i21k_l,cifar100,24,100,0.09353383124707916,0.00020209284559908564,0.11331536092376834,0.005291695412799935,-0.019781529676689183,50,0.0196078431372549,50,32.09443140029907
i21k_l,cifar100,25,100,0.09437264402085756,0.00019619939349726625,0.11338183366151106,0.0053091698366286,-0.019009189640653484,50,0.0196078431372549,50,32.229685544967644
i21k_l,cifar100,26,100,0.09276808065973184,0.00031632037918847053,0.11352590144238255,0.005251947259604707,-0.020757820782650743,50,0.0196078431372549,50,32.99289464950561
i21k_l,cifar100,27,100,0.09267929396594583,0.00026392462441722763,0.11342583398875145,0.005318313445273467,-0.02074654002280561,50,0.0196078431372549,50,32.344812870025635
i21k_l,cifar100,28,100,0.09447507550106078,0.00018312968091879905,0.11350300949745087,0.0052643044248073135,-0.019027933996390103,50,0.0196078431372549,50,32.660812377929695
i21k_l,cifar100,29,100,0.09375977090490356,0.00029123088166158083,0.1135199454525757,0.005228727533321424,-0.019760174547672118,50,0.0196078431372549,50,32.43991541862488
dinov1_b,cifar100,-1,100,0.08217579478434547,0.00020743078514805192,0.11334566885667748,0.004253702410625684,-0.03116987407233202,50,0.0196078431372549,50,32.210081577301025
dinov1_b,cifar100,0,100,0.08196132044505527,0.00028923183913483923,0.1130468049887514,0.00421099617183932,-0.031085484543696126,50,0.0196078431372549,50,32.29521322250366
dinov1_b,cifar100,1,100,0.08232118568216516,0.00030824613177468966,0.1133710838392903,0.0042375353157576715,-0.03104989815712514,50,0.0196078431372549,50,32.09176540374756
dinov1_b,cifar100,2,100,0.08183723265113832,0.00026388488733176897,0.113079565358323,0.004218727990445118,-0.03124233270718467,50,0.0196078431372549,50,32.31054902076721
dinov1_b,cifar100,3,100,0.08151006666433236,0.00025643436241212146,0.11320983608150192,0.004236015503962491,-0.03169976941716955,50,0.0196078431372549,50,32.434884071350105
dinov1_b,cifar100,4,100,0.08229150170016164,0.00020498031813944657,0.11313999175542135,0.004236975128910838,-0.030848490055259706,50,0.0196078431372549,50,31.66020894050598
dinov1_b,cifar100,5,100,0.08241355378639463,0.0002784260584542245,0.1132021484924424,0.0042571392930507565,-0.030788594706047775,50,0.0196078431372549,50,31.12392544746399
dinov1_b,cifar100,6,100,0.08265355027334867,0.00021490612871169316,0.11308501396293034,0.004207652602814175,-0.030431463689581707,50,0.0196078431372549,50,32.70318388938904
dinov1_b,cifar100,7,100,0.08099207458805238,0.0002886823820610285,0.11305078825176508,0.004250028596538558,-0.0320587136637127,50,0.0196078431372549,50,33.00973463058472
dinov1_b,cifar100,8,100,0.08103845506215968,0.00021168485709682644,0.11304652818655107,0.004219429261788657,-0.0320080731243914,50,0.0196078431372549,50,32.72675657272339
dinov1_b,cifar100,9,100,0.08274687280615793,0.00020386153348860323,0.11302312999773105,0.00422077471159079,-0.03027625719157315,50,0.0196078431372549,50,32.458833694458015
dinov1_b,cifar100,10,100,0.08227412225734296,0.0002050692761939689,0.11324897954651185,0.004229514797694328,-0.030974857289168888,50,0.0196078431372549,50,32.65120720863342
dinov1_b,cifar100,11,100,0.08205061076340607,0.00022192881645612968,0.11315638524406378,0.004258433690122097,-0.031105774480657693,50,0.0196078431372549,50,32.473740816116326
dinov1_b,cifar100,12,100,0.08183296362877251,0.00022764173127143907,0.11300574724417205,0.004255266819450224,-0.031172783615399526,50,0.0196078431372549,50,31.95910143852234
dinov1_b,cifar100,13,100,0.08193583880192898,0.0002024611429003718,0.11310690655217998,0.004236677262504881,-0.031171067750251,50,0.0196078431372549,50,32.11113882064819
dinov1_b,cifar100,14,100,0.0812834496468071,0.00022743876951447246,0.11304855328231135,0.0042737251012466,-0.03176510363550425,50,0.0196078431372549,50,32.383177280426025
dinov1_b,cifar100,15,100,0.08216471281178041,0.00024466739972525773,0.11313666103082615,0.004231071580498222,-0.03097194821904574,50,0.0196078431372549,50,32.330864191055305
dinov1_b,cifar100,16,100,0.08226705350948385,0.0002637794765417794,0.1131784808294364,0.0042472324019041455,-0.030911427319952545,50,0.0196078431372549,50,32.34263134002685
dinov1_b,cifar100,17,100,0.08277831089947094,0.0002551284631798264,0.11314743079452046,0.004254681956229573,-0.030369119895049507,50,0.0196078431372549,50,32.09040069580078
dinov1_b,cifar100,18,100,0.08392041689191035,0.00023854434187030985,0.11300533963731375,0.004209631390895335,-0.029084922745403405,50,0.0196078431372549,50,32.24541616439819
dinov1_b,cifar100,19,100,0.08235940315021281,0.00023870607840720595,0.1131393050377398,0.004241430167583217,-0.03077990188752698,50,0.0196078431372549,50,32.06153440475464
dinov1_b,cifar100,20,100,0.08172935353020197,0.00028386196959198737,0.11312469822507196,0.0042215603371545275,-0.03139534469486999,50,0.0196078431372549,50,31.761291027069092
dinov1_b,cifar100,21,100,0.08233847045910969,0.0001971258696010132,0.1131092328859414,0.004274249349537251,-0.030770762426831706,50,0.0196078431372549,50,31.959092617034912
dinov1_b,cifar100,22,100,0.08164473191230429,0.00021169516785015004,0.11315509755875047,0.00425177629733709,-0.03151036564644619,50,0.0196078431372549,50,32.19329309463501
dinov1_b,cifar100,23,100,0.08127251976723185,0.00023592761239207334,0.11315034878012124,0.0042221834361257605,-0.031877829012889394,50,0.0196078431372549,50,32.282669067382805
dinov1_b,cifar100,24,100,0.08207351300737993,0.00017418839239849549,0.11315266713893656,0.004226154690757795,-0.0310791541315566,50,0.0196078431372549,50,31.6408965587616
dinov1_b,cifar100,25,100,0.08165634652642575,0.00021975735477786223,0.11317394741065973,0.004271326135962717,-0.03151760088423397,50,0.0196078431372549,50,31.05688738822937
dinov1_b,cifar100,26,100,0.08231881162303566,0.0001611372920819517,0.11295515664702767,0.004196815947741521,-0.030636345023992005,50,0.0196078431372549,50,31.41653537750244
dinov1_b,cifar100,27,100,0.08179990207137057,0.0002765179008301958,0.11307242934479265,0.004225155073475288,-0.031272527273422064,50,0.0196078431372549,50,31.1224422454834
dinov1_b,cifar100,28,100,0.08209285649272915,0.0002589208058961483,0.11314268396012599,0.0042571860131688285,-0.03104982746739685,50,0.0196078431372549,50,31.224021673202515
dinov1_b,cifar100,29,100,0.08222530261975565,0.0001580931315436443,0.11303048202671465,0.004208319914236605,-0.030805179406959,50,0.0196078431372549,50,31.42209935188293
dinov2_s,cifar100,-1,100,0.0672418727517851,0.00028089798370294533,0.09757055763858796,0.0033678518309968627,-0.030328684886802862,50,0.0196078431372549,50,31.029327869415283
dinov2_s,cifar100,0,100,0.06742352041209372,0.0002914892558503457,0.09740130273527108,0.003348400838610243,-0.029977782323177358,50,0.0196078431372549,50,31.14491033554077
dinov2_s,cifar100,1,100,0.0673596049722708,0.0003557533199545125,0.09748418937652137,0.0033750769418191945,-0.030124584404250587,50,0.0196078431372549,50,31.041538953781128
dinov2_s,cifar100,2,100,0.06679740246672013,0.0002539030881797499,0.0974233635601004,0.003340240424546593,-0.03062596109338027,50,0.0196078431372549,50,30.77346229553223
dinov2_s,cifar100,3,100,0.06740401962368195,0.0002486087998831567,0.09726749931492183,0.003354345307751549,-0.02986347969123988,50,0.0196078431372549,50,30.82725811004639
dinov2_s,cifar100,4,100,0.06714312563644788,0.0002281073108252712,0.09742994426415444,0.003359026633390105,-0.030286818627706574,50,0.0196078431372549,50,31.12542033195496
dinov2_s,cifar100,5,100,0.067323463418593,0.00020285819627284516,0.0972925797158626,0.003341820211109557,-0.02996911629726962,50,0.0196078431372549,50,30.664729595184326
dinov2_s,cifar100,6,100,0.06666903691161069,0.0002753017438965958,0.0974103670484256,0.003355252665544125,-0.030741330136814918,50,0.0196078431372549,50,30.9371280670166
dinov2_s,cifar100,7,100,0.06726660746951771,0.00029103927665372347,0.09741020813052327,0.003331752448963767,-0.030143600661005562,50,0.0196078431372549,50,29.18674635887146
dinov2_s,cifar100,8,100,0.06698261377807088,0.0003043553477081002,0.09730887009032774,0.0033360466838309394,-0.03032625631225687,50,0.0196078431372549,50,29.34906768798828
dinov2_s,cifar100,9,100,0.06695140969058819,0.00030470072919549064,0.09728635273114118,0.0033432613991568505,-0.030334943040552995,50,0.0196078431372549,50,25.48421335220337
dinov2_s,cifar100,10,100,0.06803586029706643,0.00035870375704769286,0.0974851523906023,0.003348626391372901,-0.02944929209353586,50,0.0196078431372549,50,25.930403232574463
dinov2_s,cifar100,11,100,0.06708877160937134,0.0003137392877187149,0.09763254186814198,0.0033592712799471666,-0.030543770258770638,50,0.0196078431372549,50,25.575252532958984
dinov2_s,cifar100,12,100,0.06704578821505561,0.00017863219735070072,0.09737329111527193,0.0033531001100579488,-0.030327502900216324,50,0.0196078431372549,50,25.75588417053223
dinov2_s,cifar100,13,100,0.06776838732441849,0.00026692277009467553,0.09753994871221032,0.003351980961083833,-0.02977156138779184,50,0.0196078431372549,50,25.565677642822266
dinov2_s,cifar100,14,100,0.068052220850195,0.00034985968497507015,0.09746193228050937,0.003334446912497253,-0.029409711430314376,50,0.0196078431372549,50,25.85148978233337
dinov2_s,cifar100,15,100,0.06672908895020616,0.0003154228410306797,0.09738564885804488,0.0033435141619026433,-0.03065655990783873,50,0.0196078431372549,50,32.462242603302
dinov2_s,cifar100,16,100,0.06754125600423642,0.00037439074035013867,0.09742285331132317,0.003352192497821639,-0.029881597307086737,50,0.0196078431372549,50,32.369166374206536
dinov2_s,cifar100,17,100,0.06668922125459859,0.00027233926294432145,0.097313892304647,0.0033521221971293427,-0.0306246710500484,50,0.0196078431372549,50,32.43701338768005
dinov2_s,cifar100,18,100,0.06652176083573343,0.00027141688094407265,0.09744771217816854,0.003340661285704991,-0.03092595134243512,50,0.0196078431372549,50,30.96948480606079
dinov2_s,cifar100,19,100,0.06715145347351767,0.00033866526899840866,0.09742392357917837,0.0033588875084113326,-0.030272470105660695,50,0.0196078431372549,50,30.219236135482788
dinov2_s,cifar100,20,100,0.06699778128180581,0.0002714866295867767,0.09734470710475802,0.0033553946980420693,-0.030346925822952217,50,0.0196078431372549,50,30.32228946685791
dinov2_s,cifar100,21,100,0.06699060301379113,0.00026363692479401034,0.09742454953357993,0.003358659961245088,-0.03043394651978878,50,0.0196078431372549,50,30.68839955329895
dinov2_s,cifar100,22,100,0.06716460958623878,0.0002184330405553939,0.0974055109760421,0.003354849053879573,-0.03024090138980332,50,0.0196078431372549,50,31.133461952209476
dinov2_s,cifar100,23,100,0.06681174377931724,0.00026976069983110503,0.09722269910810752,0.003343830777515076,-0.030410955328790287,50,0.0196078431372549,50,31.08988094329834
dinov2_s,cifar100,24,100,0.06707462077155225,0.0002560306502881114,0.09748295874074696,0.003343967671202318,-0.030408337969194708,50,0.0196078431372549,50,31.45505380630493
dinov2_s,cifar100,25,100,0.06650681099669395,0.0002942902504618688,0.09730334015598814,0.0033489638495715424,-0.030796529159294195,50,0.0196078431372549,50,31.351271867752075
dinov2_s,cifar100,26,100,0.06634251898669571,0.00027534104820369203,0.09711785566904477,0.003334971941822665,-0.03077533668234905,50,0.0196078431372549,50,29.5150682926178
dinov2_s,cifar100,27,100,0.06676184228385235,0.00027877834151343383,0.09743898217515602,0.0033686942525659154,-0.030677139891303683,50,0.0196078431372549,50,27.68908214569092
dinov2_s,cifar100,28,100,0.0668792969962962,0.0002947482926899023,0.09741499716658476,0.003355823974621667,-0.030535700170288563,50,0.0196078431372549,50,28.56090760231018
dinov2_s,cifar100,29,100,0.06635160706555923,0.00029345985461367853,0.09744716150260807,0.0033535445135054525,-0.03109555443704885,50,0.0196078431372549,50,27.75384497642517
dinov2_b,cifar100,-1,100,0.049220013861640696,0.00022545167916675392,0.08038461160553206,0.0022344997821979653,-0.031164597743891367,50,0.0196078431372549,50,29.189129114151
dinov2_b,cifar100,0,100,0.04964893656314191,0.00020146750565576304,0.08018863620078996,0.0022180025764848388,-0.03053969963764805,50,0.0196078431372549,50,29.33487367630005
dinov2_b,cifar100,1,100,0.049024095586005186,0.0002521482526307934,0.0803775819661751,0.0022369432871164265,-0.03135348638016991,50,0.0196078431372549,50,29.211451053619385
dinov2_b,cifar100,2,100,0.04846824148277213,0.00015800864512862626,0.08038451196570932,0.0022327858319249887,-0.031916270482937194,50,0.0196078431372549,50,29.53792428970337
dinov2_b,cifar100,3,100,0.04913400531070968,0.00022400347321346504,0.07997078012484331,0.0022275286327520147,-0.030836774814133636,50,0.0196078431372549,50,29.194684505462646
dinov2_b,cifar100,4,100,0.04901814668121555,0.0002374432858259273,0.0802116504515466,0.002231027598803944,-0.03119350377033105,50,0.0196078431372549,50,29.05912470817566
dinov2_b,cifar100,5,100,0.04864804161783017,0.00013597463165178326,0.08015280569458323,0.0022254316554735577,-0.03150476407675305,50,0.0196078431372549,50,29.201749324798584
dinov2_b,cifar100,6,100,0.04924127101044494,0.0002132924601176994,0.08032446098195707,0.002228853220624618,-0.031083189971512125,50,0.0196078431372549,50,28.86833381652832
dinov2_b,cifar100,7,100,0.049094379163126235,0.00016539691873844922,0.08029116660115458,0.002228170274293777,-0.031196787438028336,50,0.0196078431372549,50,28.885200023651123
dinov2_b,cifar100,8,100,0.0492414673320021,0.000260412508342867,0.08015063863854792,0.0022179926625275877,-0.03090917130654583,50,0.0196078431372549,50,28.829861879348755
dinov2_b,cifar100,9,100,0.049258221383881036,0.000213329659938672,0.08018470232726173,0.0022265415694523783,-0.030926480943380682,50,0.0196078431372549,50,29.00022292137146
dinov2_b,cifar100,10,100,0.050057595873574584,0.00020646612494254317,0.08025946916919302,0.002227384964864332,-0.030201873295618444,50,0.0196078431372549,50,28.8574378490448
dinov2_b,cifar100,11,100,0.049017496819130896,0.0002252620361651667,0.08041210424416206,0.0022357239995067827,-0.03139460742503117,50,0.0196078431372549,50,29.023205041885376
dinov2_b,cifar100,12,100,0.0496107534888748,0.0001930364780295275,0.08025438653112056,0.0022222944964227862,-0.030643633042245762,50,0.0196078431372549,50,28.90135383605957
dinov2_b,cifar100,13,100,0.04945828968000149,0.0001571508860789306,0.08033956069764431,0.0022361933606059,-0.03088127101764282,50,0.0196078431372549,50,28.673646926879886
dinov2_b,cifar100,14,100,0.04909551155928391,0.00029174648655103965,0.0802103611493819,0.0022171576314146684,-0.031114849590098,50,0.0196078431372549,50,28.87596082687378
dinov2_b,cifar100,15,100,0.049124816751090934,0.0002311200237521856,0.0802704200170681,0.0022263578357293195,-0.03114560326597716,50,0.0196078431372549,50,29.224703788757324
dinov2_b,cifar100,16,100,0.04932624138013201,0.00011550370111106392,0.08025300796988344,0.0022305718144915486,-0.03092676658975143,50,0.0196078431372549,50,29.31293630599976
dinov2_b,cifar100,17,100,0.048626840581625225,0.0002064140150359991,0.08018303484106476,0.002222564669989803,-0.03155619425943953,50,0.0196078431372549,50,29.23153781890869
dinov2_b,cifar100,18,100,0.048950568635128665,0.00024332505493739718,0.08022944020955007,0.0022146257225471784,-0.031278871574421406,50,0.0196078431372549,50,28.50617551803589
dinov2_b,cifar100,19,100,0.04910512443766109,0.00018791256165157888,0.08025603692496798,0.002221327183955897,-0.03115091248730688,50,0.0196078431372549,50,28.612497806549072
dinov2_b,cifar100,20,100,0.0496435804916713,0.0002034817716629501,0.08006884278524426,0.0022121307246762085,-0.030425262293572963,50,0.0196078431372549,50,28.00326108932495
dinov2_b,cifar100,21,100,0.04889077937992593,0.00017905312861445636,0.08018481753321867,0.002224011075268807,-0.03129403815329272,50,0.0196078431372549,50,28.22295308113098
dinov2_b,cifar100,22,100,0.048854808681419414,0.00023417800716100484,0.08026949043156857,0.002219114437813096,-0.031414681750149165,50,0.0196078431372549,50,28.202964544296265
dinov2_b,cifar100,23,100,0.04893440738542948,0.0002534450126347962,0.08011391952761482,0.0022212306947125018,-0.031179512142185357,50,0.0196078431372549,50,28.984851598739624
dinov2_b,cifar100,24,100,0.049794490573961916,0.0002135570312241304,0.08042706358806602,0.00223223382224698,-0.030632573014104113,50,0.0196078431372549,50,28.41034483909607
dinov2_b,cifar100,25,100,0.04888848768445127,0.0002305914486853744,0.08025613483028682,0.0022282336953645533,-0.03136764714583555,50,0.0196078431372549,50,23.716562509536747
dinov2_b,cifar100,26,100,0.04870383185187508,0.0001913705879231768,0.08009287392637138,0.0022147143247530717,-0.0313890420744963,50,0.0196078431372549,50,26.89271426200867
dinov2_b,cifar100,27,100,0.04920223013328171,0.0001527086910642171,0.08019794135672559,0.002239764288767251,-0.03099571122344388,50,0.0196078431372549,50,27.27876615524292
dinov2_b,cifar100,28,100,0.0493288569512522,0.00021559640351371496,0.08034441552232828,0.00223139733679837,-0.03101555857107608,50,0.0196078431372549,50,27.418596029281613
dinov2_b,cifar100,29,100,0.04876728036626915,0.0001956785114220839,0.08027382014140465,0.0022241321466581923,-0.0315065397751355,50,0.0196078431372549,50,27.37074303627014
dinov2_l,cifar100,-1,100,0.036464683107390115,0.00016461804818072786,0.07123664830435365,0.0016869805629730489,-0.03477196519696353,50,0.0196078431372549,50,27.66733813285828
dinov2_l,cifar100,0,100,0.03646411740039734,0.00015856984105130936,0.07082367662148656,0.001664184719913001,-0.03435955922108922,50,0.0196078431372549,50,28.2938768863678
dinov2_l,cifar100,1,100,0.03632705841784584,0.0001268838401554444,0.07123632902071117,0.0016988533497149074,-0.03490927060286534,50,0.0196078431372549,50,28.194085597991943
dinov2_l,cifar100,2,100,0.03626437925872388,0.000116266164388365,0.07138890927094163,0.0016968990144811216,-0.035124530012217735,50,0.0196078431372549,50,27.980940341949463
dinov2_l,cifar100,3,100,0.03643341026613374,0.00011737284770928948,0.07088893299165955,0.0016767017565671605,-0.034455522725525815,50,0.0196078431372549,50,27.86535096168518
dinov2_l,cifar100,4,100,0.036305028448944614,0.00013522790125462396,0.0709970608441952,0.0016730926239871598,-0.034692032395250594,50,0.0196078431372549,50,28.092543840408325
dinov2_l,cifar100,5,100,0.036294169788734426,0.00015419467988135268,0.07093389930174795,0.0016733333266328212,-0.03463972951301353,50,0.0196078431372549,50,28.05148530006409
dinov2_l,cifar100,6,100,0.03575787151089259,0.00014412570124591967,0.07125491408245123,0.001698943891578077,-0.035497042571558626,50,0.0196078431372549,50,28.78325605392456
dinov2_l,cifar100,7,100,0.03656416664327696,0.00011212748412556047,0.0711143672674118,0.001673945567751448,-0.034550200624134844,50,0.0196078431372549,50,29.252625226974487
dinov2_l,cifar100,8,100,0.03644583194978497,0.0001658519364013654,0.07101163861297882,0.001672502239170499,-0.03456580666319385,50,0.0196078431372549,50,28.754499197006226
dinov2_l,cifar100,9,100,0.03603927926089177,0.0001637453886716671,0.07109389222478021,0.0016817902246409485,-0.03505461296388845,50,0.0196078431372549,50,25.303871631622314
dinov2_l,cifar100,10,100,0.036230071281502636,0.0001394852367899449,0.07098749715419361,0.0016662745230706687,-0.03475742587269097,50,0.0196078431372549,50,25.609246492385864
dinov2_l,cifar100,11,100,0.03618714824675905,0.00010929629987199565,0.07132552732619384,0.0016832953930086456,-0.03513837907943479,50,0.0196078431372549,50,28.09730172157288
dinov2_l,cifar100,12,100,0.036688735219820086,0.00014670074808141944,0.07089670683290182,0.001675609179890593,-0.03420797161308173,50,0.0196078431372549,50,28.032944440841675
dinov2_l,cifar100,13,100,0.03650802886573841,0.00015120889980673596,0.07125893793621944,0.0016821120365466305,-0.034750909070481034,50,0.0196078431372549,50,28.06717896461487
dinov2_l,cifar100,14,100,0.0360147298444843,0.00013349757364723914,0.07097322610945135,0.001664830667012795,-0.03495849626496705,50,0.0196078431372549,50,28.73497080802917
dinov2_l,cifar100,15,100,0.036355915124286896,0.00011043931948376811,0.07128624057807083,0.0016894241485880359,-0.03493032545378393,50,0.0196078431372549,50,28.17361211776733
dinov2_l,cifar100,16,100,0.03618576771224536,0.0001771318859014409,0.07108603757982697,0.0016814257977259485,-0.03490026986758163,50,0.0196078431372549,50,25.087854385375977
dinov2_l,cifar100,17,100,0.0361180596214367,0.00013647110550844672,0.07104618879407949,0.0016755077613858414,-0.034928129172642784,50,0.0196078431372549,50,26.613572835922238
dinov2_l,cifar100,18,100,0.03646482701775237,0.00017534989675875326,0.07115184765310531,0.0016755808046789778,-0.034687020635352936,50,0.0196078431372549,50,27.443422555923465
dinov2_l,cifar100,19,100,0.03593003044538014,0.00014838495282848283,0.0712838321745769,0.0016801200282344178,-0.03535380172919676,50,0.0196078431372549,50,28.724215269088745
dinov2_l,cifar100,20,100,0.03652208236544367,0.00017059523509241274,0.07100457491550183,0.0016683312236885016,-0.03448249255005816,50,0.0196078431372549,50,28.5790011882782
dinov2_l,cifar100,21,100,0.036615207051885576,0.00010788505415073847,0.07110697527616734,0.0016691731337983265,-0.034491768224281766,50,0.0196078431372549,50,28.75870513916016
dinov2_l,cifar100,22,100,0.036213192881123374,0.00013713339063021156,0.07110550495204311,0.0016823497370418482,-0.03489231207091974,50,0.0196078431372549,50,28.51769161224365
dinov2_l,cifar100,23,100,0.03645404974649672,0.00012233823868531692,0.07099190967764622,0.001670640302209001,-0.0345378599311495,50,0.0196078431372549,50,26.37647151947021
dinov2_l,cifar100,24,100,0.03626462372068251,0.0001258132899706513,0.07131253529451688,0.0016801419449492202,-0.03504791157383436,50,0.0196078431372549,50,26.31038498878479
dinov2_l,cifar100,25,100,0.03622445991643164,0.000111134703420969,0.07113538780452199,0.001682337759285932,-0.034910927888090346,50,0.0196078431372549,50,28.154335260391235
dinov2_l,cifar100,26,100,0.0361787164192662,0.00013929376162221898,0.0710027443618255,0.0016810433603408055,-0.034824027942559316,50,0.0196078431372549,50,28.62500524520874
dinov2_l,cifar100,27,100,0.036290324058001436,0.00015083371103438042,0.07110273040432714,0.001680120980006248,-0.034812406346325715,50,0.0196078431372549,50,27.37786602973938
dinov2_l,cifar100,28,100,0.03685992979146401,0.00012778138804003773,0.07091080434470229,0.0016716836404005741,-0.03405087455323828,50,0.0196078431372549,50,27.48028016090393
dinov2_l,cifar100,29,100,0.03616891289003641,0.00013847690232489732,0.0711536260774574,0.001681947536201414,-0.03498471318742099,50,0.0196078431372549,50,27.0752215385437
dinov2_g,cifar100,-1,100,0.030008624669895567,0.00014585741071636364,0.06962871974561963,0.0014720303530453519,-0.03962009507572406,50,0.0196078431372549,50,29.52761721611023
dinov2_g,cifar100,0,100,0.029905454853401525,0.00012131422508047468,0.06937343612945412,0.0014590789379572075,-0.0394679812760526,50,0.0196078431372549,50,27.934278964996338
dinov2_g,cifar100,1,100,0.029711115606557908,0.00015350150323308577,0.06945287539400148,0.0014809798235152106,-0.03974175978744356,50,0.0196078431372549,50,29.436964988708496
dinov2_g,cifar100,2,100,0.0298010047525016,0.0001962618488703764,0.06965049179587256,0.0014652982556682234,-0.03984948704337096,50,0.0196078431372549,50,28.34120225906372
dinov2_g,cifar100,3,100,0.029816840756647145,0.00016870273634970613,0.06930602612901968,0.00145710689157592,-0.03948918537237253,50,0.0196078431372549,50,28.201099395751953
dinov2_g,cifar100,4,100,0.029920944158062724,0.00016186673893196202,0.06943095412268499,0.0014597644963610025,-0.03951000996462227,50,0.0196078431372549,50,28.428284406661987
dinov2_g,cifar100,5,100,0.030100584226413762,0.0001907846815502732,0.06940770590487111,0.0014627995776490506,-0.03930712167845735,50,0.0196078431372549,50,27.825575351715088
dinov2_g,cifar100,6,100,0.02945347043884685,0.00015047640342800612,0.06963642578166547,0.001463327337954175,-0.04018295534281864,50,0.0196078431372549,50,23.295156002044678
dinov2_g,cifar100,7,100,0.030018486044201962,0.00018351462958398476,0.06959762016291036,0.001454733928288778,-0.0395791341187084,50,0.0196078431372549,50,28.11628484725952
dinov2_g,cifar100,8,100,0.029953442526264275,0.00017452505612703222,0.06937685232232796,0.001466852046630599,-0.03942340979606369,50,0.0196078431372549,50,28.32771325111389
dinov2_g,cifar100,9,100,0.029830153920503987,0.00019095573257300863,0.0694145638094698,0.0014552871557025758,-0.039584409888965805,50,0.0196078431372549,50,27.52917456626892
dinov2_g,cifar100,10,100,0.029862962873420763,0.00020001880045443783,0.06952795491340863,0.0014649424445513008,-0.039664992039987856,50,0.0196078431372549,50,28.06277704238892
dinov2_g,cifar100,11,100,0.030011360038610494,0.0002029292444979112,0.06971134684766614,0.0014738182916420744,-0.039699986809055635,50,0.0196078431372549,50,27.76903486251831
dinov2_g,cifar100,12,100,0.030031085692843882,0.00017297067336713258,0.0692666504929222,0.0014655370892675162,-0.03923556480007832,50,0.0196078431372549,50,29.202510833740234
dinov2_g,cifar100,13,100,0.029955702696714395,0.0002186059303809635,0.0696595099633253,0.001461975619065131,-0.039703807266610915,50,0.0196078431372549,50,27.431775331497192
dinov2_g,cifar100,14,100,0.029904858493281932,0.00018330865045599308,0.06952789193845939,0.0014546924371131155,-0.03962303344517746,50,0.0196078431372549,50,28.998624801635746
dinov2_g,cifar100,15,100,0.02997850700990852,0.0001466212993953321,0.0697295867335424,0.0014654784646745793,-0.03975107972363389,50,0.0196078431372549,50,28.711926460266113
dinov2_g,cifar100,16,100,0.029810731606005787,0.0001831728526703353,0.06961600307413843,0.0014632082099890005,-0.03980527146813263,50,0.0196078431372549,50,23.133288145065308
dinov2_g,cifar100,17,100,0.0301664339612058,0.00018703561019492432,0.06944166777131525,0.0014594058108391742,-0.03927523381010944,50,0.0196078431372549,50,23.970787763595578
dinov2_g,cifar100,18,100,0.030045383976011364,0.00017317279599901134,0.06955322139738103,0.0014705670433198571,-0.03950783742136965,50,0.0196078431372549,50,27.07176876068115
dinov2_g,cifar100,19,100,0.029611982722672382,0.00013474186680430313,0.06969478386308567,0.0014706302481192158,-0.04008280114041328,50,0.0196078431372549,50,28.48706865310669
dinov2_g,cifar100,20,100,0.029929270149467682,0.00018334058354695985,0.06932535269251079,0.0014527136659282724,-0.03939608254304311,50,0.0196078431372549,50,27.168165445327762
dinov2_g,cifar100,21,100,0.02984649678301472,0.00015394847964576562,0.06944217565591906,0.0014642854475276738,-0.03959567887290435,50,0.0196078431372549,50,29.29133939743042
dinov2_g,cifar100,22,100,0.030088912374594257,0.0001746777325432565,0.06959597594046386,0.0014545063909951936,-0.03950706356586961,50,0.0196078431372549,50,27.847045421600342
dinov2_g,cifar100,23,100,0.02996292519397482,0.00018549169917700002,0.06950626354714856,0.0014568457833310962,-0.03954333835317374,50,0.0196078431372549,50,30.376338243484497
dinov2_g,cifar100,24,100,0.029857372280176438,0.00015681054626671118,0.06972715608538313,0.0014630796534596982,-0.039869783805206685,50,0.0196078431372549,50,30.4507098197937
dinov2_g,cifar100,25,100,0.02971090012830224,0.00011956351728402312,0.0696368230088527,0.0014675732769702644,-0.039925922880550455,50,0.0196078431372549,50,30.53544449806213
dinov2_g,cifar100,26,100,0.02984645057503595,0.0001661043987888444,0.06932898056141806,0.0014555356364501619,-0.03948252998638212,50,0.0196078431372549,50,26.615363597869873
dinov2_g,cifar100,27,100,0.029968488098273044,0.0001902184791028341,0.06939009323915248,0.0014512299495551006,-0.03942160514087943,50,0.0196078431372549,50,28.22337436676025
dinov2_g,cifar100,28,100,0.030008321737843888,0.00017432997159872235,0.06926884532423963,0.0014621125136900586,-0.03926052358639573,50,0.0196078431372549,50,28.87101054191589
dinov2_g,cifar100,29,100,0.02983666723487345,0.00012069367265439294,0.06961734369454374,0.0014657314131179735,-0.03978067645967029,50,0.0196078431372549,50,25.41003942489624
clip_b,cifar100,-1,100,0.1009863390958035,0.00035877607415080425,0.11957211569846775,0.006459593638227336,-0.018585776602664264,50,0.0196078431372549,50,28.25404262542725
clip_b,cifar100,0,100,0.10058215466378476,0.000283456352948024,0.11972054046643499,0.006405574654282803,-0.019138385802650246,50,0.0196078431372549,50,24.9026141166687
clip_b,cifar100,1,100,0.10109510741788824,0.0002510471150497453,0.119496656516959,0.006451890691329508,-0.018401549099070786,50,0.0196078431372549,50,26.61280155181885
clip_b,cifar100,2,100,0.101243274782809,0.0002465978211404724,0.11948182178480835,0.00643297795420651,-0.01823854700199934,50,0.0196078431372549,50,27.50161600112915
clip_b,cifar100,3,100,0.1007642723267109,0.0002215375411623421,0.11937929785058138,0.006434243804122846,-0.018615025523870482,50,0.0196078431372549,50,27.02709269523621
clip_b,cifar100,4,100,0.10199891226802768,0.0002835865042945955,0.1195276283110193,0.0064475749886811,-0.017528716042991638,50,0.0196078431372549,50,25.433058977127075
clip_b,cifar100,5,100,0.1006093602491828,0.00023265986413009232,0.11939911877760825,0.0064213530103110344,-0.018789758528425432,50,0.0196078431372549,50,22.77805638313293
clip_b,cifar100,6,100,0.1017601873175868,0.0002874160809055516,0.11967300952423908,0.006443739911421415,-0.017912822206652274,50,0.0196078431372549,50,27.428094148635864
clip_b,cifar100,7,100,0.10083767830201912,0.00028198288857522063,0.11954605141664496,0.006404662855468125,-0.018708373114625827,50,0.0196078431372549,50,27.306694984436035
clip_b,cifar100,8,100,0.10031547478625982,0.00028113759368639127,0.11924506167094842,0.006432862987232145,-0.0189295868846886,50,0.0196078431372549,50,28.32795786857605
clip_b,cifar100,9,100,0.1001041229275215,0.0003034864123886565,0.11926110869952915,0.006447397284823736,-0.019156985772007654,50,0.0196078431372549,50,27.61174845695496
clip_b,cifar100,10,100,0.10031004652176226,0.00024478718852569023,0.11946448814347715,0.006466245819278592,-0.01915444162171491,50,0.0196078431372549,50,23.16692352294922
clip_b,cifar100,11,100,0.1004717208763507,0.00023877595070433775,0.119172572197607,0.006445698700975572,-0.01870085132125629,50,0.0196078431372549,50,26.634240865707397
clip_b,cifar100,12,100,0.10101242469067737,0.00023829824670202872,0.1194099529792542,0.006435928176383088,-0.01839752828857684,50,0.0196078431372549,50,25.291712999343872
clip_b,cifar100,13,100,0.10155153167327603,0.00026487568068805163,0.11947563659741435,0.006431162341189485,-0.01792410492413829,50,0.0196078431372549,50,25.76884412765503
clip_b,cifar100,14,100,0.10261474562224107,0.00040861426188282816,0.11958967105261226,0.006444944548688474,-0.016974925430371185,50,0.0196078431372549,50,27.065380573272705
clip_b,cifar100,15,100,0.10048096815653032,0.0002776580336624899,0.11942802524246245,0.006431127985170814,-0.018947057085932098,50,0.0196078431372549,50,27.516455888748172
clip_b,cifar100,16,100,0.10118744801491268,0.00032065179627244233,0.11938359003418368,0.006430572348419717,-0.018196142019270986,50,0.0196078431372549,50,28.68046879768372
clip_b,cifar100,17,100,0.10105750885897613,0.00032757524581700703,0.11896320559654665,0.006457100696467596,-0.017905696737570517,50,0.0196078431372549,50,28.595335960388184
clip_b,cifar100,18,100,0.1014789629473019,0.00024053802966603292,0.11948292437781373,0.006436780913466936,-0.01800396143051183,50,0.0196078431372549,50,28.56188058853149
clip_b,cifar100,19,100,0.10247490806063513,0.0002785549612106156,0.11942517666528354,0.006433829757596988,-0.01695026860464843,50,0.0196078431372549,50,28.62901997566223
clip_b,cifar100,20,100,0.10004707515424656,0.00021559318182922229,0.11949966849520614,0.006433888442281932,-0.019452593340959584,50,0.0196078431372549,50,28.601833581924442
clip_b,cifar100,21,100,0.10154526827850667,0.00028767603258061827,0.11922232805800452,0.006461913187368209,-0.017677059779497864,50,0.0196078431372549,50,28.64719009399414
clip_b,cifar100,22,100,0.09994803682796644,0.00036397877313429177,0.11953301019946146,0.0064454678522401715,-0.019584973371495017,50,0.0196078431372549,50,28.91299510002136
clip_b,cifar100,23,100,0.1023327957973316,0.0002525520867937085,0.11939731458288301,0.006430860497185476,-0.017064518785551392,50,0.0196078431372549,50,28.9087827205658
clip_b,cifar100,24,100,0.1008373632571696,0.00022296823469775302,0.1192591423676038,0.006450058353167731,-0.018421779110434203,50,0.0196078431372549,50,28.89004397392273
clip_b,cifar100,25,100,0.10060237100763808,0.00026761375776348996,0.11928919045522195,0.006424128329838485,-0.01868681944758389,50,0.0196078431372549,50,28.48323130607605
clip_b,cifar100,26,100,0.10141908615000902,0.0003036487168266368,0.11944333028292968,0.006420879255973803,-0.018024244132920652,50,0.0196078431372549,50,29.089551210403442
clip_b,cifar100,27,100,0.10213551458431873,0.00034414917446901094,0.1194035879370801,0.006446548689721728,-0.017268073352761367,50,0.0196078431372549,50,28.606401443481445
clip_b,cifar100,28,100,0.1010316884982484,0.00024592080564031813,0.11929769223290558,0.006463616171274557,-0.018266003734657185,50,0.0196078431372549,50,27.022653579711914
clip_b,cifar100,29,100,0.10151540176115233,0.00025843474451851274,0.11935615510222106,0.006436942428353101,-0.017840753341068702,50,0.0196078431372549,50,26.565508365631104
clip_l,cifar100,-1,100,0.09706439934187908,0.0005306858483585809,0.11450983214874545,0.005329193396643256,-0.017445432806866362,50,0.0196078431372549,50,30.779282331466675
clip_l,cifar100,0,100,0.09594568982976732,0.0004887732846577429,0.11452212950510715,0.005311602811934582,-0.018576439675339854,50,0.0196078431372549,50,32.64999341964722
clip_l,cifar100,1,100,0.09684757058731172,0.00048009360617630193,0.11434861527085535,0.005351138175064264,-0.017501044683543618,50,0.0196078431372549,50,32.254289627075195
clip_l,cifar100,2,100,0.09807818996832736,0.0005719625051515613,0.114523194645725,0.0053341335531451725,-0.016445004677397637,50,0.0196078431372549,50,32.61683821678161
clip_l,cifar100,3,100,0.0968779842682112,0.0004186018599646861,0.11442114757218297,0.005339439203996903,-0.01754316330397179,50,0.0196078431372549,50,32.05524396896362
clip_l,cifar100,4,100,0.0963816843870142,0.00041067329324105103,0.11455022409413065,0.005272372916156678,-0.01816853970711642,50,0.0196078431372549,50,32.273595571517944
clip_l,cifar100,5,100,0.09928556073554258,0.0005215563284387394,0.11454016279781833,0.005283637006479992,-0.01525460206227573,50,0.0196078431372549,50,32.12085580825806
clip_l,cifar100,6,100,0.09680036075663402,0.00047673941015477685,0.11438065780205915,0.005346744867367608,-0.01758029704542513,50,0.0196078431372549,50,32.26811408996582
clip_l,cifar100,7,100,0.09686478007218263,0.0006460744311506902,0.1140823205225429,0.00531104709133683,-0.017217540450360266,50,0.0196078431372549,50,32.3340904712677
clip_l,cifar100,8,100,0.09552372108980013,0.0005009225781830943,0.11416874199019615,0.005287597435504546,-0.01864502090039602,50,0.0196078431372549,50,32.39572262763977
clip_l,cifar100,9,100,0.09785463231932498,0.00046647761757802195,0.11447181149455045,0.005320235574524664,-0.016617179175225483,50,0.0196078431372549,50,31.9785099029541
clip_l,cifar100,10,100,0.0956372494665456,0.00047169337121275663,0.11446318887490915,0.005317763768972221,-0.018825939408363582,50,0.0196078431372549,50,32.34588956832886
clip_l,cifar100,11,100,0.09609232312432472,0.0006654233498542665,0.11422797343292868,0.0053020887351018,-0.01813565030860396,50,0.0196078431372549,50,30.53801012039185
clip_l,cifar100,12,100,0.0969638127410851,0.0005573445870555565,0.1143858504375138,0.005286945864205097,-0.01742203769642868,50,0.0196078431372549,50,30.467540502548214
clip_l,cifar100,13,100,0.0975898388758318,0.0004213572726778183,0.1142899215794195,0.005336258382775001,-0.01670008270358769,50,0.0196078431372549,50,30.60047268867493
clip_l,cifar100,14,100,0.0976555333847436,0.00058202740374041,0.1143989970171508,0.005299106450495103,-0.016743463632407196,50,0.0196078431372549,50,30.46973443031311
clip_l,cifar100,15,100,0.0952017698171312,0.0005186896223794778,0.11431248659508418,0.005308937335191248,-0.01911071677795298,50,0.0196078431372549,50,31.617674350738525
clip_l,cifar100,16,100,0.09609022124455698,0.0004877236154751368,0.11431893684974265,0.005251530322000785,-0.018228715605185686,50,0.0196078431372549,50,27.99128770828247
clip_l,cifar100,17,100,0.0967582151593826,0.0005102786319961453,0.11422772298602275,0.005319652603998117,-0.017469507826640168,50,0.0196078431372549,50,27.679051637649536
clip_l,cifar100,18,100,0.09563111930890142,0.0004819766266306993,0.11438619734744344,0.005276255169795262,-0.018755078038542008,50,0.0196078431372549,50,32.21633744239807
clip_l,cifar100,19,100,0.09602889631332262,0.0006159420470848204,0.11421518089346812,0.005332398010043175,-0.018186284580145498,50,0.0196078431372549,50,32.274526357650764
clip_l,cifar100,20,100,0.09733562120322804,0.00048354718376503164,0.1144181976078086,0.00533487125571437,-0.017082576404580566,50,0.0196078431372549,50,32.376781940460205
clip_l,cifar100,21,100,0.09656051278225522,0.0005093401337388876,0.1141958882088452,0.005306431341812937,-0.01763537542658998,50,0.0196078431372549,50,32.37354636192322
clip_l,cifar100,22,100,0.09755853823742547,0.0006028193941997801,0.11442620004308515,0.005276643109410644,-0.016867661805659698,50,0.0196078431372549,50,32.09836268424988
clip_l,cifar100,23,100,0.0966301428267146,0.0004304587538860021,0.11433098156287284,0.005355641224791118,-0.017700838736158242,50,0.0196078431372549,50,32.40070700645447
clip_l,cifar100,24,100,0.09713204458500067,0.0005516895706329245,0.11443349560062445,0.0052990879790017825,-0.017301451015623758,50,0.0196078431372549,50,32.02447009086609
clip_l,cifar100,25,100,0.0961073993568025,0.0006091955467057931,0.11413158364150072,0.0053632528865160825,-0.018024184284698208,50,0.0196078431372549,50,31.81597661972046
clip_l,cifar100,26,100,0.0956912373337538,0.00039627685330370253,0.11429981583120424,0.0052881328141413785,-0.018608578497450432,50,0.0196078431372549,50,32.009263277053826
clip_l,cifar100,27,100,0.09714882714427923,0.0005553563249614415,0.11426068136423273,0.005302393930065754,-0.017111854219953482,50,0.0196078431372549,50,32.154226303100586
clip_l,cifar100,28,100,0.09569457186268668,0.0005527006674850964,0.11428862229127555,0.005330148413979266,-0.018594050428588887,50,0.0196078431372549,50,32.18265795707702
clip_l,cifar100,29,100,0.09717920263909287,0.000545569246090852,0.11440308985914086,0.005287391112052738,-0.017223887220047945,50,0.0196078431372549,50,32.159894943237305
siglip_b,cifar100,-1,100,0.09781604158699787,0.0005469030512733434,0.11917804913353595,0.005212360274471839,-0.02136200754653809,50,0.0196078431372549,50,31.06019902229309
siglip_b,cifar100,0,100,0.0989944379315238,0.0005784680217680524,0.11909163169122135,0.0051756354328632535,-0.020097193759697558,50,0.0196078431372549,50,31.33833384513855
siglip_b,cifar100,1,100,0.09815463176842958,0.0004928837731501596,0.11905619978542988,0.005229524037906369,-0.020901568017000317,50,0.0196078431372549,50,31.2017126083374
siglip_b,cifar100,2,100,0.09796308482898436,0.0005266765215523083,0.11911254831304527,0.005171139700542836,-0.02114946348406091,50,0.0196078431372549,50,31.22124767303467
siglip_b,cifar100,3,100,0.0976463778080633,0.0006715737228208245,0.11899575576187753,0.0051882618871307296,-0.021349377953814225,50,0.0196078431372549,50,31.41717004776001
siglip_b,cifar100,4,100,0.09809840143436777,0.0005709292221729325,0.11917190368576487,0.005195636831479979,-0.02107350225139712,50,0.0196078431372549,50,30.978637218475342
siglip_b,cifar100,5,100,0.09712360595270947,0.0005209769536491243,0.11909918490249015,0.0051759040729811995,-0.021975578949780653,50,0.0196078431372549,50,31.113918781280518
siglip_b,cifar100,6,100,0.09921332931580902,0.0004933466581514056,0.11908372948019805,0.005208299969696384,-0.019870400164389013,50,0.0196078431372549,50,31.25277590751648
siglip_b,cifar100,7,100,0.09859817275522198,0.0005452067413600645,0.11903147251248565,0.005167118193331849,-0.020433299757263657,50,0.0196078431372549,50,30.611891746521
siglip_b,cifar100,8,100,0.098702188096262,0.0005082735276994098,0.11888225925077706,0.005228720057142984,-0.020180071154515058,50,0.0196078431372549,50,30.59404754638672
siglip_b,cifar100,9,100,0.0980743021827183,0.0005336847460859894,0.11890761333645368,0.005253039460227172,-0.020833311153735382,50,0.0196078431372549,50,30.888412475585934
siglip_b,cifar100,10,100,0.0980349272469519,0.0005615719537557255,0.11907128244551547,0.005180336869041415,-0.021036355198563592,50,0.0196078431372549,50,30.967807292938232
siglip_b,cifar100,11,100,0.09878691473314144,0.0005392611671968215,0.11910025865233613,0.005177806213437134,-0.020313343919194662,50,0.0196078431372549,50,30.37582015991211
siglip_b,cifar100,12,100,0.09830248150675423,0.0004988563925229199,0.11900027953225893,0.0051990514437273115,-0.0206977980255047,50,0.0196078431372549,50,31.435699462890625
siglip_b,cifar100,13,100,0.0983803274737376,0.000628787425608481,0.11916203338118395,0.005191806695886736,-0.020781705907446338,50,0.0196078431372549,50,31.53898406028748
siglip_b,cifar100,14,100,0.09869831185531004,0.0005538829192604048,0.11905523979687856,0.005217647709483562,-0.020356927941568542,50,0.0196078431372549,50,31.38846302032471
siglip_b,cifar100,15,100,0.09792178130563542,0.0005859469929806095,0.1191290287172252,0.005137135018935068,-0.02120724741158977,50,0.0196078431372549,50,31.305429697036747
siglip_b,cifar100,16,100,0.0974881847622208,0.0005000078857907205,0.1190699476119894,0.005149554024638053,-0.02158176284976861,50,0.0196078431372549,50,31.205785989761356
siglip_b,cifar100,17,100,0.09686621017596922,0.000520298115728431,0.11895393773905805,0.00524642424346268,-0.022087727563088813,50,0.0196078431372549,50,31.31804966926575
siglip_b,cifar100,18,100,0.0981019350600613,0.0005019324266571174,0.11902756022654826,0.005191097615605435,-0.020925625166486952,50,0.0196078431372549,50,31.264376163482666
siglip_b,cifar100,19,100,0.09691313440866396,0.0005822641122360513,0.1189612232386294,0.00520929373121749,-0.02204808882996546,50,0.0196078431372549,50,31.82490181922913
siglip_b,cifar100,20,100,0.09750580961579963,0.00042465955232676947,0.11912433534029555,0.005167837854093128,-0.021618525724495918,50,0.0196078431372549,50,32.087432861328125
siglip_b,cifar100,21,100,0.0981537285678418,0.00042541089937245686,0.11899974003640384,0.005219036401625762,-0.020846011468562037,50,0.0196078431372549,50,32.469189643859856
siglip_b,cifar100,22,100,0.0977967661314678,0.0005660355287408666,0.1190881229052904,0.005181912010742755,-0.0212913567738226,50,0.0196078431372549,50,31.57082486152649
siglip_b,cifar100,23,100,0.0983162930373699,0.0005411108241912334,0.1190774609579854,0.005193452130866542,-0.020761167920615498,50,0.0196078431372549,50,29.079360961914066
siglip_b,cifar100,24,100,0.09775284845025606,0.0005921432085555286,0.11902418095628943,0.005191931345425725,-0.021271332506033358,50,0.0196078431372549,50,30.551324367523193
siglip_b,cifar100,25,100,0.09837803105340756,0.0005855671048818343,0.11893346159595325,0.005224089306559008,-0.020555430542545692,50,0.0196078431372549,50,30.89331960678101
siglip_b,cifar100,26,100,0.09613270406533676,0.0005834254692421982,0.11897660031133615,0.005110006768921521,-0.022843896245999404,50,0.0196078431372549,50,31.26898741722107
siglip_b,cifar100,27,100,0.09678775388621466,0.000546704497412593,0.11900002679563018,0.005178829407604857,-0.02221227290941552,50,0.0196078431372549,50,31.168372392654422
siglip_b,cifar100,28,100,0.09783734594462126,0.0006316048208177704,0.11886070305229443,0.005263127647380727,-0.021023357107673155,50,0.0196078431372549,50,31.283677339553837
siglip_b,cifar100,29,100,0.0958269939359994,0.0005865238389579935,0.11892851000043653,0.005240702712502824,-0.023101516064437125,50,0.0196078431372549,50,31.070425033569336
i21k_t,cifar10,-1,10,0.12219879620197655,0.0,0.1466138013025743,0.021130769669226473,-0.024415005100597714,45,0.1176470588235294,50,25.52572774887085
i21k_t,cifar10,0,10,0.1211674245289485,1.3877787807814454e-17,0.14701157110107468,0.021152162493671543,-0.025844146572126175,46,0.09803921568627452,50,24.92989492416382
i21k_t,cifar10,1,10,0.1224961609517092,0.0,0.14672512767421705,0.02110897269939207,-0.024228966722507864,45,0.1176470588235294,50,24.4727635383606
i21k_t,cifar10,2,10,0.11917855662043245,0.0,0.14638831939098956,0.02111617518827817,-0.02720976277055712,46,0.09803921568627452,50,24.172924280166626
i21k_t,cifar10,3,10,0.12209787012272225,0.0,0.14663117551443008,0.02111551919640757,-0.02453330539170784,46,0.09803921568627452,50,23.234917163848877
i21k_t,cifar10,4,10,0.12084243466103485,1.3877787807814454e-17,0.14660715461549773,0.02115277306194677,-0.025764719954462858,46,0.09803921568627452,50,25.644778728485107
i21k_t,cifar10,5,10,0.12303685816124114,0.0,0.14705902248024094,0.02111501779123195,-0.02402216431899977,45,0.1176470588235294,50,25.41090488433838
i21k_t,cifar10,6,10,0.12014173568104165,0.0,0.1464202117516022,0.021027200237289427,-0.026278476070560542,46,0.09803921568627452,50,24.905692100524906
i21k_t,cifar10,7,10,0.12268349516098018,1.3877787807814454e-17,0.1465698583581199,0.02112013284646935,-0.023886363197139715,45,0.1176470588235294,50,24.341567039489746
i21k_t,cifar10,8,10,0.12109934278233465,0.0,0.14668414017617012,0.021047535140096132,-0.025584797393835467,46,0.09803921568627452,50,24.449577808380127
i21k_t,cifar10,9,10,0.12498271361554608,0.0,0.14669509381925036,0.02116857118194025,-0.02171238020370429,44,0.13725490196078433,50,24.12246918678284
i21k_t,cifar10,10,10,0.12245433775822692,2.7755575615628914e-17,0.14630141585739986,0.021136457925720345,-0.023847078099172917,45,0.1176470588235294,50,24.38040804862976
i21k_t,cifar10,11,10,0.1213352239194054,0.0,0.146833328048938,0.02119949215357145,-0.0254981041295326,46,0.09803921568627452,50,24.145978450775146
i21k_t,cifar10,12,10,0.12504928070307694,0.0,0.1474860855151668,0.021258147781601545,-0.022436804812089872,44,0.13725490196078433,50,24.266897916793823
i21k_t,cifar10,13,10,0.1218140518536632,0.0,0.14666417317338232,0.021128228442435327,-0.024850121319719115,45,0.1176470588235294,50,24.146867275238037
i21k_t,cifar10,14,10,0.1217795292759584,1.3877787807814454e-17,0.14644518852191574,0.02111028040914768,-0.024665659245957358,45,0.1176470588235294,50,24.172653913497925
i21k_t,cifar10,15,10,0.12013405772779275,1.3877787807814454e-17,0.14613049224226118,0.021104468155053013,-0.025996434514468408,46,0.09803921568627452,50,24.111412048339844
i21k_t,cifar10,16,10,0.12135145694081363,0.0,0.14636061337332262,0.02116442062803598,-0.025009156432509002,45,0.1176470588235294,50,23.995116233825684
i21k_t,cifar10,17,10,0.12276101370317985,1.3877787807814454e-17,0.14677889295600072,0.021126571700133673,-0.024017879252820867,45,0.1176470588235294,50,24.098029613494873
i21k_t,cifar10,18,10,0.12385024698450872,0.0,0.14695114179525418,0.021181848179741787,-0.023100894810745468,44,0.13725490196078433,50,24.0819103717804
i21k_t,cifar10,19,10,0.12089230597926084,1.3877787807814454e-17,0.14647611279384254,0.021182776096642743,-0.025583806814581708,46,0.09803921568627452,50,24.048550844192505
i21k_t,cifar10,20,10,0.12161568247000935,1.3877787807814454e-17,0.14638378262293114,0.021167960973624358,-0.024768100152921812,45,0.1176470588235294,50,24.10652494430542
i21k_t,cifar10,21,10,0.12066490043560432,1.3877787807814454e-17,0.14639314032239767,0.02108574080266329,-0.025728239886793347,46,0.09803921568627452,50,24.02849054336548
i21k_t,cifar10,22,10,0.12040022321569745,2.7755575615628914e-17,0.14694834433989049,0.021114350767133232,-0.026548121124193025,46,0.09803921568627452,50,24.13715147972107
i21k_t,cifar10,23,10,0.12071056670316735,1.3877787807814454e-17,0.14630814746184884,0.021215864142192932,-0.025597580758681515,46,0.09803921568627452,50,24.255144357681274
i21k_t,cifar10,24,10,0.1223560516311644,0.0,0.14682750067987035,0.021150267026485217,-0.02447144904870596,45,0.1176470588235294,50,23.89161467552185
i21k_t,cifar10,25,10,0.1220385436836606,1.3877787807814454e-17,0.1464771609461334,0.021106439777949102,-0.02443861726247279,45,0.1176470588235294,50,25.563016176223755
i21k_t,cifar10,26,10,0.1249951365981958,0.0,0.14669805376241074,0.02117681824766655,-0.021702917164214974,44,0.13725490196078433,50,25.546457052230835
i21k_t,cifar10,27,10,0.12118219384634403,0.0,0.14616220133668512,0.021033390058941264,-0.0249800074903411,45,0.1176470588235294,50,25.422805070877075
i21k_t,cifar10,28,10,0.12496591005358867,1.3877787807814454e-17,0.14681762272557508,0.021193538383525785,-0.02185171267198641,44,0.13725490196078433,50,25.15971350669861
i21k_t,cifar10,29,10,0.12300649873218925,0.0,0.14708099406372652,0.02105962609505373,-0.024074495331537268,45,0.1176470588235294,50,24.14894199371338
i21k_s,cifar10,-1,10,0.0859252978448907,1.3877787807814454e-17,0.1446699868229074,0.022792958329785527,-0.05874468897801671,50,0.0196078431372549,50,24.09423851966858
i21k_s,cifar10,0,10,0.08634030856328292,1.3877787807814454e-17,0.14521775120838856,0.022911805679395846,-0.05887744264510564,50,0.0196078431372549,50,24.174570560455322
i21k_s,cifar10,1,10,0.0854700438362022,1.3877787807814454e-17,0.14466096259059028,0.022711078945896503,-0.059190918754388075,50,0.0196078431372549,50,23.981289148330692
i21k_s,cifar10,2,10,0.08585145398215419,0.0,0.1448003827237952,0.0228552787184883,-0.05894892874164101,50,0.0196078431372549,50,24.001662969589233
i21k_s,cifar10,3,10,0.08684367681774018,0.0,0.14488489811139188,0.02301180035422926,-0.0580412212936517,50,0.0196078431372549,50,23.832834005355835
i21k_s,cifar10,4,10,0.08825366114597875,0.0,0.14449415416960015,0.022657189522472896,-0.0562404930236214,50,0.0196078431372549,50,23.770001888275146
i21k_s,cifar10,5,10,0.08415478927293983,1.3877787807814454e-17,0.14463903431160902,0.022603588980018272,-0.0604842450386692,50,0.0196078431372549,50,23.251701831817627
i21k_s,cifar10,6,10,0.08809725803911707,1.3877787807814454e-17,0.14457287190823973,0.02285687621941449,-0.056475613869122636,50,0.0196078431372549,50,22.26236891746521
i21k_s,cifar10,7,10,0.08603097478029917,0.0,0.1442939453237868,0.02255660932751153,-0.05826297054348763,50,0.0196078431372549,50,24.25247502326965
i21k_s,cifar10,8,10,0.0855351221379579,0.0,0.1450157425467101,0.022866830898088424,-0.0594806204087522,50,0.0196078431372549,50,24.30005741119385
i21k_s,cifar10,9,10,0.0845453059335667,0.0,0.14462630300123247,0.02268701237759637,-0.06008099706766577,50,0.0196078431372549,50,23.99540400505066
i21k_s,cifar10,10,10,0.0864962331806557,0.0,0.14437742835219686,0.022720976972327517,-0.05788119517154115,50,0.0196078431372549,50,24.183195114135746
i21k_s,cifar10,11,10,0.08410881540955137,0.0,0.14503997524364964,0.02264948948181876,-0.06093115983409826,50,0.0196078431372549,50,23.98876714706421
i21k_s,cifar10,12,10,0.08445745803885063,0.0,0.14478973412360602,0.022783186766371952,-0.06033227608475539,50,0.0196078431372549,50,24.06872153282165
i21k_s,cifar10,13,10,0.08571391828032858,1.3877787807814454e-17,0.14467033673942395,0.02291658011549061,-0.058956418459095376,50,0.0196078431372549,50,21.4633150100708
i21k_s,cifar10,14,10,0.08648758989633637,1.3877787807814454e-17,0.14448733827726684,0.02269229695238014,-0.057999748380930465,50,0.0196078431372549,50,23.30367398262024
i21k_s,cifar10,15,10,0.08653016292300761,1.3877787807814454e-17,0.14417605650428544,0.02282233980721861,-0.057645893581277835,50,0.0196078431372549,50,23.283823490142822
i21k_s,cifar10,16,10,0.0866812652434473,1.3877787807814454e-17,0.14478853414580078,0.02281371869929969,-0.05810726890235349,50,0.0196078431372549,50,23.33038854598999
i21k_s,cifar10,17,10,0.08705656496941107,0.0,0.14488769015479794,0.02285675609146004,-0.0578311251853869,50,0.0196078431372549,50,23.27316355705261
i21k_s,cifar10,18,10,0.08650399889883728,0.0,0.14449429046178486,0.022713302802087592,-0.05799029156294755,50,0.0196078431372549,50,23.498480319976807
i21k_s,cifar10,19,10,0.08618448668475294,1.3877787807814454e-17,0.14463679093470538,0.02277031853912188,-0.05845230424995245,50,0.0196078431372549,50,23.486846446990967
i21k_s,cifar10,20,10,0.08553727798976171,0.0,0.14423740606837435,0.022540633081167025,-0.05870012807861266,50,0.0196078431372549,50,23.457210302352905
i21k_s,cifar10,21,10,0.08550288038865035,1.3877787807814454e-17,0.14502545985079285,0.022863234164034418,-0.0595225794621425,50,0.0196078431372549,50,23.81102180480957
i21k_s,cifar10,22,10,0.0844403593020168,0.0,0.14505576449820848,0.0229157142161946,-0.060615405196191685,50,0.0196078431372549,50,24.982266664505005
i21k_s,cifar10,23,10,0.08624482733996723,1.3877787807814454e-17,0.144628710481458,0.02287095777216669,-0.058383883141490775,50,0.0196078431372549,50,20.802954912185672
i21k_s,cifar10,24,10,0.084868602121461,0.0,0.14445571203313384,0.022695208121752585,-0.05958710991167285,50,0.0196078431372549,50,21.516377210617065
i21k_s,cifar10,25,10,0.08554363250418581,1.3877787807814454e-17,0.14487591322806487,0.022964641051578454,-0.05933228072387905,50,0.0196078431372549,50,21.191445112228394
i21k_s,cifar10,26,10,0.08582973725798647,0.0,0.1443688031094681,0.022663045948239143,-0.05853906585148162,50,0.0196078431372549,50,20.134323120117188
i21k_s,cifar10,27,10,0.08674595344172277,0.0,0.144807534832102,0.02304209838241029,-0.0580615813903792,50,0.0196078431372549,50,22.4567449092865
i21k_s,cifar10,28,10,0.08527281564344255,0.0,0.144772613318095,0.02268425796986453,-0.05949979767465244,50,0.0196078431372549,50,23.10520172119141
i21k_s,cifar10,29,10,0.08654486038408091,0.0,0.1453254257159248,0.022947206932795044,-0.058780565331843886,50,0.0196078431372549,50,23.156073570251465
i21k_b,cifar10,-1,10,0.08912335947310047,0.0,0.14294426734539736,0.021769288362033984,-0.05382090787229689,50,0.0196078431372549,50,22.48998260498047
i21k_b,cifar10,0,10,0.0889508616494448,0.0,0.14336603801221018,0.021948033103757064,-0.05441517636276538,50,0.0196078431372549,50,20.477748394012448
i21k_b,cifar10,1,10,0.08967272383789496,1.3877787807814454e-17,0.14283214036366204,0.021710569464414582,-0.05315941652576709,50,0.0196078431372549,50,20.61976408958435
i21k_b,cifar10,2,10,0.08996665185539424,1.3877787807814454e-17,0.14288782957979546,0.02168292428402896,-0.052921177724401185,50,0.0196078431372549,50,20.298124790191647
i21k_b,cifar10,3,10,0.0871019899255113,1.3877787807814454e-17,0.1434763945267361,0.021920396894147896,-0.056374404601224816,50,0.0196078431372549,50,20.533563375473022
i21k_b,cifar10,4,10,0.08946975271360033,0.0,0.14299238061530972,0.021795305457122376,-0.05352262790170939,50,0.0196078431372549,50,22.11589884757996
i21k_b,cifar10,5,10,0.08775880922384849,0.0,0.14307359727404706,0.021748547242529257,-0.055314788050198536,50,0.0196078431372549,50,20.109971284866333
i21k_b,cifar10,6,10,0.08989475959813345,1.3877787807814454e-17,0.14280495181722122,0.021636580325831413,-0.05291019221908777,50,0.0196078431372549,50,20.139415979385376
i21k_b,cifar10,7,10,0.09033478016068423,1.3877787807814454e-17,0.14307578061622267,0.02173620387013912,-0.052741000455538437,50,0.0196078431372549,50,22.018813371658325
i21k_b,cifar10,8,10,0.08758540645231938,0.0,0.14349420557050546,0.02194744393450031,-0.055908799118186095,50,0.0196078431372549,50,24.686673641204834
i21k_b,cifar10,9,10,0.08858928137482723,0.0,0.14283332938914156,0.0217641705516768,-0.05424404801431433,50,0.0196078431372549,50,24.45052242279053
i21k_b,cifar10,10,10,0.09124345277077864,1.3877787807814454e-17,0.14235081556674012,0.021701159937968145,-0.05110736279596148,50,0.0196078431372549,50,24.547394275665283
i21k_b,cifar10,11,10,0.08737464746266775,0.0,0.14338649572057827,0.02182647858973046,-0.056011848257910515,50,0.0196078431372549,50,23.270350456237797
i21k_b,cifar10,12,10,0.08774198211473756,1.3877787807814454e-17,0.1429677647091027,0.021967898896780386,-0.055225782594365135,50,0.0196078431372549,50,20.490463733673092
i21k_b,cifar10,13,10,0.08957691366956183,1.3877787807814454e-17,0.1428222105662605,0.02186855125802515,-0.053245296896698636,50,0.0196078431372549,50,20.65084743499756
i21k_b,cifar10,14,10,0.08963432110371472,0.0,0.1429274350389841,0.021756621045934708,-0.05329311393526938,50,0.0196078431372549,50,20.114225149154663
i21k_b,cifar10,15,10,0.09069813132869144,0.0,0.1426412328414948,0.021724706365014824,-0.05194310151280336,50,0.0196078431372549,50,21.15210294723511
i21k_b,cifar10,16,10,0.08904853407153186,1.3877787807814454e-17,0.14304628337341266,0.021877770445248558,-0.0539977493018808,50,0.0196078431372549,50,23.32674503326416
i21k_b,cifar10,17,10,0.08912478316859042,1.3877787807814454e-17,0.1432508271663542,0.021904795632940902,-0.054126043997763766,50,0.0196078431372549,50,24.841557502746586
i21k_b,cifar10,18,10,0.0886539261168713,0.0,0.14296185572246953,0.02185788577538823,-0.05430792960559823,50,0.0196078431372549,50,24.4461042881012
i21k_b,cifar10,19,10,0.09067118527903063,0.0,0.14288558481377944,0.021819307543889985,-0.0522143995347488,50,0.0196078431372549,50,24.933486461639404
i21k_b,cifar10,20,10,0.089351929872086,1.3877787807814454e-17,0.14309578285650865,0.02176351689944304,-0.05374385298442265,50,0.0196078431372549,50,24.475918292999268
i21k_b,cifar10,21,10,0.08758322721492738,0.0,0.14299643287459435,0.02181179657853691,-0.05541320565966698,50,0.0196078431372549,50,21.55586791038513
i21k_b,cifar10,22,10,0.08868567987108945,0.0,0.14328161927821464,0.02190750265021328,-0.05459593940712519,50,0.0196078431372549,50,22.902143239974976
i21k_b,cifar10,23,10,0.08884713807593594,0.0,0.14256536473070527,0.021666672136298408,-0.05371822665476933,50,0.0196078431372549,50,24.020161151885986
i21k_b,cifar10,24,10,0.08802154456041511,0.0,0.1430678636839418,0.021801894523389896,-0.0550463191235267,50,0.0196078431372549,50,23.27747631072998
i21k_b,cifar10,25,10,0.09106066716387083,0.0,0.14302133821202734,0.02186638894815233,-0.05196067104815653,50,0.0196078431372549,50,23.265496015548703
i21k_b,cifar10,26,10,0.08997540450821769,1.3877787807814454e-17,0.14286854349199024,0.021670369819122227,-0.05289313898377256,50,0.0196078431372549,50,22.94224739074707
i21k_b,cifar10,27,10,0.0891799768673954,0.0,0.1426504746950868,0.021634585852760683,-0.053470497827691386,50,0.0196078431372549,50,21.55564594268799
i21k_b,cifar10,28,10,0.09003671877902228,1.3877787807814454e-17,0.14335228232971992,0.02181861591141916,-0.05331556355069764,50,0.0196078431372549,50,24.38884449005127
i21k_b,cifar10,29,10,0.08810516787687153,0.0,0.14309569833550748,0.02166656187130831,-0.05499053045863594,50,0.0196078431372549,50,21.08473563194275
i21k_l,cifar10,-1,10,0.08357815749110106,1.3877787807814454e-17,0.1454476262356042,0.023088353188855076,-0.06186946874450314,50,0.0196078431372549,50,21.877771615982056
i21k_l,cifar10,0,10,0.08279869085617461,1.3877787807814454e-17,0.14563870702118462,0.02308942769186593,-0.06284001616501,50,0.0196078431372549,50,22.192745685577393
i21k_l,cifar10,1,10,0.08443129242005709,0.0,0.14573323454508524,0.023146193263475414,-0.06130194212502815,50,0.0196078431372549,50,23.27041339874268
i21k_l,cifar10,2,10,0.08280241868651418,0.0,0.14528170145063282,0.022903799159559247,-0.06247928276411865,50,0.0196078431372549,50,23.256251096725464
i21k_l,cifar10,3,10,0.08403016249215647,0.0,0.14576526039116694,0.023357793646880797,-0.06173509789901047,50,0.0196078431372549,50,23.482325792312626
i21k_l,cifar10,4,10,0.08452173299224572,0.0,0.1453902490450023,0.023142800957093503,-0.060868516052756574,50,0.0196078431372549,50,23.58406472206116
i21k_l,cifar10,5,10,0.08219817111496197,0.0,0.14560302943990788,0.022973312686165023,-0.06340485832494591,50,0.0196078431372549,50,23.421921730041504
i21k_l,cifar10,6,10,0.08414513414036295,0.0,0.1455357816267275,0.023101202076629863,-0.06139064748636455,50,0.0196078431372549,50,23.49182868003845
i21k_l,cifar10,7,10,0.08363603353257867,1.3877787807814454e-17,0.1455649127082458,0.022989196351538302,-0.06192887917566714,50,0.0196078431372549,50,23.37133049964905
i21k_l,cifar10,8,10,0.08377944676868973,0.0,0.14548215568319728,0.023125632114231517,-0.06170270891450755,50,0.0196078431372549,50,23.528262615203857
i21k_l,cifar10,9,10,0.08245734524173019,0.0,0.1457108344322036,0.02304587651797173,-0.0632534891904734,50,0.0196078431372549,50,23.12808060646057
i21k_l,cifar10,10,10,0.0836905359682111,0.0,0.1454031577165325,0.023049498785794764,-0.0617126217483214,50,0.0196078431372549,50,22.548897743225094
i21k_l,cifar10,11,10,0.08261932161414856,0.0,0.1457461727461609,0.02311102420969031,-0.06312685113201233,50,0.0196078431372549,50,22.885202407836914
i21k_l,cifar10,12,10,0.0823275080460403,1.3877787807814454e-17,0.1451975471615879,0.02306738907882321,-0.06287003911554759,50,0.0196078431372549,50,23.82393741607666
i21k_l,cifar10,13,10,0.0843787232845047,0.0,0.1454068284280346,0.0229572312275806,-0.0610281051435299,50,0.0196078431372549,50,23.665082216262817
i21k_l,cifar10,14,10,0.08301352660068391,1.3877787807814454e-17,0.14538252048714578,0.02304561810775151,-0.062368993886461874,50,0.0196078431372549,50,23.90319800376892
i21k_l,cifar10,15,10,0.08506488890270078,1.3877787807814454e-17,0.14506114015262775,0.02301282603678417,-0.059996251249926975,50,0.0196078431372549,50,23.99348735809326
i21k_l,cifar10,16,10,0.08292668881714951,0.0,0.14557964051168287,0.02303399036919848,-0.06265295169453336,50,0.0196078431372549,50,23.901058673858643
i21k_l,cifar10,17,10,0.08471433835022056,0.0,0.14570742558014504,0.02302466952110227,-0.06099308722992448,50,0.0196078431372549,50,23.9590425491333
i21k_l,cifar10,18,10,0.08408620504272858,0.0,0.14540748941821652,0.023149646941100308,-0.061321284375487936,50,0.0196078431372549,50,23.27131938934326
i21k_l,cifar10,19,10,0.0833430654533194,1.3877787807814454e-17,0.14538634570046902,0.023148204317437842,-0.06204328024714961,50,0.0196078431372549,50,23.354973316192627
i21k_l,cifar10,20,10,0.08429500558958017,1.3877787807814454e-17,0.14574100440919804,0.023098570172416674,-0.061445998819617875,50,0.0196078431372549,50,22.298945903778076
i21k_l,cifar10,21,10,0.0820348614391728,0.0,0.14534416966658126,0.02302650166410527,-0.06330930822740846,50,0.0196078431372549,50,22.80182981491089
i21k_l,cifar10,22,10,0.08245958391961715,0.0,0.14570206958378573,0.023186924802514452,-0.06324248566416857,50,0.0196078431372549,50,23.56658744812012
i21k_l,cifar10,23,10,0.08123514137042866,0.0,0.1454252235446788,0.02307464591418909,-0.06419008217425014,50,0.0196078431372549,50,23.689900875091553
i21k_l,cifar10,24,10,0.08219135624150073,0.0,0.14555807632604276,0.023109655579495,-0.06336672008454203,50,0.0196078431372549,50,23.68760752677917
i21k_l,cifar10,25,10,0.08431449320482234,1.3877787807814454e-17,0.14539842431971045,0.023268120694830068,-0.061083931114888114,50,0.0196078431372549,50,23.84311318397522
i21k_l,cifar10,26,10,0.0845624215319831,1.3877787807814454e-17,0.14540508562201002,0.023002854457474492,-0.060842664090026886,50,0.0196078431372549,50,23.587512493133545
i21k_l,cifar10,27,10,0.08339453224493308,0.0,0.14517260129797116,0.023022422100659884,-0.061778069053038086,50,0.0196078431372549,50,22.263494968414307
i21k_l,cifar10,28,10,0.08432906342191783,0.0,0.145757827580046,0.023054050798828142,-0.061428764158128174,50,0.0196078431372549,50,23.993711233139038
i21k_l,cifar10,29,10,0.08357787565208953,1.3877787807814454e-17,0.14578069298569696,0.02298087231964285,-0.06220281733360741,50,0.0196078431372549,50,23.66925811767578
dinov1_b,cifar10,-1,10,0.08839522628605256,0.0,0.15240146412456798,0.024721592781993637,-0.06400623783851545,50,0.0196078431372549,50,23.77231860160828
dinov1_b,cifar10,0,10,0.08626563424448262,0.0,0.1527665532403959,0.02472498973985901,-0.06650091899591327,50,0.0196078431372549,50,23.9290292263031
dinov1_b,cifar10,1,10,0.0876502118212236,0.0,0.15222192412431992,0.024962857892706268,-0.06457171230309633,50,0.0196078431372549,50,23.71126914024353
dinov1_b,cifar10,2,10,0.08763490298495348,0.0,0.1524338568951883,0.024762017092827684,-0.06479895391023482,50,0.0196078431372549,50,22.555616855621338
dinov1_b,cifar10,3,10,0.08860356274873275,1.3877787807814454e-17,0.15251611940811344,0.02452048382925246,-0.06391255665938067,50,0.0196078431372549,50,19.422268152236942
dinov1_b,cifar10,4,10,0.08826689710212497,0.0,0.15239264691508764,0.024652004593014004,-0.06412574981296268,50,0.0196078431372549,50,23.863322257995605
dinov1_b,cifar10,5,10,0.08702834845385013,0.0,0.1526288986283155,0.024713201086832157,-0.06560055017446538,50,0.0196078431372549,50,21.83993411064148
dinov1_b,cifar10,6,10,0.08972115556985051,0.0,0.1522431307935738,0.024468248079994148,-0.06252197522372327,50,0.0196078431372549,50,24.4341402053833
dinov1_b,cifar10,7,10,0.0897072996710285,1.3877787807814454e-17,0.1522448510004598,0.02470843737534575,-0.06253755132943127,50,0.0196078431372549,50,24.28614497184753
dinov1_b,cifar10,8,10,0.09036103125023644,0.0,0.15224617415417455,0.024745309968687797,-0.0618851429039381,50,0.0196078431372549,50,23.68035125732422
dinov1_b,cifar10,9,10,0.08710909565587521,0.0,0.15234797191301913,0.02475568439366749,-0.06523887625714392,50,0.0196078431372549,50,23.85395050048828
dinov1_b,cifar10,10,10,0.08889244703475299,1.3877787807814454e-17,0.1521855783025906,0.02482485170510737,-0.06329313126783763,50,0.0196078431372549,50,24.068645000457764
dinov1_b,cifar10,11,10,0.08922374661770653,1.3877787807814454e-17,0.1530320439591389,0.02478491127120177,-0.0638082973414324,50,0.0196078431372549,50,23.702829837799072
dinov1_b,cifar10,12,10,0.08824846764986724,1.3877787807814454e-17,0.15263081820461102,0.024826670389995236,-0.06438235055474377,50,0.0196078431372549,50,23.44720458984375
dinov1_b,cifar10,13,10,0.0873104458885913,0.0,0.15234502363070607,0.024865170665647064,-0.06503457774211477,50,0.0196078431372549,50,23.88430142402649
dinov1_b,cifar10,14,10,0.0878245208523919,0.0,0.1521928269281778,0.02493852781097902,-0.06436830607578589,50,0.0196078431372549,50,21.90412664413452
dinov1_b,cifar10,15,10,0.08948226322645393,0.0,0.15220222970446046,0.02472695527051485,-0.06271996647800654,50,0.0196078431372549,50,22.00303888320923
dinov1_b,cifar10,16,10,0.0893993028089982,0.0,0.1524293271442781,0.02484267450692856,-0.06303002433527989,50,0.0196078431372549,50,19.55226492881775
dinov1_b,cifar10,17,10,0.08782457024139942,1.3877787807814454e-17,0.15235029393571264,0.024807732601427785,-0.06452572369431323,50,0.0196078431372549,50,19.4008150100708
dinov1_b,cifar10,18,10,0.08649692435262338,0.0,0.15229665115322186,0.024894223981786368,-0.06579972680059848,50,0.0196078431372549,50,20.868993997573853
dinov1_b,cifar10,19,10,0.08739813913042603,0.0,0.15279661753141582,0.02477389334765047,-0.06539847840098979,50,0.0196078431372549,50,22.26171851158142
dinov1_b,cifar10,20,10,0.08904651968773028,0.0,0.1522535932715955,0.024778222843670376,-0.06320707358386521,50,0.0196078431372549,50,22.19616723060608
dinov1_b,cifar10,21,10,0.08750489722398487,0.0,0.15232208768711528,0.024834134618735158,-0.06481719046313039,50,0.0196078431372549,50,22.38322806358337
dinov1_b,cifar10,22,10,0.08689857850184479,0.0,0.15273690028107334,0.02476596320351321,-0.06583832177922855,50,0.0196078431372549,50,22.314561605453488
dinov1_b,cifar10,23,10,0.0886845941307777,1.3877787807814454e-17,0.1522102085044536,0.02478696520595996,-0.0635256143736759,50,0.0196078431372549,50,22.426640033721924
dinov1_b,cifar10,24,10,0.08725389630048963,0.0,0.15216580886852227,0.02500136353700657,-0.06491191256803264,50,0.0196078431372549,50,19.79569935798645
dinov1_b,cifar10,25,10,0.0874848434248049,0.0,0.1520217091019389,0.024806643734085226,-0.064536865677134,50,0.0196078431372549,50,19.719862937927246
dinov1_b,cifar10,26,10,0.08836260709021418,1.3877787807814454e-17,0.15204971310607215,0.024933840680967292,-0.06368710601585797,50,0.0196078431372549,50,23.95873212814331
dinov1_b,cifar10,27,10,0.08851906621845983,0.0,0.1521963896119812,0.02470893742957497,-0.06367732339352138,50,0.0196078431372549,50,23.859819650650024
dinov1_b,cifar10,28,10,0.0880565868342296,0.0,0.15268953907376656,0.024403674377316227,-0.06463295223953698,50,0.0196078431372549,50,20.718499183654785
dinov1_b,cifar10,29,10,0.08752099462445194,0.0,0.15277706249395126,0.024591321967203282,-0.06525606786949932,50,0.0196078431372549,50,17.539774417877194
dinov2_s,cifar10,-1,10,0.08393180116410727,0.0,0.15932085199464438,0.02669509754619341,-0.0753890508305371,50,0.0196078431372549,50,19.790196418762207
dinov2_s,cifar10,0,10,0.08352599014724095,0.0,0.15919335444080654,0.02673875221348402,-0.07566736429356559,50,0.0196078431372549,50,18.206775903701786
dinov2_s,cifar10,1,10,0.0818700243564231,0.0,0.15957145271800058,0.026721111826455868,-0.07770142836157748,50,0.0196078431372549,50,17.98895001411438
dinov2_s,cifar10,2,10,0.08274231186466273,0.0,0.15933915474135724,0.026762094665223245,-0.07659684287669452,50,0.0196078431372549,50,17.965474843978882
dinov2_s,cifar10,3,10,0.08232387361601709,0.0,0.15923714085994148,0.026837212499587173,-0.07691326724392439,50,0.0196078431372549,50,17.68105411529541
dinov2_s,cifar10,4,10,0.08277297935621297,0.0,0.1591949288709503,0.026640113423937455,-0.07642194951473733,50,0.0196078431372549,50,17.326639652252194
dinov2_s,cifar10,5,10,0.08463682179416346,1.3877787807814454e-17,0.15967532192491407,0.02652079737785867,-0.07503850013075061,50,0.0196078431372549,50,17.3332040309906
dinov2_s,cifar10,6,10,0.08091463230218718,0.0,0.15942663076701866,0.026725489824620342,-0.07851199846483148,50,0.0196078431372549,50,17.320327758789062
dinov2_s,cifar10,7,10,0.08484628784249336,0.0,0.1594924377671821,0.02662258577857837,-0.07464614992468875,50,0.0196078431372549,50,17.297399997711178
dinov2_s,cifar10,8,10,0.08409915201286956,0.0,0.15956551003063482,0.026577346420983014,-0.07546635801776526,50,0.0196078431372549,50,17.311517715454098
dinov2_s,cifar10,9,10,0.08317051304605583,0.0,0.15926843616810274,0.026798010467477512,-0.07609792312204694,50,0.0196078431372549,50,17.314273357391354
dinov2_s,cifar10,10,10,0.08495895024678783,1.3877787807814454e-17,0.1591980473377492,0.02680862781794966,-0.07423909709096138,50,0.0196078431372549,50,18.220278978347782
dinov2_s,cifar10,11,10,0.08357513357294534,0.0,0.15951582337859124,0.026636212718981284,-0.0759406898056459,50,0.0196078431372549,50,21.02292537689209
dinov2_s,cifar10,12,10,0.08313349520449168,1.3877787807814454e-17,0.15917514204514022,0.02665792238368981,-0.07604164684064854,50,0.0196078431372549,50,21.004547357559204
dinov2_s,cifar10,13,10,0.08531926491406773,0.0,0.1592612125691087,0.026803683551359717,-0.07394194765504097,50,0.0196078431372549,50,21.036783456802368
dinov2_s,cifar10,14,10,0.08577198893832698,1.3877787807814454e-17,0.15947214448607971,0.02666347717924187,-0.07370015554775275,50,0.0196078431372549,50,21.067664861679077
dinov2_s,cifar10,15,10,0.0841277084520076,1.3877787807814454e-17,0.15913915353037233,0.026733544185683404,-0.07501144507836474,50,0.0196078431372549,50,21.045448541641235
dinov2_s,cifar10,16,10,0.0837324267086272,1.3877787807814454e-17,0.15947743351582924,0.026695644146772696,-0.07574500680720203,50,0.0196078431372549,50,20.932286500930786
dinov2_s,cifar10,17,10,0.08188568345050065,1.3877787807814454e-17,0.15908649894038493,0.02670483633321347,-0.07720081548988428,50,0.0196078431372549,50,21.06081485748291
dinov2_s,cifar10,18,10,0.08505583049588096,0.0,0.15921172272986175,0.026786541671140626,-0.0741558922339808,50,0.0196078431372549,50,21.005764722824093
dinov2_s,cifar10,19,10,0.08124512029974265,0.0,0.1593882649438917,0.026739436976355502,-0.07814314464414904,50,0.0196078431372549,50,21.072730779647827
dinov2_s,cifar10,20,10,0.08467667598791442,1.3877787807814454e-17,0.15942943726199496,0.026782848272045873,-0.07475276127408054,50,0.0196078431372549,50,21.027325868606567
dinov2_s,cifar10,21,10,0.08334703907425021,0.0,0.1590619533156125,0.026822674746848626,-0.07571491424136227,50,0.0196078431372549,50,20.953983068466187
dinov2_s,cifar10,22,10,0.0862444506509904,0.0,0.15970778447770376,0.026520008058519184,-0.07346333382671336,50,0.0196078431372549,50,18.90997290611267
dinov2_s,cifar10,23,10,0.08561757666698099,0.0,0.1593730028346422,0.026742751158609163,-0.07375542616766123,50,0.0196078431372549,50,17.384645938873287
dinov2_s,cifar10,24,10,0.08361823123728504,1.3877787807814454e-17,0.1590622709794986,0.02675266576914266,-0.07544403974221356,50,0.0196078431372549,50,17.53184700012207
dinov2_s,cifar10,25,10,0.08172594815221287,1.3877787807814454e-17,0.1589880431604317,0.026815086702715974,-0.07726209500821883,50,0.0196078431372549,50,17.324865341186527
dinov2_s,cifar10,26,10,0.08418294350042843,0.0,0.15895782806529238,0.026633405249347958,-0.07477488456486392,50,0.0196078431372549,50,17.390044927597046
dinov2_s,cifar10,27,10,0.08390756294001146,0.0,0.15910413761790262,0.026852176025112376,-0.07519657467789116,50,0.0196078431372549,50,17.467800855636597
dinov2_s,cifar10,28,10,0.0842685559820654,0.0,0.15983657357325934,0.02649343362723089,-0.07556801759119394,50,0.0196078431372549,50,17.444865942001346
dinov2_s,cifar10,29,10,0.08299015684394671,0.0,0.1595613141160501,0.02663005562864521,-0.07657115727210337,50,0.0196078431372549,50,17.478369235992428
dinov2_b,cifar10,-1,10,0.045766195304774486,0.0,0.16335796910325098,0.027756533719290592,-0.11759177379847648,50,0.0196078431372549,50,22.537620782852173
dinov2_b,cifar10,0,10,0.045219208060132965,0.0,0.16348115003527258,0.0276846945742236,-0.11826194197513963,50,0.0196078431372549,50,22.73500084877014
dinov2_b,cifar10,1,10,0.046019648197613054,0.0,0.1631423824276839,0.027756224260108996,-0.11712273423007084,50,0.0196078431372549,50,22.66761445999145
dinov2_b,cifar10,2,10,0.046028007259519735,6.938893903907227e-18,0.16318419591183406,0.027904387893781732,-0.11715618865231432,50,0.0196078431372549,50,22.868982076644894
dinov2_b,cifar10,3,10,0.04596027812239272,0.0,0.16325645038344375,0.028031224207843368,-0.11729617226105105,50,0.0196078431372549,50,22.800440788269047
dinov2_b,cifar10,4,10,0.04528809808064958,6.938893903907227e-18,0.16326912206558147,0.02790013242184586,-0.11798102398493188,50,0.0196078431372549,50,22.71166491508484
dinov2_b,cifar10,5,10,0.04568520972528084,0.0,0.16335564337674174,0.027637776273752624,-0.11767043365146093,50,0.0196078431372549,50,22.672973155975342
dinov2_b,cifar10,6,10,0.04528430848602083,0.0,0.16351987676329804,0.02767619783463773,-0.1182355682772772,50,0.0196078431372549,50,22.818390369415283
dinov2_b,cifar10,7,10,0.045546292787778594,6.938893903907227e-18,0.16329610609045014,0.0276711419048894,-0.11774981330267158,50,0.0196078431372549,50,22.76595902442932
dinov2_b,cifar10,8,10,0.04577145380123262,6.938893903907227e-18,0.16330779595750816,0.027727503421884958,-0.11753634215627555,50,0.0196078431372549,50,22.86723256111145
dinov2_b,cifar10,9,10,0.04549055235526416,6.938893903907227e-18,0.16322426034731105,0.027823583949985888,-0.1177337079920469,50,0.0196078431372549,50,22.853126764297485
dinov2_b,cifar10,10,10,0.0459488132427597,6.938893903907227e-18,0.16316940811228275,0.02788673635910649,-0.11722059486952305,50,0.0196078431372549,50,22.700289726257324
dinov2_b,cifar10,11,10,0.04512205525179884,0.0,0.1635221043936718,0.02779470727616612,-0.11840004914187295,50,0.0196078431372549,50,22.67851591110229
dinov2_b,cifar10,12,10,0.044860020740306816,0.0,0.16324846806443236,0.02782718467868332,-0.11838844732412555,50,0.0196078431372549,50,22.85356903076172
dinov2_b,cifar10,13,10,0.045694632250060034,6.938893903907227e-18,0.16311846673076782,0.02786565413868972,-0.1174238344807078,50,0.0196078431372549,50,22.66907477378845
dinov2_b,cifar10,14,10,0.04569544513568197,0.0,0.16351162357164228,0.027648580689888364,-0.11781617843596033,50,0.0196078431372549,50,22.65447211265564
dinov2_b,cifar10,15,10,0.04571571696609318,6.938893903907227e-18,0.16328047602917845,0.02781948648040448,-0.11756475906308525,50,0.0196078431372549,50,22.849690914154053
dinov2_b,cifar10,16,10,0.04619439024003024,6.938893903907227e-18,0.16348752319589965,0.0277794443683897,-0.1172931329558694,50,0.0196078431372549,50,22.872215032577515
dinov2_b,cifar10,17,10,0.045319072188726134,6.938893903907227e-18,0.16300143590586308,0.028004477312276246,-0.11768236371713695,50,0.0196078431372549,50,22.79757142066956
dinov2_b,cifar10,18,10,0.046555953543780317,6.938893903907227e-18,0.16329076380860433,0.02791308762406676,-0.11673481026482402,50,0.0196078431372549,50,22.976746082305908
dinov2_b,cifar10,19,10,0.04561394355993871,6.938893903907227e-18,0.1634841255382041,0.027812928937471514,-0.1178701819782654,50,0.0196078431372549,50,23.015271425247192
dinov2_b,cifar10,20,10,0.046610964396109414,0.0,0.1633153588452203,0.027732556142068647,-0.1167043944491109,50,0.0196078431372549,50,23.01259756088257
dinov2_b,cifar10,21,10,0.045111025622856966,0.0,0.16315460596596462,0.0279883047696284,-0.11804358034310765,50,0.0196078431372549,50,22.844542264938354
dinov2_b,cifar10,22,10,0.044732293656318825,0.0,0.1635986648950279,0.02745619628058623,-0.11886637123870905,50,0.0196078431372549,50,22.823447942733765
dinov2_b,cifar10,23,10,0.045912399173662966,0.0,0.16309218654368146,0.028027348946787062,-0.1171797873700185,50,0.0196078431372549,50,22.726606845855713
dinov2_b,cifar10,24,10,0.04577674735537248,0.0,0.16309920476241632,0.027871823436237054,-0.11732245740704385,50,0.0196078431372549,50,22.617246627807614
dinov2_b,cifar10,25,10,0.04575181219005143,0.0,0.1632612705935324,0.027842508961829115,-0.11750945840348098,50,0.0196078431372549,50,22.518059253692627
dinov2_b,cifar10,26,10,0.04532272988397747,6.938893903907227e-18,0.16320468161706198,0.02783327056766612,-0.11788195173308452,50,0.0196078431372549,50,22.52572727203369
dinov2_b,cifar10,27,10,0.04557735939739972,0.0,0.1631848229288129,0.027899330089523812,-0.11760746353141315,50,0.0196078431372549,50,22.54103374481201
dinov2_b,cifar10,28,10,0.045022897664037685,6.938893903907227e-18,0.16378311045220084,0.027543956632119258,-0.11876021278816315,50,0.0196078431372549,50,22.55076551437378
dinov2_b,cifar10,29,10,0.04520645841076869,0.0,0.16334638564840945,0.02782770583829786,-0.11813992723764075,50,0.0196078431372549,50,22.65304470062256
dinov2_l,cifar10,-1,10,0.02745945866246001,0.0,0.15996406427884105,0.02793532654468685,-0.13250460561638105,50,0.0196078431372549,50,20.845370054244995
dinov2_l,cifar10,0,10,0.028227548973328364,0.0,0.16002092895617145,0.0279525570030931,-0.13179337998284307,50,0.0196078431372549,50,19.75797891616821
dinov2_l,cifar10,1,10,0.027900532330993683,6.938893903907227e-18,0.15988996309900969,0.027944242370266083,-0.131989430768016,50,0.0196078431372549,50,17.830487966537476
dinov2_l,cifar10,2,10,0.0277402852535107,3.4694469519536134e-18,0.15997374498422495,0.028014019291707482,-0.13223345973071424,50,0.0196078431372549,50,17.55831503868103
dinov2_l,cifar10,3,10,0.026811738265007545,0.0,0.1595565188873743,0.02799764573936423,-0.13274478062236675,50,0.0196078431372549,50,18.993094205856323
dinov2_l,cifar10,4,10,0.027886616575972262,0.0,0.15991242518713192,0.027944724829744645,-0.13202580861115965,50,0.0196078431372549,50,21.17808175086975
dinov2_l,cifar10,5,10,0.0279942189258054,0.0,0.15992261496633492,0.027859377234776626,-0.13192839604052953,50,0.0196078431372549,50,21.22421360015869
dinov2_l,cifar10,6,10,0.02735526909566947,0.0,0.15999470085785364,0.027843791158650585,-0.13263943176218418,50,0.0196078431372549,50,21.149756669998172
dinov2_l,cifar10,7,10,0.026986746769361657,0.0,0.15969557496096715,0.027847998921247084,-0.13270882819160548,50,0.0196078431372549,50,21.207802534103394
dinov2_l,cifar10,8,10,0.027642314244900164,3.4694469519536134e-18,0.1597893694639051,0.027871588794459338,-0.13214705521900494,50,0.0196078431372549,50,21.139090538024906
dinov2_l,cifar10,9,10,0.02836494909843738,3.4694469519536134e-18,0.16002946186168385,0.027880076697265742,-0.13166451276324648,50,0.0196078431372549,50,21.13402128219605
dinov2_l,cifar10,10,10,0.02733744485301782,3.4694469519536134e-18,0.15982894434876005,0.028087464162228026,-0.13249149949574224,50,0.0196078431372549,50,21.224107503890988
dinov2_l,cifar10,11,10,0.028274125213247694,3.4694469519536134e-18,0.16001905327769275,0.027848587305559464,-0.13174492806444504,50,0.0196078431372549,50,21.137008666992188
dinov2_l,cifar10,12,10,0.02787659940183491,0.0,0.1603039220599123,0.02797436036374708,-0.1324273226580774,50,0.0196078431372549,50,21.171924829483032
dinov2_l,cifar10,13,10,0.027520955066270714,3.4694469519536134e-18,0.16008863911380022,0.028111111479097915,-0.1325676840475295,50,0.0196078431372549,50,21.112735033035282
dinov2_l,cifar10,14,10,0.028355022673164518,3.4694469519536134e-18,0.16003653305334173,0.027938758545745245,-0.13168151038017722,50,0.0196078431372549,50,21.192983865737915
dinov2_l,cifar10,15,10,0.02727191924117609,0.0,0.15981942254413262,0.02788506676009323,-0.13254750330295653,50,0.0196078431372549,50,21.121545314788822
dinov2_l,cifar10,16,10,0.02751753464302941,0.0,0.15961905508611005,0.02800948661925621,-0.13210152044308066,50,0.0196078431372549,50,21.157509088516235
dinov2_l,cifar10,17,10,0.027549617575344198,0.0,0.15969849153420915,0.02800925523631773,-0.13214887395886502,50,0.0196078431372549,50,21.187053442001343
dinov2_l,cifar10,18,10,0.02759974030853441,0.0,0.1599865636972294,0.028078009786831108,-0.132386823388695,50,0.0196078431372549,50,21.152838945388797
dinov2_l,cifar10,19,10,0.027033781851989114,0.0,0.15995159353018704,0.028019882036849773,-0.1329178116781979,50,0.0196078431372549,50,21.082512140274048
dinov2_l,cifar10,20,10,0.027277571276334758,0.0,0.1596510397628458,0.027886427280448888,-0.13237346848651105,50,0.0196078431372549,50,21.29715490341186
dinov2_l,cifar10,21,10,0.027307251916340043,3.4694469519536134e-18,0.160092873689704,0.02809145327830828,-0.13278562177336398,50,0.0196078431372549,50,21.238590002059933
dinov2_l,cifar10,22,10,0.027759272038727238,3.4694469519536134e-18,0.1601456287798948,0.027839533873041267,-0.13238635674116755,50,0.0196078431372549,50,21.299033880233765
dinov2_l,cifar10,23,10,0.028465288793872882,3.4694469519536134e-18,0.1594996931917427,0.028122461502765487,-0.1310344043978698,50,0.0196078431372549,50,21.277645349502567
dinov2_l,cifar10,24,10,0.02779056753526622,0.0,0.15969565650941894,0.028022031389730268,-0.13190508897415273,50,0.0196078431372549,50,21.322168350219727
dinov2_l,cifar10,25,10,0.02785175840807607,3.4694469519536134e-18,0.16013448052451176,0.027958614471474887,-0.13228272211643566,50,0.0196078431372549,50,20.946659326553345
dinov2_l,cifar10,26,10,0.029019011068541118,0.0,0.16005597650531248,0.02797304897233438,-0.13103696543677135,50,0.0196078431372549,50,20.86709761619568
dinov2_l,cifar10,27,10,0.028002912033972004,6.938893903907227e-18,0.1598094684195245,0.02804191221113748,-0.1318065563855525,50,0.0196078431372549,50,18.10027813911438
dinov2_l,cifar10,28,10,0.026646340917623003,0.0,0.16015660367152346,0.02780768716132204,-0.13351026275390046,50,0.0196078431372549,50,17.28486466407776
dinov2_l,cifar10,29,10,0.027685860133709043,3.4694469519536134e-18,0.1597358104048433,0.0278998981561644,-0.13204995027113425,50,0.0196078431372549,50,20.782740354537964
dinov2_g,cifar10,-1,10,0.02540740300216212,0.0,0.16059491076402954,0.030336509537870742,-0.13518750776186744,50,0.0196078431372549,50,20.99517822265625
dinov2_g,cifar10,0,10,0.02531064330340522,0.0,0.16043451981079898,0.030341680509104595,-0.13512387650739374,50,0.0196078431372549,50,22.9869704246521
dinov2_g,cifar10,1,10,0.025705016339757383,0.0,0.16057426785160525,0.030357527366081525,-0.13486925151184787,50,0.0196078431372549,50,20.28368425369263
dinov2_g,cifar10,2,10,0.02558397057979164,0.0,0.16083038745003425,0.03049682112947504,-0.1352464168702426,50,0.0196078431372549,50,21.075432777404785
dinov2_g,cifar10,3,10,0.025540876941294127,3.4694469519536134e-18,0.16020425959427093,0.030330357775852683,-0.1346633826529768,50,0.0196078431372549,50,20.27420544624329
dinov2_g,cifar10,4,10,0.02539702480538498,3.4694469519536134e-18,0.1605558294357522,0.030334985557050036,-0.13515880463036722,50,0.0196078431372549,50,22.595802545547485
dinov2_g,cifar10,5,10,0.02512756143909418,3.4694469519536134e-18,0.1603242823562706,0.030314536453162032,-0.13519672091717644,50,0.0196078431372549,50,24.45827341079712
dinov2_g,cifar10,6,10,0.026258710229286563,3.4694469519536134e-18,0.16076517403994248,0.03016286909708774,-0.13450646381065592,50,0.0196078431372549,50,22.583177089691162
dinov2_g,cifar10,7,10,0.02591033105683225,3.4694469519536134e-18,0.1605424426905211,0.030231601132621338,-0.13463211163368885,50,0.0196078431372549,50,24.627448320388797
dinov2_g,cifar10,8,10,0.025794745333923026,0.0,0.16050593384748713,0.03029497609986245,-0.1347111885135641,50,0.0196078431372549,50,25.402726888656613
dinov2_g,cifar10,9,10,0.026099888167860484,3.4694469519536134e-18,0.16072632791292107,0.030255953729888138,-0.13462643974506058,50,0.0196078431372549,50,24.99003577232361
dinov2_g,cifar10,10,10,0.02524246591522929,0.0,0.16073050598708932,0.030392500894340143,-0.13548804007186002,50,0.0196078431372549,50,23.67021012306213
dinov2_g,cifar10,11,10,0.025690647161495682,0.0,0.1605277819108354,0.0302657078663569,-0.1348371347493397,50,0.0196078431372549,50,22.851833581924442
dinov2_g,cifar10,12,10,0.025719135579771516,0.0,0.16106503254232166,0.030346429059973444,-0.13534589696255012,50,0.0196078431372549,50,20.835566043853763
dinov2_g,cifar10,13,10,0.02570675823740181,3.4694469519536134e-18,0.16083264730958102,0.030467688800500745,-0.1351258890721792,50,0.0196078431372549,50,22.50950050354004
dinov2_g,cifar10,14,10,0.025671092317304068,3.4694469519536134e-18,0.16050979821336853,0.030390346990271894,-0.13483870589606445,50,0.0196078431372549,50,24.110870361328125
dinov2_g,cifar10,15,10,0.025371189264246957,3.4694469519536134e-18,0.16047278611975554,0.030277292955837705,-0.13510159685550865,50,0.0196078431372549,50,24.460768461227413
dinov2_g,cifar10,16,10,0.025507987089209042,0.0,0.16046100957518533,0.030383663358600908,-0.1349530224859763,50,0.0196078431372549,50,24.435328006744385
dinov2_g,cifar10,17,10,0.02577958685775894,0.0,0.16047523348997927,0.030389450490088038,-0.13469564663222033,50,0.0196078431372549,50,21.506099462509155
dinov2_g,cifar10,18,10,0.02584523020523814,0.0,0.16081872111333148,0.030413322316199906,-0.13497349090809335,50,0.0196078431372549,50,22.371258020401
dinov2_g,cifar10,19,10,0.025903678578132458,3.4694469519536134e-18,0.16050714974469846,0.03029322551524793,-0.134603471166566,50,0.0196078431372549,50,20.97721648216248
dinov2_g,cifar10,20,10,0.025224443981763496,0.0,0.16068631153634996,0.03030213510027469,-0.13546186755458645,50,0.0196078431372549,50,19.673809528350827
dinov2_g,cifar10,21,10,0.024995985662129967,0.0,0.16069722790037985,0.03045941961284772,-0.1357012422382499,50,0.0196078431372549,50,19.687647104263306
dinov2_g,cifar10,22,10,0.02612708219529865,0.0,0.1606702079892552,0.0302769464866599,-0.13454312579395655,50,0.0196078431372549,50,21.335139513015747
dinov2_g,cifar10,23,10,0.02551009707325575,3.4694469519536134e-18,0.1602967283421488,0.03035261504788585,-0.13478663126889304,50,0.0196078431372549,50,19.33851170539856
dinov2_g,cifar10,24,10,0.025585577174652086,0.0,0.16036199416656566,0.030444337465394763,-0.13477641699191356,50,0.0196078431372549,50,19.422260522842407
dinov2_g,cifar10,25,10,0.02545098716574184,0.0,0.1606602229571296,0.030383871858668213,-0.13520923579138774,50,0.0196078431372549,50,19.381000041961673
dinov2_g,cifar10,26,10,0.0254443848799119,0.0,0.16076403714949386,0.03044949270974543,-0.13531965226958195,50,0.0196078431372549,50,20.65358710289001
dinov2_g,cifar10,27,10,0.02539010806501119,3.4694469519536134e-18,0.160965155971574,0.030280104029670595,-0.13557504790656286,50,0.0196078431372549,50,22.28151226043701
dinov2_g,cifar10,28,10,0.025750091592931245,3.4694469519536134e-18,0.16073139429481828,0.030192559713679974,-0.13498130270188705,50,0.0196078431372549,50,22.51511788368225
dinov2_g,cifar10,29,10,0.02592842286253936,0.0,0.16058283330372616,0.03024792046427975,-0.1346544104411868,50,0.0196078431372549,50,22.207215309143066
clip_b,cifar10,-1,10,0.10510009138196408,0.0,0.14543305418563462,0.021214880400377938,-0.04033296280367055,49,0.0392156862745098,50,22.237079620361328
clip_b,cifar10,0,10,0.10516029416914192,0.0,0.145728955348693,0.0212561102395473,-0.04056866117955109,49,0.0392156862745098,50,22.358853101730347
clip_b,cifar10,1,10,0.10568098678711507,1.3877787807814454e-17,0.14558405048803835,0.021342321581945,-0.03990306370092327,49,0.0392156862745098,50,22.395399570465088
clip_b,cifar10,2,10,0.10532035945176492,1.3877787807814454e-17,0.1452789361250865,0.021166282047092068,-0.039958576673321575,49,0.0392156862745098,50,22.365849018096924
clip_b,cifar10,3,10,0.10428858090207692,0.0,0.1451321312092799,0.021123869786834316,-0.040843550307202964,50,0.0196078431372549,50,22.156059503555298
clip_b,cifar10,4,10,0.10597461769702146,1.3877787807814454e-17,0.14541007469820086,0.021213497344401568,-0.03943545700117937,49,0.0392156862745098,50,19.99467182159424
clip_b,cifar10,5,10,0.10535789063751624,0.0,0.145791048681967,0.02134318917977894,-0.040433158044450745,49,0.0392156862745098,50,22.060622215271
clip_b,cifar10,6,10,0.10531281181966072,1.3877787807814454e-17,0.145077582585142,0.02114445831398772,-0.03976477076548128,49,0.0392156862745098,50,22.09712791442871
clip_b,cifar10,7,10,0.10421989285880323,1.3877787807814454e-17,0.1455862905442088,0.021191964974348197,-0.04136639768540558,50,0.0196078431372549,50,24.1942458152771
clip_b,cifar10,8,10,0.10622366656669938,0.0,0.14553069648830433,0.021307968947324247,-0.03930702992160495,49,0.0392156862745098,50,24.277677059173584
clip_b,cifar10,9,10,0.1068285930769011,1.3877787807814454e-17,0.14546379870286122,0.02127818284467826,-0.038635205625960116,49,0.0392156862745098,50,24.122576475143433
clip_b,cifar10,10,10,0.10371827663293967,1.3877787807814454e-17,0.14536054544560748,0.021155359385942103,-0.04164226881266779,50,0.0196078431372549,50,24.022589445114136
clip_b,cifar10,11,10,0.10520630408178958,1.3877787807814454e-17,0.14579993677695666,0.02122282742100589,-0.04059363269516705,49,0.0392156862745098,50,23.29642629623413
clip_b,cifar10,12,10,0.10580287348844272,0.0,0.14575144995701494,0.021392652411092304,-0.03994857646857225,49,0.0392156862745098,50,22.556849241256714
clip_b,cifar10,13,10,0.10710619040978693,0.0,0.1454354174506455,0.021276908395536517,-0.038329227040858574,49,0.0392156862745098,50,22.58728313446045
clip_b,cifar10,14,10,0.1044830384392362,1.3877787807814454e-17,0.1451943359538091,0.021265383140353603,-0.040711297514572885,49,0.0392156862745098,50,23.03865051269531
clip_b,cifar10,15,10,0.1055030929564097,0.0,0.1451631090966864,0.021161289487693892,-0.0396600161402767,49,0.0392156862745098,50,23.668272733688354
clip_b,cifar10,16,10,0.10479647448536733,0.0,0.14553370559580836,0.02131494241682297,-0.04073723111044103,49,0.0392156862745098,50,20.79297780990601
clip_b,cifar10,17,10,0.10637930721864604,1.3877787807814454e-17,0.14510373694720216,0.021217447969418508,-0.038724429728556116,49,0.0392156862745098,50,21.00999903678894
clip_b,cifar10,18,10,0.10395740503333467,1.3877787807814454e-17,0.14550291556621842,0.02122351967769424,-0.04154551053288373,50,0.0196078431372549,50,21.6458523273468
clip_b,cifar10,19,10,0.10248801373995882,0.0,0.14541437302282964,0.02113924222280593,-0.04292635928287082,50,0.0196078431372549,50,23.909775733947754
clip_b,cifar10,20,10,0.10545076360869132,0.0,0.14543028358247068,0.021235942787064373,-0.03997951997377936,49,0.0392156862745098,50,23.950154066085812
clip_b,cifar10,21,10,0.10404990957194496,0.0,0.14524461821380533,0.021125086984683603,-0.04119470864186037,50,0.0196078431372549,50,23.551762342453003
clip_b,cifar10,22,10,0.10784883301594377,1.3877787807814454e-17,0.14565487315949205,0.02137987607553043,-0.0378060401435483,49,0.0392156862745098,50,22.275670051574707
clip_b,cifar10,23,10,0.10458245774452088,1.3877787807814454e-17,0.14544984333318514,0.02120293806727333,-0.04086738558866426,49,0.0392156862745098,50,22.56503200531006
clip_b,cifar10,24,10,0.10364213561345356,0.0,0.1454487382249854,0.021231491896101733,-0.041806602611531817,50,0.0196078431372549,50,22.76173973083496
clip_b,cifar10,25,10,0.10636878621503144,0.0,0.14508018625431152,0.02124461609014551,-0.038711400039280086,49,0.0392156862745098,50,21.926034450531006
clip_b,cifar10,26,10,0.1064473594207212,0.0,0.14517387911031107,0.02116277420160196,-0.038726519689589886,49,0.0392156862745098,50,19.32653379440308
clip_b,cifar10,27,10,0.10462056929502457,0.0,0.14496004187865152,0.02110735287193888,-0.04033947258362694,49,0.0392156862745098,50,19.199552059173588
clip_b,cifar10,28,10,0.10630869634615957,1.3877787807814454e-17,0.1455814309404122,0.021317246308531275,-0.03927273459425265,49,0.0392156862745098,50,22.65554666519165
clip_b,cifar10,29,10,0.10481846607557868,1.3877787807814454e-17,0.14556910366382364,0.021180061612252284,-0.040750637588244966,49,0.0392156862745098,50,21.65791964530945
clip_l,cifar10,-1,10,0.09893099602982093,0.0,0.1448575729595005,0.025060922863211432,-0.04592657692967955,50,0.0196078431372549,50,19.38719391822815
clip_l,cifar10,0,10,0.10085422207350893,0.0,0.14472914507405954,0.02501110337468089,-0.04387492300055065,50,0.0196078431372549,50,19.2556734085083
clip_l,cifar10,1,10,0.09984739947171063,0.0,0.14512976264545033,0.02517925894412844,-0.045282363173739695,50,0.0196078431372549,50,19.09351372718811
clip_l,cifar10,2,10,0.10067391642630837,1.3877787807814454e-17,0.14512472672378918,0.025107809586155053,-0.04445081029748081,50,0.0196078431372549,50,21.848537683486942
clip_l,cifar10,3,10,0.09811963379200436,1.3877787807814454e-17,0.14459433478712874,0.024912213457367143,-0.04647470099512438,50,0.0196078431372549,50,23.77699875831604
clip_l,cifar10,4,10,0.10077266773026057,1.3877787807814454e-17,0.14480489885804854,0.02503730331333109,-0.04403223112778795,50,0.0196078431372549,50,24.114039659500122
clip_l,cifar10,5,10,0.09646551330010136,0.0,0.1451985097622145,0.025088861266478267,-0.048732996462113126,50,0.0196078431372549,50,24.65094542503357
clip_l,cifar10,6,10,0.10096541134154198,1.3877787807814454e-17,0.14485147991791916,0.025032627896328215,-0.04388606857637717,50,0.0196078431372549,50,25.116268157958984
clip_l,cifar10,7,10,0.09809434586771618,1.3877787807814454e-17,0.14468374266726516,0.025066665914721387,-0.04658939679954899,50,0.0196078431372549,50,23.808752298355106
clip_l,cifar10,8,10,0.09823297485716033,0.0,0.14489138979049476,0.0250263335863062,-0.04665841493333445,50,0.0196078431372549,50,23.751502752304077
clip_l,cifar10,9,10,0.0976908823056499,1.3877787807814454e-17,0.14455631980195066,0.02505284318667292,-0.04686543749630073,50,0.0196078431372549,50,21.60130000114441
clip_l,cifar10,10,10,0.0983483278981967,0.0,0.14488238289595126,0.025062338003356773,-0.04653405499775454,50,0.0196078431372549,50,21.474393606185913
clip_l,cifar10,11,10,0.09901982699077784,0.0,0.14520712516344755,0.02499139606076947,-0.0461872981726697,50,0.0196078431372549,50,19.415364980697632
clip_l,cifar10,12,10,0.10038284712569703,1.3877787807814454e-17,0.14533766072240215,0.025174425587639524,-0.04495481359670511,50,0.0196078431372549,50,18.711501359939575
clip_l,cifar10,13,10,0.0998422445591857,1.3877787807814454e-17,0.14496538818932794,0.025029186365358013,-0.04512314363014228,50,0.0196078431372549,50,18.48544192314148
clip_l,cifar10,14,10,0.0993152559881608,0.0,0.14518880906740508,0.02513199568030532,-0.04587355307924428,50,0.0196078431372549,50,20.682719230651852
clip_l,cifar10,15,10,0.09866454936900228,1.3877787807814454e-17,0.14428978602344605,0.02493214790605004,-0.045625236654443735,50,0.0196078431372549,50,21.92859172821045
clip_l,cifar10,16,10,0.09825256816948004,0.0,0.14507134830462629,0.025103295595859863,-0.04681878013514625,50,0.0196078431372549,50,21.83722686767578
clip_l,cifar10,17,10,0.09823068523478404,0.0,0.14496605688758052,0.025029945342323463,-0.04673537165279647,50,0.0196078431372549,50,22.14269232749939
clip_l,cifar10,18,10,0.09870947298457908,0.0,0.14485520758412795,0.02499408495087426,-0.046145734599548884,50,0.0196078431372549,50,22.1425838470459
clip_l,cifar10,19,10,0.09946001632118216,1.3877787807814454e-17,0.1448685124273279,0.02508255293671556,-0.04540849610614575,50,0.0196078431372549,50,21.746132373809814
clip_l,cifar10,20,10,0.09883538905796303,1.3877787807814454e-17,0.14480025193212553,0.02508468734356203,-0.04596486287416249,50,0.0196078431372549,50,22.038392782211304
clip_l,cifar10,21,10,0.09870757026050396,0.0,0.1445744418557358,0.024971551409188487,-0.04586687159523187,50,0.0196078431372549,50,21.90497374534607
clip_l,cifar10,22,10,0.09796126458660796,1.3877787807814454e-17,0.14498459120501642,0.02502914251726444,-0.04702332661840847,50,0.0196078431372549,50,22.32499408721924
clip_l,cifar10,23,10,0.0984871411384104,0.0,0.1449288704813389,0.02503832676111481,-0.046441729342928506,50,0.0196078431372549,50,23.48979210853577
clip_l,cifar10,24,10,0.09745451377648713,1.3877787807814454e-17,0.14478308437461992,0.02494833389188683,-0.04732857059813278,50,0.0196078431372549,50,23.34016346931457
clip_l,cifar10,25,10,0.09815583789054397,1.3877787807814454e-17,0.14448510659946726,0.0250726002017925,-0.04632926870892326,50,0.0196078431372549,50,22.355972290039066
clip_l,cifar10,26,10,0.10094133812776716,1.3877787807814454e-17,0.14491071447552842,0.025072577647919758,-0.04396937634776127,50,0.0196078431372549,50,23.31251049041748
clip_l,cifar10,27,10,0.09814601447938284,0.0,0.14426384349470753,0.024844396292351637,-0.046117829015324685,50,0.0196078431372549,50,24.20796203613281
clip_l,cifar10,28,10,0.10031683921604558,0.0,0.14481202303386467,0.024852184701698102,-0.0444951838178191,50,0.0196078431372549,50,23.101069450378414
clip_l,cifar10,29,10,0.09774553581556697,0.0,0.14475399058371713,0.02498080727227876,-0.04700845476815015,50,0.0196078431372549,50,23.48005771636963
siglip_b,cifar10,-1,10,0.08738363341151585,1.3877787807814454e-17,0.14079676728596374,0.02135840512080471,-0.05341313387444792,50,0.0196078431372549,50,22.97790169715881
siglip_b,cifar10,0,10,0.08841830524559229,1.3877787807814454e-17,0.1409892458750144,0.021393275987940358,-0.05257094062942212,50,0.0196078431372549,50,21.674611806869507
siglip_b,cifar10,1,10,0.08761829903372065,0.0,0.14110995985282274,0.021588407988248327,-0.05349166081910209,50,0.0196078431372549,50,22.53584289550781
siglip_b,cifar10,2,10,0.087430868080602,1.3877787807814454e-17,0.1407307062454206,0.021352173185823373,-0.053299838164818605,50,0.0196078431372549,50,22.14991855621338
siglip_b,cifar10,3,10,0.08763073298313229,0.0,0.14068312945535527,0.02126360896043764,-0.053052396472222985,50,0.0196078431372549,50,21.77478837966919
siglip_b,cifar10,4,10,0.08645403563740807,0.0,0.14065168069663833,0.02138088013613868,-0.05419764505923026,50,0.0196078431372549,50,20.763517141342163
siglip_b,cifar10,5,10,0.0883245571710681,0.0,0.14110713864008706,0.02129912048454765,-0.052782581469018965,50,0.0196078431372549,50,21.310834646224976
siglip_b,cifar10,6,10,0.0860790226351729,1.3877787807814454e-17,0.14051362388390787,0.021181131228359268,-0.05443460124873496,50,0.0196078431372549,50,22.041120529174805
siglip_b,cifar10,7,10,0.08765704488416895,1.3877787807814454e-17,0.14075933369772778,0.0212885141113342,-0.05310228881355883,50,0.0196078431372549,50,23.64041066169739
siglip_b,cifar10,8,10,0.08892613064852242,0.0,0.14094616941792273,0.02136715104244478,-0.05202003876940031,50,0.0196078431372549,50,23.20272159576416
siglip_b,cifar10,9,10,0.08739008261756767,1.3877787807814454e-17,0.1406239376012162,0.02142344143832144,-0.05323385498364852,50,0.0196078431372549,50,20.91841268539429
siglip_b,cifar10,10,10,0.08820842952738417,0.0,0.14062549144081818,0.02128946021164753,-0.05241706191343402,50,0.0196078431372549,50,21.888356447219852
siglip_b,cifar10,11,10,0.08792388742801087,1.3877787807814454e-17,0.14131295041037434,0.021447598046338574,-0.05338906298236351,50,0.0196078431372549,50,21.826998472213745
siglip_b,cifar10,12,10,0.08748143172926212,1.3877787807814454e-17,0.1410380348305601,0.021454771555585228,-0.05355660310129798,50,0.0196078431372549,50,21.582761764526367
siglip_b,cifar10,13,10,0.08784183698682371,1.3877787807814454e-17,0.14087998792829748,0.021452180207623208,-0.053038150941473766,50,0.0196078431372549,50,22.88851284980774
siglip_b,cifar10,14,10,0.08857611296621705,0.0,0.14101982895021528,0.021454376629039363,-0.05244371598399823,50,0.0196078431372549,50,23.15719676017761
siglip_b,cifar10,15,10,0.08780430957231354,0.0,0.1403215243518986,0.02133733501075557,-0.052517214779585056,50,0.0196078431372549,50,23.496493816375732
siglip_b,cifar10,16,10,0.08956111008596271,0.0,0.1407783067534921,0.0212949713937898,-0.05121719666752938,50,0.0196078431372549,50,20.328895568847656
siglip_b,cifar10,17,10,0.08804612897946186,0.0,0.14053205365391236,0.021433502649628386,-0.0524859246744505,50,0.0196078431372549,50,21.818300008773804
siglip_b,cifar10,18,10,0.08709921592373522,1.3877787807814454e-17,0.1405462409402359,0.02132854039844706,-0.05344702501650067,50,0.0196078431372549,50,23.1847460269928
siglip_b,cifar10,19,10,0.08692295221771931,0.0,0.14062918268499375,0.02131258879560544,-0.053706230467274435,50,0.0196078431372549,50,23.435430765151978
siglip_b,cifar10,20,10,0.08798165022554008,1.3877787807814454e-17,0.1406168949156707,0.021447359201099917,-0.05263524469013062,50,0.0196078431372549,50,23.468103170394894
siglip_b,cifar10,21,10,0.0865858438723579,0.0,0.14057059789665335,0.02125388259386821,-0.05398475402429545,50,0.0196078431372549,50,23.38191270828247
siglip_b,cifar10,22,10,0.08695288541971605,0.0,0.14149209450689335,0.021442353717959224,-0.0545392090871773,50,0.0196078431372549,50,23.44374108314514
siglip_b,cifar10,23,10,0.08752792255877274,0.0,0.14080191570329986,0.021471163581829825,-0.05327399314452712,50,0.0196078431372549,50,23.35751819610596
siglip_b,cifar10,24,10,0.08721813083414143,0.0,0.14083231255981582,0.02144845694087329,-0.053614181725674386,50,0.0196078431372549,50,23.41386413574219
siglip_b,cifar10,25,10,0.08623208009418018,0.0,0.14069436957925185,0.021385977869122774,-0.05446228948507168,50,0.0196078431372549,50,23.392891883850094
siglip_b,cifar10,26,10,0.08796134911533995,1.3877787807814454e-17,0.1404259092844464,0.021249341892614026,-0.05246456016910645,50,0.0196078431372549,50,23.21299934387207
siglip_b,cifar10,27,10,0.08670240444020147,1.3877787807814454e-17,0.14042544930396275,0.0212341907075738,-0.05372304486376128,50,0.0196078431372549,50,20.135549545288086
siglip_b,cifar10,28,10,0.0878205471322477,1.3877787807814454e-17,0.14099648960035233,0.02136344125770928,-0.05317594246810463,50,0.0196078431372549,50,19.73925495147705
siglip_b,cifar10,29,10,0.08622602130280507,1.3877787807814454e-17,0.14093242753946994,0.02126652220187149,-0.054706406236664895,50,0.0196078431372549,50,19.515271663665768
i21k_t,dtd,-1,47,0.1105465467483246,0.0002472334637240465,0.12439997641354265,0.007794120764440114,-0.01385342966521802,49,0.0392156862745098,50,26.389057159423828
i21k_t,dtd,0,47,0.10661943810341024,0.0002877826914033278,0.12418564737837558,0.00771385631219939,-0.01756620927496534,50,0.0196078431372549,50,26.44530558586121
i21k_t,dtd,1,47,0.1114948772151532,0.00030260136855395883,0.12478110957667783,0.007657458231898235,-0.013286232361524609,48,0.05882352941176471,50,26.51022505760193
i21k_t,dtd,2,47,0.10948173523534946,0.00033494897354275363,0.12313356044055558,0.007567195169039016,-0.013651825205206122,49,0.0392156862745098,50,26.426195859909054
i21k_t,dtd,3,47,0.11026090903816436,0.00047924690913213135,0.12386699515885237,0.007679177641245229,-0.01360608612068803,49,0.0392156862745098,50,26.695863485336304
i21k_t,dtd,4,47,0.11116254753614734,0.0003362199115617397,0.12363266492388975,0.007701426560114769,-0.012470117387742438,47,0.0784313725490196,50,23.383052110672
i21k_t,dtd,5,47,0.10934207528320694,0.0003339884543520118,0.12346260323523695,0.00754482868571767,-0.014120527952030018,50,0.0196078431372549,50,22.551852941513058
i21k_t,dtd,6,47,0.10800127314135648,0.00014454878188820304,0.1233754307597105,0.007636612292244697,-0.015374157618354018,50,0.0196078431372549,50,27.892587661743164
i21k_t,dtd,7,47,0.11132050023228306,0.00028665800792985314,0.12445387094615198,0.007671322495259717,-0.013133370713868942,48,0.05882352941176471,50,22.664026260375977
i21k_t,dtd,8,47,0.1076006931693874,0.0004258882256349081,0.12352349540819813,0.007739614129641395,-0.015922802238810718,50,0.0196078431372549,50,24.01407074928284
i21k_t,dtd,9,47,0.1116442039854382,0.0006171442855327255,0.1237843018979141,0.007737801982482234,-0.012140097912475905,47,0.0784313725490196,50,26.193050622940067
i21k_t,dtd,10,47,0.10999568299324118,0.00019189372942507609,0.12463673753364594,0.007764848168918982,-0.014641054540404775,50,0.0196078431372549,50,25.63976812362671
i21k_t,dtd,11,47,0.10889797135912486,0.0003523439087357502,0.12346936813442855,0.0076924796881190655,-0.014571396775303697,50,0.0196078431372549,50,26.766430377960205
i21k_t,dtd,12,47,0.11169481726481,0.00035903204392902596,0.12483536329832325,0.007768886863911979,-0.01314054603351325,48,0.05882352941176471,50,27.911232709884644
i21k_t,dtd,13,47,0.10989517317045636,0.0004197912072494189,0.12466409954230274,0.0077629454236242375,-0.014768926371846403,50,0.0196078431372549,50,28.13403058052063
i21k_t,dtd,14,47,0.11031172687250246,0.000419021142749522,0.12320132941739208,0.007641499974769739,-0.012889602544889632,48,0.05882352941176471,50,23.884207487106323
i21k_t,dtd,15,47,0.1118406287386574,0.0005184228536142428,0.12388798118781015,0.007722329448050636,-0.012047352449152754,47,0.0784313725490196,50,24.140085220336914
i21k_t,dtd,16,47,0.11099745041670596,0.0004102796480833876,0.12388332422747005,0.0077169771449064435,-0.012885873810764087,48,0.05882352941176471,50,22.470844745635986
i21k_t,dtd,17,47,0.11080103165414487,0.0002518387743262383,0.12284498045286192,0.007551162430013626,-0.01204394879871705,47,0.0784313725490196,50,25.285665273666385
i21k_t,dtd,18,47,0.10954719980153367,0.0002751276983400956,0.12446347678114325,0.007629173142794756,-0.014916276979609594,50,0.0196078431372549,50,28.248393297195435
i21k_t,dtd,19,47,0.1111427385483132,0.0002809960868884292,0.12227860689669562,0.007561701422264986,-0.011135868348382413,45,0.1176470588235294,50,26.55385708808899
i21k_t,dtd,20,47,0.11031217771844352,0.00035346067103610233,0.12470052427242873,0.007740940942099127,-0.0143883465539852,50,0.0196078431372549,50,26.95842266082764
i21k_t,dtd,21,47,0.10796780405660863,0.0002807190483949015,0.12436448310984954,0.007645149092592818,-0.016396679053240926,50,0.0196078431372549,50,26.2836229801178
i21k_t,dtd,22,47,0.10817028562337004,0.00033216567349977715,0.1235615980890514,0.0074739685626312065,-0.015391312465681388,50,0.0196078431372549,50,28.158061742782593
i21k_t,dtd,23,47,0.11136854665513678,0.000329051926031286,0.1241596219043438,0.007639937974982902,-0.012791075249207015,47,0.0784313725490196,50,27.0143620967865
i21k_t,dtd,24,47,0.10800708911629273,0.00034512719475055155,0.1231044822880818,0.007577999697310906,-0.015097393171789097,50,0.0196078431372549,50,27.03699517250061
i21k_t,dtd,25,47,0.10944828569338834,0.00036382269354627946,0.12386654376059444,0.007738065662561387,-0.014418258067206091,50,0.0196078431372549,50,26.1646146774292
i21k_t,dtd,26,47,0.11082901854253137,0.0003649589920872091,0.12427275674121152,0.00762022924694435,-0.013443738198680166,49,0.0392156862745098,50,27.722527265548703
i21k_t,dtd,27,47,0.1123115750005457,0.0001970159363513295,0.12398988488854748,0.007615184674751661,-0.01167830988800178,46,0.09803921568627452,50,27.779982089996338
i21k_t,dtd,28,47,0.11037154426314792,0.0003889936902392228,0.12271103178239615,0.007625406824031919,-0.012339487519248224,47,0.0784313725490196,50,25.446258068084717
i21k_t,dtd,29,47,0.11245736404806997,0.0005609383733547965,0.12394209116541985,0.00770481504287318,-0.011484727117349866,46,0.09803921568627452,50,28.008036375045773
i21k_s,dtd,-1,47,0.09584507552385388,0.0003461725965027012,0.11416640146805444,0.005998588858844547,-0.018321325944200575,50,0.0196078431372549,50,26.96045446395874
i21k_s,dtd,0,47,0.09625939781361134,0.0002803657344602614,0.1132979557834874,0.005863513360590985,-0.017038557969876064,50,0.0196078431372549,50,25.010934829711914
i21k_s,dtd,1,47,0.09261873171414252,0.00025298695118652827,0.11391568509992317,0.005779863724303537,-0.02129695338578066,50,0.0196078431372549,50,25.417569875717163
i21k_s,dtd,2,47,0.09363856133639488,0.000338318981572816,0.11277181776092253,0.005845198643146267,-0.01913325642452766,50,0.0196078431372549,50,23.00202250480652
i21k_s,dtd,3,47,0.09238255204299292,0.00011766200056805171,0.11338784292978382,0.005743391246339767,-0.0210052908867909,50,0.0196078431372549,50,25.127500295639038
i21k_s,dtd,4,47,0.09525449660808767,0.00036487652343328926,0.11235369145371923,0.005795785412200854,-0.017099194845631563,50,0.0196078431372549,50,26.74586606025696
i21k_s,dtd,5,47,0.0964972402376401,0.0003557853161764552,0.11341754631327512,0.005937582015747297,-0.016920306075635022,50,0.0196078431372549,50,26.923715353012085
i21k_s,dtd,6,47,0.09507284164161084,0.000202359721948784,0.11316108060536065,0.005794219787162055,-0.01808823896374978,50,0.0196078431372549,50,27.973054885864254
i21k_s,dtd,7,47,0.09406687429395867,0.00011957668978137405,0.11303516548168532,0.005733119351564511,-0.01896829118772665,50,0.0196078431372549,50,27.72850489616394
i21k_s,dtd,8,47,0.096322634768535,0.0002296791896992459,0.11324173184085,0.005814653569563235,-0.01691909707231501,50,0.0196078431372549,50,25.407697916030887
i21k_s,dtd,9,47,0.09583666100065416,0.0003961845429080443,0.11270789431326353,0.005824088632275562,-0.01687123331260934,50,0.0196078431372549,50,24.88247847557068
i21k_s,dtd,10,47,0.09598549438318688,0.00032165019573075445,0.11441682691603358,0.005934513528948628,-0.01843133253284669,50,0.0196078431372549,50,25.079288005828857
i21k_s,dtd,11,47,0.0951892085400905,0.0001409268928774883,0.11226058743635943,0.005814217147973419,-0.01707137889626892,50,0.0196078431372549,50,24.91893720626831
i21k_s,dtd,12,47,0.09204976244069073,0.0003017536110277458,0.11361393980112185,0.005801455301943685,-0.02156417736043112,50,0.0196078431372549,50,24.65185713768005
i21k_s,dtd,13,47,0.09738800270272026,0.00034695387785588244,0.11326127936788505,0.005846600914132111,-0.01587327666516479,50,0.0196078431372549,50,24.54952049255371
i21k_s,dtd,14,47,0.09390978626167032,0.00034532225681593577,0.11276512944052873,0.005765244750788225,-0.018855343178858383,50,0.0196078431372549,50,24.598904609680176
i21k_s,dtd,15,47,0.09460301686374258,0.00042478338307922885,0.11380734590189613,0.005894480829096068,-0.01920432903815356,50,0.0196078431372549,50,24.59263348579407
i21k_s,dtd,16,47,0.09425958922651803,0.0002183109326978933,0.1134016673444549,0.005794965408571775,-0.019142078117936875,50,0.0196078431372549,50,24.631091356277466
i21k_s,dtd,17,47,0.09344059160523388,0.000418692223681357,0.11212473681877906,0.005714451711525478,-0.01868414521354518,50,0.0196078431372549,50,24.825497150421143
i21k_s,dtd,18,47,0.09023094397885416,0.00024280724691544785,0.11419876154626413,0.005857356576019311,-0.02396781756740994,50,0.0196078431372549,50,24.977200269699093
i21k_s,dtd,19,47,0.09504490683546084,0.00018994401449272987,0.11150086724657407,0.005722778080784788,-0.016455960411113246,50,0.0196078431372549,50,25.06139969825745
i21k_s,dtd,20,47,0.09326921870169164,0.0002817991932675742,0.1141059689340171,0.005894000178892497,-0.020836750232325462,50,0.0196078431372549,50,25.012341260910034
i21k_s,dtd,21,47,0.09326740389752204,0.000262354699856434,0.11364908416001294,0.0058461265285062345,-0.02038168026249093,50,0.0196078431372549,50,25.011732578277588
i21k_s,dtd,22,47,0.09625670231860607,0.00012246632610892285,0.11339703496125735,0.00575000444038639,-0.017140332642651288,50,0.0196078431372549,50,24.97671127319336
i21k_s,dtd,23,47,0.09604284671216433,0.0002575159587367066,0.11291486147846568,0.005786089583036403,-0.016872014766301346,50,0.0196078431372549,50,24.95982575416565
i21k_s,dtd,24,47,0.09334049689632264,0.00032396032727699737,0.11242181865395194,0.005781794515998926,-0.01908132175762929,50,0.0196078431372549,50,25.02335619926453
i21k_s,dtd,25,47,0.09193136180133724,0.00023276566062845787,0.11349767438177867,0.0057812144109707,-0.02156631258044144,50,0.0196078431372549,50,25.001047611236572
i21k_s,dtd,26,47,0.09714360293615903,0.00028272565184490715,0.11377580793620827,0.005937144890257511,-0.01663220500004925,50,0.0196078431372549,50,25.081072092056274
i21k_s,dtd,27,47,0.09129598887408516,0.00021744125978049217,0.11263085005060465,0.005757254846851687,-0.02133486117651949,50,0.0196078431372549,50,24.743159770965576
i21k_s,dtd,28,47,0.09448621761490347,0.00022516300981198183,0.1124989240950084,0.005799865787911735,-0.018012706480104914,50,0.0196078431372549,50,24.58393239974976
i21k_s,dtd,29,47,0.09680734504101372,0.00017538372648592267,0.11294915727479755,0.005732933873444863,-0.01614181223378383,50,0.0196078431372549,50,24.518634796142575
i21k_b,dtd,-1,47,0.08885700661181575,0.0004494266024590538,0.10944599663360564,0.005303468680364124,-0.02058899002178988,50,0.0196078431372549,50,24.539262771606445
i21k_b,dtd,0,47,0.08641279903012553,0.00027690968880649447,0.10789337010959198,0.0050690428861611455,-0.02148057107946645,50,0.0196078431372549,50,24.55274653434753
i21k_b,dtd,1,47,0.08778874060124768,0.0004958568021188782,0.10818093977847043,0.00509756810376998,-0.02039219917722275,50,0.0196078431372549,50,24.109777688980106
i21k_b,dtd,2,47,0.08651056963908861,0.0003933664542275917,0.10779622489060868,0.005135040498817985,-0.021285655251520052,50,0.0196078431372549,50,24.508752584457397
i21k_b,dtd,3,47,0.08826178264430322,0.00021783083028040204,0.10815086423290993,0.0050928047589976115,-0.01988908158860669,50,0.0196078431372549,50,24.875678777694702
i21k_b,dtd,4,47,0.08775361198249107,0.00027985791925329046,0.1083552822156826,0.005132267652546979,-0.020601670233191538,50,0.0196078431372549,50,24.721563816070557
i21k_b,dtd,5,47,0.08675815197480932,0.0001742206271438432,0.10849972859975424,0.005149175914597187,-0.021741576624944928,50,0.0196078431372549,50,25.02940583229065
i21k_b,dtd,6,47,0.08524914964618817,0.0004266611402714888,0.10726076121676398,0.005064114508792451,-0.02201161157057581,50,0.0196078431372549,50,24.90829849243164
i21k_b,dtd,7,47,0.088334040704746,0.00023457655608020097,0.10794954376155827,0.005026996439941059,-0.019615503056812283,50,0.0196078431372549,50,24.93636465072632
i21k_b,dtd,8,47,0.0903151822710918,0.0003201802215519042,0.10882687706325207,0.005187188744844504,-0.01851169479216029,50,0.0196078431372549,50,24.88776016235352
i21k_b,dtd,9,47,0.08566005228984833,0.0003012502079885668,0.10793158832648304,0.005103727104848057,-0.022271536036634704,50,0.0196078431372549,50,24.999850511550907
i21k_b,dtd,10,47,0.08808446638462371,0.00029274597944159897,0.10913710289963936,0.005253896728279487,-0.02105263651501564,50,0.0196078431372549,50,24.96126079559326
i21k_b,dtd,11,47,0.08514770121889967,0.00024686314890541697,0.10751173462451263,0.005137534212703617,-0.022364033405612962,50,0.0196078431372549,50,24.898767948150635
i21k_b,dtd,12,47,0.0852343554190094,0.00024070679481253936,0.10794811478013022,0.005115045145211685,-0.022713759361120828,50,0.0196078431372549,50,24.952375888824463
i21k_b,dtd,13,47,0.08749573987432213,0.0003314104896146939,0.10864580335001199,0.005170554847654722,-0.021150063475689887,50,0.0196078431372549,50,24.89876365661621
i21k_b,dtd,14,47,0.08857643857423406,0.00025858533106188286,0.1080089315059166,0.005157395613860904,-0.019432492931682543,50,0.0196078431372549,50,24.919201850891113
i21k_b,dtd,15,47,0.08671623787677447,0.0002154593341719789,0.10820200375336098,0.005154869259250576,-0.0214857658765865,50,0.0196078431372549,50,24.95668888092041
i21k_b,dtd,16,47,0.08563950763867371,0.0005387246546163834,0.107590511312832,0.0050832556769268775,-0.021951003674158292,50,0.0196078431372549,50,24.82832098007202
i21k_b,dtd,17,47,0.08510566261248573,0.000286738849660516,0.10695196879414218,0.005037146649674686,-0.02184630618165645,50,0.0196078431372549,50,24.956889629364014
i21k_b,dtd,18,47,0.08556718992208695,0.0003130620537649463,0.10914379160156168,0.005230476928064251,-0.023576601679474733,50,0.0196078431372549,50,25.017762899398804
i21k_b,dtd,19,47,0.08989060430775045,0.00018240262068892367,0.10693558485686554,0.00502586129881635,-0.017044980549115088,50,0.0196078431372549,50,25.13627004623413
i21k_b,dtd,20,47,0.08590116485334312,0.00014112281024410392,0.10866419644642614,0.005177604300062325,-0.022763031593083016,50,0.0196078431372549,50,25.201847314834595
i21k_b,dtd,21,47,0.08587571923336076,0.000178943427168329,0.10887079405980718,0.005215136203238577,-0.022995074826446416,50,0.0196078431372549,50,25.207252740859985
i21k_b,dtd,22,47,0.08385164634178442,0.00027141600894951275,0.1082540570744798,0.005155052246170334,-0.02440241073269539,50,0.0196078431372549,50,24.86076307296753
i21k_b,dtd,23,47,0.0890947908616562,0.0004232850948121893,0.10835331673210116,0.005145987629839028,-0.01925852587044495,50,0.0196078431372549,50,24.873996257781982
i21k_b,dtd,24,47,0.08639286341050183,0.0003090791232623844,0.10798965960557856,0.0051663195734713615,-0.02159679619507673,50,0.0196078431372549,50,24.753034591674805
i21k_b,dtd,25,47,0.0846058871300458,0.00026739600878967747,0.10769739589104901,0.00508222409499005,-0.0230915087610032,50,0.0196078431372549,50,24.530898571014404
i21k_b,dtd,26,47,0.0901240122507021,0.00016929365321838134,0.10896455057493913,0.005245069994645433,-0.01884053832423703,50,0.0196078431372549,50,24.574269771575928
i21k_b,dtd,27,47,0.08740526707117346,0.00029110032638499426,0.107987196127825,0.0051104250599472755,-0.020581929056651543,50,0.0196078431372549,50,24.640151023864746
i21k_b,dtd,28,47,0.08872672346237231,0.0005025200505881522,0.10728324984620614,0.005023582712187941,-0.01855652638383383,50,0.0196078431372549,50,24.623254537582397
i21k_b,dtd,29,47,0.08764638230364126,0.0002969129162873391,0.10785920248371864,0.005107195986976722,-0.02021282018007739,50,0.0196078431372549,50,24.753583431243896
i21k_l,dtd,-1,47,0.07733017339604878,0.0003670979005732898,0.10833354356118176,0.004968588395815803,-0.031003370165132993,50,0.0196078431372549,50,20.239805221557614
i21k_l,dtd,0,47,0.07469493023293683,0.00018948094030269154,0.1055968829858987,0.004783162493298411,-0.03090195275296187,50,0.0196078431372549,50,24.110122680664066
i21k_l,dtd,1,47,0.0770310928212048,0.00039526915460804264,0.10617254078484377,0.004726162382794093,-0.02914144796363899,50,0.0196078431372549,50,24.91430830955505
i21k_l,dtd,2,47,0.07676472176107076,0.00042793240120815763,0.10589443142836794,0.004785048744317235,-0.029129709667297183,50,0.0196078431372549,50,24.75211787223816
i21k_l,dtd,3,47,0.07625909173418569,0.0003020309389265564,0.10613121541381956,0.004638502056130943,-0.02987212367963388,50,0.0196078431372549,50,25.03925728797913
i21k_l,dtd,4,47,0.07845291686063355,0.00034792969835209633,0.1060784941042126,0.0047496987083548645,-0.027625577243579044,50,0.0196078431372549,50,25.06604766845703
i21k_l,dtd,5,47,0.07462927583655281,0.00018767333617830383,0.1061984241972269,0.0048159272039569965,-0.031569148360674086,50,0.0196078431372549,50,25.086973905563354
i21k_l,dtd,6,47,0.0733887437289983,0.0001989433838326737,0.10582051943866848,0.004692479664390893,-0.03243177570967018,50,0.0196078431372549,50,25.054762601852413
i21k_l,dtd,7,47,0.07698802998513901,0.00017773381881313227,0.1057831319396925,0.004653690247746983,-0.028795101954553495,50,0.0196078431372549,50,25.01322078704834
i21k_l,dtd,8,47,0.07781016454437313,0.00024232540872330352,0.10697141629666476,0.004790711345935705,-0.02916125175229163,50,0.0196078431372549,50,22.40778398513794
i21k_l,dtd,9,47,0.07608282242408186,0.00027267530036180536,0.10634916898067248,0.004724933796893661,-0.03026634655659062,50,0.0196078431372549,50,24.994404554367065
i21k_l,dtd,10,47,0.07757143148740743,0.00034985784739628733,0.1067183921505732,0.004803967944277334,-0.029146960663165782,50,0.0196078431372549,50,25.08570194244385
i21k_l,dtd,11,47,0.07538671021997734,0.00034791209019628927,0.1057281749788234,0.004671071002301738,-0.030341464758846068,50,0.0196078431372549,50,24.99561834335327
i21k_l,dtd,12,47,0.07398540848366568,0.00032982467863898777,0.10662643119937573,0.00470672530127106,-0.03264102271571005,50,0.0196078431372549,50,25.045589208602905
i21k_l,dtd,13,47,0.07661570379768935,0.0003301996582324431,0.1064170782498698,0.004772560987481221,-0.029801374452180437,50,0.0196078431372549,50,25.09551429748535
i21k_l,dtd,14,47,0.07933901935082534,0.00039762099057241837,0.10617982010920922,0.004783566904658874,-0.02684080075838388,50,0.0196078431372549,50,24.977718353271484
i21k_l,dtd,15,47,0.07635851293444693,0.00016650504331573154,0.10566572896928783,0.004740675257368872,-0.02930721603484092,50,0.0196078431372549,50,25.013888120651245
i21k_l,dtd,16,47,0.07380025147231048,0.00039801369483167366,0.1060347825252076,0.004689235197735887,-0.03223453105289713,50,0.0196078431372549,50,24.528417587280273
i21k_l,dtd,17,47,0.07659512900783469,0.0002461135306615743,0.10581972542187733,0.0046503403518296975,-0.02922459641404264,50,0.0196078431372549,50,25.07694339752197
i21k_l,dtd,18,47,0.0749939470970676,0.0002561350135217652,0.1076425112105712,0.004778793342470025,-0.032648564113503614,50,0.0196078431372549,50,25.085621118545532
i21k_l,dtd,19,47,0.07637231980570405,0.00012781642708060607,0.10550648246324183,0.0047085965280819295,-0.029134162657537793,50,0.0196078431372549,50,25.07691192626953
i21k_l,dtd,20,47,0.07398281833354514,6.868858312481176e-05,0.1069427658719497,0.004769587538558024,-0.03295994753840456,50,0.0196078431372549,50,25.014750003814697
i21k_l,dtd,21,47,0.07566238799818789,0.00024781060773652506,0.10683739384701348,0.004732771230668582,-0.0311750058488256,50,0.0196078431372549,50,24.732134580612183
i21k_l,dtd,22,47,0.07613611161677368,0.0002879300033927119,0.10708347639580557,0.0047748209919155704,-0.03094736477903189,50,0.0196078431372549,50,24.672136783599854
i21k_l,dtd,23,47,0.07449596505300002,0.00015780863947437268,0.10702028236294996,0.004782350971061099,-0.03252431730994995,50,0.0196078431372549,50,24.50981879234314
i21k_l,dtd,24,47,0.07388148181596557,0.0003705528422725281,0.1053716395472914,0.0047489555046545204,-0.031490157731325824,50,0.0196078431372549,50,24.530001163482666
i21k_l,dtd,25,47,0.07515659927454432,0.00029199908506380456,0.1061755368053108,0.0046999182497699035,-0.03101893753076647,50,0.0196078431372549,50,23.658816576004032
i21k_l,dtd,26,47,0.07789387227590583,0.0002867544149257265,0.10725559320343628,0.004859939511459407,-0.02936172092753045,50,0.0196078431372549,50,23.453327178955078
i21k_l,dtd,27,47,0.07783906918216113,0.0003080645635450393,0.10594132548400184,0.004680862347124916,-0.028102256301840708,50,0.0196078431372549,50,23.35860919952393
i21k_l,dtd,28,47,0.07850393884670677,0.00037347696388069924,0.10504458346298784,0.004785019608268211,-0.02654064461628107,50,0.0196078431372549,50,23.319663763046265
i21k_l,dtd,29,47,0.07591152956767863,0.00018943463308784806,0.10585521979258113,0.004680699041367485,-0.02994369022490248,50,0.0196078431372549,50,23.37888479232788
dinov1_b,dtd,-1,47,0.095200424225416,0.0003949681991277883,0.12192868143891088,0.006111725824146228,-0.02672825721349488,50,0.0196078431372549,50,18.811001300811764
dinov1_b,dtd,0,47,0.09133590829045997,0.00036244331882316383,0.12048831418477544,0.005887981052831184,-0.029152405894315475,50,0.0196078431372549,50,18.59623122215271
dinov1_b,dtd,1,47,0.0949690159685192,0.0004638955283411137,0.120093428826426,0.005679793680499853,-0.025124412857906814,50,0.0196078431372549,50,22.8501718044281
dinov1_b,dtd,2,47,0.09433671794520268,0.00040007889944767444,0.12001188441038685,0.005969518692492771,-0.025675166465184168,50,0.0196078431372549,50,22.873858213424683
dinov1_b,dtd,3,47,0.09473351950236636,0.0002641714314340422,0.11999193312637782,0.005854678165473508,-0.02525841362401146,50,0.0196078431372549,50,22.551410675048828
dinov1_b,dtd,4,47,0.09452158426057916,0.0002912135635049461,0.12015716818925735,0.0059410867987286144,-0.025635583928678197,50,0.0196078431372549,50,22.663548469543453
dinov1_b,dtd,5,47,0.09405398898969136,0.00043765050780966496,0.12015193319894048,0.005897843651995985,-0.02609794420924912,50,0.0196078431372549,50,22.238654136657715
dinov1_b,dtd,6,47,0.09395759442677183,0.0002831333799640638,0.11948620724614767,0.005793648873465237,-0.025528612819375823,50,0.0196078431372549,50,18.1978702545166
dinov1_b,dtd,7,47,0.08931526060061787,0.00035564327315180776,0.12006359080779898,0.005782210024056982,-0.030748330207181093,50,0.0196078431372549,50,18.210657119750977
dinov1_b,dtd,8,47,0.09468876078048913,0.00043812541501908055,0.12065447296248233,0.005933407210087321,-0.025965712181993183,50,0.0196078431372549,50,18.149512767791744
dinov1_b,dtd,9,47,0.0921077824420117,0.0003175207243242856,0.12055321350625108,0.005921232977641825,-0.02844543106423938,50,0.0196078431372549,50,18.258924722671512
dinov1_b,dtd,10,47,0.09560946948859736,0.00029542990991979326,0.12092274813118363,0.005889488280080031,-0.025313278642586257,50,0.0196078431372549,50,18.134593725204468
dinov1_b,dtd,11,47,0.0947094099412984,0.0004739487533474145,0.12004071696121635,0.005909805092398698,-0.025331307019917957,50,0.0196078431372549,50,18.18089747428894
dinov1_b,dtd,12,47,0.09549972858469946,0.000321726309935279,0.12008482998760253,0.005912740903227914,-0.024585101402903056,50,0.0196078431372549,50,18.229179859161373
dinov1_b,dtd,13,47,0.0946949113292828,0.00033803773129804265,0.11964860301515105,0.005924327536974987,-0.02495369168586824,50,0.0196078431372549,50,17.879456043243405
dinov1_b,dtd,14,47,0.09247890448918417,0.00030243668737213816,0.11997470282785795,0.0060057764081744135,-0.027495798338673785,50,0.0196078431372549,50,18.792115926742554
dinov1_b,dtd,15,47,0.09413466933404427,0.00023257886558093345,0.12006176293712224,0.005849775050896567,-0.02592709360307796,50,0.0196078431372549,50,24.460309743881226
dinov1_b,dtd,16,47,0.09455555449275484,0.0003187811574669209,0.1191481446727076,0.0058322881247778145,-0.02459259017995276,50,0.0196078431372549,50,24.532491445541385
dinov1_b,dtd,17,47,0.09294532358852188,0.00035389614158479226,0.12068213731211593,0.005850261827108115,-0.027736813723594045,50,0.0196078431372549,50,22.95474028587341
dinov1_b,dtd,18,47,0.0934730936967797,0.00036209093362607817,0.120422066227515,0.005879956007791067,-0.02694897253073529,50,0.0196078431372549,50,17.959780931472782
dinov1_b,dtd,19,47,0.09445911283136066,0.0002679575448142565,0.11971630081012913,0.005907467814035803,-0.025257187978768456,50,0.0196078431372549,50,17.88004064559936
dinov1_b,dtd,20,47,0.09189915014002034,0.00041693533311094465,0.12101587080026276,0.005964259446941327,-0.02911672066024241,50,0.0196078431372549,50,18.01688003540039
dinov1_b,dtd,21,47,0.09167023333004784,0.00022661033172106454,0.12012559725234075,0.005976949708827947,-0.028455363922292906,50,0.0196078431372549,50,18.03233408927917
dinov1_b,dtd,22,47,0.08908296407323996,0.0002654116194335626,0.12042046693666987,0.005769781735583807,-0.03133750286342993,50,0.0196078431372549,50,17.937143325805664
dinov1_b,dtd,23,47,0.09117588706162123,0.00026796216178040787,0.1216562067618206,0.005806544516284128,-0.03048031970019935,50,0.0196078431372549,50,21.779725790023804
dinov1_b,dtd,24,47,0.09390651867738634,0.000240172770176102,0.11934529851792795,0.006069494723647355,-0.025438779840541617,50,0.0196078431372549,50,24.427302837371826
dinov1_b,dtd,25,47,0.09591531326482214,0.00028888639800336803,0.12022468210325295,0.005884280828044844,-0.02430936883843081,50,0.0196078431372549,50,24.47781133651733
dinov1_b,dtd,26,47,0.09764827676761384,0.0002327661744083791,0.12052061532548497,0.005928436775238567,-0.022872338557871158,50,0.0196078431372549,50,24.503684282302856
dinov1_b,dtd,27,47,0.0977994055002577,0.0005352341684221863,0.11957120222633733,0.005814103915188404,-0.02177179672607961,50,0.0196078431372549,50,24.40038371086121
dinov1_b,dtd,28,47,0.0969589356952689,0.00034851296471891336,0.11920114877629885,0.006036511050995925,-0.022242213081029943,50,0.0196078431372549,50,24.448123455047607
dinov1_b,dtd,29,47,0.09542405401776982,0.000233243750172562,0.1203467836695827,0.005773148223843379,-0.024922729651812872,50,0.0196078431372549,50,24.491579294204712
dinov2_s,dtd,-1,47,0.10531931977064338,0.00042696525002554325,0.12267506833238627,0.0053506269439791134,-0.01735574856174289,50,0.0196078431372549,50,24.566798210144047
dinov2_s,dtd,0,47,0.10469751915214368,0.00032778970563854243,0.12169569337999868,0.0052749152223779475,-0.016998174227855004,50,0.0196078431372549,50,24.56944990158081
dinov2_s,dtd,1,47,0.1041078891955434,0.00033017028048162585,0.12138629477583925,0.005117757426903318,-0.017278405580295822,50,0.0196078431372549,50,24.669101238250732
dinov2_s,dtd,2,47,0.1058420416418627,0.0005255475796450544,0.1210188620388966,0.0053316514220933114,-0.015176820397033913,50,0.0196078431372549,50,24.660117626190186
dinov2_s,dtd,3,47,0.10591565264375484,0.0005595999142580057,0.1215060787980497,0.005200697025876442,-0.015590426154294871,50,0.0196078431372549,50,24.634952783584595
dinov2_s,dtd,4,47,0.10565536523863063,0.0006147218538091363,0.12146515975907712,0.005346410525496671,-0.01580979452044651,50,0.0196078431372549,50,24.584441900253296
dinov2_s,dtd,5,47,0.1072974793368214,0.0005063733457364874,0.12195231159748518,0.005341947221160434,-0.014654832260663787,50,0.0196078431372549,50,20.044894218444824
dinov2_s,dtd,6,47,0.10425028127474154,0.0005668437671082396,0.12070114246906195,0.005153679139173006,-0.016450861194320432,50,0.0196078431372549,50,18.27501606941223
dinov2_s,dtd,7,47,0.09803509496270893,0.0004307297666005466,0.12167173996933305,0.005086829251517381,-0.02363664500662412,50,0.0196078431372549,50,18.31546902656555
dinov2_s,dtd,8,47,0.10511849055671216,0.00027333352020448724,0.1211890410966463,0.005245474212614353,-0.016070550539934142,50,0.0196078431372549,50,18.311180830001828
dinov2_s,dtd,9,47,0.10654364890165398,0.00044194328674285985,0.1221832918467197,0.005245588090573497,-0.015639642945065715,50,0.0196078431372549,50,18.369246959686283
dinov2_s,dtd,10,47,0.10589850038686167,0.000578591456779174,0.12188550856140155,0.005364055956777117,-0.01598700817453988,50,0.0196078431372549,50,18.365485906600952
dinov2_s,dtd,11,47,0.10674771203552832,0.0004087893161790367,0.12190886409797295,0.005251529404996931,-0.015161152062444644,50,0.0196078431372549,50,18.392035722732547
dinov2_s,dtd,12,47,0.10560223407265612,0.0005293205395329151,0.12201625866488512,0.005055614345967265,-0.016414024592228987,50,0.0196078431372549,50,18.30993986129761
dinov2_s,dtd,13,47,0.10568367176326476,0.0004088107882962728,0.1217001892639154,0.005235012063034425,-0.016016517500650626,50,0.0196078431372549,50,18.184146642684933
dinov2_s,dtd,14,47,0.1052776039461178,0.0007084706172329466,0.12147422104602106,0.005271140668942661,-0.01619661709990325,50,0.0196078431372549,50,18.188616275787357
dinov2_s,dtd,15,47,0.10275904136716572,0.00047402027182931103,0.12159548237904312,0.005114194907050229,-0.0188364410118774,50,0.0196078431372549,50,18.12687540054321
dinov2_s,dtd,16,47,0.10617866593940103,0.0004667403260019545,0.12072928705220892,0.005130700335609851,-0.014550621112807876,50,0.0196078431372549,50,18.14649438858032
dinov2_s,dtd,17,47,0.10618024342760668,0.0005727206693726342,0.12140302582231735,0.0052457600384586255,-0.015222782394710671,50,0.0196078431372549,50,18.112799167633053
dinov2_s,dtd,18,47,0.10483034261599014,0.00044312566503345305,0.12247150006394125,0.005247713969654814,-0.017641157447951108,50,0.0196078431372549,50,18.13290739059448
dinov2_s,dtd,19,47,0.1081044606350016,0.0003706725508054842,0.12122111207163053,0.005206769419885246,-0.013116651436628934,50,0.0196078431372549,50,18.232498168945312
dinov2_s,dtd,20,47,0.1059570622010484,0.00025452820639600067,0.12281525293598315,0.0053055047092282525,-0.016858190734934747,50,0.0196078431372549,50,18.217678308486942
dinov2_s,dtd,21,47,0.10330368666087883,0.0004474410636930999,0.12270693423294292,0.005190059654046756,-0.019403247572064103,50,0.0196078431372549,50,18.177385807037357
dinov2_s,dtd,22,47,0.09911969611371138,0.00036470701857457664,0.12198109736694125,0.005134972063251312,-0.022861401253229857,50,0.0196078431372549,50,18.187122106552124
dinov2_s,dtd,23,47,0.10174685866971253,0.0005199609688196712,0.12208236960032892,0.0050267335729617686,-0.020335510930616404,50,0.0196078431372549,50,18.14825773239136
dinov2_s,dtd,24,47,0.1033763915440792,0.000423805484049334,0.12057953198438635,0.005264999876766379,-0.017203140440307144,50,0.0196078431372549,50,18.085310220718387
dinov2_s,dtd,25,47,0.1081934180636001,0.0006321799718216009,0.12129478814842805,0.0051873916625188345,-0.013101370084827936,50,0.0196078431372549,50,18.15938663482666
dinov2_s,dtd,26,47,0.10547184244635052,0.0003711965724223128,0.12148415474209845,0.005303606916692725,-0.016012312295747913,50,0.0196078431372549,50,18.175313472747806
dinov2_s,dtd,27,47,0.10822287995007587,0.0005352754624504575,0.12172975177902948,0.005219937610400247,-0.01350687182895362,50,0.0196078431372549,50,18.17113661766052
dinov2_s,dtd,28,47,0.10744191750614844,0.0002815843188732438,0.12116958039683975,0.0053976151357872405,-0.013727662890691314,50,0.0196078431372549,50,18.194481134414676
dinov2_s,dtd,29,47,0.10282645071038107,0.00037984004031479783,0.12090477789776635,0.00521898264617071,-0.01807832718738529,50,0.0196078431372549,50,18.194765090942386
dinov2_b,dtd,-1,47,0.07665548771119285,0.00038836079159903727,0.11123569664725963,0.004290011038083195,-0.03458020893606677,50,0.0196078431372549,50,27.05683422088623
dinov2_b,dtd,0,47,0.07783304668889122,0.0003286796422015761,0.11009235284989086,0.004220368308465946,-0.03225930616099963,50,0.0196078431372549,50,27.326696634292606
dinov2_b,dtd,1,47,0.07489640278558661,0.000418658203068448,0.10972108529584952,0.004000086200021852,-0.0348246825102629,50,0.0196078431372549,50,28.45289492607117
dinov2_b,dtd,2,47,0.07590590332838358,0.0004827232886990209,0.10921214318525044,0.0043224471082584735,-0.033306239856866884,50,0.0196078431372549,50,28.384762287139893
dinov2_b,dtd,3,47,0.0733621050151806,0.00031431970110332635,0.10941980512307174,0.0040769917973383476,-0.03605770010789114,50,0.0196078431372549,50,25.97726821899414
dinov2_b,dtd,4,47,0.07892010937978032,0.00038796865858675917,0.10967594898209852,0.00417324785957715,-0.03075583960231819,50,0.0196078431372549,50,22.817317485809326
dinov2_b,dtd,5,47,0.0750379334702367,0.000314504360576071,0.11049853194877722,0.004333663320357219,-0.035460598478540516,50,0.0196078431372549,50,24.22858214378357
dinov2_b,dtd,6,47,0.0741321084583287,0.000347362691493814,0.10920700325019618,0.004055792092945464,-0.035074894791867484,50,0.0196078431372549,50,23.16126251220703
dinov2_b,dtd,7,47,0.07484972281801908,0.00028102039094864617,0.1100158729187894,0.0040206359278621324,-0.035166150100770316,50,0.0196078431372549,50,23.549530506134033
dinov2_b,dtd,8,47,0.07597822152995795,0.0003680790699645227,0.10959667735185084,0.004087028370801019,-0.033618455821892886,50,0.0196078431372549,50,26.12161922454834
dinov2_b,dtd,9,47,0.07676041217977032,0.0002988051827696267,0.1104772915812834,0.004237956502407115,-0.033716879401513064,50,0.0196078431372549,50,26.960688829422
dinov2_b,dtd,10,47,0.07726994972961337,0.0004614069695910041,0.11057250453070752,0.004238476395998665,-0.033302554801094134,50,0.0196078431372549,50,28.162832021713253
dinov2_b,dtd,11,47,0.07626802701680649,0.0003117971083997351,0.11051251966059616,0.004208695306489449,-0.03424449264378968,50,0.0196078431372549,50,27.03033900260925
dinov2_b,dtd,12,47,0.07562929945228845,0.0002769921098671603,0.1108343171505004,0.004127216357456706,-0.03520501769821194,50,0.0196078431372549,50,26.975156784057614
dinov2_b,dtd,13,47,0.07610643429572303,0.00026944945540945906,0.10973901855136596,0.004220166577262514,-0.033632584255642944,50,0.0196078431372549,50,27.4831485748291
dinov2_b,dtd,14,47,0.07417161428010118,0.0002999886351207262,0.10961572990575108,0.004178607038350978,-0.035444115625649905,50,0.0196078431372549,50,22.97216200828552
dinov2_b,dtd,15,47,0.07364514332043237,0.00027947986624259964,0.11010803785890834,0.0041700238465007715,-0.03646289453847597,50,0.0196078431372549,50,25.43289303779602
dinov2_b,dtd,16,47,0.0752589294932634,0.00041800477014776086,0.10805302445225844,0.004151931781271053,-0.03279409495899503,50,0.0196078431372549,50,27.48353099822998
dinov2_b,dtd,17,47,0.0784686081633271,0.0003306270379843727,0.1091016883717674,0.004199929677938098,-0.0306330802084403,50,0.0196078431372549,50,25.36908721923828
dinov2_b,dtd,18,47,0.07493157916761756,0.0002567113965515368,0.11070362341561232,0.004183185196251739,-0.035772044247994766,50,0.0196078431372549,50,27.75101184844971
dinov2_b,dtd,19,47,0.07628073559090395,0.00030675344716309284,0.10945567318385648,0.004189564693748032,-0.03317493759295252,50,0.0196078431372549,50,26.72689175605774
dinov2_b,dtd,20,47,0.0778829953429109,0.00019793510621587618,0.11110142082860357,0.004331369457119123,-0.03321842548569265,50,0.0196078431372549,50,26.78994536399841
dinov2_b,dtd,21,47,0.07656065467738417,0.0005110474738095592,0.11096853059658036,0.0041686788618995885,-0.03440787591919617,50,0.0196078431372549,50,27.719651937484738
dinov2_b,dtd,22,47,0.0748909574776802,0.00037169449394176487,0.11076005023998584,0.004056027708581533,-0.03586909276230564,50,0.0196078431372549,50,27.291612386703488
dinov2_b,dtd,23,47,0.0766101754183356,0.00024013715635862046,0.11040894324934307,0.004051796773723507,-0.033798767831007465,50,0.0196078431372549,50,27.57471513748169
dinov2_b,dtd,24,47,0.07391413444536933,0.0003194308832174678,0.1089469336759152,0.004307103140343606,-0.035032799230545884,50,0.0196078431372549,50,27.89974975585937
dinov2_b,dtd,25,47,0.07610909921010525,0.0003889582508887794,0.10928855259268423,0.004066324654029497,-0.033179453382578994,50,0.0196078431372549,50,26.75245547294617
dinov2_b,dtd,26,47,0.07380848690210053,0.0003018830295033401,0.11001072359848332,0.004334352867402093,-0.036202236696382784,50,0.0196078431372549,50,25.56879448890686
dinov2_b,dtd,27,47,0.07648572182511666,0.00045652906590630283,0.10939796810048677,0.004253060099202121,-0.03291224627537012,50,0.0196078431372549,50,23.465757846832275
dinov2_b,dtd,28,47,0.07856183671849883,0.00040035171336648596,0.10916471521914488,0.004189446847018917,-0.03060287850064605,50,0.0196078431372549,50,25.4730064868927
dinov2_b,dtd,29,47,0.07481747144543244,0.0003995147227596041,0.10907156200324984,0.004086608863795477,-0.034254090557817404,50,0.0196078431372549,50,25.66519260406494
dinov2_l,dtd,-1,47,0.06926402629604357,0.0003943455218830268,0.1106545101908248,0.0036727163397445054,-0.041390483894781234,50,0.0196078431372549,50,27.726990222930908
dinov2_l,dtd,0,47,0.06926564460313869,0.00030951529573745585,0.10880981656347062,0.003691980310508922,-0.03954417196033193,50,0.0196078431372549,50,28.398186206817627
dinov2_l,dtd,1,47,0.0666069948507908,0.00017528825423612082,0.10953396573748936,0.0033513526206272386,-0.04292697088669857,50,0.0196078431372549,50,27.346636533737183
dinov2_l,dtd,2,47,0.06763874206606173,0.00032546246957221975,0.10804602151194738,0.003649990076150643,-0.04040727944588565,50,0.0196078431372549,50,27.615502119064328
dinov2_l,dtd,3,47,0.06630785585206556,0.0003304003406105524,0.1082822333551452,0.003477025834195423,-0.041974377503079655,50,0.0196078431372549,50,27.51530480384827
dinov2_l,dtd,4,47,0.06895481213319796,0.00021277620001612164,0.10860549333750263,0.0036312303453587547,-0.039650681204304684,50,0.0196078431372549,50,27.54842472076416
dinov2_l,dtd,5,47,0.065908779300373,0.00033777076683730935,0.1094261268238904,0.0037725541915878268,-0.04351734752351738,50,0.0196078431372549,50,27.02521324157715
dinov2_l,dtd,6,47,0.06630396312989284,0.00034248174306312324,0.10838418546216436,0.003371833594787988,-0.04208022233227153,50,0.0196078431372549,50,25.618242263793945
dinov2_l,dtd,7,47,0.06685794708550867,0.0004179430975366852,0.10829313404756964,0.0034818655673697,-0.041435186962060964,50,0.0196078431372549,50,25.55596685409546
dinov2_l,dtd,8,47,0.06699755506465194,0.00048382809977804314,0.10826804495283936,0.003503908691540795,-0.04127048988818742,50,0.0196078431372549,50,26.83403587341309
dinov2_l,dtd,9,47,0.06811502735740843,0.000420734892386009,0.10904450004543648,0.00358917236903646,-0.04092947268802805,50,0.0196078431372549,50,28.015848636627197
dinov2_l,dtd,10,47,0.06871885563023948,0.00028991758378363607,0.10929377821902418,0.0037715568351382304,-0.04057492258878472,50,0.0196078431372549,50,27.93126583099365
dinov2_l,dtd,11,47,0.06755956653079573,0.00025774293404078475,0.10929862813004768,0.003564387703998319,-0.04173906159925195,50,0.0196078431372549,50,26.542423248291016
dinov2_l,dtd,12,47,0.06713583875736104,0.0002563964435016915,0.11001690290684676,0.0034443295384235283,-0.04288106414948571,50,0.0196078431372549,50,26.222415208816532
dinov2_l,dtd,13,47,0.068218722132289,0.0003237724736769355,0.1084575456694088,0.0036820325192646335,-0.04023882353711981,50,0.0196078431372549,50,26.85622525215149
dinov2_l,dtd,14,47,0.06645406364148543,0.00021564368413413702,0.10848272754978294,0.003487212080129113,-0.04202866390829752,50,0.0196078431372549,50,27.90006327629089
dinov2_l,dtd,15,47,0.0666697183361653,0.00020074171979269536,0.10956999187838867,0.0034515679760152053,-0.042900273542223366,50,0.0196078431372549,50,27.70863747596741
dinov2_l,dtd,16,47,0.06728156761088669,0.0005245291892375896,0.10733982424192544,0.0034654669440396585,-0.04005825663103876,50,0.0196078431372549,50,26.081517219543453
dinov2_l,dtd,17,47,0.06915559176613065,0.0004737402103979169,0.107678175365007,0.0035793879199980845,-0.03852258359887637,50,0.0196078431372549,50,26.629658222198486
dinov2_l,dtd,18,47,0.0678327636571506,0.0002744473477495191,0.1098842835908739,0.003503259596209543,-0.0420515199337233,50,0.0196078431372549,50,22.81530785560608
dinov2_l,dtd,19,47,0.06493671183244157,0.0004079984235961252,0.10802234597712956,0.0034596909577528194,-0.04308563414468798,50,0.0196078431372549,50,26.60821771621704
dinov2_l,dtd,20,47,0.06871535442444343,0.0005140385322843139,0.11046628511873197,0.0036732562381572562,-0.04175093069428852,50,0.0196078431372549,50,27.809993505477905
dinov2_l,dtd,21,47,0.06708924216227828,0.00031495419574241505,0.109881724613208,0.0034857720266389877,-0.04279248245092975,50,0.0196078431372549,50,28.112244129180908
dinov2_l,dtd,22,47,0.06622553594591142,0.00031531122179363964,0.10981870009022028,0.00356891506385685,-0.04359316414430883,50,0.0196078431372549,50,28.27809715270996
dinov2_l,dtd,23,47,0.067989007501192,0.00035835871564017757,0.10933764855402067,0.003438030969665697,-0.041348641052828684,50,0.0196078431372549,50,28.48742318153381
dinov2_l,dtd,24,47,0.06844449967022698,0.00025908767405251825,0.10806908936830166,0.0038470722828740415,-0.03962458969807468,50,0.0196078431372549,50,26.723927736282352
dinov2_l,dtd,25,47,0.06885384483151888,0.0004153877348691009,0.108267168088316,0.0034613406194834405,-0.03941332325679711,50,0.0196078431372549,50,26.582085132598877
dinov2_l,dtd,26,47,0.06761930853371284,0.0003139090466846208,0.10913873646791766,0.0036266485859739093,-0.041519427934204815,50,0.0196078431372549,50,27.09818148612976
dinov2_l,dtd,27,47,0.0682861442449493,0.0002719739838916332,0.10885346354021358,0.0035710027581814328,-0.04056731929526428,50,0.0196078431372549,50,27.81062602996826
dinov2_l,dtd,28,47,0.07081519860974636,0.000270137516755224,0.10774908390925314,0.0037401871793656854,-0.03693388529950678,50,0.0196078431372549,50,27.93808913230896
dinov2_l,dtd,29,47,0.06877800049893801,0.000546917346745081,0.10776232301755856,0.003550018465181329,-0.03898432251862054,50,0.0196078431372549,50,26.510671854019165
dinov2_g,dtd,-1,47,0.07308887946938485,0.0002303184640741918,0.111254720056482,0.0041165137150846,-0.03816584058709717,50,0.0196078431372549,50,26.4773211479187
dinov2_g,dtd,0,47,0.0729167503033483,0.0002561208905232589,0.1098127960007564,0.004032288256024389,-0.036896045697408106,50,0.0196078431372549,50,27.964773654937744
dinov2_g,dtd,1,47,0.06830069095426347,0.0002225048801640488,0.11052655133558682,0.003845964004663153,-0.04222586038132335,50,0.0196078431372549,50,29.29195690155029
dinov2_g,dtd,2,47,0.07171054775601524,0.00026758159170552347,0.10886129790025637,0.004046637255071249,-0.03715075014424113,50,0.0196078431372549,50,29.042489767074585
dinov2_g,dtd,3,47,0.06964223175331287,0.000323232327344512,0.10954442420659392,0.0038895595850355217,-0.039902192453281055,50,0.0196078431372549,50,29.163763999938965
dinov2_g,dtd,4,47,0.07138991475251305,0.00015837987620015553,0.1090736277858711,0.004059885861742061,-0.03768371303335805,50,0.0196078431372549,50,27.46408581733704
dinov2_g,dtd,5,47,0.06822971157353354,0.0003229422500575678,0.11026075994359767,0.0041202867066211036,-0.04203104837006413,50,0.0196078431372549,50,28.52165246009827
dinov2_g,dtd,6,47,0.07005190270249655,0.00036189890373675214,0.10911909231236967,0.003815168455597158,-0.03906718960987314,50,0.0196078431372549,50,28.703898191452023
dinov2_g,dtd,7,47,0.0702972043863778,0.0002521435531233868,0.10944743825946343,0.0038979259559329725,-0.03915023387308561,50,0.0196078431372549,50,27.31007719039917
dinov2_g,dtd,8,47,0.07225539211424767,0.0004516472556909618,0.10949352879290716,0.0038797188687819243,-0.037238136678659495,50,0.0196078431372549,50,27.401935577392575
dinov2_g,dtd,9,47,0.07418523553642828,0.0004917668737127797,0.10954315432087698,0.003965540002565585,-0.0353579187844487,50,0.0196078431372549,50,29.44351840019226
dinov2_g,dtd,10,47,0.07173039157469357,0.00017396492531186698,0.11038856327764984,0.004032364829182444,-0.038658171702956254,50,0.0196078431372549,50,29.074989318847656
dinov2_g,dtd,11,47,0.07091320357120304,0.00017591625402515928,0.11061565874266792,0.004021972651656111,-0.039702455171464895,50,0.0196078431372549,50,27.54837703704834
dinov2_g,dtd,12,47,0.07190935874798775,0.0003487042773150558,0.1104050703110277,0.0039113108473007785,-0.03849571156303995,50,0.0196078431372549,50,28.366329669952393
dinov2_g,dtd,13,47,0.07324951141020744,0.0003429713639477056,0.10938662102900823,0.004010978332780864,-0.036137109618800775,50,0.0196078431372549,50,28.345916748046875
dinov2_g,dtd,14,47,0.07041829436887463,0.0003173825667530308,0.10934954866726916,0.0039851470297482304,-0.03893125429839453,50,0.0196078431372549,50,28.53285574913025
dinov2_g,dtd,15,47,0.06942219914979902,0.0002355729461524697,0.11000144354451452,0.003917310174750852,-0.0405792443947155,50,0.0196078431372549,50,28.453460931777954
dinov2_g,dtd,16,47,0.07328172095007457,0.0001978316400916083,0.10787416387378752,0.003879164081774031,-0.034592442923712934,50,0.0196078431372549,50,26.881325006484985
dinov2_g,dtd,17,47,0.07609810013665945,0.0002788962286300499,0.10865426205053737,0.003974124459906602,-0.03255616191387792,50,0.0196078431372549,50,26.620266675949093
dinov2_g,dtd,18,47,0.06984968658318369,0.0003925202852525384,0.1104654880177457,0.004020117503856705,-0.040615801434562,50,0.0196078431372549,50,28.27350997924805
dinov2_g,dtd,19,47,0.07108928252110727,0.0002497998585112305,0.10942994558757968,0.003944085838189134,-0.038340663066472415,50,0.0196078431372549,50,28.125629425048828
dinov2_g,dtd,20,47,0.07269628341459224,0.00025457935448220005,0.11129388401343697,0.004143576487047591,-0.03859760059884475,50,0.0196078431372549,50,25.780093431472782
dinov2_g,dtd,21,47,0.07010231653598561,0.0003529230039369596,0.11074747012568267,0.0039995905468293135,-0.040645153589697065,50,0.0196078431372549,50,22.780931234359738
dinov2_g,dtd,22,47,0.06874821428331182,0.0005108291717343352,0.11046406395746293,0.004017401642497836,-0.041715849674151095,50,0.0196078431372549,50,22.663411378860477
dinov2_g,dtd,23,47,0.07090683003980347,0.0004889359616537685,0.1101264772416482,0.0039654325066690865,-0.03921964720184472,50,0.0196078431372549,50,26.332454204559326
dinov2_g,dtd,24,47,0.0746545577680247,0.0004295230789859346,0.10866830300325836,0.0041801019906720265,-0.034013745235233685,50,0.0196078431372549,50,22.95522165298462
dinov2_g,dtd,25,47,0.06857562025336955,0.0004540130203041882,0.10919295457931996,0.003863121484731739,-0.0406173343259504,50,0.0196078431372549,50,23.211286306381226
dinov2_g,dtd,26,47,0.07051135597198174,0.00022272825681406215,0.1100973314970318,0.004063206795626615,-0.03958597552505005,50,0.0196078431372549,50,22.848803758621216
dinov2_g,dtd,27,47,0.07120593343665088,0.00039506223375395733,0.10928331614033764,0.004097699645471104,-0.03807738270368678,50,0.0196078431372549,50,26.209968090057373
dinov2_g,dtd,28,47,0.07637672067887155,0.00019934048390541509,0.10851403804828057,0.004067385843274144,-0.032137317369409016,50,0.0196078431372549,50,26.464980602264404
dinov2_g,dtd,29,47,0.07252226251016589,0.0002509025187015189,0.10855026657256822,0.0039507130165371395,-0.036028004062402336,50,0.0196078431372549,50,26.448764324188232
clip_b,dtd,-1,47,0.09882658147110926,0.00018551046647280768,0.12244769313583105,0.007218142690363502,-0.02362111166472181,50,0.0196078431372549,50,26.25530457496643
clip_b,dtd,0,47,0.09750347867205557,0.00044824790000737785,0.12171350627674757,0.0070960478191046325,-0.024210027604692,50,0.0196078431372549,50,23.52942419052124
clip_b,dtd,1,47,0.09882500056815832,0.00028664068355159354,0.12222685375870852,0.007100746940428591,-0.0234018531905502,50,0.0196078431372549,50,24.522475719451904
clip_b,dtd,2,47,0.0967427746468621,0.00016914230444044332,0.12289601458527755,0.0071355383198302876,-0.02615323993841546,50,0.0196078431372549,50,25.49712181091309
clip_b,dtd,3,47,0.0984740894697638,0.00040030951421185534,0.12109053045474147,0.00699401241282835,-0.02261644098497767,50,0.0196078431372549,50,24.275243997573853
clip_b,dtd,4,47,0.0968126292733268,0.00028932800115535803,0.12085848302574735,0.007132045228664145,-0.02404585375242056,50,0.0196078431372549,50,26.40066337585449
clip_b,dtd,5,47,0.10198211583460262,0.0003088251586127517,0.12160265205331085,0.00705192617563729,-0.01962053621870821,50,0.0196078431372549,50,28.541019439697266
clip_b,dtd,6,47,0.09590871160341656,0.00030292582807612466,0.12060031887080624,0.007007944503838127,-0.024691607267389698,50,0.0196078431372549,50,26.81860446929932
clip_b,dtd,7,47,0.09929102684954938,0.00040496334367397767,0.12208716834416965,0.007053419097244267,-0.022796141494620253,50,0.0196078431372549,50,26.440141201019287
clip_b,dtd,8,47,0.09922474755684914,0.000249484684404276,0.12144725203448667,0.006992901443780442,-0.022222504477637545,50,0.0196078431372549,50,27.270517826080322
clip_b,dtd,9,47,0.10014812157546217,0.00035194448461131584,0.12163773022078313,0.007067412229051095,-0.021489608645320943,50,0.0196078431372549,50,21.086355924606323
clip_b,dtd,10,47,0.0978846431114552,0.000380816343996557,0.1216614290650342,0.007088149288938373,-0.023776785953579,50,0.0196078431372549,50,19.98873972892761
clip_b,dtd,11,47,0.09501394988893598,0.0002588717377197625,0.12153056379342153,0.006933658119925539,-0.026516613904485536,50,0.0196078431372549,50,19.909063577651978
clip_b,dtd,12,47,0.09729370229227544,0.00014401558505073266,0.12181413836636908,0.0071124177915822045,-0.02452043607409364,50,0.0196078431372549,50,24.48640775680542
clip_b,dtd,13,47,0.09914852367582637,0.0003431528488834123,0.12170866573589638,0.006999759682727595,-0.022560142060070024,50,0.0196078431372549,50,25.791757583618164
clip_b,dtd,14,47,0.10124356190331699,0.0003266778846464621,0.12205028707573876,0.007179736738187995,-0.02080672517242176,50,0.0196078431372549,50,26.133734464645386
clip_b,dtd,15,47,0.09538704889071292,0.000265130358392948,0.1218256496845364,0.00696379837897315,-0.02643860079382349,50,0.0196078431372549,50,26.093217372894287
clip_b,dtd,16,47,0.09651682387000464,0.0002220585171300356,0.12069545785539898,0.007028471018539871,-0.024178633985394327,50,0.0196078431372549,50,26.09782338142395
clip_b,dtd,17,47,0.10060747180285272,0.0002345675877799041,0.12143430952962335,0.0069890706998970535,-0.02082683772677063,50,0.0196078431372549,50,25.829975605010986
clip_b,dtd,18,47,0.09619785163132884,0.0001787747402373444,0.12309071303482312,0.007135076936035909,-0.026892861403494284,50,0.0196078431372549,50,20.12895894050598
clip_b,dtd,19,47,0.0999462638853262,0.00035916901929186444,0.12204670808999565,0.00709798945979846,-0.022100444204669417,50,0.0196078431372549,50,20.290194034576412
clip_b,dtd,20,47,0.0956935198793086,0.00014840144646347157,0.12271262666367475,0.007111032445454858,-0.027019106784366184,50,0.0196078431372549,50,20.460017442703247
clip_b,dtd,21,47,0.09696133075254706,0.0004324875369461028,0.12281758616846294,0.007090417007983995,-0.02585625541591591,50,0.0196078431372549,50,20.35354781150818
clip_b,dtd,22,47,0.09406529183079934,0.00027829535339130154,0.12211937248876845,0.0070552649516486795,-0.0280540806579691,50,0.0196078431372549,50,20.423239231109623
clip_b,dtd,23,47,0.09545893454228001,0.000245345743165164,0.12246771424929208,0.007157230651651384,-0.027008779707012084,50,0.0196078431372549,50,20.200865268707272
clip_b,dtd,24,47,0.09788531567097206,0.0002700860190666742,0.12090046094456433,0.007002697410278211,-0.023015145273592275,50,0.0196078431372549,50,20.504783391952515
clip_b,dtd,25,47,0.09711768818682462,0.00016814181039222461,0.1218035860627572,0.007068619482523826,-0.024685897875932592,50,0.0196078431372549,50,20.580135583877567
clip_b,dtd,26,47,0.0996866272964137,0.0003555643619991316,0.12272029964068762,0.0071857279526952094,-0.02303367234427392,50,0.0196078431372549,50,20.185328960418698
clip_b,dtd,27,47,0.09724155675624163,0.0003435041329264345,0.12138819982927683,0.006997518418984275,-0.024146643073035167,50,0.0196078431372549,50,20.006775617599487
clip_b,dtd,28,47,0.0990454923147032,0.00037971872844659685,0.12078416748167024,0.007024162638939293,-0.02173867516696705,50,0.0196078431372549,50,20.058644771575924
clip_b,dtd,29,47,0.09979139886390884,0.00040962972297501363,0.12163229657055236,0.006994593348317966,-0.02184089770664349,50,0.0196078431372549,50,19.919569492340084
clip_l,dtd,-1,47,0.09791602685789023,0.0002366032967465189,0.1240986698915256,0.006471433513173039,-0.026182643033635364,50,0.0196078431372549,50,24.454898595809933
clip_l,dtd,0,47,0.09561615057479307,0.00016255982183120538,0.1228399652078822,0.006300350216275358,-0.02722381463308912,50,0.0196078431372549,50,24.178725957870483
clip_l,dtd,1,47,0.09608508727025053,0.0003674846432493165,0.12246811631925755,0.006195054700724089,-0.02638302904900704,50,0.0196078431372549,50,24.519458055496216
clip_l,dtd,2,47,0.09453915889748377,0.00028332025438904834,0.1236144251481925,0.006281817062312725,-0.02907526625070873,50,0.0196078431372549,50,24.56805992126465
clip_l,dtd,3,47,0.0975705918676175,0.00030877112817722513,0.12291900953346305,0.0062621784612970615,-0.025348417665845543,50,0.0196078431372549,50,24.506189823150635
clip_l,dtd,4,47,0.09759279153596548,0.00019756328044134028,0.12274520152317997,0.006422950369643679,-0.02515240998721449,50,0.0196078431372549,50,24.51726698875427
clip_l,dtd,5,47,0.09768199566139267,0.0002992087572358227,0.12229365230829906,0.006291909306385237,-0.024611656646906368,50,0.0196078431372549,50,24.44856882095337
clip_l,dtd,6,47,0.09750223345394156,0.00022073422176493106,0.12227609793306927,0.006306746611471325,-0.02477386447912772,50,0.0196078431372549,50,20.313719034194946
clip_l,dtd,7,47,0.09870922710628924,0.0001847065529220651,0.123127806543571,0.0061913214223350815,-0.024418579437281776,50,0.0196078431372549,50,19.94081711769104
clip_l,dtd,8,47,0.09796813021306744,0.0002143195350320317,0.12241676224850452,0.006259695020920964,-0.024448632035437082,50,0.0196078431372549,50,18.624342918396
clip_l,dtd,9,47,0.0988566959574084,0.00024297237884085765,0.1228905860948035,0.006339369278492044,-0.024033890137395097,50,0.0196078431372549,50,18.89607381820679
clip_l,dtd,10,47,0.0960276115158952,0.00015878429062119654,0.12298193724810515,0.006383051026004185,-0.02695432573220996,50,0.0196078431372549,50,19.132375717163086
clip_l,dtd,11,47,0.09531966162943753,0.00026789010202802184,0.12255627590419105,0.006264502903727156,-0.02723661427475353,50,0.0196078431372549,50,19.15643739700317
clip_l,dtd,12,47,0.09413341765436596,0.0001801458946846933,0.1224729677155191,0.006396967500779768,-0.028339550061153143,50,0.0196078431372549,50,19.154869318008426
clip_l,dtd,13,47,0.09699693277001484,0.00015681656832440628,0.12305394336387525,0.0062209412631398,-0.026057010593860425,50,0.0196078431372549,50,18.670528411865234
clip_l,dtd,14,47,0.09891965303454893,0.00027767632875071803,0.12277558393732245,0.006302234239853351,-0.023855930902773548,50,0.0196078431372549,50,18.578853607177734
clip_l,dtd,15,47,0.0936426967513833,0.000345952347370518,0.12232136526381195,0.006298501981065433,-0.02867866851242865,50,0.0196078431372549,50,18.642519474029537
clip_l,dtd,16,47,0.09621701410915474,0.0003064332269634274,0.12218145555104315,0.006259443909986149,-0.02596444144188841,50,0.0196078431372549,50,18.575225591659546
clip_l,dtd,17,47,0.09756859961322324,0.00022506055772361582,0.12244207823690145,0.006197832674587264,-0.02487347862367821,50,0.0196078431372549,50,18.62304139137268
clip_l,dtd,18,47,0.0946022964398433,0.00020965186307442903,0.12439042622372555,0.0063264869469571204,-0.029788129783882237,50,0.0196078431372549,50,18.738455772399906
clip_l,dtd,19,47,0.0979210918113688,0.00019356606098053832,0.12284061485769132,0.006434464322594521,-0.024919523046322514,50,0.0196078431372549,50,18.76571822166443
clip_l,dtd,20,47,0.09411391740920363,0.0002141181910072509,0.12404789220148735,0.006321227605085407,-0.029933974792283723,50,0.0196078431372549,50,19.02282428741455
clip_l,dtd,21,47,0.09515514948992516,0.0001968897858154536,0.1233603500320028,0.0062957925464634185,-0.028205200542077632,50,0.0196078431372549,50,18.905281543731693
clip_l,dtd,22,47,0.09164113587472776,0.00016504084196652098,0.12391332550586373,0.0061042079438692574,-0.03227218963113597,50,0.0196078431372549,50,18.75100660324097
clip_l,dtd,23,47,0.09373953670367748,0.0003823205696235108,0.12371421915344052,0.006255593368202977,-0.02997468244976304,50,0.0196078431372549,50,18.60506558418274
clip_l,dtd,24,47,0.09820419621780876,0.00029458144085280395,0.12206268074238386,0.006259982501233477,-0.02385848452457508,50,0.0196078431372549,50,20.989272117614746
clip_l,dtd,25,47,0.09550980765700136,0.00022989904719574966,0.12272659258267385,0.00625601122224276,-0.02721678492567248,50,0.0196078431372549,50,22.954737901687626
clip_l,dtd,26,47,0.09772009992530853,0.00023337879199059186,0.12373795112474582,0.006284904896566041,-0.02601785119943729,50,0.0196078431372549,50,21.27914524078369
clip_l,dtd,27,47,0.0964088074074584,0.0001776149070876096,0.12236591512265647,0.006315405265886723,-0.025957107715198092,50,0.0196078431372549,50,18.89416337013245
clip_l,dtd,28,47,0.09630841718111996,0.00013122939597550858,0.1227737841952538,0.0062562282987662435,-0.02646536701413386,50,0.0196078431372549,50,18.832501649856567
clip_l,dtd,29,47,0.09779497225747097,0.0002093328801446149,0.12265072964414905,0.006207156272533196,-0.024855757386678067,50,0.0196078431372549,50,18.85737681388855
siglip_b,dtd,-1,47,0.0961696797036115,0.00023303961698772178,0.11917208900713025,0.00613723410383934,-0.023002409303518767,50,0.0196078431372549,50,24.22692608833313
siglip_b,dtd,0,47,0.09544225998330427,0.00022253410443183295,0.11826378902627464,0.005997973993827789,-0.02282152904297036,50,0.0196078431372549,50,24.142078638076786
siglip_b,dtd,1,47,0.09733960095628287,0.00021745805013166593,0.11834580138894595,0.005862813114727264,-0.021006200432663092,50,0.0196078431372549,50,24.57029390335083
siglip_b,dtd,2,47,0.0954957304015505,0.00036273546821111863,0.11826771108398434,0.005891203167324591,-0.022771980682433857,50,0.0196078431372549,50,25.97760963439941
siglip_b,dtd,3,47,0.09444212981142,0.0003291878907882437,0.1185628250101604,0.005904779219375694,-0.0241206951987404,50,0.0196078431372549,50,25.94406628608704
siglip_b,dtd,4,47,0.09477411945073648,0.00023005315323806582,0.1176067625810539,0.00601847312523496,-0.02283264313031744,50,0.0196078431372549,50,25.978935718536377
siglip_b,dtd,5,47,0.09797243159416802,0.0001544449374764179,0.1184168257521812,0.006098895469701078,-0.020444394158013177,50,0.0196078431372549,50,25.518229961395264
siglip_b,dtd,6,47,0.09223942641079437,0.00022849547341251283,0.11778326764498635,0.005948095672268414,-0.025543841234191983,50,0.0196078431372549,50,19.535106420516968
siglip_b,dtd,7,47,0.09495958124450712,0.0003266709930760368,0.11888874489960813,0.005887336558808289,-0.02392916365510099,50,0.0196078431372549,50,19.53496742248535
siglip_b,dtd,8,47,0.09596881178339403,0.00022087168395678369,0.11863203894569342,0.005880391803800378,-0.022663227162299404,50,0.0196078431372549,50,23.58220624923706
siglip_b,dtd,9,47,0.09642618320957187,0.00029392200646082375,0.11815934578220233,0.006003658439623618,-0.021733162572630443,50,0.0196078431372549,50,25.79668688774109
siglip_b,dtd,10,47,0.0949790639603026,0.00047015013429555906,0.11847799316475202,0.006052165460886893,-0.02349892920444943,50,0.0196078431372549,50,25.778189420700073
siglip_b,dtd,11,47,0.09255205001675136,0.0002657504894477066,0.11802643638960332,0.006149290964670578,-0.02547438637285196,50,0.0196078431372549,50,26.11113739013672
siglip_b,dtd,12,47,0.09354362668180118,8.543626687877094e-05,0.1185503121653233,0.005861918150305904,-0.02500668548352213,50,0.0196078431372549,50,26.108251094818115
siglip_b,dtd,13,47,0.09640797176807844,0.00026790027788318397,0.11906493915192135,0.00601318019090833,-0.022656967383842902,50,0.0196078431372549,50,26.185211658477783
siglip_b,dtd,14,47,0.09637497416776412,0.0003016612828092306,0.11812624010805413,0.006033355876620051,-0.021751265940290004,50,0.0196078431372549,50,26.103512525558468
siglip_b,dtd,15,47,0.09436210506376304,0.00016449611582906778,0.1177472140016196,0.005966117317673336,-0.023385108937856544,50,0.0196078431372549,50,26.12302947044373
siglip_b,dtd,16,47,0.09563948978006556,0.00017681534873555878,0.11752021764184907,0.0059216137893268635,-0.021880727861783508,50,0.0196078431372549,50,23.94953203201294
siglip_b,dtd,17,47,0.09740856197928394,0.00014769818759469006,0.11767267052615085,0.0060063768088138925,-0.020264108546866902,50,0.0196078431372549,50,26.08400702476501
siglip_b,dtd,18,47,0.095071846836476,0.0002004873633842009,0.11904468168742935,0.005864944981215205,-0.023972834850953348,50,0.0196078431372549,50,26.20392727851868
siglip_b,dtd,19,47,0.09598402736479493,0.0002662518763194436,0.11832194799467705,0.006076294302896967,-0.02233792062988213,50,0.0196078431372549,50,26.16134357452393
siglip_b,dtd,20,47,0.09556969075262724,0.0001576434495046658,0.11901635536469125,0.006004181801090632,-0.023446664612064003,50,0.0196078431372549,50,26.1482048034668
siglip_b,dtd,21,47,0.0955485715821668,0.0003018857914146311,0.11887801650212053,0.006011298411965604,-0.023329444919953715,50,0.0196078431372549,50,26.170851945877075
siglip_b,dtd,22,47,0.0943104032345382,0.00029967592757212605,0.11929585386220032,0.005865714402075372,-0.024985450627662126,50,0.0196078431372549,50,26.092660665512085
siglip_b,dtd,23,47,0.0939983846982895,0.0002219670108543436,0.1187507422027814,0.005864156646460336,-0.02475235750449191,50,0.0196078431372549,50,26.073076725006104
siglip_b,dtd,24,47,0.09421809256349008,0.0005037489346010739,0.11811784386936455,0.0060666831568652315,-0.023899751305874458,50,0.0196078431372549,50,21.50113296508789
siglip_b,dtd,25,47,0.0964486539002788,0.0003569103580862262,0.11856738836237403,0.0059442501306898815,-0.02211873446209521,50,0.0196078431372549,50,19.716997861862183
siglip_b,dtd,26,47,0.09572377415127377,0.0002853531010010793,0.11910875715839506,0.006061540072805838,-0.02338498300712126,50,0.0196078431372549,50,19.752461671829227
siglip_b,dtd,27,47,0.09432713847166402,0.00030472055833518215,0.11766124081193564,0.005986558728365211,-0.02333410234027161,50,0.0196078431372549,50,19.71749973297119
siglip_b,dtd,28,47,0.09519623277229776,0.0004148116773461456,0.1175756973239746,0.006048072689816957,-0.022379464551676845,50,0.0196078431372549,50,19.57126522064209
siglip_b,dtd,29,47,0.09453751928633887,0.0001798565523686629,0.11849592706060352,0.005991190910486622,-0.02395840777426464,50,0.0196078431372549,50,19.68059611320496
i21k_t,fashionmnist,-1,10,0.1533356490177405,0.0,0.13875585323175496,0.01941292643849149,0.014579795785985531,7,0.8627450980392157,50,17.020427227020267
i21k_t,fashionmnist,0,10,0.15308974329974606,0.0,0.1387203056560496,0.019356632747713258,0.01436943764369644,7,0.8627450980392157,50,17.135037422180176
i21k_t,fashionmnist,1,10,0.15337733305320428,2.7755575615628914e-17,0.138898432997323,0.019376160907645684,0.014478900055881287,7,0.8627450980392157,50,17.457200288772587
i21k_t,fashionmnist,2,10,0.1527042124123159,0.0,0.1387687283164996,0.019426062986751653,0.013935484095816296,8,0.8431372549019608,50,17.631696939468387
i21k_t,fashionmnist,3,10,0.1537786475566208,2.7755575615628914e-17,0.13877238275384166,0.0194403320985258,0.01500626480277917,7,0.8627450980392157,50,18.834494829177856
i21k_t,fashionmnist,4,10,0.15371814774026188,2.7755575615628914e-17,0.13865587331854315,0.019426636678541567,0.015062274421718732,6,0.8823529411764706,50,18.75066947937012
i21k_t,fashionmnist,5,10,0.15182129734301264,0.0,0.13857430241712462,0.019382666779643908,0.013246994925888015,10,0.8039215686274509,50,16.268794536590573
i21k_t,fashionmnist,6,10,0.1535741385387001,0.0,0.13903811914610964,0.019396029640034503,0.014536019392590471,7,0.8627450980392157,50,16.261993169784546
i21k_t,fashionmnist,7,10,0.1527300025942497,0.0,0.13858297528994964,0.0193992341325116,0.014147027304300062,8,0.8431372549019608,50,16.166513204574585
i21k_t,fashionmnist,8,10,0.15316180017140985,0.0,0.1387901852345264,0.019370431965769826,0.014371614936883437,7,0.8627450980392157,50,16.14222264289856
i21k_t,fashionmnist,9,10,0.1536697648986205,0.0,0.13901673910263654,0.019417707217909103,0.01465302579598396,7,0.8627450980392157,50,16.12978720664978
i21k_t,fashionmnist,10,10,0.1533092438687002,2.7755575615628914e-17,0.13872595104649674,0.01941814119727819,0.01458329282220344,7,0.8627450980392157,50,16.102381467819214
i21k_t,fashionmnist,11,10,0.1534603962608804,2.7755575615628914e-17,0.1384135350808718,0.0194196377618666,0.015046861180008612,7,0.8627450980392157,50,18.035022735595703
i21k_t,fashionmnist,12,10,0.1535074239195608,2.7755575615628914e-17,0.13877329228908178,0.019354029587237698,0.014734131630479012,7,0.8627450980392157,50,19.95815086364746
i21k_t,fashionmnist,13,10,0.15357117113963442,0.0,0.13887712668172245,0.019432587551124758,0.014694044457911976,7,0.8627450980392157,50,16.830018520355225
i21k_t,fashionmnist,14,10,0.15342804087201092,2.7755575615628914e-17,0.13872020912240596,0.019355951149688758,0.014707831749604966,7,0.8627450980392157,50,16.19052290916443
i21k_t,fashionmnist,15,10,0.15345661114688186,0.0,0.1389744695571289,0.0194330452392422,0.014482141589752943,7,0.8627450980392157,50,16.280444383621216
i21k_t,fashionmnist,16,10,0.15256203346267114,0.0,0.1385486132535631,0.019424524480047268,0.014013420209108065,9,0.8235294117647058,50,16.332272052764893
i21k_t,fashionmnist,17,10,0.1542466728849638,2.7755575615628914e-17,0.13889447350672504,0.01939974259262914,0.015352199378238757,7,0.8627450980392157,50,16.268084526062008
i21k_t,fashionmnist,18,10,0.15369044710584095,0.0,0.13885278845962148,0.01937203589664133,0.014837658646219469,7,0.8627450980392157,50,16.20237374305725
i21k_t,fashionmnist,19,10,0.1521148442116556,2.7755575615628914e-17,0.13877955314788648,0.019416366059471567,0.013335291063769128,10,0.8039215686274509,50,16.285192012786865
i21k_t,fashionmnist,20,10,0.15193763826685805,0.0,0.1387762421049827,0.019403895575962112,0.013161396161875338,9,0.8235294117647058,50,16.389759540557858
i21k_t,fashionmnist,21,10,0.15307430616895262,0.0,0.13851542932599276,0.019374145516604786,0.014558876842959869,7,0.8627450980392157,50,16.50729513168335
i21k_t,fashionmnist,22,10,0.15312565942299147,0.0,0.1386432294641705,0.019393701547326503,0.014482429958820988,7,0.8627450980392157,50,16.39002299308777
i21k_t,fashionmnist,23,10,0.15335648322673828,2.7755575615628914e-17,0.13832692760670254,0.019373053572571117,0.015029555620035715,7,0.8627450980392157,50,16.540842056274414
i21k_t,fashionmnist,24,10,0.1538112191841968,2.7755575615628914e-17,0.13862284421664847,0.0194087410002276,0.015188374967548325,7,0.8627450980392157,50,16.478307723999027
i21k_t,fashionmnist,25,10,0.15370286045614634,0.0,0.13879936771443405,0.019462344469733783,0.014903492741712319,7,0.8627450980392157,50,16.460332870483402
i21k_t,fashionmnist,26,10,0.15331360904017005,2.7755575615628914e-17,0.13846445198149654,0.01935368139882094,0.014849157058673484,7,0.8627450980392157,50,16.407834768295288
i21k_t,fashionmnist,27,10,0.15269882573678226,2.7755575615628914e-17,0.13831191972522913,0.01938532146131676,0.014386906011553097,8,0.8431372549019608,50,16.452204704284668
i21k_t,fashionmnist,28,10,0.15312698017194745,0.0,0.1388618136425637,0.019458239500261237,0.014265166529383757,8,0.8431372549019608,50,16.297566890716553
i21k_t,fashionmnist,29,10,0.15213546869644584,2.7755575615628914e-17,0.13860836849207053,0.01939484776852883,0.013527100204375309,10,0.8039215686274509,50,16.262656450271606
i21k_s,fashionmnist,-1,10,0.10164670080883054,0.0,0.1407015105003903,0.01905686159659627,-0.03905480969155975,50,0.0196078431372549,50,21.595696926116943
i21k_s,fashionmnist,0,10,0.10245293472646973,1.3877787807814454e-17,0.14065579106125334,0.019056693508812984,-0.03820285633478364,50,0.0196078431372549,50,21.651988983154297
i21k_s,fashionmnist,1,10,0.101421089449681,1.3877787807814454e-17,0.14067014752807352,0.019056290739239624,-0.03924905807839252,50,0.0196078431372549,50,21.668277263641357
i21k_s,fashionmnist,2,10,0.10287030802312894,1.3877787807814454e-17,0.14068499791302294,0.019031770488788548,-0.03781468988989403,50,0.0196078431372549,50,21.385409116744995
i21k_s,fashionmnist,3,10,0.10036277880687874,0.0,0.1409629716107759,0.01908955056112116,-0.04060019280389715,50,0.0196078431372549,50,21.28104162216186
i21k_s,fashionmnist,4,10,0.10046697330421576,0.0,0.14050178364805538,0.019125801159768932,-0.04003481034383962,50,0.0196078431372549,50,21.3344202041626
i21k_s,fashionmnist,5,10,0.10162475835975372,0.0,0.14037137581944215,0.019048594064790415,-0.03874661745968847,50,0.0196078431372549,50,21.395889759063717
i21k_s,fashionmnist,6,10,0.10072179513316916,1.3877787807814454e-17,0.14112571767293866,0.019072093713747903,-0.04040392253976946,50,0.0196078431372549,50,21.354591131210327
i21k_s,fashionmnist,7,10,0.10081628994762687,0.0,0.14058061558904636,0.019069971090321228,-0.03976432564141948,50,0.0196078431372549,50,21.59752631187439
i21k_s,fashionmnist,8,10,0.10223164033359916,0.0,0.14054494083128094,0.019036476599021458,-0.038313300497681765,50,0.0196078431372549,50,21.58995485305786
i21k_s,fashionmnist,9,10,0.10230740401442663,1.3877787807814454e-17,0.14105180212783974,0.01902311659658484,-0.0387443981134131,50,0.0196078431372549,50,21.610560655593872
i21k_s,fashionmnist,10,10,0.10238958181297594,0.0,0.1405948378700522,0.019056301855195745,-0.03820525605707625,50,0.0196078431372549,50,21.610868215560913
i21k_s,fashionmnist,11,10,0.09944331434545292,1.3877787807814454e-17,0.1405486552697799,0.019118263166771145,-0.041105340924326966,50,0.0196078431372549,50,21.641287088394165
i21k_s,fashionmnist,12,10,0.1015176165932862,1.3877787807814454e-17,0.14099485178381133,0.01900897415320962,-0.039477235190525116,50,0.0196078431372549,50,21.60931372642517
i21k_s,fashionmnist,13,10,0.1015000977823535,1.3877787807814454e-17,0.1406633781386848,0.019071710301176537,-0.039163280356331286,50,0.0196078431372549,50,21.633684396743774
i21k_s,fashionmnist,14,10,0.10256270054718088,0.0,0.14070709131685855,0.01905064770775353,-0.038144390769677655,50,0.0196078431372549,50,21.57803988456726
i21k_s,fashionmnist,15,10,0.10166823387159947,1.3877787807814454e-17,0.14082372312484895,0.0190412924404957,-0.03915548925324948,50,0.0196078431372549,50,21.66003394126892
i21k_s,fashionmnist,16,10,0.10112721610282303,0.0,0.14047892671869947,0.019104278442608046,-0.03935171061587642,50,0.0196078431372549,50,21.655498504638672
i21k_s,fashionmnist,17,10,0.10310636738740628,0.0,0.14056207789221162,0.019087223533663357,-0.03745571050480534,50,0.0196078431372549,50,21.649518251419067
i21k_s,fashionmnist,18,10,0.10258517279459173,0.0,0.14070977348152222,0.01903424836133205,-0.038124600686930514,50,0.0196078431372549,50,21.671671152114868
i21k_s,fashionmnist,19,10,0.10041797574802787,0.0,0.1405335608091437,0.01909208298162813,-0.040115585061115816,50,0.0196078431372549,50,21.67964720726013
i21k_s,fashionmnist,20,10,0.10200004201811186,0.0,0.14059107908200566,0.019020136638303084,-0.038591037063893774,50,0.0196078431372549,50,21.668829917907715
i21k_s,fashionmnist,21,10,0.10222016734078618,0.0,0.14015791328987992,0.019089116825002386,-0.037937745949093736,50,0.0196078431372549,50,19.851992845535282
i21k_s,fashionmnist,22,10,0.10345320557075002,1.3877787807814454e-17,0.14067657338353862,0.018976097561030268,-0.037223367812788594,50,0.0196078431372549,50,19.88197422027588
i21k_s,fashionmnist,23,10,0.1017883297216674,0.0,0.14027639385234308,0.01909770779283084,-0.03848806413067568,50,0.0196078431372549,50,19.905447483062748
i21k_s,fashionmnist,24,10,0.10310701885801196,1.3877787807814454e-17,0.14045488131981124,0.019014999530007,-0.0373478624617993,50,0.0196078431372549,50,19.84370231628418
i21k_s,fashionmnist,25,10,0.10384145620679666,0.0,0.1405357293879036,0.019035289355614163,-0.03669427318110693,50,0.0196078431372549,50,19.841892957687374
i21k_s,fashionmnist,26,10,0.10262638674921867,0.0,0.1404133442094089,0.019105746136630568,-0.037786957460190215,50,0.0196078431372549,50,19.809180974960327
i21k_s,fashionmnist,27,10,0.10300067192278883,0.0,0.14018221559189306,0.019104976807511703,-0.0371815436691042,50,0.0196078431372549,50,19.84445357322693
i21k_s,fashionmnist,28,10,0.09956470572829576,1.3877787807814454e-17,0.14099170764965255,0.018989566347352986,-0.04142700192135679,50,0.0196078431372549,50,20.643439292907715
i21k_s,fashionmnist,29,10,0.10115354152438,1.3877787807814454e-17,0.14117311849456146,0.01906519533398296,-0.040019576970181416,50,0.0196078431372549,50,21.28953433036804
i21k_b,fashionmnist,-1,10,0.09840654422505626,0.0,0.1454649077654024,0.01895804624510109,-0.04705836354034615,50,0.0196078431372549,50,21.28075671195984
i21k_b,fashionmnist,0,10,0.09824236752901326,0.0,0.14556674475223094,0.018977914793282563,-0.047324377223217716,50,0.0196078431372549,50,21.24191188812256
i21k_b,fashionmnist,1,10,0.0966699150206769,0.0,0.14536383856107782,0.01895688689085415,-0.04869392354040092,50,0.0196078431372549,50,21.269138097763058
i21k_b,fashionmnist,2,10,0.09848609546902233,0.0,0.14518481782948486,0.0189976104296055,-0.04669872236046255,50,0.0196078431372549,50,21.271612882614136
i21k_b,fashionmnist,3,10,0.09860941494679296,0.0,0.1454148043206459,0.018946202124208285,-0.04680538937385295,50,0.0196078431372549,50,21.312179088592533
i21k_b,fashionmnist,4,10,0.09755373953270642,0.0,0.14526523534163455,0.01892466200489073,-0.047711495808928125,50,0.0196078431372549,50,21.27388644218445
i21k_b,fashionmnist,5,10,0.0991456344711359,0.0,0.14490105835044764,0.018994217719572458,-0.04575542387931174,50,0.0196078431372549,50,21.30603647232056
i21k_b,fashionmnist,6,10,0.09848692818180514,0.0,0.145980936967832,0.01897082384109821,-0.047494008786026866,50,0.0196078431372549,50,21.266604661941532
i21k_b,fashionmnist,7,10,0.10044200756387676,0.0,0.1453809065199931,0.018979226206741653,-0.044938898956116365,50,0.0196078431372549,50,21.30592155456543
i21k_b,fashionmnist,8,10,0.09722090030231208,1.3877787807814454e-17,0.14543393861975953,0.01899311352475404,-0.048213038317447436,50,0.0196078431372549,50,21.26730179786682
i21k_b,fashionmnist,9,10,0.09924441347236353,1.3877787807814454e-17,0.14557366684349204,0.01898164375033119,-0.04632925337112852,50,0.0196078431372549,50,21.33219885826111
i21k_b,fashionmnist,10,10,0.10042950250775423,0.0,0.14548966842410688,0.0189795754238092,-0.04506016591635263,50,0.0196078431372549,50,21.280523777008053
i21k_b,fashionmnist,11,10,0.09830342872692308,0.0,0.14511730842174672,0.018934064950347315,-0.04681387969482365,50,0.0196078431372549,50,21.26509690284729
i21k_b,fashionmnist,12,10,0.09735995266971356,1.3877787807814454e-17,0.14573193315754146,0.018944392550697967,-0.04837198048782787,50,0.0196078431372549,50,16.79345417022705
i21k_b,fashionmnist,13,10,0.09982205269165398,0.0,0.14553432555063264,0.018996550848804403,-0.04571227285897866,50,0.0196078431372549,50,15.50155234336853
i21k_b,fashionmnist,14,10,0.09785520825855773,1.3877787807814454e-17,0.145274563771693,0.019008292904295027,-0.047419355513135295,50,0.0196078431372549,50,15.588353872299194
i21k_b,fashionmnist,15,10,0.09767327596329543,0.0,0.14541762863871266,0.01893491578832833,-0.04774435267541721,50,0.0196078431372549,50,15.497775316238403
i21k_b,fashionmnist,16,10,0.09839980929805793,0.0,0.14539211733642007,0.01895860902497587,-0.046992308038362164,50,0.0196078431372549,50,15.502447128295898
i21k_b,fashionmnist,17,10,0.09696849451336337,1.3877787807814454e-17,0.1454275573303952,0.018963683527694997,-0.048459062817031835,50,0.0196078431372549,50,15.642954111099243
i21k_b,fashionmnist,18,10,0.09888346974559928,1.3877787807814454e-17,0.1452210283949696,0.0189748418213208,-0.046337558649370336,50,0.0196078431372549,50,15.724479913711548
i21k_b,fashionmnist,19,10,0.0973427976522385,0.0,0.14542195318417664,0.018963114561781645,-0.04807915553193815,50,0.0196078431372549,50,15.52549934387207
i21k_b,fashionmnist,20,10,0.0968103656581283,0.0,0.14543135321901207,0.01894839365528917,-0.048620987560883774,50,0.0196078431372549,50,15.53024411201477
i21k_b,fashionmnist,21,10,0.10038664030919664,0.0,0.14499810901232574,0.01896847784968431,-0.0446114687031291,50,0.0196078431372549,50,15.507019758224487
i21k_b,fashionmnist,22,10,0.09990842756079213,0.0,0.1455405721910202,0.01905481021223936,-0.045632144630228084,50,0.0196078431372549,50,15.410779237747192
i21k_b,fashionmnist,23,10,0.09883698017457497,0.0,0.1452499100576788,0.01897758915962969,-0.046412929883103804,50,0.0196078431372549,50,15.496522903442385
i21k_b,fashionmnist,24,10,0.09845087616318096,1.3877787807814454e-17,0.14511361248856378,0.018951989554094318,-0.04666273632538282,50,0.0196078431372549,50,15.443374156951904
i21k_b,fashionmnist,25,10,0.10088766226243708,1.3877787807814454e-17,0.14532309182651512,0.018980341952620414,-0.04443542956407803,50,0.0196078431372549,50,15.534137964248655
i21k_b,fashionmnist,26,10,0.09836100656664096,1.3877787807814454e-17,0.14545139001295332,0.01895732631403536,-0.04709038344631235,50,0.0196078431372549,50,15.45908498764038
i21k_b,fashionmnist,27,10,0.09993434042183423,0.0,0.14509265479821562,0.018956563825273474,-0.045158314376381375,50,0.0196078431372549,50,15.533939123153687
i21k_b,fashionmnist,28,10,0.09980908085568216,1.3877787807814454e-17,0.14559279229284405,0.018983315895317158,-0.045783711437161895,50,0.0196078431372549,50,15.474640369415285
i21k_b,fashionmnist,29,10,0.09928263452202957,0.0,0.14578614118659552,0.0189535872238904,-0.046503506664565965,50,0.0196078431372549,50,15.623913288116455
i21k_l,fashionmnist,-1,10,0.09336748126687247,1.3877787807814454e-17,0.14981368717160234,0.019790785790291924,-0.056446205904729874,50,0.0196078431372549,50,15.55643630027771
i21k_l,fashionmnist,0,10,0.0928511739874532,0.0,0.14975331802472458,0.01978242849557672,-0.056902144037271375,50,0.0196078431372549,50,15.524193286895752
i21k_l,fashionmnist,1,10,0.09366059737141304,0.0,0.14963607446846652,0.01968794026723009,-0.05597547709705347,50,0.0196078431372549,50,15.620856285095215
i21k_l,fashionmnist,2,10,0.09507353412681938,0.0,0.14941841654474916,0.01974627900338841,-0.05434488241792978,50,0.0196078431372549,50,15.559596300125122
i21k_l,fashionmnist,3,10,0.0941872757361922,0.0,0.14969406877626956,0.019709887820024467,-0.055506793040077364,50,0.0196078431372549,50,15.433039903640747
i21k_l,fashionmnist,4,10,0.09217363168044014,0.0,0.14973407305861802,0.01978454566314958,-0.057560441378177875,50,0.0196078431372549,50,15.717941045761108
i21k_l,fashionmnist,5,10,0.0917381749513094,0.0,0.14930432631838925,0.019738434866924736,-0.057566151367079835,50,0.0196078431372549,50,15.559609413146973
i21k_l,fashionmnist,6,10,0.09092478795216044,0.0,0.15022201846867497,0.019935385992574117,-0.059297230516514574,50,0.0196078431372549,50,15.49371576309204
i21k_l,fashionmnist,7,10,0.09364778261499318,0.0,0.14968018249758505,0.01974831413550112,-0.05603239988259187,50,0.0196078431372549,50,15.45621657371521
i21k_l,fashionmnist,8,10,0.09432441567179124,1.3877787807814454e-17,0.14941042742696994,0.01967431521222196,-0.0550860117551787,50,0.0196078431372549,50,15.405124187469482
i21k_l,fashionmnist,9,10,0.0940216748708869,1.3877787807814454e-17,0.15005412130710585,0.019852460137498973,-0.05603244643621895,50,0.0196078431372549,50,15.483994960784912
i21k_l,fashionmnist,10,10,0.09411678889639943,1.3877787807814454e-17,0.15001341552779268,0.01980294633889875,-0.055896626631393234,50,0.0196078431372549,50,15.498814821243286
i21k_l,fashionmnist,11,10,0.09441385536564686,1.3877787807814454e-17,0.14965182039648256,0.01980258608053641,-0.055237965030835695,50,0.0196078431372549,50,15.519284725189207
i21k_l,fashionmnist,12,10,0.09264719476461024,0.0,0.15036248552459702,0.019948462041111482,-0.05771529075998678,50,0.0196078431372549,50,15.598220586776733
i21k_l,fashionmnist,13,10,0.09468742644660856,1.3877787807814454e-17,0.15002805546093284,0.01981344846753297,-0.05534062901432426,50,0.0196078431372549,50,15.512200832366945
i21k_l,fashionmnist,14,10,0.0916964193812525,0.0,0.14973254709761624,0.019768883313396542,-0.05803612771636374,50,0.0196078431372549,50,15.364420652389526
i21k_l,fashionmnist,15,10,0.09626381119795466,1.3877787807814454e-17,0.1498042076767416,0.01978344912415269,-0.05354039647878695,50,0.0196078431372549,50,15.427716255187988
i21k_l,fashionmnist,16,10,0.09297725754345028,0.0,0.14948625028042473,0.019658248224635296,-0.05650899273697444,50,0.0196078431372549,50,15.371925354003904
i21k_l,fashionmnist,17,10,0.09041509205731244,1.3877787807814454e-17,0.14993079194669812,0.01985508766318524,-0.059515699889385675,50,0.0196078431372549,50,15.489006280899048
i21k_l,fashionmnist,18,10,0.09180454283380288,1.3877787807814454e-17,0.1495243609520217,0.019704814895151856,-0.05771981811821882,50,0.0196078431372549,50,15.439537048339846
i21k_l,fashionmnist,19,10,0.09073399555668016,0.0,0.14988025272145505,0.019805703916559145,-0.0591462571647749,50,0.0196078431372549,50,15.584129333496096
i21k_l,fashionmnist,20,10,0.09520528576403932,1.3877787807814454e-17,0.14976104581306068,0.019753562485944145,-0.05455576004902135,50,0.0196078431372549,50,15.52837872505188
i21k_l,fashionmnist,21,10,0.09515057911728518,0.0,0.14959489973853618,0.019698304940587368,-0.054444320621251,50,0.0196078431372549,50,15.469032526016235
i21k_l,fashionmnist,22,10,0.0931931407031032,1.3877787807814454e-17,0.14970999934793014,0.019840598286318543,-0.056516858644826966,50,0.0196078431372549,50,15.434817552566528
i21k_l,fashionmnist,23,10,0.0912025335087507,1.3877787807814454e-17,0.14948084903061842,0.01973286353088416,-0.05827831552186773,50,0.0196078431372549,50,15.628434419631958
i21k_l,fashionmnist,24,10,0.090577181366026,0.0,0.1497183822682335,0.01977195999250189,-0.059141200902207515,50,0.0196078431372549,50,15.444953680038452
i21k_l,fashionmnist,25,10,0.09104632270814543,0.0,0.14988190828910022,0.01986870837735984,-0.058835585580954815,50,0.0196078431372549,50,15.476712465286255
i21k_l,fashionmnist,26,10,0.0917879843647735,1.3877787807814454e-17,0.14992633124326624,0.019859131883063416,-0.058138346878492723,50,0.0196078431372549,50,15.210047721862793
i21k_l,fashionmnist,27,10,0.09304107259224648,0.0,0.1497138142632422,0.019803128689577856,-0.05667274167099572,50,0.0196078431372549,50,14.65597414970398
i21k_l,fashionmnist,28,10,0.09483928133133816,1.3877787807814454e-17,0.15005192652329055,0.019914537258372444,-0.0552126451919524,50,0.0196078431372549,50,14.877889156341553
i21k_l,fashionmnist,29,10,0.09530165368090672,1.3877787807814454e-17,0.14998765664102862,0.019784845542863413,-0.05468600296012188,50,0.0196078431372549,50,14.6761953830719
