model,family,seed,ratio,dim,K,kind,dec_seed,excessB_real,excessB_star,star_sd,depth_excess,z_depth,time_s
clip_b,contrastive,0,1.3295857906341553,512,30,decoupled,0,-0.05045777400984658,-0.005162206028520938,0.0015971627003145345,-0.04529556798132564,-5.562088497804642,244.11975741386414
clip_b,contrastive,0,1.3295857906341553,512,30,decoupled,1,-0.048106679182432936,-0.005670106253396373,0.0022163780591507093,-0.04243657292903657,-5.0275717799816535,255.53767204284668
clip_b,contrastive,0,1.3295857906341553,512,30,decoupled,2,-0.048079006651476165,-0.00577617184300293,0.0028854779823103533,-0.04230283480847323,-4.690953575946235,233.48312830924988
clip_b,contrastive,0,1.3295857906341553,512,30,decoupled,3,-0.04839096342186069,-0.006066356391139527,0.0022393390749808283,-0.04232460703072117,-5.478982775674026,250.506089925766
clip_b,contrastive,0,1.3295857906341553,512,30,decoupled,4,-0.04812478915678417,-0.0052736420436102285,0.002418771030857565,-0.042851147113173935,-6.275727899303246,235.2828071117401
clip_b,contrastive,0,1.3295857906341553,512,30,decoupled,5,-0.04974051810552296,-0.005011090570826192,0.0027800621631324266,-0.04472942753469677,-4.702481055743564,237.1256256103516
clip_b,contrastive,0,1.3295857906341553,512,30,decoupled,6,-0.054630451392665584,-0.006185566091534161,0.001826222957039935,-0.04844488530113143,-4.878698896104383,212.66006350517276
clip_b,contrastive,0,1.3295857906341553,512,30,decoupled,7,-0.05070927322920718,-0.005413869891592163,0.001773508343626204,-0.04529540333761502,-4.446724947313185,221.73256850242612
clip_b,contrastive,0,1.3295857906341553,512,30,decoupled,8,-0.05144725587710778,-0.006622651123806981,0.002226889938745028,-0.044824604753300815,-5.18275918245048,245.36267614364624
clip_b,contrastive,0,1.3295857906341553,512,30,decoupled,9,-0.04986570189788553,-0.005664000166939333,0.0023596113658165218,-0.0442017017309462,-5.627571412527656,223.10662126541138
clip_b,contrastive,0,1.3295857906341553,512,30,intact,-1,-0.02102819611574896,-0.005966047920391205,0.0029940450227008623,-0.015062148195357759,-1.414746253070143,204.02038669586184
clip_b,contrastive,1,1.3295857906341553,512,30,decoupled,0,-0.05223924343181653,-0.004737582173639725,0.002518985198801239,-0.047501661258176814,-4.997475615054934,233.4517827033997
clip_b,contrastive,1,1.3295857906341553,512,30,decoupled,1,-0.05453362694369025,-0.00596403454767671,0.002079901532639584,-0.048569592396013536,-4.799881113299646,244.65204429626462
clip_b,contrastive,1,1.3295857906341553,512,30,decoupled,2,-0.054116274333627534,-0.005165167729681374,0.003203743223453332,-0.048951106603946165,-5.513206816473691,248.53312301635742
clip_b,contrastive,1,1.3295857906341553,512,30,decoupled,3,-0.0515063063223692,-0.005351838565195897,0.002483730467606944,-0.046154467757173315,-4.2816475301990655,134.16946029663086
clip_b,contrastive,1,1.3295857906341553,512,30,decoupled,4,-0.051520550502441725,-0.0050249818545229285,0.002804704762667097,-0.0464955686479188,-4.60149294443362,122.60746288299559
clip_b,contrastive,1,1.3295857906341553,512,30,decoupled,5,-0.051092532367470335,-0.005418074588727349,0.0026086497882307907,-0.045674457778743,-5.174949922425082,126.50240564346312
clip_b,contrastive,1,1.3295857906341553,512,30,decoupled,6,-0.05501999695171903,-0.005147056650302416,0.0024408855158220845,-0.04987294030141661,-6.311967535652236,101.73872661590576
clip_b,contrastive,1,1.3295857906341553,512,30,decoupled,7,-0.053548774370186486,-0.0048596297278185934,0.001705954488686334,-0.048689144642367885,-4.482759790799122,104.303640127182
clip_b,contrastive,1,1.3295857906341553,512,30,decoupled,8,-0.0509360400296239,-0.005338476484809765,0.0022399693423336892,-0.04559756354481414,-4.567522557681343,99.70603060722351
clip_b,contrastive,1,1.3295857906341553,512,30,decoupled,9,-0.05084095204785388,-0.0049175056115959405,0.0024237725116844013,-0.04592344643625794,-4.790868532058852,112.45475149154665
clip_b,contrastive,1,1.3295857906341553,512,30,intact,-1,-0.0265935175212938,-0.004565916240188228,0.0024935797328937137,-0.02202760128110557,-1.751844427463654,217.6803684234619
clip_b,contrastive,2,1.3295857906341553,512,30,decoupled,0,-0.05190343361511472,-0.00637043472832313,0.0024754982711598776,-0.04553299888679159,-4.685348078471937,109.249853849411
clip_b,contrastive,2,1.3295857906341553,512,30,decoupled,1,-0.05570255291884449,-0.005013046578451445,0.002879647790849734,-0.050689506340393035,-5.298366098157442,110.73019528388977
clip_b,contrastive,2,1.3295857906341553,512,30,decoupled,2,-0.053650372848980714,-0.006678758984881214,0.002018306792881184,-0.046971613864099496,-5.180494737445706,98.21736574172974
clip_b,contrastive,2,1.3295857906341553,512,30,decoupled,3,-0.05304221364737068,-0.0063281685872268465,0.0030095312006904393,-0.04671404506014383,-5.416858210787046,101.34993386268616
clip_b,contrastive,2,1.3295857906341553,512,30,decoupled,4,-0.050313015443890746,-0.006255646044913066,0.002472242145618432,-0.04405736939897768,-4.3489328735579695,103.09251308441162
clip_b,contrastive,2,1.3295857906341553,512,30,decoupled,5,-0.051820961921062086,-0.007283331537364915,0.0028003224773001352,-0.044537630383697166,-5.586277049158597,97.33780169487
clip_b,contrastive,2,1.3295857906341553,512,30,decoupled,6,-0.052305007481146616,-0.006313916020853333,0.0027332251730324613,-0.04599109146029329,-4.808663330365554,110.2895188331604
clip_b,contrastive,2,1.3295857906341553,512,30,decoupled,7,-0.05111392026427923,-0.006525967161203271,0.002717311092054656,-0.044587953103075964,-4.3326310332208235,95.38111424446106
clip_b,contrastive,2,1.3295857906341553,512,30,decoupled,8,-0.05244700696191442,-0.006003246255547705,0.0028622009042949185,-0.046443760706366716,-5.426236106656792,104.73744940757751
clip_b,contrastive,2,1.3295857906341553,512,30,decoupled,9,-0.0511016296729734,-0.006549728796017618,0.003013768809588007,-0.044551900876955784,-3.9423705553388735,98.8704183101654
clip_b,contrastive,2,1.3295857906341553,512,30,intact,-1,-0.02030247361263128,-0.005224554224670749,0.003664005992203364,-0.01507791938796053,-1.2399109913276174,96.7747905254364
clip_b,contrastive,3,1.3295857906341553,512,30,decoupled,0,-0.04884553906670064,-0.0039087900672783345,0.002362026922772713,-0.044936748999422314,-4.799044540458867,107.41688871383668
clip_b,contrastive,3,1.3295857906341553,512,30,decoupled,1,-0.05227343934310855,-0.004465980642080205,0.002911391073043768,-0.04780745870102834,-6.16903543584051,101.703209400177
clip_b,contrastive,3,1.3295857906341553,512,30,decoupled,2,-0.0510858209571108,-0.0041726196840497455,0.0028158485435377696,-0.046913201273061055,-4.877087567483333,108.96170091629028
clip_b,contrastive,3,1.3295857906341553,512,30,decoupled,3,-0.05429934184506383,-0.005013757318324971,0.002464323325429021,-0.04928558452673885,-5.426760820636345,105.96337175369264
clip_b,contrastive,3,1.3295857906341553,512,30,decoupled,4,-0.053073720464447936,-0.005312425356895892,0.0021442381909418805,-0.04776129510755205,-5.0374784505335235,100.7796425819397
clip_b,contrastive,3,1.3295857906341553,512,30,decoupled,5,-0.051292435647594316,-0.0032448749991284076,0.002809746528508425,-0.048047560648465916,-5.38159941003791,94.1063907146454
clip_b,contrastive,3,1.3295857906341553,512,30,decoupled,6,-0.0531571501968259,-0.004182406076755909,0.0028693604097176128,-0.04897474412007,-5.367584937544546,106.33136463165285
clip_b,contrastive,3,1.3295857906341553,512,30,decoupled,7,-0.0502059654841094,-0.003918823995549403,0.002598731446510786,-0.04628714148856,-4.893700416644899,108.31482172012328
clip_b,contrastive,3,1.3295857906341553,512,30,decoupled,8,-0.05220630925558367,-0.004762951817280379,0.0007886457723620447,-0.047443357438303295,-4.669029715184807,107.80484938621521
clip_b,contrastive,3,1.3295857906341553,512,30,decoupled,9,-0.05145352893562652,-0.0038741566045013506,0.002467683250440077,-0.04757937233112517,-5.357053795045712,105.61862850189208
clip_b,contrastive,3,1.3295857906341553,512,30,intact,-1,-0.02569518463082057,-0.003515220533290284,0.003479955629245193,-0.02217996409753029,-2.19266558654534,98.52785301208496
clip_b,contrastive,4,1.3295857906341553,512,30,decoupled,0,-0.048502428130373726,-0.005509555733378026,0.0019020940617594773,-0.0429928723969957,-5.4892269516182335,97.29376816749573
clip_b,contrastive,4,1.3295857906341553,512,30,decoupled,1,-0.046027234632230914,-0.006079862381258103,0.0024081239372497325,-0.039947372250972814,-4.39024978905816,98.34866762161256
clip_b,contrastive,4,1.3295857906341553,512,30,decoupled,2,-0.04756853232097488,-0.00694593189157548,0.003510984113207259,-0.0406226004293994,-4.4409761014497215,104.90824770927428
clip_b,contrastive,4,1.3295857906341553,512,30,decoupled,3,-0.0477329674381114,-0.005405071693897093,0.0021414426974353065,-0.04232789574421431,-4.610935979242161,112.44523382186891
clip_b,contrastive,4,1.3295857906341553,512,30,decoupled,4,-0.049100973370226966,-0.0060435624067752885,0.00237409481231741,-0.043057410963451684,-4.3457252601072485,111.36654281616212
clip_b,contrastive,4,1.3295857906341553,512,30,decoupled,5,-0.04942120074907558,-0.0064162505858555725,0.001397822346506308,-0.043004950163220014,-5.346321924867076,97.64304852485657
clip_b,contrastive,4,1.3295857906341553,512,30,decoupled,6,-0.044405342754723146,-0.0063093676322481295,0.003164280000549691,-0.03809597512247501,-4.5775437268789005,109.35671997070312
clip_b,contrastive,4,1.3295857906341553,512,30,decoupled,7,-0.045249153185877265,-0.005274138314523509,0.002616437040265144,-0.03997501487135375,-5.781903664876629,109.76993036270142
clip_b,contrastive,4,1.3295857906341553,512,30,decoupled,8,-0.04704337862537439,-0.006414106750508522,0.0018167546380102831,-0.04062927187486587,-4.1932052399721815,108.513267993927
clip_b,contrastive,4,1.3295857906341553,512,30,decoupled,9,-0.050053955111817,-0.0058897183330680935,0.0016950472692630664,-0.0441642367787489,-4.612321583304351,106.0862202644348
clip_b,contrastive,4,1.3295857906341553,512,30,intact,-1,-0.02289478885599616,-0.002749893502985179,0.0026348239813914413,-0.020144895353010984,-1.8584017358520428,107.93642139434814
clip_l,contrastive,0,1.4938230514526367,768,30,decoupled,0,-0.04556268395630174,-0.0034802335653374397,0.0017025566785968571,-0.042082450390964296,-5.341384627652591,129.66763138771057
clip_l,contrastive,0,1.4938230514526367,768,30,decoupled,1,-0.0463973641945081,-0.0034271493597851557,0.0032046675676962906,-0.042970214834722936,-4.455699315205341,130.6695294380188
clip_l,contrastive,0,1.4938230514526367,768,30,decoupled,2,-0.047232333536373225,-0.003925468824764964,0.0014191734395080475,-0.043306864711608266,-5.062774574343213,131.38064122200012
clip_l,contrastive,0,1.4938230514526367,768,30,decoupled,3,-0.049417700068839804,-0.0041430269583449895,0.0015623322209181193,-0.045274673110494816,-4.971826591332823,116.01319575309752
clip_l,contrastive,0,1.4938230514526367,768,30,decoupled,4,-0.04905885206963903,-0.003415468356868423,0.001762979940121698,-0.04564338371277061,-5.056653337719852,121.28651666641235
clip_l,contrastive,0,1.4938230514526367,768,30,decoupled,5,-0.04471329943432571,-0.0033765652164662236,0.0018754744850398328,-0.04133673421785949,-4.491406973620098,128.2938814163208
clip_l,contrastive,0,1.4938230514526367,768,30,decoupled,6,-0.048677693442854435,-0.0037011946676059,0.0017908403677976445,-0.044976498775248536,-6.043880012870287,374.6308271884918
clip_l,contrastive,0,1.4938230514526367,768,30,decoupled,7,-0.0508171512895941,-0.003405146221435884,0.001749130819686076,-0.047412005068158215,-6.002947332808937,492.79330110549927
clip_l,contrastive,0,1.4938230514526367,768,30,decoupled,8,-0.048240800187356256,-0.003433023338004426,0.00267283697655442,-0.04480777684935183,-4.7031979953102665,439.83158707618713
clip_l,contrastive,0,1.4938230514526367,768,30,decoupled,9,-0.04924003795803364,-0.004270926464230937,0.0015294117940618751,-0.0449691114938027,-5.190537719255552,493.5782835483551
clip_l,contrastive,0,1.4938230514526367,768,30,intact,-1,-0.030052539064597858,-0.0028139200681918442,0.003785479843767413,-0.02723861899640601,-2.8967095026296272,113.1378529071808
clip_l,contrastive,1,1.4938230514526367,768,30,decoupled,0,-0.05560775987580535,-0.0045708132745698425,0.001932319707429094,-0.05103694660123551,-5.337003069440041,505.43701648712164
clip_l,contrastive,1,1.4938230514526367,768,30,decoupled,1,-0.05445581779362989,-0.004410277874245703,0.001810275013898713,-0.05004553991938419,-6.415518415344822,449.4721920490265
clip_l,contrastive,1,1.4938230514526367,768,30,decoupled,2,-0.057086154799840076,-0.004730740606986877,0.0017941430014011715,-0.0523554141928532,-6.175544458471749,344.03025484085083
clip_l,contrastive,1,1.4938230514526367,768,30,decoupled,3,-0.04896915675599221,-0.004354485745977109,0.002439325414686928,-0.0446146710100151,-4.816010489387041,350.4663734436035
clip_l,contrastive,1,1.4938230514526367,768,30,decoupled,4,-0.056924288655345136,-0.004934262951838589,0.0019669060688588713,-0.05199002570350656,-5.177519126866991,333.69810533523565
clip_l,contrastive,1,1.4938230514526367,768,30,decoupled,5,-0.05498661774996312,-0.004546848956503364,0.0019484353715398719,-0.05043976879345976,-6.0360626489221625,336.31364464759827
clip_l,contrastive,1,1.4938230514526367,768,30,decoupled,6,-0.05543205831741044,-0.004404884435458935,0.001787894115788426,-0.0510271738819515,-5.6944848203549085,377.08049535751337
clip_l,contrastive,1,1.4938230514526367,768,30,decoupled,7,-0.054872628717657024,-0.004476532439701383,0.0016503049403184553,-0.05039609627795564,-5.872932733900372,341.6990489959717
clip_l,contrastive,1,1.4938230514526367,768,30,decoupled,8,-0.05057227217567235,-0.004404046623650364,0.0021531539841394037,-0.04616822555202199,-4.838921134248063,353.8848373889923
clip_l,contrastive,1,1.4938230514526367,768,30,decoupled,9,-0.05288022982418605,-0.00406242844431359,0.0022449659899840754,-0.04881780137987246,-4.879257702438497,341.0239734649658
clip_l,contrastive,1,1.4938230514526367,768,30,intact,-1,-0.027643349887536226,-0.00423959666339941,0.0018467915672872254,-0.023403753224136813,-2.3368804150907203,455.13637590408325
clip_l,contrastive,2,1.4938230514526367,768,30,decoupled,0,-0.0480413015899968,-0.004141584065384223,0.001906230900332172,-0.043899717524612566,-5.042587569360472,426.3223559856415
clip_l,contrastive,2,1.4938230514526367,768,30,decoupled,1,-0.048407380026497186,-0.003853844768786431,0.0018545715229989035,-0.04455353525771076,-5.175636886592191,367.101096868515
clip_l,contrastive,2,1.4938230514526367,768,30,decoupled,2,-0.04871475796367189,-0.004673713871162536,0.001802268583427073,-0.04404104409250936,-5.203613416914159,363.77476978302
clip_l,contrastive,2,1.4938230514526367,768,30,decoupled,3,-0.04902493510671901,-0.004080530256024931,0.0027902049478930263,-0.04494440485069407,-5.382977479250346,324.5996520519257
clip_l,contrastive,2,1.4938230514526367,768,30,decoupled,4,-0.047252016772596835,-0.00430347525917065,0.0019690192617621877,-0.042948541513426176,-4.708456818180028,326.6994111537933
clip_l,contrastive,2,1.4938230514526367,768,30,decoupled,5,-0.04947379192325063,-0.0039059805730121524,0.001964838116607855,-0.045567811350238484,-4.827118843671577,332.8155562877655
clip_l,contrastive,2,1.4938230514526367,768,30,decoupled,6,-0.04998344643576763,-0.0048937247277529355,0.0021671796627963525,-0.045089721708014695,-4.862957586177386,347.93415451049805
clip_l,contrastive,2,1.4938230514526367,768,30,decoupled,7,-0.04827118659102027,-0.003554340600010622,0.0019620509898392907,-0.04471684599100965,-4.184312219545449,353.71985340118414
clip_l,contrastive,2,1.4938230514526367,768,30,decoupled,8,-0.0492385718911017,-0.00454502420001501,0.0020618898041554613,-0.044693547691086695,-5.198851593984973,343.2015194892884
clip_l,contrastive,2,1.4938230514526367,768,30,decoupled,9,-0.048404162964206764,-0.003856029830954159,0.00184885161024512,-0.0445481331332526,-4.784861415811274,338.8721306324005
clip_l,contrastive,2,1.4938230514526367,768,30,intact,-1,-0.03020164040423065,-0.0022146337124499703,0.0025041652551864284,-0.02798700669178068,-3.6729551194407035,359.5392534732818
clip_l,contrastive,3,1.4938230514526367,768,30,decoupled,0,-0.049585001168754216,-0.004102050400350591,0.0021535743683941022,-0.04548295076840362,-6.347890106627988,316.13992738723755
clip_l,contrastive,3,1.4938230514526367,768,30,decoupled,1,-0.04965765673184934,-0.004089965328682857,0.0017553749394298354,-0.04556769140316648,-4.8747404903545295,289.353289604187
clip_l,contrastive,3,1.4938230514526367,768,30,decoupled,2,-0.04537192790222469,-0.004162772963544239,0.0021221103516607673,-0.04120915493868045,-3.98869796446954,331.79527235031134
clip_l,contrastive,3,1.4938230514526367,768,30,decoupled,3,-0.04780646327275516,-0.0040107386733958025,0.0017222857024758998,-0.04379572459935936,-5.005834779684881,325.47226762771606
clip_l,contrastive,3,1.4938230514526367,768,30,decoupled,4,-0.04639079787364918,-0.003974762442733132,0.0017076297018112582,-0.04241603543091605,-4.323270090428905,301.6846923828125
clip_l,contrastive,3,1.4938230514526367,768,30,decoupled,5,-0.047087849365488224,-0.00480044410941894,0.001537580071654949,-0.042287405256069284,-4.426317165011107,342.40381383895874
clip_l,contrastive,3,1.4938230514526367,768,30,decoupled,6,-0.0481116522853115,-0.0042212550060595775,0.001599312858634659,-0.043890397279251925,-4.363209276490215,397.4859137535095
clip_l,contrastive,3,1.4938230514526367,768,30,decoupled,7,-0.04747840732915469,-0.0040776872886960245,0.0014492468973970984,-0.04340072004045867,-4.740320069794982,311.3736364841461
clip_l,contrastive,3,1.4938230514526367,768,30,decoupled,8,-0.04744600016793034,-0.003479944503971824,0.0018454524825947173,-0.04396605566395852,-4.034904286317944,343.24024963378906
clip_l,contrastive,3,1.4938230514526367,768,30,decoupled,9,-0.04989424952939602,-0.003597344321593282,0.0017410674785569749,-0.04629690520780273,-6.358071162004662,305.4002840518952
clip_l,contrastive,3,1.4938230514526367,768,30,intact,-1,-0.02854365953059057,-0.003329409961905383,0.002799196018141559,-0.025214249568685187,-3.0031514723832013,338.07851862907415
clip_l,contrastive,4,1.4938230514526367,768,30,decoupled,0,-0.04608242742384819,-0.0050549377812611,0.002182725382528148,-0.04102748964258709,-4.4380100173391535,289.3960120677948
clip_l,contrastive,4,1.4938230514526367,768,30,decoupled,1,-0.04398509340410352,-0.004302352209195423,0.0016529578411163485,-0.0396827411949081,-4.335831009793071,265.21408534049993
clip_l,contrastive,4,1.4938230514526367,768,30,decoupled,2,-0.044100092577883054,-0.0038325339896895603,0.0019287186824301216,-0.040267558588193496,-4.2771247537898525,294.34522318840027
clip_l,contrastive,4,1.4938230514526367,768,30,decoupled,3,-0.044461682195012855,-0.004008576509261145,0.0019321230063070415,-0.040453105685751715,-4.175553162243084,307.569680929184
clip_l,contrastive,4,1.4938230514526367,768,30,decoupled,4,-0.04370434663738591,-0.003982753176526514,0.0022773238042069852,-0.0397215934608594,-4.712986189453634,291.0425508022308
clip_l,contrastive,4,1.4938230514526367,768,30,decoupled,5,-0.041465814159216685,-0.004497467389977657,0.001814639519876361,-0.03696834676923903,-4.192226535801971,249.72998476028442
clip_l,contrastive,4,1.4938230514526367,768,30,decoupled,6,-0.04224262053234065,-0.00427232138173628,0.002130153927972225,-0.037970299150604375,-4.735789548195161,247.01599049568176
clip_l,contrastive,4,1.4938230514526367,768,30,decoupled,7,-0.04616392933932192,-0.0038016066328589093,0.002106402213696891,-0.04236232270646301,-4.963571892210673,234.8550288677216
clip_l,contrastive,4,1.4938230514526367,768,30,decoupled,8,-0.041969334419447904,-0.005194671025286253,0.002084535310167653,-0.03677466339416165,-3.8963254967373735,252.34154868125918
clip_l,contrastive,4,1.4938230514526367,768,30,decoupled,9,-0.047781412114275404,-0.005192916064177404,0.0014964044251919446,-0.042588496050098,-4.845142452450794,225.5986385345459
clip_l,contrastive,4,1.4938230514526367,768,30,intact,-1,-0.02247336946985207,-0.0014077597713899356,0.004288586505000414,-0.02106560969846213,-2.2240735891024666,253.52329564094543
dinov1_b,DINO,0,2.1233694553375244,768,30,decoupled,0,-0.01556689903524254,-0.0017580389114976306,0.0019280539333510534,-0.01380886012374491,-1.7521005999921482,494.0974802970886
dinov1_b,DINO,0,2.1233694553375244,768,30,decoupled,1,-0.01516419528508414,-0.001585758291333253,0.0026283961980685124,-0.01357843699375089,-1.6905473290811484,472.95885848999023
dinov1_b,DINO,0,2.1233694553375244,768,30,decoupled,2,-0.014883397047712353,-0.00019174237816758365,0.0025978938157593745,-0.014691654669544769,-2.2177017591947616,552.5243599414824
dinov1_b,DINO,0,2.1233694553375244,768,30,decoupled,3,-0.016348622972511398,-0.0023435598914752914,0.002343946477111685,-0.014005063081036108,-1.7804628625431995,449.42598366737366
dinov1_b,DINO,0,2.1233694553375244,768,30,decoupled,4,-0.016491782617464937,-0.0013886220559601369,0.0016636368321688328,-0.0151031605615048,-2.2120271877276605,387.2301654815674
dinov1_b,DINO,0,2.1233694553375244,768,30,decoupled,5,-0.01754379152613375,-0.001189988889619606,0.0021107840795820698,-0.016353802636514144,-2.5556244286790424,361.1982977390289
dinov1_b,DINO,0,2.1233694553375244,768,30,decoupled,6,-0.01600184474279384,-0.00031564477732436835,0.001875324704396716,-0.015686199965469473,-2.4670586091839413,333.7743964195252
dinov1_b,DINO,0,2.1233694553375244,768,30,decoupled,7,-0.015638998009697574,-0.0009993323787141004,0.002379301736762119,-0.014639665630983475,-2.154259006327149,343.21320080757135
dinov1_b,DINO,0,2.1233694553375244,768,30,decoupled,8,-0.0165079679694992,-0.0021410083031289688,0.0015391995420832006,-0.014366959666370232,-2.0035711365489863,361.9128141403198
dinov1_b,DINO,0,2.1233694553375244,768,30,decoupled,9,-0.016896023751105424,-0.000761958929616427,0.002142218446709924,-0.016134064821489,-2.348297680016288,361.6655616760254
dinov1_b,DINO,0,2.1233694553375244,768,30,intact,-1,-0.008551294519257763,-0.00030419651834746463,0.0032630834626633173,-0.008247098000910297,-1.0423156398742341,448.93458318710327
dinov1_b,DINO,1,2.1233694553375244,768,30,decoupled,0,-0.0159625847490725,-0.0018811910470612704,0.0020716737324090488,-0.014081393702011231,-1.9478926003045276,327.46142554283136
dinov1_b,DINO,1,2.1233694553375244,768,30,decoupled,1,-0.01779031515427111,-0.001546138378369287,0.002325428786251595,-0.016244176775901824,-2.2080643978472727,365.35168433189386
dinov1_b,DINO,1,2.1233694553375244,768,30,decoupled,2,-0.01795268671369496,-0.0008677334321403053,0.0026023200748105236,-0.017084953281554655,-2.23844355573741,417.95943903923035
dinov1_b,DINO,1,2.1233694553375244,768,30,decoupled,3,-0.015897728578333006,-0.0011039555553409863,0.001777868399718617,-0.01479377302299202,-1.9140196972978718,338.6312930583954
dinov1_b,DINO,1,2.1233694553375244,768,30,decoupled,4,-0.01739422356773268,-0.001363632590010555,0.002182249188799018,-0.016030590977722126,-2.4824756151148777,362.6479895114898
dinov1_b,DINO,1,2.1233694553375244,768,30,decoupled,5,-0.01694599580423113,-0.0012859426243278127,0.0018640648564922915,-0.015660053179903318,-2.204780838535706,360.7847354412079
dinov1_b,DINO,1,2.1233694553375244,768,30,decoupled,6,-0.016430878194586454,-0.000663111155502645,0.002459164645692965,-0.01576776703908381,-2.3528120961567387,317.59614801406866
dinov1_b,DINO,1,2.1233694553375244,768,30,decoupled,7,-0.015236628535269872,-0.0018657183551625712,0.0027811176369891386,-0.0133709101801073,-1.839564670982912,333.2392528057098
dinov1_b,DINO,1,2.1233694553375244,768,30,decoupled,8,-0.01740779865950837,-0.0009814689340579608,0.001927946449029538,-0.016426329725450405,-2.574415405584473,308.23496747016907
dinov1_b,DINO,1,2.1233694553375244,768,30,decoupled,9,-0.01902979224658197,-0.0011484940333877755,0.0022477113102313527,-0.017881298213194192,-2.0668823954768145,362.4619636535645
dinov1_b,DINO,1,2.1233694553375244,768,30,intact,-1,-0.01114179466447554,-0.0006175717458534152,0.003191996033951921,-0.010524222918622126,-1.1746692079278205,360.7905638217926
dinov1_b,DINO,2,2.1233694553375244,768,30,decoupled,0,-0.012667506648398259,-0.0012039759768113292,0.0019502035225088766,-0.011463530671586931,-1.2054553342273455,302.76880860328674
dinov1_b,DINO,2,2.1233694553375244,768,30,decoupled,1,-0.014257912497902913,-0.0021458900198252835,0.0013943564849489953,-0.012112022478077628,-1.3591690025876546,354.3609118461609
dinov1_b,DINO,2,2.1233694553375244,768,30,decoupled,2,-0.01385787890243359,-0.0001080146651083122,0.0020243610661798985,-0.013749864237325278,-1.3812604970606763,341.5521516799927
dinov1_b,DINO,2,2.1233694553375244,768,30,decoupled,3,-0.014688325911816557,-0.001266127334583335,0.0027014316654930485,-0.013422198577233221,-1.5084858654911253,315.8543486595154
dinov1_b,DINO,2,2.1233694553375244,768,30,decoupled,4,-0.01355996767257621,-0.0013433466215054632,0.0018961738654082504,-0.012216621051070744,-1.3501184869824094,316.48437666893005
dinov1_b,DINO,2,2.1233694553375244,768,30,decoupled,5,-0.012267034097012576,-0.0013124833651522352,0.0024533312713831998,-0.01095455073186034,-1.2585742732143343,321.9334089756012
dinov1_b,DINO,2,2.1233694553375244,768,30,decoupled,6,-0.012357338552375238,-0.001430578544637824,0.002449889452915221,-0.010926760007737414,-1.2002878312367409,309.6660332679748
dinov1_b,DINO,2,2.1233694553375244,768,30,decoupled,7,-0.014404366998258228,-0.0013431794624842953,0.001624086464481984,-0.01306118753577393,-1.3655348076980578,315.6057856082916
dinov1_b,DINO,2,2.1233694553375244,768,30,decoupled,8,-0.010524150998846932,-0.0005738213829906066,0.003042617513656933,-0.009950329615856323,-1.014883948990145,368.292414188385
dinov1_b,DINO,2,2.1233694553375244,768,30,decoupled,9,-0.01187908644718294,-0.0017614505651827289,0.0017559392882702718,-0.010117635882000212,-1.1201197111116008,335.048504114151
dinov1_b,DINO,2,2.1233694553375244,768,30,intact,-1,-0.013299011467740679,-4.169561039268632e-05,0.003073985120916819,-0.013257315857347992,-1.818801887017941,313.48117637634283
dinov1_b,DINO,3,2.1233694553375244,768,30,decoupled,0,-0.014589899197066587,-0.0014358909911386466,0.0020179253113231954,-0.013154008205927941,-1.7059362755839254,280.74419498443604
dinov1_b,DINO,3,2.1233694553375244,768,30,decoupled,1,-0.014315964100368462,-0.001213143985148399,0.002144974085808303,-0.013102820115220066,-1.5722750698623589,309.02800059318537
dinov1_b,DINO,3,2.1233694553375244,768,30,decoupled,2,-0.013074231035308664,-0.0015528349070806206,0.00235732941687038,-0.011521396128228044,-1.5357661534246505,282.5810430049896
dinov1_b,DINO,3,2.1233694553375244,768,30,decoupled,3,-0.0102853700564116,-5.8400707557723644e-05,0.002004445735142133,-0.010226969348853877,-1.0354403953033116,254.5801966190338
dinov1_b,DINO,3,2.1233694553375244,768,30,decoupled,4,-0.01210400801439089,-0.002002469026423309,0.002071173660857077,-0.01010153898796758,-1.3244894987656433,304.4537920951843
dinov1_b,DINO,3,2.1233694553375244,768,30,decoupled,5,-0.014951066705126468,-0.002033569928516346,0.001995524026175678,-0.012917496776610124,-1.4960810544013006,276.3312890529633
dinov1_b,DINO,3,2.1233694553375244,768,30,decoupled,6,-0.01265565170786051,-0.0008393698198950874,0.001927677543514425,-0.011816281887965423,-1.3030847325803852,311.52772736549383
dinov1_b,DINO,3,2.1233694553375244,768,30,decoupled,7,-0.01569238558677577,-0.0018914293392378336,0.001974555102708021,-0.013800956247537936,-1.9407725739566248,287.84714007377625
dinov1_b,DINO,3,2.1233694553375244,768,30,decoupled,8,-0.01434485696979901,-0.00033922922040099945,0.0016675993251649593,-0.014005627749398009,-1.639073513594194,245.06581902503967
dinov1_b,DINO,3,2.1233694553375244,768,30,decoupled,9,-0.015931276952390785,-0.0006802905883369668,0.0015957218549429767,-0.01525098636405382,-1.7717840694589642,288.15319442749023
dinov1_b,DINO,3,2.1233694553375244,768,30,intact,-1,-0.0108529514589287,-0.00034103428176310714,0.002969307181841322,-0.010511917177165594,-1.1161422669647103,312.24894595146185
dinov1_b,DINO,4,2.1233694553375244,768,30,decoupled,0,-0.010590519917851092,-0.0019353293777789368,0.002187407982743433,-0.008655190540072156,-0.8755175545855197,248.64557695388797
dinov1_b,DINO,4,2.1233694553375244,768,30,decoupled,1,-0.013956713175698715,-0.0012802407063488715,0.002350432883503656,-0.012676472469349843,-1.4042211062533367,231.2871599197388
dinov1_b,DINO,4,2.1233694553375244,768,30,decoupled,2,-0.00983329844117943,-0.0018520683180219448,0.0012999245352827019,-0.007981230123157488,-0.8477835585929446,315.6636159420013
dinov1_b,DINO,4,2.1233694553375244,768,30,decoupled,3,-0.012320532269903331,-0.0011682160673516045,0.002327884426882605,-0.011152316202551726,-1.1852533194159467,330.7132604122162
dinov1_b,DINO,4,2.1233694553375244,768,30,decoupled,4,-0.012838961366350488,-0.002136074700869813,0.0009473443871326565,-0.010702886665480676,-1.0265544823626322,319.9320938587189
dinov1_b,DINO,4,2.1233694553375244,768,30,decoupled,5,-0.012760034341639026,-0.0017138322090411743,0.0014149760928863259,-0.01104620213259785,-1.1366114069125444,282.2315576076508
dinov1_b,DINO,4,2.1233694553375244,768,30,decoupled,6,-0.013954412522819551,-0.000475385240475551,0.0025556575672805453,-0.013479027282344,-1.24027202572261,239.2091338634491
dinov1_b,DINO,4,2.1233694553375244,768,30,decoupled,7,-0.012193461852623945,-0.00176895869074047,0.0021232839269974537,-0.010424503161883477,-1.0206756581856442,199.1059045791626
dinov1_b,DINO,4,2.1233694553375244,768,30,decoupled,8,-0.01282332478045682,-0.0010730570594660624,0.0019520310778648872,-0.011750267720990758,-1.1037565845435684,175.76958990097046
dinov1_b,DINO,4,2.1233694553375244,768,30,decoupled,9,-0.012144704473687956,-0.0013052261998304645,0.0010244790572866882,-0.010839478273857492,-1.0879569713542991,234.58635473251343
dinov1_b,DINO,4,2.1233694553375244,768,30,intact,-1,-0.008737309827845263,-0.0011138441762505113,0.0032260311482546038,-0.00762346565159475,-0.9188020629376568,236.56782817840576
dinov2_b,DINO,0,3.70822024345398,768,30,decoupled,0,-0.017470555199848352,-0.002355837407360692,0.0020783221536392112,-0.015114717792487659,-3.1878354407125755,122.58784747123718
dinov2_b,DINO,0,3.70822024345398,768,30,decoupled,1,-0.017936700551901816,-0.0013133277530772744,0.0029699004352593604,-0.016623372798824542,-3.2611262356047166,124.78110575675964
dinov2_b,DINO,0,3.70822024345398,768,30,decoupled,2,-0.016878043333282994,-0.0022281653068864137,0.002886053174256776,-0.014649878026396581,-2.5511308980872003,128.7820553779602
dinov2_b,DINO,0,3.70822024345398,768,30,decoupled,3,-0.016685152584335353,-0.0014832728437402035,0.003102346468168629,-0.01520187974059515,-2.488982756288628,123.39217567443848
dinov2_b,DINO,0,3.70822024345398,768,30,decoupled,4,-0.01670914586739365,-0.0013001997671319488,0.0028794795049641576,-0.015408946100261703,-3.2472873747524416,125.05303955078124
dinov2_b,DINO,0,3.70822024345398,768,30,decoupled,5,-0.017184064357721032,-0.0019048380803030995,0.002790569043367538,-0.01527922627741793,-2.7778705818827434,125.6030445098877
dinov2_b,DINO,0,3.70822024345398,768,30,decoupled,6,-0.02008654715878308,-0.0019380445165144433,0.002704425795932916,-0.01814850264226864,-2.6988812250224514,128.18865776062012
dinov2_b,DINO,0,3.70822024345398,768,30,decoupled,7,-0.014921848687394157,-0.001435370434095848,0.0031418225426874955,-0.013486478253298307,-1.8321388509006298,130.52022027969358
dinov2_b,DINO,0,3.70822024345398,768,30,decoupled,8,-0.016609841066834042,-0.0017947215154537218,0.00398521604399315,-0.014815119551380316,-2.3980158124354847,129.76942348480222
dinov2_b,DINO,0,3.70822024345398,768,30,decoupled,9,-0.0165297137897419,-0.0006465555113461918,0.0020730016522285837,-0.01588315827839571,-2.9644091513394435,149.86240410804746
dinov2_b,DINO,0,3.70822024345398,768,30,intact,-1,-0.013278294701241228,-0.0005848181949912741,0.0018561446548834273,-0.012693476506249954,-1.9806462891957408,123.95688700675964
dinov2_b,DINO,1,3.70822024345398,768,30,decoupled,0,-0.01358829854515643,-0.0014058862882751185,0.0027144348716560034,-0.012182412256881315,-1.7352239207608169,486.75360655784607
dinov2_b,DINO,1,3.70822024345398,768,30,decoupled,1,-0.01620278495474681,-0.0022368178113117256,0.0035057713181705545,-0.013965967143435084,-2.022478434925624,431.6356735229492
dinov2_b,DINO,1,3.70822024345398,768,30,decoupled,2,-0.016192834188756874,-0.0021359587467836964,0.002316685146172173,-0.014056875441973178,-2.5282155369945936,496.24959588050837
dinov2_b,DINO,1,3.70822024345398,768,30,decoupled,3,-0.014760855188024282,-0.0029465040981356268,0.003060749978698348,-0.011814351089888651,-2.168336093027732,504.4689655303955
dinov2_b,DINO,1,3.70822024345398,768,30,decoupled,4,-0.014165817840939591,-0.0018277121891989046,0.0033541846379589483,-0.012338105651740688,-1.6001817015073985,524.4938805103302
dinov2_b,DINO,1,3.70822024345398,768,30,decoupled,5,-0.0149602586705965,-0.0012951024085588196,0.002646652263959029,-0.01366515626203768,-2.2138588442360536,430.9070429801941
dinov2_b,DINO,1,3.70822024345398,768,30,decoupled,6,-0.014880863634822425,-0.0022895755712780104,0.002664745892762045,-0.012591288063544415,-2.197876812460936,334.2050404548645
dinov2_b,DINO,1,3.70822024345398,768,30,decoupled,7,-0.014622594589481813,-0.0013468889039117595,0.002190087984620932,-0.013275705685570054,-2.150540689440103,338.7036008834839
dinov2_b,DINO,1,3.70822024345398,768,30,decoupled,8,-0.015011098738587096,-0.0010991495760650075,0.002126278242185864,-0.013911949162522088,-2.4609814596065887,336.78987956047064
dinov2_b,DINO,1,3.70822024345398,768,30,decoupled,9,-0.013893926902115022,-0.002869195401464737,0.0017835034027072105,-0.011024731500650285,-1.7922559833850418,316.1872341632843
dinov2_b,DINO,1,3.70822024345398,768,30,intact,-1,-0.010813131043034746,-0.0010072260578668905,0.0021071723322929506,-0.009805904985167856,-1.8737281040760507,408.02055168151855
dinov2_b,DINO,2,3.70822024345398,768,30,decoupled,0,-0.01553694506521548,-0.002192916271220015,0.00333244736584273,-0.01334402879399547,-2.133290015953916,329.32129073143005
dinov2_b,DINO,2,3.70822024345398,768,30,decoupled,1,-0.016356683366768557,-0.001620008450355978,0.0017755896028491009,-0.014736674916412581,-2.75094891538874,348.50238943099976
dinov2_b,DINO,2,3.70822024345398,768,30,decoupled,2,-0.015911256885092234,-0.001643426465295876,0.0023808657760287155,-0.01426783041979636,-2.441358622064854,355.41663098335266
dinov2_b,DINO,2,3.70822024345398,768,30,decoupled,3,-0.018154304424643133,-0.0003721191148209055,0.002334750226118017,-0.017782185309822222,-3.4090412201551312,400.92806243896484
dinov2_b,DINO,2,3.70822024345398,768,30,decoupled,4,-0.015115750737125469,-0.001697773109857205,0.002186191703563884,-0.013417977627268264,-3.126210836372195,401.55864453315735
dinov2_b,DINO,2,3.70822024345398,768,30,decoupled,5,-0.014384453433569352,-0.0019813062258057625,0.0020063256152516424,-0.01240314720776359,-2.7271590350045263,347.32976698875433
dinov2_b,DINO,2,3.70822024345398,768,30,decoupled,6,-0.018079078147561857,-0.0019993729359320507,0.003190083831258682,-0.01607970521162981,-2.787502187833331,369.37664008140564
dinov2_b,DINO,2,3.70822024345398,768,30,decoupled,7,-0.014337398501205715,-0.002103479257590834,0.0031455893349674525,-0.012233919243614885,-2.1415569965099666,347.0270013809204
dinov2_b,DINO,2,3.70822024345398,768,30,decoupled,8,-0.014596694908668953,-0.0017525201805895618,0.00224308128134974,-0.012844174728079392,-2.480361214006612,333.12948918342585
dinov2_b,DINO,2,3.70822024345398,768,30,decoupled,9,-0.0153506811471978,-0.0012251389054812947,0.0026958926006359924,-0.014125542241716506,-2.7913117860317698,310.09538936614985
dinov2_b,DINO,2,3.70822024345398,768,30,intact,-1,-0.012942032900329734,-0.0004076466392168341,0.0021584003745488767,-0.0125343862611129,-2.1576836777682926,370.3330018520355
dinov2_b,DINO,3,3.70822024345398,768,30,decoupled,0,-0.013505968465919256,-0.0010339781865512806,0.004123028876162364,-0.012471990279367974,-1.7153231550735648,362.9582917690277
dinov2_b,DINO,3,3.70822024345398,768,30,decoupled,1,-0.014420571432462169,-0.002782594892656989,0.003014096889715445,-0.01163797653980518,-1.6647155355856404,333.647607088089
dinov2_b,DINO,3,3.70822024345398,768,30,decoupled,2,-0.012567884988798309,-0.0016916379355239207,0.002267930731179764,-0.010876247053274387,-2.1391504600167406,337.2297151088714
dinov2_b,DINO,3,3.70822024345398,768,30,decoupled,3,-0.01170543662116276,-0.002442261018871468,0.0023770400418829034,-0.009263175602291292,-1.5015962572050152,365.34081101417536
dinov2_b,DINO,3,3.70822024345398,768,30,decoupled,4,-0.014685128296560344,-0.0022939434240525627,0.002691609060742778,-0.012391184872507784,-2.340460821748368,313.1000695228577
dinov2_b,DINO,3,3.70822024345398,768,30,decoupled,5,-0.011775673765287265,-0.0018362474788375719,0.0031257196129939784,-0.009939426286449692,-1.7666958334026999,316.66165900230413
dinov2_b,DINO,3,3.70822024345398,768,30,decoupled,6,-0.012049729906774777,-0.001878622997291696,0.0020408561733577754,-0.01017110690948308,-2.074327427671732,321.0156841278076
dinov2_b,DINO,3,3.70822024345398,768,30,decoupled,7,-0.012754278618893859,-0.0012760087856132905,0.0032503313209883405,-0.01147826983328057,-1.9739736063372868,328.7612631320953
dinov2_b,DINO,3,3.70822024345398,768,30,decoupled,8,-0.015320963216867475,-0.0016887260865120714,0.00305421583282618,-0.013632237130355405,-2.5146466778576007,290.3011429309845
dinov2_b,DINO,3,3.70822024345398,768,30,decoupled,9,-0.012921817717626086,-0.0019842398158279443,0.003167151378517573,-0.010937577901798142,-2.036341726319946,321.1908090114593
dinov2_b,DINO,3,3.70822024345398,768,30,intact,-1,-0.01015704399980645,-0.0011368010721414606,0.0018170344458165427,-0.009020242927664991,-1.5865170835981814,312.9287314414978
dinov2_b,DINO,4,3.70822024345398,768,30,decoupled,0,-0.015100706911215594,-0.0024844211212140988,0.003938817362082196,-0.012616285790001496,-2.1857441682044194,294.1269416809082
dinov2_b,DINO,4,3.70822024345398,768,30,decoupled,1,-0.01641268387834928,-0.001483226210391085,0.0020492901067219282,-0.014929457667958194,-2.498006238892917,326.7014420032501
dinov2_b,DINO,4,3.70822024345398,768,30,decoupled,2,-0.014238170741308119,-0.002547479836985532,0.0037222246472740023,-0.011690690904322591,-2.1517934309134774,319.516140460968
dinov2_b,DINO,4,3.70822024345398,768,30,decoupled,3,-0.015939194379576166,-0.0011181985118876151,0.002174198921247276,-0.014820995867688553,-3.53316902312042,293.16607975959784
dinov2_b,DINO,4,3.70822024345398,768,30,decoupled,4,-0.016212480570846954,-0.00294587979180424,0.002687410210527226,-0.013266600779042714,-2.2253888149816268,274.07207918167114
dinov2_b,DINO,4,3.70822024345398,768,30,decoupled,5,-0.015029273200501181,-0.00231646310621421,0.0029181694187216485,-0.01271281009428697,-2.5885198256239392,282.7595164775848
dinov2_b,DINO,4,3.70822024345398,768,30,decoupled,6,-0.014798327140002218,-0.00257037300843594,0.002640539023063053,-0.012227954131566278,-2.4792132486286715,295.28457689285284
dinov2_b,DINO,4,3.70822024345398,768,30,decoupled,7,-0.015426953506897462,-0.0016835407008609208,0.0032186365504837987,-0.013743412806036541,-2.259106863756979,265.61570239067083
dinov2_b,DINO,4,3.70822024345398,768,30,decoupled,8,-0.016785072254704398,-0.002617234650671964,0.002914265946777667,-0.01416783760403243,-2.379925669830908,299.90209770202637
dinov2_b,DINO,4,3.70822024345398,768,30,decoupled,9,-0.015715774487609677,-0.0013970891569980198,0.003015493671848841,-0.014318685330611656,-2.1212687192175768,264.80438947677607
dinov2_b,DINO,4,3.70822024345398,768,30,intact,-1,-0.008358221184843612,-0.0029850429724603265,0.0033199592675501512,-0.005373178212383286,-0.9294833117142024,349.4931948184967
dinov2_b,DINO,5,3.70822024345398,768,30,decoupled,0,-0.017524155704277542,-0.0024897861977355358,0.0040835116407803036,-0.015034369506542003,-2.4665532043278224,488.6510021686554
dinov2_b,DINO,5,3.70822024345398,768,30,decoupled,1,-0.014536238941487326,-0.0017917237707578914,0.001692017255077798,-0.012744515170729434,-2.4462289009282805,452.2440392971039
dinov2_b,DINO,5,3.70822024345398,768,30,decoupled,2,-0.015056493577985957,-0.003130814150678765,0.002272248512545009,-0.011925679427307191,-1.9501612585449448,501.9855465888977
dinov2_b,DINO,5,3.70822024345398,768,30,decoupled,3,-0.017091697912175977,-0.0012434023113928744,0.0039308063851574105,-0.015848295600783102,-2.800403038228356,520.3186101913452
dinov2_b,DINO,5,3.70822024345398,768,30,decoupled,4,-0.015711995982983076,-0.001661230022268373,0.0024900155959938237,-0.014050765960714705,-2.464714063942089,509.0684335231781
dinov2_b,DINO,5,3.70822024345398,768,30,decoupled,5,-0.017448718370378882,-0.002005794587457514,0.0016161945240063726,-0.015442923782921369,-2.7259924826970057,1787.2715702056885
dinov2_b,DINO,5,3.70822024345398,768,30,decoupled,6,-0.015420639249464643,-0.0027758461176023265,0.004045585123346164,-0.01264479313186232,-1.526120810492226,2277.6244311332707
dinov2_b,DINO,5,3.70822024345398,768,30,decoupled,7,-0.016778516216686454,-0.0011351434610252314,0.0031583600417506553,-0.015643372755661224,-2.8467894828225577,2020.5673904418945
dinov2_b,DINO,5,3.70822024345398,768,30,decoupled,8,-0.01710147061331263,-0.002667744174593564,0.002154282309588382,-0.014433726438719062,-2.9590692975723054,2046.6831419467926
dinov2_b,DINO,5,3.70822024345398,768,30,decoupled,9,-0.01574317245919704,-0.0019055552420856785,0.003787435874264012,-0.013837617217111364,-2.2554198562627024,1927.443054676056
dinov2_b,DINO,5,3.70822024345398,768,30,intact,-1,-0.01543824134298645,-0.001970965267595168,0.0028981107767288928,-0.013467276075391282,-2.6404894533003183,408.66044735908514
dinov2_b,DINO,6,3.70822024345398,768,30,decoupled,0,-0.016518727963784646,-0.0010114224840462966,0.003149249082454486,-0.015507305479738347,-2.8308836842406597,1533.0773479938507
dinov2_b,DINO,6,3.70822024345398,768,30,decoupled,1,-0.015492607218972929,-0.002005341085255173,0.0026365228456586504,-0.013487266133717757,-2.051946237286184,1391.247409582138
dinov2_b,DINO,6,3.70822024345398,768,30,decoupled,2,-0.015325963673163676,-0.0017802804490026816,0.00313824442518885,-0.013545683224160995,-2.4869719259075045,918.251143693924
dinov2_b,DINO,6,3.70822024345398,768,30,decoupled,3,-0.017373195343907202,-0.001959349139219191,0.0025766466626189343,-0.015413846204688013,-2.467290061855302,679.324996471405
dinov2_b,DINO,6,3.70822024345398,768,30,decoupled,4,-0.017805013434902497,-0.0026442654322139424,0.002066019588975626,-0.015160748002688556,-2.6622943525971503,567.9122860431671
dinov2_b,DINO,6,3.70822024345398,768,30,decoupled,5,-0.01776772979921351,-0.00241599025261382,0.003273717162373316,-0.01535173954659969,-2.275742403247468,578.6744680404662
dinov2_b,DINO,6,3.70822024345398,768,30,decoupled,6,-0.017004945675798064,-0.0028387206335687225,0.0036921139973590937,-0.01416622504222934,-2.1752680434262355,584.5448703765868
dinov2_b,DINO,6,3.70822024345398,768,30,decoupled,7,-0.01717235815586124,-0.0017218472559826087,0.003567479090766192,-0.01545051089987863,-2.557552813566207,578.0643756389617
dinov2_b,DINO,6,3.70822024345398,768,30,decoupled,8,-0.015213834284391018,-0.002089067161919686,0.003487669047566424,-0.013124767122471334,-2.138873132857096,608.8270370960237
dinov2_b,DINO,6,3.70822024345398,768,30,decoupled,9,-0.015272043163049157,-0.0017440609122495244,0.0031053955926857325,-0.013527982250799632,-2.408204766807622,485.5703525543213
dinov2_b,DINO,6,3.70822024345398,768,30,intact,-1,-0.012865538277718956,-0.0006430410989036461,0.0016773055397389556,-0.012222497178815309,-2.0602239109328733,1689.2112579345705
dinov2_b,DINO,12,3.70822024345398,768,30,decoupled,0,-0.017071695452473282,-0.001375555725474413,0.002644810945067209,-0.01569613972699886,-2.5290372831757453,495.8948855400085
dinov2_b,DINO,12,3.70822024345398,768,30,decoupled,1,-0.01636002427773181,-0.002033667543185162,0.0025229557220283853,-0.014326356734546648,-1.9668430117773053,453.0448427200317
dinov2_b,DINO,12,3.70822024345398,768,30,decoupled,2,-0.015342635269309388,-0.0021750002806886,0.003527564233692247,-0.013167634988620787,-2.158910941421037,498.300208568573
dinov2_b,DINO,12,3.70822024345398,768,30,decoupled,3,-0.016363863290537014,-0.002346733667122609,0.002548188670215732,-0.014017129623414408,-2.23035079946758,483.54865503311163
dinov2_b,DINO,12,3.70822024345398,768,30,decoupled,4,-0.015380794674227885,-0.0016855773354482336,0.0033408541243841443,-0.013695217338779651,-2.074183745844818,520.6071848869324
dinov2_b,DINO,12,3.70822024345398,768,30,decoupled,5,-0.015027167972917975,-0.001750656710008279,0.002670912165073664,-0.013276511262909695,-1.7732103267186836,1631.4278893470764
dinov2_b,DINO,12,3.70822024345398,768,30,decoupled,6,-0.01545614279362445,-0.001056266186156736,0.0022135184212589785,-0.014399876607467712,-2.3766370269776047,2333.68128490448
dinov2_b,DINO,12,3.70822024345398,768,30,decoupled,7,-0.01580247392434707,-0.0015719047179314882,0.002376536558836907,-0.014230569206415581,-2.5194735590229573,2105.1399819850917
dinov2_b,DINO,12,3.70822024345398,768,30,decoupled,8,-0.01730948359547642,-0.0009306495890298623,0.002769580901128766,-0.016378834006446557,-2.7368302270801808,2087.185593128205
dinov2_b,DINO,12,3.70822024345398,768,30,decoupled,9,-0.01578582890716504,-0.0002753023154116907,0.0029013439484926137,-0.015510526591753346,-2.6302749382934514,1889.169928073883
dinov2_b,DINO,12,3.70822024345398,768,30,intact,-1,-0.012149924690370071,-0.0012776025888225685,0.0014281767056109045,-0.010872322101547505,-2.01326539701932,359.7204701900482
dinov2_b,DINO,13,3.70822024345398,768,30,decoupled,0,-0.015664160265916716,-0.0015708680959651859,0.0030248431642356296,-0.014093292169951529,-2.1489183233937643,1504.453827381134
dinov2_b,DINO,13,3.70822024345398,768,30,decoupled,1,-0.017667585787484244,-0.0018254159958363003,0.002135411144466387,-0.015842169791647945,-2.765313558973102,1385.9253549575806
dinov2_b,DINO,13,3.70822024345398,768,30,decoupled,2,-0.013848846019754502,-0.002192038937191065,0.0032992900597202373,-0.011656807082563435,-1.7641644412707245,1038.7346625328064
dinov2_b,DINO,13,3.70822024345398,768,30,decoupled,3,-0.02008335814528969,-0.002736492014068432,0.002809289846567448,-0.017346866131221262,-3.185831696550202,782.3977925777435
dinov2_b,DINO,13,3.70822024345398,768,30,decoupled,4,-0.015442968713205468,-0.0031761032951823647,0.0014479022908110769,-0.012266865418023102,-2.273313753907462,561.0975036621094
dinov2_b,DINO,13,3.70822024345398,768,30,decoupled,5,-0.01643889452429588,-0.0027530064086158518,0.003005491135158289,-0.013685888115680028,-2.0820804141506786,486.35085010528564
dinov2_b,DINO,13,3.70822024345398,768,30,decoupled,6,-0.01622081846698352,-0.0017859090820682407,0.0023520040933430425,-0.014434909384915281,-2.4930141000080464,502.7504596710205
dinov2_b,DINO,13,3.70822024345398,768,30,decoupled,7,-0.019218713690929142,-0.00124862464594392,0.002454135233227637,-0.017970089044985225,-2.62343991373864,617.0169260501863
dinov2_b,DINO,13,3.70822024345398,768,30,decoupled,8,-0.014784419141550834,-0.002270519031334525,0.0033317237047920533,-0.012513900110216308,-2.5830950254296967,583.3721926212312
dinov2_b,DINO,13,3.70822024345398,768,30,decoupled,9,-0.01820193779490159,-0.0010907710056819052,0.0032882921354587227,-0.017111166789219687,-2.4492992038955372,496.5269703865051
dinov2_b,DINO,13,3.70822024345398,768,30,intact,-1,-0.011440571537180172,-0.0011634230688563356,0.003107802067105991,-0.010277148468323836,-1.9428512436384315,1612.4209847450256
dinov2_g,DINO,0,3.9236681461334233,1536,30,decoupled,0,-0.021810335287506158,-0.003261237767084433,0.0029196451589507816,-0.018549097520421724,-3.653950530231232,561.0693075656891
dinov2_g,DINO,0,3.9236681461334233,1536,30,decoupled,1,-0.02270754438321345,-0.0032144955014892533,0.004159789041958689,-0.0194930488817242,-3.2482684055718654,643.9891691207887
dinov2_g,DINO,0,3.9236681461334233,1536,30,decoupled,2,-0.02164763733644651,-0.002553605062518863,0.0021551970994917666,-0.019094032273927645,-4.347155796871834,596.4161262512208
dinov2_g,DINO,0,3.9236681461334233,1536,30,decoupled,3,-0.02231073131827655,-0.00372780682458194,0.0024260275801090453,-0.01858292449369461,-3.701950946985311,572.3799510002136
dinov2_g,DINO,0,3.9236681461334233,1536,30,decoupled,4,-0.02484528594570816,-0.0015956012795348973,0.003318581325426446,-0.023249684666173262,-4.146869531208241,543.6187555789949
dinov2_g,DINO,0,3.9236681461334233,1536,30,decoupled,5,-0.02298191415020397,-0.0022384538396769843,0.0024201511972616586,-0.02074346031052698,-4.374478744132827,576.3475883007051
dinov2_g,DINO,0,3.9236681461334233,1536,30,decoupled,6,-0.024472826735938133,-0.0024510215879542147,0.003524944601154993,-0.02202180514798392,-4.120926426903698,556.3664672374725
dinov2_g,DINO,0,3.9236681461334233,1536,30,decoupled,7,-0.02439594627796372,-0.004031926848681184,0.0028438332450862443,-0.02036401942928253,-4.110763511264613,546.1207501888275
dinov2_g,DINO,0,3.9236681461334233,1536,30,decoupled,8,-0.02491268403337388,-0.0021847578837080987,0.002031604731978235,-0.022727926149665782,-4.539230925141,541.5007953643799
dinov2_g,DINO,0,3.9236681461334233,1536,30,decoupled,9,-0.023289279807781976,-0.003179357422039855,0.002567114155336684,-0.020109922385742118,-3.3834225629326893,514.5004856586456
dinov2_g,DINO,0,3.9236681461334233,1536,30,intact,-1,-0.020579848284454,-0.003010175045830953,0.002431799509809484,-0.017569673238623046,-3.003144054588456,508.762971162796
dinov2_g,DINO,1,3.9236681461334233,1536,30,decoupled,0,-0.025074206355941348,-0.0015536248154514804,0.0031232406337456248,-0.02352058154048987,-4.0104490533017465,506.06760597229004
dinov2_g,DINO,1,3.9236681461334233,1536,30,decoupled,1,-0.022636542375946464,-0.002222030238300142,0.0032523562655280844,-0.020414512137646317,-2.9950826265014534,508.3624141216278
dinov2_g,DINO,1,3.9236681461334233,1536,30,decoupled,2,-0.02515765770326953,-0.003305854508584572,0.003435160272286977,-0.021851803194684955,-3.322549274552817,514.3127479553224
dinov2_g,DINO,1,3.9236681461334233,1536,30,decoupled,3,-0.02496358360081911,-0.0027525889821475346,0.0032173090960887505,-0.022210994618671574,-2.6537361566648894,526.2749552726747
dinov2_g,DINO,1,3.9236681461334233,1536,30,decoupled,4,-0.02379672513042691,-0.0025003979451735567,0.0025717795328387056,-0.021296327185253355,-3.401904312609867,445.5406975746155
dinov2_g,DINO,1,3.9236681461334233,1536,30,decoupled,5,-0.02544339024433747,-0.001672598907356606,0.003140633221847363,-0.023770791336980863,-3.9454798465519856,484.3031349182129
dinov2_g,DINO,1,3.9236681461334233,1536,30,decoupled,6,-0.02305768725261217,-0.00293902969612238,0.003879322629945774,-0.020118657556489797,-2.78767340309851,482.1338791847229
dinov2_g,DINO,1,3.9236681461334233,1536,30,decoupled,7,-0.025171369071858955,-0.0032216193256795326,0.002760139869636182,-0.021949749746179418,-3.5463577995550177,491.5824146270752
dinov2_g,DINO,1,3.9236681461334233,1536,30,decoupled,8,-0.02312141920585157,-0.0019359957261701512,0.0038422181183911993,-0.021185423479681414,-3.931143098034575,420.21237564086914
dinov2_g,DINO,1,3.9236681461334233,1536,30,decoupled,9,-0.023430693681903425,-0.003101378666530172,0.0035094321770630945,-0.02032931501537325,-3.442152290657322,385.4742245674133
dinov2_g,DINO,1,3.9236681461334233,1536,30,intact,-1,-0.02000734083028736,-0.00131655425815796,0.0027000067086391487,-0.018690786572129404,-3.7814472085141713,392.4089157581329
dinov2_g,DINO,2,3.9236681461334233,1536,30,decoupled,0,-0.023771343492730496,-0.0017086501987220294,0.0026186890438140327,-0.02206269329400846,-3.595707345520451,426.0424227714538
dinov2_g,DINO,2,3.9236681461334233,1536,30,decoupled,1,-0.023457918005820595,-0.0027798479910147267,0.0033797243865701875,-0.020678070014805868,-3.82492349198936,562.8388488292694
dinov2_g,DINO,2,3.9236681461334233,1536,30,decoupled,2,-0.02328778923215724,-0.003473354506496776,0.002787168288644289,-0.01981443472566046,-4.251273290247399,465.41926074028015
dinov2_g,DINO,2,3.9236681461334233,1536,30,decoupled,3,-0.023591440130791327,-0.0026216539066644105,0.00200829345027563,-0.02096978622412692,-4.110743603275297,343.3331549167633
dinov2_g,DINO,2,3.9236681461334233,1536,30,decoupled,4,-0.02371109624048199,-0.0029547551234811835,0.0029142392323674928,-0.02075634111700081,-3.5833919176110194,323.9828176498413
dinov2_g,DINO,2,3.9236681461334233,1536,30,decoupled,5,-0.02244727204621999,-0.002500004546894037,0.0030073787801245307,-0.019947267499325957,-3.5605917498918616,329.0106966495514
dinov2_g,DINO,2,3.9236681461334233,1536,30,decoupled,6,-0.02003951539461224,-0.0032057565364748664,0.00315401099175924,-0.016833758858137374,-2.9391106488319862,249.79082560539246
dinov2_g,DINO,2,3.9236681461334233,1536,30,decoupled,7,-0.022181957383816883,-0.002761526415917243,0.004126582363029323,-0.01942043096789964,-3.2855708966535246,300.4241437911988
dinov2_g,DINO,2,3.9236681461334233,1536,30,decoupled,8,-0.02368323049370375,-0.0029752907844047315,0.002919772235670573,-0.02070793970929902,-3.882314768750648,278.36977100372314
dinov2_g,DINO,2,3.9236681461334233,1536,30,decoupled,9,-0.023706291246341472,-0.0032514648305953854,0.003048795238650443,-0.02045482641574609,-3.5450153970956184,256.75465178489685
dinov2_g,DINO,2,3.9236681461334233,1536,30,intact,-1,-0.02153901870852541,-0.0021138772371173974,0.0034791631256393353,-0.019425141471408013,-3.274919030368127,320.73425507545466
dinov2_g,DINO,3,3.9236681461334233,1536,30,decoupled,0,-0.01993473957647765,-0.002667132574664313,0.0023285133792755896,-0.017267607001813342,-3.1282408050143804,269.4498944282532
dinov2_g,DINO,3,3.9236681461334233,1536,30,decoupled,1,-0.02306336048971156,-0.003219327323310061,0.002685481927525781,-0.0198440331664015,-3.7556256771666465,254.22718477249146
dinov2_g,DINO,3,3.9236681461334233,1536,30,decoupled,2,-0.0214898062570264,-0.002832025220423429,0.0034184238179084466,-0.01865778103660297,-2.9647139069646933,275.34407472610474
dinov2_g,DINO,3,3.9236681461334233,1536,30,decoupled,3,-0.02116623529536604,-0.00255429385656174,0.0036534147265584994,-0.01861194143880429,-3.0413663506234574,269.27304315567017
dinov2_g,DINO,3,3.9236681461334233,1536,30,decoupled,4,-0.022843427280023268,-0.003460114948108819,0.002514991572416598,-0.01938331233191445,-3.820643917015686,285.352623462677
dinov2_g,DINO,3,3.9236681461334233,1536,30,decoupled,5,-0.02288016822498936,-0.002535187875776478,0.003015737858506825,-0.020344980349212883,-3.9355672109025734,233.5274715423584
dinov2_g,DINO,3,3.9236681461334233,1536,30,decoupled,6,-0.02492739108899548,-0.003426326166217089,0.0030704939427642426,-0.021501064922778392,-4.3303608803272615,267.3215091228485
dinov2_g,DINO,3,3.9236681461334233,1536,30,decoupled,7,-0.02068825399050933,-0.003949655189748579,0.0036598453674445298,-0.016738598800760753,-2.812578695157069,245.44307279586792
dinov2_g,DINO,3,3.9236681461334233,1536,30,decoupled,8,-0.021358353629781786,-0.0027377519861200694,0.0038613286120498616,-0.018620601643661718,-3.0778251532962413,224.48816227912903
dinov2_g,DINO,3,3.9236681461334233,1536,30,decoupled,9,-0.021058690123682118,-0.002142075745902095,0.0030617989688552357,-0.018916614377780024,-3.176121583809973,317.18062424659735
dinov2_g,DINO,3,3.9236681461334233,1536,30,intact,-1,-0.014670217338384887,-0.002671404051439511,0.0015914735015002182,-0.011998813286945378,-2.7354884025556183,220.3901288509369
dinov2_g,DINO,4,3.9236681461334233,1536,30,decoupled,0,-0.021659559003353042,-0.0022325901907902755,0.0025086903081388483,-0.01942696881256277,-3.1483319992732026,303.45076107978815
dinov2_g,DINO,4,3.9236681461334233,1536,30,decoupled,1,-0.02337180051726407,-0.003160486413272904,0.003345677963304771,-0.020211314103991167,-3.054599121783752,242.14786529541016
dinov2_g,DINO,4,3.9236681461334233,1536,30,decoupled,2,-0.02361965600377399,-0.0019350136738187894,0.0024980029571648253,-0.021684642329955203,-3.4206691650235346,257.0081822872162
dinov2_g,DINO,4,3.9236681461334233,1536,30,decoupled,3,-0.0235448157272964,-0.002282639832745697,0.0031228211919935005,-0.021262175894550702,-3.316491864232872,254.1611578464508
dinov2_g,DINO,4,3.9236681461334233,1536,30,decoupled,4,-0.02418307269881476,-0.0024536570665782977,0.002732354339429014,-0.02172941563223646,-3.1403079916572434,251.00779271125796
dinov2_g,DINO,4,3.9236681461334233,1536,30,decoupled,5,-0.02254406879660238,-0.002722208450146968,0.002596425173164284,-0.019821860346455413,-3.6039013804637903,260.11133313179016
dinov2_g,DINO,4,3.9236681461334233,1536,30,decoupled,6,-0.023514115828225955,-0.0033881889413606646,0.0038985301641471007,-0.020125926886865292,-3.374542591701388,264.89697432518
dinov2_g,DINO,4,3.9236681461334233,1536,30,decoupled,7,-0.023897332424559468,-0.003436808083227493,0.003093183865620332,-0.020460524341331974,-3.646253194627157,246.5617754459381
dinov2_g,DINO,4,3.9236681461334233,1536,30,decoupled,8,-0.022637189316521616,-0.002227140520678821,0.0038921841323577267,-0.020410048795842798,-3.2468071153312934,230.69929122924805
dinov2_g,DINO,4,3.9236681461334233,1536,30,decoupled,9,-0.02188194024752374,-0.003107966938551623,0.0017530432274075465,-0.018773973308972118,-3.7906639170635485,317.15263223648066
dinov2_g,DINO,4,3.9236681461334233,1536,30,intact,-1,-0.016674984565366438,-0.0025582050558561977,0.0015353508421104742,-0.01411677950951024,-2.2655245200106613,265.2022511959076
dinov2_g,DINO,5,3.9236681461334233,1536,30,decoupled,0,-0.024985320050358386,-0.0033955926560478014,0.0027352547752513058,-0.02158972739431058,-3.411819885630824,751.4888653755188
dinov2_g,DINO,5,3.9236681461334233,1536,30,decoupled,1,-0.02339534855822008,-0.002899075497422432,0.0019406490963893995,-0.020496273060797647,-2.8819139016281916,762.3046803474426
dinov2_g,DINO,5,3.9236681461334233,1536,30,decoupled,2,-0.02217432742117009,-0.003816571323458471,0.0038634849707702905,-0.018357756097711616,-2.8693367145105984,807.6486709117889
dinov2_g,DINO,5,3.9236681461334233,1536,30,decoupled,3,-0.022947176530723257,-0.0038627818317194095,0.0028030883235692504,-0.01908439469900385,-3.2136953947041684,3344.48414850235
dinov2_g,DINO,5,3.9236681461334233,1536,30,decoupled,4,-0.02434008690107409,-0.0022412893559376986,0.0027767542477602,-0.022098797545136398,-3.8981973244273695,3437.2804520130157
dinov2_g,DINO,5,3.9236681461334233,1536,30,decoupled,5,-0.02460989259836609,-0.0028794171640153824,0.002489326460212628,-0.02173047543435071,-3.6580774735021273,3163.068127155304
dinov2_g,DINO,5,3.9236681461334233,1536,30,decoupled,6,-0.02402527657789945,-0.0036337745885435774,0.0022453612355875425,-0.020391501989355867,-3.363648977229755,2556.638501882553
dinov2_g,DINO,5,3.9236681461334233,1536,30,decoupled,7,-0.0244819967990247,-0.0023303889468982487,0.00295444608960013,-0.02215160785212645,-2.795796463019589,2285.111516237259
dinov2_g,DINO,5,3.9236681461334233,1536,30,decoupled,8,-0.02476902077874948,-0.0028761068600921024,0.0038905972183733727,-0.021892913918657376,-3.0488387188179478,1299.5333786010742
dinov2_g,DINO,5,3.9236681461334233,1536,30,decoupled,9,-0.023179448791366214,-0.0021509445617098853,0.0017695482671607938,-0.021028504229656332,-3.6568961225040257,946.455382823944
dinov2_g,DINO,5,3.9236681461334233,1536,30,intact,-1,-0.0199102140938213,-0.0020314929840971408,0.003553845338942649,-0.01787872110972416,-3.2343949033818538,592.6630401611327
dinov2_g,DINO,12,3.9236681461334233,1536,30,decoupled,0,-0.023323823227728246,-0.0032046650377112844,0.0031921025526241,-0.02011915819001696,-3.20296599212134,745.2059984207152
dinov2_g,DINO,12,3.9236681461334233,1536,30,decoupled,1,-0.021541720374657226,-0.0023074374639219784,0.0020414430778671667,-0.019234282910735243,-3.670517354655931,730.2943775653839
dinov2_g,DINO,12,3.9236681461334233,1536,30,decoupled,2,-0.022536576607433148,-0.001998401945206789,0.003825371649880801,-0.02053817466222636,-3.0096891557995624,816.6819677352905
dinov2_g,DINO,12,3.9236681461334233,1536,30,decoupled,3,-0.020627608826575012,-0.0024171380261022797,0.002405082778622584,-0.018210470800472736,-3.2526396099671917,3007.47785115242
dinov2_g,DINO,12,3.9236681461334233,1536,30,decoupled,4,-0.023543732231723218,-0.002013589622337189,0.003047750803548177,-0.021530142609386037,-3.4391301131261587,3319.935405254364
dinov2_g,DINO,12,3.9236681461334233,1536,30,decoupled,5,-0.02111452777359624,-0.0014871118166712293,0.0034319830631064077,-0.01962741595692501,-3.4530217512360486,2883.754328250885
dinov2_g,DINO,12,3.9236681461334233,1536,30,decoupled,6,-0.02306840144584024,-0.002493969475021861,0.004333100099677002,-0.02057443197081837,-3.163767293362962,2539.7016808986664
dinov2_g,DINO,12,3.9236681461334233,1536,30,decoupled,7,-0.02441511077074197,-0.002301381179186089,0.003626381082296893,-0.022113729591555886,-3.5294108948266363,1998.3034691810608
dinov2_g,DINO,12,3.9236681461334233,1536,30,decoupled,8,-0.02288723735596797,-0.002821256452289207,0.0036110564704771703,-0.020065980903678768,-3.236142464639169,1781.8827421665192
dinov2_g,DINO,12,3.9236681461334233,1536,30,decoupled,9,-0.021301771667351598,-0.0013412752459491958,0.0035380862439401686,-0.0199604964214024,-3.4309033944456315,1083.3007023334503
dinov2_g,DINO,12,3.9236681461334233,1536,30,intact,-1,-0.017072859901186538,-0.0029146885632209767,0.0020312267655198703,-0.014158171337965562,-2.9859957552648324,589.5271720886229
dinov2_l,DINO,0,3.877066850662232,1024,30,decoupled,0,-0.01940189177583516,-0.001656270862201284,0.003243119751690506,-0.01774562091363388,-2.3724482450145192,341.559641122818
dinov2_l,DINO,0,3.877066850662232,1024,30,decoupled,1,-0.01854465231782693,-0.002453520592669902,0.0031035230065957924,-0.016091131725157026,-2.510534568541233,367.1851396560669
dinov2_l,DINO,0,3.877066850662232,1024,30,decoupled,2,-0.018818130340390087,-0.001748737292211091,0.0036508043141496365,-0.017069393048178994,-2.6893719234673843,320.38244318962103
dinov2_l,DINO,0,3.877066850662232,1024,30,decoupled,3,-0.020653274643673843,-0.0026458373177603426,0.002685837490181652,-0.0180074373259135,-4.065319254429918,315.32185149192816
dinov2_l,DINO,0,3.877066850662232,1024,30,decoupled,4,-0.01930118411850209,-0.002076168135770684,0.0029073095801176,-0.017225015982731406,-3.3750485333449713,290.52085876464844
dinov2_l,DINO,0,3.877066850662232,1024,30,decoupled,5,-0.019232537909678767,-0.003833405333013396,0.004138955661190829,-0.015399132576665375,-2.395114731814332,303.9508714675904
dinov2_l,DINO,0,3.877066850662232,1024,30,decoupled,6,-0.017877511353206137,-0.0023952856028373677,0.002604651154369514,-0.01548222575036877,-2.7193478545763967,300.11166191101074
dinov2_l,DINO,0,3.877066850662232,1024,30,decoupled,7,-0.0182316765892251,-0.002910396145738827,0.0024914256931238077,-0.015321280443486275,-2.7259474166798507,321.0866549015045
dinov2_l,DINO,0,3.877066850662232,1024,30,decoupled,8,-0.018151558944770496,-0.0017204126177739689,0.0026587280033505034,-0.016431146326996528,-3.3849773175263964,313.85012912750244
dinov2_l,DINO,0,3.877066850662232,1024,30,decoupled,9,-0.016902182094234344,-0.00282179443869583,0.003167182039990534,-0.014080387655538512,-2.6348772289141023,344.5233778953552
dinov2_l,DINO,0,3.877066850662232,1024,30,intact,-1,-0.014955728303020681,-0.0017159748976191991,0.002434614263662755,-0.01323975340540148,-2.0996415627009184,296.62680625915533
dinov2_l,DINO,1,3.877066850662232,1024,30,decoupled,0,-0.020051781659643803,-0.003007021152282567,0.002480229745209839,-0.01704476050736124,-3.4559128056126807,164.44829225540158
dinov2_l,DINO,1,3.877066850662232,1024,30,decoupled,1,-0.02015848485124852,-0.0030550816338642843,0.003576509775880617,-0.01710340321738424,-2.668824438514508,151.5372424125671
dinov2_l,DINO,1,3.877066850662232,1024,30,decoupled,2,-0.01981863092489558,-0.0020126801326509334,0.0030105145492613753,-0.017805950792244646,-2.7645829624321,141.16919875144958
dinov2_l,DINO,1,3.877066850662232,1024,30,decoupled,3,-0.017351825622667252,-0.0008161710127375536,0.0038065287507904094,-0.016535654609929697,-2.2827464904930204,147.3361485004425
dinov2_l,DINO,1,3.877066850662232,1024,30,decoupled,4,-0.017258212175932784,-0.002647456553639098,0.0021546440725716764,-0.014610755622293687,-2.5997021934854008,149.83114171028137
dinov2_l,DINO,1,3.877066850662232,1024,30,decoupled,5,-0.021871856284386718,-0.0029044627924972146,0.002056476932733331,-0.018967393491889504,-4.0411227891593375,147.4503338336945
dinov2_l,DINO,1,3.877066850662232,1024,30,decoupled,6,-0.017260614734273524,-0.001891535364077796,0.002798159025903267,-0.015369079370195727,-2.543717345437437,148.52976393699646
dinov2_l,DINO,1,3.877066850662232,1024,30,decoupled,7,-0.018316324457979788,-0.0022618767904676595,0.002809774414773077,-0.016054447667512132,-2.9642562150041214,148.4760594367981
dinov2_l,DINO,1,3.877066850662232,1024,30,decoupled,8,-0.020858436043886926,-0.00222679482177558,0.0038638170129046898,-0.018631641222111344,-3.339089867722058,146.02798843383792
dinov2_l,DINO,1,3.877066850662232,1024,30,decoupled,9,-0.022194430415478233,-0.0022157819647932514,0.002457590586276957,-0.019978648450684974,-4.376949228447943,147.3967928886414
dinov2_l,DINO,1,3.877066850662232,1024,30,intact,-1,-0.0174295038944422,-0.001552110733604993,0.002888843220644364,-0.015877393160837208,-2.927307089690178,149.57094335556033
dinov2_l,DINO,2,3.877066850662232,1024,30,decoupled,0,-0.020341647942649786,-0.0024348590641184685,0.002034993947817407,-0.017906788878531314,-3.5423778131884225,148.95873522758484
dinov2_l,DINO,2,3.877066850662232,1024,30,decoupled,1,-0.020680354883248327,-0.002490606942408679,0.0032266301058837305,-0.01818974794083965,-2.758364168315925,147.91290497779846
dinov2_l,DINO,2,3.877066850662232,1024,30,decoupled,2,-0.019573678149072515,-0.0035183125657746893,0.002485451489793913,-0.016055365583297825,-3.0510558545634496,145.34698796272278
dinov2_l,DINO,2,3.877066850662232,1024,30,decoupled,3,-0.02020716593366239,-0.002921417979781073,0.0035545114701304365,-0.017285747953881315,-3.0817008554093146,143.87667059898374
dinov2_l,DINO,2,3.877066850662232,1024,30,decoupled,4,-0.022138071840987598,-0.0015570014861290115,0.003236923534888329,-0.020581070354858583,-3.837332691967127,141.22247767448425
dinov2_l,DINO,2,3.877066850662232,1024,30,decoupled,5,-0.023070130989987062,-0.002837444263050741,0.0028303912977530373,-0.020232686726936323,-4.3883817325986545,146.05104064941406
dinov2_l,DINO,2,3.877066850662232,1024,30,decoupled,6,-0.02021799313047916,-0.002118166723772099,0.002188027480887251,-0.01809982640670706,-3.341431313026208,145.8422327041626
dinov2_l,DINO,2,3.877066850662232,1024,30,decoupled,7,-0.019680583512960276,-0.0015445522332712472,0.002748917302787016,-0.018136031279689026,-3.903735389784672,146.2752311229706
dinov2_l,DINO,2,3.877066850662232,1024,30,decoupled,8,-0.021414273869295376,-0.001429465162377501,0.0024605742746611065,-0.019984808706917875,-4.6374928462821545,143.2388768196106
dinov2_l,DINO,2,3.877066850662232,1024,30,decoupled,9,-0.02294240637112746,-0.002781277437430564,0.003083767147600645,-0.020161128933696898,-3.794452193432201,147.10416150093081
dinov2_l,DINO,2,3.877066850662232,1024,30,intact,-1,-0.01965966727982324,-0.0019063813451637335,0.002045729642292129,-0.01775328593465951,-3.269217342801199,128.5956201553345
dinov2_l,DINO,3,3.877066850662232,1024,30,decoupled,0,-0.01869466756026661,-0.0022856196867305696,0.002382840344282184,-0.016409047873536038,-3.2611604011088704,146.62861824035645
dinov2_l,DINO,3,3.877066850662232,1024,30,decoupled,1,-0.019359206778391112,-0.0016548854450502345,0.0032885767312198057,-0.017704321333340878,-3.1164496165925137,152.18147420883182
dinov2_l,DINO,3,3.877066850662232,1024,30,decoupled,2,-0.01962174451536781,-0.0026163835709653877,0.0017255580363727248,-0.017005360944402418,-3.5433798516148567,143.1748185157776
dinov2_l,DINO,3,3.877066850662232,1024,30,decoupled,3,-0.0175832078857332,-0.0025517443537688483,0.002584604673227089,-0.01503146353196435,-2.819620910203702,152.91752123832703
dinov2_l,DINO,3,3.877066850662232,1024,30,decoupled,4,-0.01947125680544066,-0.0018956814457262415,0.0021730298932914715,-0.017575575359714424,-3.9691315892204737,156.05983209609983
dinov2_l,DINO,3,3.877066850662232,1024,30,decoupled,5,-0.017818984939825186,-0.0015143900799028374,0.0031650427635672674,-0.016304594859922347,-2.2129712665288404,152.46096730232242
dinov2_l,DINO,3,3.877066850662232,1024,30,decoupled,6,-0.01908997341927061,-0.00245344307946285,0.003130435590427904,-0.016636530339807762,-2.7369222690409907,150.86931538581845
dinov2_l,DINO,3,3.877066850662232,1024,30,decoupled,7,-0.020639300542955555,-0.0017327679347552106,0.003052714513659144,-0.018906532608200344,-2.901518067386045,147.86053085327146
dinov2_l,DINO,3,3.877066850662232,1024,30,decoupled,8,-0.017426190913639963,-0.002231141834198196,0.0020449775334645238,-0.01519504907944177,-2.3685760384209247,144.9849805831909
dinov2_l,DINO,3,3.877066850662232,1024,30,decoupled,9,-0.0203078676179086,-0.00185307754377126,0.002732182347010535,-0.01845479007413734,-3.7348395988818965,155.45118165016174
dinov2_l,DINO,3,3.877066850662232,1024,30,intact,-1,-0.014984816826515715,-0.0015392863444048663,0.004167108074545249,-0.013445530482110848,-2.1002376041808217,128.5364582538605
dinov2_l,DINO,4,3.877066850662232,1024,30,decoupled,0,-0.019496574215903943,-0.002131789248588594,0.0028435998369900225,-0.01736478496731535,-3.9046848109948016,216.02305555343628
dinov2_l,DINO,4,3.877066850662232,1024,30,decoupled,1,-0.019025632435584233,-0.0024240021628457514,0.002988891196387029,-0.016601630272738473,-2.750616456071868,588.4919140338898
dinov2_l,DINO,4,3.877066850662232,1024,30,decoupled,2,-0.017683631005625595,-0.0016219347676079087,0.0021742031899378133,-0.01606169623801769,-2.529533564166025,546.0472483634949
dinov2_l,DINO,4,3.877066850662232,1024,30,decoupled,3,-0.019854677521082168,-0.0034894661601192873,0.003279935332778813,-0.01636521136096289,-2.97308611966096,572.7676348686217
dinov2_l,DINO,4,3.877066850662232,1024,30,decoupled,4,-0.016916461824778538,-0.002173864110360531,0.0026897268959632714,-0.014742597714418009,-2.7499936797453417,607.2739903926848
dinov2_l,DINO,4,3.877066850662232,1024,30,decoupled,5,-0.015862452163170844,-0.0015636915225535981,0.0024711257169961268,-0.014298760640617247,-2.6279086452363662,604.0149686336517
dinov2_l,DINO,4,3.877066850662232,1024,30,decoupled,6,-0.01998657414487848,-0.002803135325584854,0.003033896562038527,-0.017183438819293625,-3.377301972009369,467.03610467910767
dinov2_l,DINO,4,3.877066850662232,1024,30,decoupled,7,-0.01875663056517625,-0.001419786390584251,0.0017808450501043801,-0.017336844174591998,-3.6296870542651964,391.00869631767273
dinov2_l,DINO,4,3.877066850662232,1024,30,decoupled,8,-0.01754718163497699,-0.002951412923101285,0.0027832829963920416,-0.014595768711875703,-2.4345205109659083,407.5736937522888
dinov2_l,DINO,4,3.877066850662232,1024,30,decoupled,9,-0.019366954444049785,-0.002416029550379689,0.0027701175802253807,-0.016950924893670092,-3.4536063753271744,405.15237164497375
dinov2_l,DINO,4,3.877066850662232,1024,30,intact,-1,-0.014638009308572203,-0.002214333695036389,0.003243321202671333,-0.012423675613535816,-2.7616717853387334,141.88219237327576
dinov2_l,DINO,5,3.877066850662232,1024,30,decoupled,0,-0.01928858440435309,-0.002498270868843598,0.0023688437009019405,-0.016790313535509492,-3.2045065418487164,594.8630669116974
dinov2_l,DINO,5,3.877066850662232,1024,30,decoupled,1,-0.02092474732725342,-0.002780269258448468,0.0018647961645025767,-0.01814447806880495,-3.87714079737316,568.2179107666017
dinov2_l,DINO,5,3.877066850662232,1024,30,decoupled,2,-0.021054092393778145,-0.0022988610562008106,0.003822825337713202,-0.01875523133757733,-2.9008487906945666,553.4714658260344
dinov2_l,DINO,5,3.877066850662232,1024,30,decoupled,3,-0.02188656675364856,-0.0017536793275560278,0.003134655254772375,-0.020132887426092528,-3.499957486908338,575.0556862354279
dinov2_l,DINO,5,3.877066850662232,1024,30,decoupled,4,-0.022969710200257343,-0.002911689336693333,0.0019933309169603004,-0.020058020863564008,-3.9007430063325463,1980.065681695938
dinov2_l,DINO,5,3.877066850662232,1024,30,decoupled,5,-0.019901262658160376,-0.001962625107386728,0.003123179053056451,-0.01793863755077365,-2.990231286334542,2706.415964841843
dinov2_l,DINO,5,3.877066850662232,1024,30,decoupled,6,-0.021773467991024986,-0.002605331977793395,0.0019409373858127095,-0.019168136013231588,-3.1231750512002416,2527.975207805633
dinov2_l,DINO,5,3.877066850662232,1024,30,decoupled,7,-0.02268980223597338,-0.0024417348245021372,0.002990514911164885,-0.020248067411471244,-3.529323572368388,2139.3864653110504
dinov2_l,DINO,5,3.877066850662232,1024,30,decoupled,8,-0.019843407291314508,-0.001997503372058152,0.0032429303867392827,-0.017845903919256355,-3.3295478430813863,1933.1677749156952
dinov2_l,DINO,5,3.877066850662232,1024,30,decoupled,9,-0.018197307205524253,-0.002493716321803118,0.002188987607569604,-0.015703590883721134,-2.6077503380476736,1930.4766216278078
dinov2_l,DINO,5,3.877066850662232,1024,30,intact,-1,-0.019530091165476614,-0.002340166884204641,0.003144478229285968,-0.017189924281271977,-3.4146362863055164,487.1397228240967
dinov2_l,DINO,6,3.877066850662232,1024,30,decoupled,0,-0.01933708448905289,-0.002299439927648052,0.0014977066032089168,-0.01703764456140484,-3.161928746078705,1160.4172010421753
dinov2_l,DINO,6,3.877066850662232,1024,30,decoupled,1,-0.02051938616341197,-0.002839636776407342,0.0026195736031328345,-0.01767974938700463,-2.630737525366514,756.4909799098969
dinov2_l,DINO,6,3.877066850662232,1024,30,decoupled,2,-0.018751952390976684,-0.002416769853660577,0.0028808526855944377,-0.0163351825373161,-2.616688072954644,609.242128610611
dinov2_l,DINO,6,3.877066850662232,1024,30,decoupled,3,-0.01930975705504609,-0.0022921503430194147,0.004063267419483728,-0.017017606712026675,-2.9151820906616512,607.7432198524475
dinov2_l,DINO,6,3.877066850662232,1024,30,decoupled,4,-0.02133031026194768,-0.0023418388537387747,0.0020543009904857934,-0.018988471408208904,-4.633887058318639,645.7602035999297
dinov2_l,DINO,6,3.877066850662232,1024,30,decoupled,5,-0.02067045587287089,-0.0017404746106141704,0.002831740197947525,-0.01892998126225672,-3.41290397898606,660.8620131015778
dinov2_l,DINO,6,3.877066850662232,1024,30,decoupled,6,-0.018365910046672984,-0.0037430968730831436,0.001874796677996718,-0.01462281317358984,-3.2226669744091523,559.9050271511078
dinov2_l,DINO,6,3.877066850662232,1024,30,decoupled,7,-0.02134270908069209,-0.0018833631000101738,0.0011486210935968712,-0.019459345980681917,-3.845129566470201,904.8407018184662
dinov2_l,DINO,6,3.877066850662232,1024,30,decoupled,8,-0.021716138696099674,-0.002098569470710352,0.0031713369973457445,-0.019617569225389327,-3.2161426492688485,685.1149804592133
dinov2_l,DINO,6,3.877066850662232,1024,30,decoupled,9,-0.021453963742729912,-0.0013042766326063293,0.002732312236129224,-0.020149687110123583,-3.843849874748942,698.5435695648192
dinov2_l,DINO,6,3.877066850662232,1024,30,intact,-1,-0.016512758203861264,-0.0013895026449359804,0.0027040704021575376,-0.015123255558925285,-2.486672610815308,1465.058209657669
dinov2_l,DINO,12,3.877066850662232,1024,30,decoupled,0,-0.018657569232347567,-0.0018483796923853715,0.0027409187269459862,-0.0168091895399622,-3.3706460988481153,558.3069925308229
dinov2_l,DINO,12,3.877066850662232,1024,30,decoupled,1,-0.018686761300191358,-0.003445192710198019,0.0018058399201157148,-0.015241568589993338,-3.0281387915043627,550.7968766689299
dinov2_l,DINO,12,3.877066850662232,1024,30,decoupled,2,-0.019499962940068682,-0.0023632046633924107,0.0022234185214942952,-0.017136758276676267,-3.552344529632852,564.3647661209106
dinov2_l,DINO,12,3.877066850662232,1024,30,decoupled,3,-0.01732144121667282,-0.0017480080743625134,0.0023976299818786826,-0.015573433142310304,-2.693036169968789,619.5493979454039
dinov2_l,DINO,12,3.877066850662232,1024,30,decoupled,4,-0.01831886426104117,-0.001420680041029352,0.0025644628440509164,-0.016898184220011818,-3.2652896898428154,1904.7322452068329
dinov2_l,DINO,12,3.877066850662232,1024,30,decoupled,5,-0.01768355228579923,-0.003131159966667289,0.002709928873785777,-0.01455239231913194,-2.854963981421688,2576.8710560798645
dinov2_l,DINO,12,3.877066850662232,1024,30,decoupled,6,-0.01820068661087092,-0.001589974500288173,0.0020919324671959815,-0.016610712110582744,-3.5632636808595355,2455.8450813293452
dinov2_l,DINO,12,3.877066850662232,1024,30,decoupled,7,-0.020076777275752147,-0.003060983714277159,0.002909936141766841,-0.01701579356147499,-3.6487177819201113,2293.597730636597
dinov2_l,DINO,12,3.877066850662232,1024,30,decoupled,8,-0.015621001314853824,-0.0016682886618623045,0.002681500287953813,-0.013952712652991521,-2.9381327368311374,2179.0857090950008
dinov2_l,DINO,12,3.877066850662232,1024,30,decoupled,9,-0.01941956094849924,-0.00290542428316818,0.001904629064271687,-0.01651413666533106,-3.526544413055473,1918.6050820350647
dinov2_l,DINO,12,3.877066850662232,1024,30,intact,-1,-0.01845195820141965,-0.001095960474709752,0.003471429663220509,-0.0173559977267099,-3.3200029629558885,465.50927257537836
dinov2_l,DINO,13,3.877066850662232,1024,30,decoupled,0,-0.01895634929903467,-0.002918421750671037,0.0028218975150304825,-0.016037927548363633,-2.6479065014612964,1176.489203453064
dinov2_l,DINO,13,3.877066850662232,1024,30,decoupled,1,-0.021326865577142317,-0.0020649345804415646,0.003247278859125479,-0.01926193099670075,-3.025443882624897,781.5355589389801
dinov2_l,DINO,13,3.877066850662232,1024,30,decoupled,2,-0.01699039548841242,-0.002070920140955413,0.0032416292921458997,-0.014919475347457006,-2.7011190176824447,599.5778872966766
dinov2_l,DINO,13,3.877066850662232,1024,30,decoupled,3,-0.019592509402061992,-0.003104087752772102,0.0030621948300868108,-0.016488421649289885,-3.162937270801426,632.7933325767518
dinov2_l,DINO,13,3.877066850662232,1024,30,decoupled,4,-0.020203139994386256,-0.00226090453438001,0.0037421843969177742,-0.017942235460006246,-2.4527830680669456,686.3861954212189
dinov2_l,DINO,13,3.877066850662232,1024,30,decoupled,5,-0.02064335010645389,-0.0029373051522822717,0.004854794895938364,-0.017706044954171617,-2.765421078880393,658.2801022529603
dinov2_l,DINO,13,3.877066850662232,1024,30,decoupled,6,-0.019958676063914584,-0.0031807181449986827,0.0033999084809767056,-0.0167779579189159,-2.5379816942117555,636.4761703014374
dinov2_l,DINO,13,3.877066850662232,1024,30,decoupled,7,-0.01902675839201381,-0.002057588383384505,0.0023331131052622377,-0.016969170008629308,-2.763042029102599,815.4131050109862
dinov2_l,DINO,13,3.877066850662232,1024,30,decoupled,8,-0.018621254478806182,-0.0032090883972655123,0.00324090880900928,-0.015412166081540666,-2.692831479936053,660.0316860675813
dinov2_l,DINO,13,3.877066850662232,1024,30,decoupled,9,-0.018900769454331084,-0.0017960706299946934,0.0017323794530263008,-0.017104698824336392,-3.18528902917047,741.5083463191986
dinov2_l,DINO,13,3.877066850662232,1024,30,intact,-1,-0.014766875442912109,-0.0015790389744299472,0.004300354943326614,-0.013187836468482159,-1.8727726677313887,1428.6289403438568
dinov2_s,DINO,0,3.0024430751800537,384,30,decoupled,0,-0.011228349514810929,0.0001289532646511854,0.0034382781960525252,-0.011357302779462114,-1.8061873344184924,232.10096859931943
dinov2_s,DINO,0,3.0024430751800537,384,30,decoupled,1,-0.007155713536909136,3.1786302153864744e-05,0.0022587857023890394,-0.007187499839063001,-1.06809462487121,206.22146248817444
dinov2_s,DINO,0,3.0024430751800537,384,30,decoupled,2,-0.00884141890341264,-0.0013340457118897642,0.002805490231689001,-0.007507373191522877,-1.0514803333399467,239.92439913749692
dinov2_s,DINO,0,3.0024430751800537,384,30,decoupled,3,-0.011025669894962578,-0.0014149938586009965,0.002723795221872757,-0.00961067603636158,-1.781465673419372,222.9864106178284
dinov2_s,DINO,0,3.0024430751800537,384,30,decoupled,4,-0.008323745048866724,-0.0005333498596463676,0.001799521118651322,-0.007790395189220356,-1.0306448934988193,192.68774390220642
dinov2_s,DINO,0,3.0024430751800537,384,30,decoupled,5,-0.009266054425126916,0.0004020983808907946,0.001634200125990742,-0.00966815280601771,-1.540128388926597,216.71979355812076
dinov2_s,DINO,0,3.0024430751800537,384,30,decoupled,6,-0.011402436815153252,-0.0006446175868104045,0.00248095492962409,-0.010757819228342848,-2.147924256111156,216.15366435050964
dinov2_s,DINO,0,3.0024430751800537,384,30,decoupled,7,-0.004014286318978932,-0.0008574422871930554,0.0028338590245693823,-0.003156844031785877,-0.4129188898704269,198.92028903961184
dinov2_s,DINO,0,3.0024430751800537,384,30,decoupled,8,-0.007301915380306542,-0.0005132787406590983,0.0024841402187751873,-0.006788636639647443,-1.1639522432344198,209.62009716033938
dinov2_s,DINO,0,3.0024430751800537,384,30,decoupled,9,-0.008824493194278304,0.00047298902633465255,0.002231592100765589,-0.009297482220612958,-1.3414659590440274,219.9537742137909
dinov2_s,DINO,0,3.0024430751800537,384,30,intact,-1,-0.0037664061267043,-0.0011115024154024974,0.0021675080048047988,-0.0026549037113018023,-0.4862194119378269,177.74900078773499
dinov2_s,DINO,1,3.0024430751800537,384,30,decoupled,0,-0.0058456474036350245,-0.00044206920398309903,0.0022865396745631924,-0.005403578199651924,-0.8191645047088091,219.74819707870483
dinov2_s,DINO,1,3.0024430751800537,384,30,decoupled,1,-0.00814713534587383,-0.0008292643561242403,0.0022276335140464665,-0.007317870989749589,-1.0081710391641832,220.23947143554688
dinov2_s,DINO,1,3.0024430751800537,384,30,decoupled,2,-0.005796094952731715,-0.001168771471061736,0.0031547977771062,-0.004627323481669979,-0.7867471837534789,203.4155557155609
dinov2_s,DINO,1,3.0024430751800537,384,30,decoupled,3,-0.007068127156776391,-0.0004743026168839912,0.002722659789067636,-0.0065938245398924,-1.035883506133264,243.91272449493408
dinov2_s,DINO,1,3.0024430751800537,384,30,decoupled,4,-0.009393391953912159,-0.001661551705838303,0.0041100801626621115,-0.007731840248073855,-0.9964377834979102,177.50136995315552
dinov2_s,DINO,1,3.0024430751800537,384,30,decoupled,5,-0.00706063007034298,-0.0016425512824024533,0.0020681474597724963,-0.005418078787940528,-0.980445240225623,98.68181800842285
dinov2_s,DINO,1,3.0024430751800537,384,30,decoupled,6,-0.006991218012677533,-0.0015843499130880415,0.003033244255760309,-0.0054068680995894925,-0.7908237037043825,122.88514995574951
dinov2_s,DINO,1,3.0024430751800537,384,30,decoupled,7,-0.005328838121799268,-0.0009202245806686533,0.0037544257282069275,-0.004408613541130614,-0.6093905261913879,114.3962745666504
dinov2_s,DINO,1,3.0024430751800537,384,30,decoupled,8,-0.005594972719428867,-0.0014006191781599964,0.00280043154858851,-0.004194353541268871,-0.5954471153160961,98.27723574638368
dinov2_s,DINO,1,3.0024430751800537,384,30,decoupled,9,-0.006134155674597838,-0.0014108420772351998,0.003182166857217049,-0.004723313597362638,-0.7306937603729574,87.35562229156494
dinov2_s,DINO,1,3.0024430751800537,384,30,intact,-1,-0.00646620922767982,-0.000890746688253001,0.0026069218454734893,-0.005575462539426819,-0.7131136940922561,185.9896457195282
dinov2_s,DINO,2,3.0024430751800537,384,30,decoupled,0,-0.0016216877630928633,5.701509173653141e-05,0.003005617309983681,-0.0016787028548293948,-0.30368092391261603,91.82502436637878
dinov2_s,DINO,2,3.0024430751800537,384,30,decoupled,1,-0.0021863697374512325,-0.0019982566969661947,0.002958201098494802,-0.00018811304048503823,-0.02136570630600093,100.44644212722778
dinov2_s,DINO,2,3.0024430751800537,384,30,decoupled,2,-0.002136862412818477,-0.0016899688091793984,0.002879451176382266,-0.00044689360363907874,-0.06515919473547684,93.65900111198424
dinov2_s,DINO,2,3.0024430751800537,384,30,decoupled,3,-0.004436336140919553,-0.0013055861746722852,0.0020619186391690287,-0.0031307499662472675,-0.5686211202231579,93.30984592437744
dinov2_s,DINO,2,3.0024430751800537,384,30,decoupled,4,-0.005809693274826722,-0.00041480057690399945,0.002995042873474907,-0.0053948926979227214,-0.8360333370611538,100.6852526664734
dinov2_s,DINO,2,3.0024430751800537,384,30,decoupled,5,-0.0017468569676052093,2.8788870165011304e-05,0.0026893872051073405,-0.0017756458377702203,-0.3069869203190185,94.89161658287048
dinov2_s,DINO,2,3.0024430751800537,384,30,decoupled,6,-0.004287822480128142,-0.0003479878101941767,0.00328348996760846,-0.003939834669933966,-0.5513887296565098,87.90484881401062
dinov2_s,DINO,2,3.0024430751800537,384,30,decoupled,7,-0.0031719504854276627,-0.0003225633278504947,0.0028056041119507704,-0.0028493871575771684,-0.4294859818725871,94.84435653686523
dinov2_s,DINO,2,3.0024430751800537,384,30,decoupled,8,-0.005698719415174081,-0.002312160887465801,0.002595326951194064,-0.003386558527708279,-0.4682965437431512,98.51643085479736
dinov2_s,DINO,2,3.0024430751800537,384,30,decoupled,9,-0.004777344610399943,-0.00013131981086614286,0.002545496637405904,-0.004646024799533799,-0.7395067037659595,90.90475153923036
dinov2_s,DINO,2,3.0024430751800537,384,30,intact,-1,-0.011520015636467136,-0.0001925822394230489,0.004095433019508809,-0.011327433397044088,-1.949431282143832,91.529465675354
dinov2_s,DINO,3,3.0024430751800537,384,30,decoupled,0,-0.007125510260403686,-0.00030706545886338563,0.001967836729571636,-0.006818444801540301,-1.5171538266704432,94.28134727478027
dinov2_s,DINO,3,3.0024430751800537,384,30,decoupled,1,-0.006420701643798876,-0.0010567431938308491,0.002362992312162325,-0.005363958449968028,-0.5827936327819754,94.51546096801758
dinov2_s,DINO,3,3.0024430751800537,384,30,decoupled,2,-0.007412536302256481,0.0007616304112652099,0.00212115444028793,-0.008174166713521691,-1.2655569942108067,95.7529001235962
dinov2_s,DINO,3,3.0024430751800537,384,30,decoupled,3,-0.006432134079331672,-0.0017744233950877336,0.0013859261989524279,-0.004657710684243939,-0.7460045348757207,87.94239687919617
dinov2_s,DINO,3,3.0024430751800537,384,30,decoupled,4,-0.0070392167333599015,-0.0011138112395440577,0.0030379412268112657,-0.005925405493815844,-0.7880008458519803,96.59897756576538
dinov2_s,DINO,3,3.0024430751800537,384,30,decoupled,5,-0.009129339451386442,-0.0016799198588547033,0.0019858154212394237,-0.0074494195925317395,-1.187921682863067,98.0888605117798
dinov2_s,DINO,3,3.0024430751800537,384,30,decoupled,6,-0.00909125901817502,0.0005230957694480745,0.0021860434161540604,-0.009614354787623096,-1.1100550940792773,90.230299949646
dinov2_s,DINO,3,3.0024430751800537,384,30,decoupled,7,-0.00595957198903639,-0.0011638617072353725,0.0018404466769557702,-0.004795710281801019,-0.6916291236692693,99.9734525680542
dinov2_s,DINO,3,3.0024430751800537,384,30,decoupled,8,-0.006508689434984366,0.0007013749740314767,0.002224585460355822,-0.007210064409015842,-1.2480151876659704,96.50097584724426
dinov2_s,DINO,3,3.0024430751800537,384,30,decoupled,9,-0.008267726956153494,4.7162637007651394e-05,0.003068448133147301,-0.008314889593161144,-1.2919947712495463,87.83997678756714
dinov2_s,DINO,3,3.0024430751800537,384,30,intact,-1,-0.0041667297616578974,-0.0005070902687582202,0.002280569738388053,-0.0036596394928996774,-0.5638241704715957,85.55077266693115
dinov2_s,DINO,4,3.0024430751800537,384,30,decoupled,0,-0.007891147068986734,-0.0010809272127898395,0.0023946616138938123,-0.006810219856196896,-0.9490968096974386,102.59515070915222
dinov2_s,DINO,4,3.0024430751800537,384,30,decoupled,1,-0.0034187777709883548,-0.0011644761647835189,0.0018524072434578454,-0.0022543016062048352,-0.3779321013596249,91.32220888137816
dinov2_s,DINO,4,3.0024430751800537,384,30,decoupled,2,-0.005087572614500616,-0.0012092510910563653,0.002173481224722525,-0.0038783215234442494,-0.5869358205690025,99.38512873649596
dinov2_s,DINO,4,3.0024430751800537,384,30,decoupled,3,-0.0071233214379740626,-0.0005919222508260866,0.002660854747447949,-0.006531399187147975,-1.176568613979436,98.35761761665344
dinov2_s,DINO,4,3.0024430751800537,384,30,decoupled,4,-0.006445200807988161,-0.00017442031273976754,0.002940169707408285,-0.006270780495248393,-0.9509852541360516,94.50154972076416
dinov2_s,DINO,4,3.0024430751800537,384,30,decoupled,5,-0.006197990445866483,-0.0003885602079212791,0.0012732197600762015,-0.005809430237945204,-0.9322194518556706,91.69293928146362
dinov2_s,DINO,4,3.0024430751800537,384,30,decoupled,6,-0.0045286821870145775,-3.531514539325542e-05,0.0017982542709396028,-0.004493367041621321,-0.6566218425691371,99.73707437515259
dinov2_s,DINO,4,3.0024430751800537,384,30,decoupled,7,-0.009803262085162398,-0.001626384254933895,0.0026286974542228288,-0.008176877830228503,-1.5249351656180143,98.29388952255249
dinov2_s,DINO,4,3.0024430751800537,384,30,decoupled,8,-0.005372879727917682,-0.0009861551348472805,0.002609723389459518,-0.0043867245930704025,-0.6640420394398848,97.5385491847992
dinov2_s,DINO,4,3.0024430751800537,384,30,decoupled,9,-0.006450805948271686,-0.0016748535152212695,0.0018886700326180925,-0.0047759524330504175,-0.7701183652906193,95.1680073738098
dinov2_s,DINO,4,3.0024430751800537,384,30,intact,-1,-0.006146070852544427,-0.002447012309193883,0.003069944381098715,-0.0036990585433505454,-0.5367795609148398,95.47685718536377
dinov2_s,DINO,5,3.0024430751800537,384,30,decoupled,0,-0.006348289944831498,-0.000971545649531573,0.0015341380715245946,-0.005376744295299924,-0.7540359903594887,375.1126563549042
dinov2_s,DINO,5,3.0024430751800537,384,30,decoupled,1,-0.00868142299015133,-0.0013693733435521176,0.0026769397868744234,-0.007312049646599213,-1.1239683097407016,380.3614025115967
dinov2_s,DINO,5,3.0024430751800537,384,30,decoupled,2,-0.005980865523035714,-0.0015065735647706315,0.0025303548124689878,-0.004474291958265082,-0.6290089597753659,372.2656545639038
dinov2_s,DINO,5,3.0024430751800537,384,30,decoupled,3,-0.005216514202332018,-0.0006858738138257228,0.003159995518170946,-0.0045306403885062956,-0.5831372484174464,374.5867681503296
dinov2_s,DINO,5,3.0024430751800537,384,30,decoupled,4,-0.007063109954415171,-0.0010914995310313245,0.00225831971032352,-0.005971610423383846,-0.6833539225501042,373.57748126983637
dinov2_s,DINO,5,3.0024430751800537,384,30,decoupled,5,-0.00816051764544376,-0.001454908111608376,0.002523418809798661,-0.006705609533835384,-0.8137651755953851,418.09106492996216
dinov2_s,DINO,5,3.0024430751800537,384,30,decoupled,6,-0.008710665152241741,-0.00010200339626342675,0.002729607610536877,-0.008608661755978313,-0.9891405832006952,377.02807807922363
dinov2_s,DINO,5,3.0024430751800537,384,30,decoupled,7,-0.006953858967343879,-0.0015054958736296616,0.0012293582769974704,-0.005448363093714217,-0.6862008144811926,1690.1105506420135
dinov2_s,DINO,5,3.0024430751800537,384,30,decoupled,8,-0.007619963989613469,-0.0011702303261996825,0.0023048462101122546,-0.006449733663413786,-0.7304832571069508,1765.3330309391022
dinov2_s,DINO,5,3.0024430751800537,384,30,decoupled,9,-0.007877455649816567,-0.0009317777303859463,0.0023068581706197234,-0.006945677919430621,-1.0453604211226666,1832.16406416893
dinov2_s,DINO,5,3.0024430751800537,384,30,intact,-1,-0.00809501044496698,-0.00023536923875744215,0.0018980907097913282,-0.007859641206209538,-1.0931135556124276,293.49170517921453
dinov2_s,DINO,6,3.0024430751800537,384,30,decoupled,0,-0.00803754891614275,-0.001372586785084534,0.002740746449248168,-0.0066649621310582155,-0.9409609548145422,1551.713163137436
dinov2_s,DINO,6,3.0024430751800537,384,30,decoupled,1,-0.006669868547502761,-0.0010077409463918273,0.0030269506147222185,-0.005662127601110933,-0.8881704194749357,1664.7563474178314
dinov2_s,DINO,6,3.0024430751800537,384,30,decoupled,2,-0.006622984614326158,-0.0008070968236381815,0.0024838806329444962,-0.005815887790687977,-0.9527823074197505,1286.999722480774
dinov2_s,DINO,6,3.0024430751800537,384,30,decoupled,3,-0.006650329428010984,0.00039783102094879263,0.003049008288384073,-0.007048160448959777,-1.2320770700153614,1313.666074514389
dinov2_s,DINO,6,3.0024430751800537,384,30,decoupled,4,-0.005329737199788964,-0.0003347122207690248,0.0028009903869479,-0.00499502497901994,-0.8753126894080612,983.7266364097596
dinov2_s,DINO,6,3.0024430751800537,384,30,decoupled,5,-0.008336532682819529,-0.00032297821841605214,0.002369254279470143,-0.008013554464403478,-1.315271820043881,1307.4972388744354
dinov2_s,DINO,6,3.0024430751800537,384,30,decoupled,6,-0.007740885799598349,-0.0020768894016047674,0.002496141409574932,-0.005663996397993582,-0.8977428506105107,662.7916867733003
dinov2_s,DINO,6,3.0024430751800537,384,30,decoupled,7,-0.0051085361149406225,-0.0012021059993791714,0.0022712527571392012,-0.003906430115561453,-0.7205241753056209,505.4284882545471
dinov2_s,DINO,6,3.0024430751800537,384,30,decoupled,8,-0.005215995717205185,-0.0003878227104059786,0.0025235216206477657,-0.004828173006799207,-0.8300036940402883,459.0675411224365
dinov2_s,DINO,6,3.0024430751800537,384,30,decoupled,9,-0.008172122590394973,-0.0009561448439847492,0.002278798676401018,-0.007215977746410224,-1.1897603516464754,370.024998664856
dinov2_s,DINO,6,3.0024430751800537,384,30,intact,-1,-0.00825932210155271,-0.002204987452735992,0.0016863035271163704,-0.006054334648816719,-1.328785346341082,1656.1612703800201
dinov2_s,DINO,7,3.0024430751800537,384,30,decoupled,0,-0.0067070366870271994,-0.0014337303256526904,0.0030269621524337802,-0.005273306361374508,-0.7647548549887279,420.1063375473023
dinov2_s,DINO,7,3.0024430751800537,384,30,decoupled,1,-0.00519018140310469,-0.001447061192151876,0.0027943949768882343,-0.0037431202109528146,-0.5348906189135092,453.7033276557922
dinov2_s,DINO,7,3.0024430751800537,384,30,decoupled,2,-0.003303208564279056,-0.0010380620036481698,0.0025038518669246424,-0.002265146560630886,-0.32411838441589386,367.7256963253021
dinov2_s,DINO,7,3.0024430751800537,384,30,decoupled,3,-0.005077950961627678,-0.0010339984450018908,0.0019130519982939289,-0.004043952516625786,-0.5185051218173604,521.0299165248872
dinov2_s,DINO,7,3.0024430751800537,384,30,decoupled,4,-0.004790254624979714,-0.0003479548131608764,0.003370857426609316,-0.004442299811818838,-0.5923297504061009,492.3025851249695
dinov2_s,DINO,7,3.0024430751800537,384,30,decoupled,5,-0.006258418523926515,-0.0015284749505992735,0.0023631922310939665,-0.004729943573327242,-0.7513436685525376,614.0803503990172
dinov2_s,DINO,7,3.0024430751800537,384,30,decoupled,6,-0.0038076660139208522,-0.001506325023320515,0.0021773477606635235,-0.0023013409906003372,-0.31462797380456986,504.5073981285095
dinov2_s,DINO,7,3.0024430751800537,384,30,decoupled,7,-0.006627125214938287,-0.0006376782821087527,0.002126508503171532,-0.005989446932829535,-0.8304606912759763,405.55009627342224
dinov2_s,DINO,7,3.0024430751800537,384,30,decoupled,8,-0.003367354004715384,-1.4098388727863674e-05,0.00244651465917899,-0.00335325561598752,-0.5315386197035611,378.88430619239807
dinov2_s,DINO,7,3.0024430751800537,384,30,decoupled,9,-0.004631163297459939,0.0004999359772432697,0.002220213865929268,-0.005131099274703209,-0.8188565427578077,423.14986777305603
dinov2_s,DINO,7,3.0024430751800537,384,30,intact,-1,-0.007491618509850986,0.00017734493954758428,0.002454291736985033,-0.0076689634493985704,-1.079973981991338,459.2088451385498
dinov2_s,DINO,12,3.0024430751800537,384,30,decoupled,0,-0.003706466057669708,-0.0007781007740762138,0.00213469938116195,-0.0029283652835934942,-0.4478864524675595,382.7657253742218
dinov2_s,DINO,12,3.0024430751800537,384,30,decoupled,1,-0.003798201101244528,-0.00011634380433245134,0.002804592857625886,-0.003681857296912076,-0.5264615941902664,368.0542047023773
dinov2_s,DINO,12,3.0024430751800537,384,30,decoupled,2,-0.0038855948302955468,-0.0011412808110586232,0.00245934214483397,-0.002744314019236924,-0.4067381647416161,357.20119166374207
dinov2_s,DINO,12,3.0024430751800537,384,30,decoupled,3,-0.00495191566785301,0.0006349872006010504,0.0028256843565351818,-0.005586902868454061,-0.6953208805855554,389.0628616809845
dinov2_s,DINO,12,3.0024430751800537,384,30,decoupled,4,-0.003904350174960353,-0.0005487306959162608,0.003084110039119441,-0.0033556194790440924,-0.4830321093058222,375.4519546031952
dinov2_s,DINO,12,3.0024430751800537,384,30,decoupled,5,-0.0015293412765810116,-0.0005708990013291767,0.002235429095854586,-0.0009584422752518348,-0.13099215250609356,408.9644076824188
dinov2_s,DINO,12,3.0024430751800537,384,30,decoupled,6,-0.0042396793707029645,-0.001804945909412352,0.0024031296660970225,-0.002434733461290613,-0.39371330219913403,390.20898842811584
dinov2_s,DINO,12,3.0024430751800537,384,30,decoupled,7,-0.0066693144895901965,-0.0004153388901776675,0.0024568811177802783,-0.006253975599412529,-0.8925005599098752,1666.0781733989716
dinov2_s,DINO,12,3.0024430751800537,384,30,decoupled,8,-0.004113407147401368,-0.0008469742992226054,0.002582383106916693,-0.003266432848178763,-0.4709946042075289,1717.5325572490692
dinov2_s,DINO,12,3.0024430751800537,384,30,decoupled,9,-0.0030824562459125238,0.0005629940301512065,0.002317271834674078,-0.0036454502760637298,-0.5269273433282212,1740.545842409134
dinov2_s,DINO,12,3.0024430751800537,384,30,intact,-1,-0.00770301886180287,-0.0008482070045039855,0.003445926445779381,-0.006854811857298885,-0.9610915818143616,286.1217999458313
dinov2_s,DINO,13,3.0024430751800537,384,30,decoupled,0,-0.0038210677116533314,-0.0009803093802308426,0.0027110464478196147,-0.002840758331422488,-0.5223092429973639,1510.7727205753326
dinov2_s,DINO,13,3.0024430751800537,384,30,decoupled,1,-0.008629334565852312,-0.000596788036320979,0.0029861392988061717,-0.008032546529531333,-1.3901948329058107,1530.6384208202362
dinov2_s,DINO,13,3.0024430751800537,384,30,decoupled,2,-0.005419344877517246,-0.0007681890582246984,0.003308376858109553,-0.004651155819292548,-0.7667605911328833,1350.5567147731779
dinov2_s,DINO,13,3.0024430751800537,384,30,decoupled,3,-0.006118971413753754,-0.0008553273092031606,0.002859654797889187,-0.0052636441045505935,-0.9488690311052084,1372.626125574112
dinov2_s,DINO,13,3.0024430751800537,384,30,decoupled,4,-0.005827384895775306,-0.0011601243624444926,0.0012114513349870829,-0.004667260533330814,-0.8535612042417191,980.282389640808
dinov2_s,DINO,13,3.0024430751800537,384,30,decoupled,5,-0.005627984157236574,-0.001295040034485634,0.0016462044621216572,-0.00433294412275094,-0.8684957732038058,1198.3287076950073
dinov2_s,DINO,13,3.0024430751800537,384,30,decoupled,6,-0.004783335363514482,-0.0005526797900708964,0.0028225325042339805,-0.004230655573443586,-0.7417685786088698,652.9715123176575
dinov2_s,DINO,13,3.0024430751800537,384,30,decoupled,7,-0.006051163500135903,-0.0009195021231014053,0.0030100506006864127,-0.005131661377034497,-0.8711923734063806,606.3385782241821
dinov2_s,DINO,13,3.0024430751800537,384,30,decoupled,8,-0.004546335501754317,-0.0018696496044567621,0.003126324451491504,-0.002676685897297555,-0.317625968002683,493.9060604572296
dinov2_s,DINO,13,3.0024430751800537,384,30,decoupled,9,-0.0071115228476035935,-0.0003511883801814109,0.00225308371550245,-0.006760334467422182,-0.9968400962901358,406.3466818332672
dinov2_s,DINO,13,3.0024430751800537,384,30,intact,-1,-0.005046410628012504,0.00026642794407650134,0.002459696277447516,-0.005312838572089007,-0.9045388771464856,1691.8677995204926
dinov2_s,DINO,14,3.0024430751800537,384,30,decoupled,0,-0.010013363868464228,-0.000403088112271191,0.0027601379469472365,-0.009610275756193037,-1.5776604431468992,378.8016998767853
dinov2_s,DINO,14,3.0024430751800537,384,30,decoupled,1,-0.007060208430357152,-0.0007648772782214443,0.003410918924881581,-0.006295331152135706,-1.1175439347037617,503.42846870422363
dinov2_s,DINO,14,3.0024430751800537,384,30,decoupled,2,-0.005531005472149284,-0.000816817653460998,0.0021712976429902105,-0.004714187818688286,-0.9325419305636228,416.6793920993805
dinov2_s,DINO,14,3.0024430751800537,384,30,decoupled,3,-0.006800690191466452,-0.0012260045561866956,0.00213953256298178,-0.005574685635279757,-1.0772257579698306,508.77292108535767
dinov2_s,DINO,14,3.0024430751800537,384,30,decoupled,4,-0.0017001735721583616,-0.0010808071049651091,0.0026298492601937945,-0.0006193664671932525,-0.15340104670268095,396.7064414024353
dinov2_s,DINO,14,3.0024430751800537,384,30,decoupled,5,-0.011245021535020605,-0.0003723428277811067,0.00287657702969446,-0.010872678707239498,-1.5587389404145908,640.1216943264008
dinov2_s,DINO,14,3.0024430751800537,384,30,decoupled,6,-0.007489599937180361,-0.0007355075955566988,0.0024945243311405713,-0.0067540923416236605,-1.0783299865110378,449.4832580089569
dinov2_s,DINO,14,3.0024430751800537,384,30,decoupled,7,-0.005450673560691385,-0.00033121990188071936,0.001714415639393785,-0.005119453658810665,-1.0095679150217471,464.8070821762085
dinov2_s,DINO,14,3.0024430751800537,384,30,decoupled,8,-0.00528431494605361,-0.0020019373708606352,0.0018854673761813407,-0.003282377575192974,-0.6036383977564604,428.98103713989263
dinov2_s,DINO,14,3.0024430751800537,384,30,decoupled,9,-0.006338021321942722,-0.0013992775495833651,0.0025544233682655093,-0.004938743772359357,-1.0276967124224543,467.2057273387909
dinov2_s,DINO,14,3.0024430751800537,384,30,intact,-1,-0.006038402473206764,0.0006286223286804352,0.0022500757850771767,-0.0066670248018871996,-1.2519343742807256,469.18473958969116
i21k_b,supervised ViT,0,1.9573075771331787,768,30,decoupled,0,-0.0350596634320815,-0.003373216093070613,0.0026648088001578127,-0.03168644733901089,-4.426077324013058,307.2653269767761
i21k_b,supervised ViT,0,1.9573075771331787,768,30,decoupled,1,-0.03578978626420157,-0.0033865927547418405,0.002913494097664539,-0.03240319350945973,-4.560579739867488,314.98055601119995
i21k_b,supervised ViT,0,1.9573075771331787,768,30,decoupled,2,-0.036756844199009917,-0.004644878334161988,0.002570720825313644,-0.03211196586484793,-4.889811029542763,291.27681589126587
i21k_b,supervised ViT,0,1.9573075771331787,768,30,decoupled,3,-0.036580312371651005,-0.004280574134817512,0.0020740923216084023,-0.032299738236833485,-5.281019174132908,271.9177849292755
i21k_b,supervised ViT,0,1.9573075771331787,768,30,decoupled,4,-0.035764207863990524,-0.004707281633857047,0.002119436143261541,-0.03105692623013348,-4.490070860752248,283.8408741950989
i21k_b,supervised ViT,0,1.9573075771331787,768,30,decoupled,5,-0.03849367036800588,-0.004261894189690306,0.002139153257255553,-0.034231776178315576,-5.797102268093028,288.1139891147613
i21k_b,supervised ViT,0,1.9573075771331787,768,30,decoupled,6,-0.03961927742135897,-0.003623165414861226,0.0024904367667168245,-0.035996112006497744,-7.358117191896103,255.7227075099945
i21k_b,supervised ViT,0,1.9573075771331787,768,30,decoupled,7,-0.037587964113975365,-0.003714137909292933,0.0009883812493197608,-0.033873826204682426,-5.1667419059187685,270.06688022613525
i21k_b,supervised ViT,0,1.9573075771331787,768,30,decoupled,8,-0.03703594773054048,-0.00476102680550139,0.0035237329476523883,-0.032274920925039086,-4.440159684961103,265.70359206199646
i21k_b,supervised ViT,0,1.9573075771331787,768,30,decoupled,9,-0.036468013049905726,-0.004772061998791018,0.002748035115425137,-0.03169595105111471,-4.782622942128629,275.88700699806213
i21k_b,supervised ViT,0,1.9573075771331787,768,30,intact,-1,-0.015537188866892869,-0.0023163192523651273,0.002042037663224505,-0.013220869614527744,-1.906243901562436,233.9106979370117
i21k_b,supervised ViT,1,1.9573075771331787,768,30,decoupled,0,-0.03865357978197818,-0.004612698142142865,0.002663933617212481,-0.03404088163983532,-4.669025219042375,237.21516919136047
i21k_b,supervised ViT,1,1.9573075771331787,768,30,decoupled,1,-0.036874179282089185,-0.004350067959100699,0.0016724949277907182,-0.032524111322988485,-4.0259664435611935,143.17744922637942
i21k_b,supervised ViT,1,1.9573075771331787,768,30,decoupled,2,-0.03937268489565356,-0.00529548930395804,0.0019294875548074605,-0.03407719559169552,-5.144229835057018,138.49445343017578
i21k_b,supervised ViT,1,1.9573075771331787,768,30,decoupled,3,-0.03776856160316397,-0.004824609920665054,0.0021580959904863592,-0.03294395168249892,-4.81696391769045,122.71907377243042
i21k_b,supervised ViT,1,1.9573075771331787,768,30,decoupled,4,-0.03714172169354701,-0.004380350021904345,0.002421387231654357,-0.03276137167164267,-4.030189215580089,124.31463670730592
i21k_b,supervised ViT,1,1.9573075771331787,768,30,decoupled,5,-0.03729022744003516,-0.0043649697938367305,0.0020981911358511824,-0.032925257646198434,-3.6643721312130166,127.18870568275452
i21k_b,supervised ViT,1,1.9573075771331787,768,30,decoupled,6,-0.03983410887221351,-0.003902967863064145,0.001504922961787248,-0.03593114100914936,-4.457337474790187,126.97732663154602
i21k_b,supervised ViT,1,1.9573075771331787,768,30,decoupled,7,-0.035416811718162716,-0.004902931145899238,0.0021479151236605725,-0.03051388057226348,-4.785418247930962,122.65671491622923
i21k_b,supervised ViT,1,1.9573075771331787,768,30,decoupled,8,-0.03566901780082321,-0.0039163949570958,0.0023803945176660637,-0.031752622843727416,-3.6711431213193486,129.63389658927915
i21k_b,supervised ViT,1,1.9573075771331787,768,30,decoupled,9,-0.035959332329429494,-0.004683121939453661,0.0023418858554274872,-0.031276210389975835,-4.6662397970700145,123.9591543674469
i21k_b,supervised ViT,1,1.9573075771331787,768,30,intact,-1,-0.01726345039078392,-0.00045697705216423963,0.0024917837380906173,-0.01680647333861968,-1.7033121261041781,272.73753595352173
i21k_b,supervised ViT,2,1.9573075771331787,768,30,decoupled,0,-0.03615397604195543,-0.003825516421424429,0.0010043961757668623,-0.032328459620531,-4.0267092287992385,128.80692505836487
i21k_b,supervised ViT,2,1.9573075771331787,768,30,decoupled,1,-0.03617772028206531,-0.004150405778488078,0.0031031149468563344,-0.03202731450357724,-4.365540189438306,121.78244948387146
i21k_b,supervised ViT,2,1.9573075771331787,768,30,decoupled,2,-0.033152821135712024,-0.004263032551216188,0.0016362731583769675,-0.028889788584495837,-3.7996381328538895,118.82146835327148
i21k_b,supervised ViT,2,1.9573075771331787,768,30,decoupled,3,-0.03382222042215306,-0.004940271039095895,0.0021501743963705804,-0.02888194938305717,-4.334854655671214,124.74829030036926
i21k_b,supervised ViT,2,1.9573075771331787,768,30,decoupled,4,-0.03067913312284413,-0.00344190602528157,0.003161422262680636,-0.02723722709756256,-3.814983179989986,114.5974667072296
i21k_b,supervised ViT,2,1.9573075771331787,768,30,decoupled,5,-0.03596699447059492,-0.0044338223093838185,0.002257080560649508,-0.0315331721612111,-3.655946246353728,119.30703568458557
i21k_b,supervised ViT,2,1.9573075771331787,768,30,decoupled,6,-0.03588219185372858,-0.004431031746838003,0.0019829603469244017,-0.03145116010689058,-3.866423292024996,124.40675044059752
i21k_b,supervised ViT,2,1.9573075771331787,768,30,decoupled,7,-0.035519863676816414,-0.004207265398929032,0.0021912151864659263,-0.031312598277887384,-5.1405790204879995,127.436546087265
i21k_b,supervised ViT,2,1.9573075771331787,768,30,decoupled,8,-0.034614661116282405,-0.0041614738832509435,0.0022702028327043463,-0.030453187233031462,-3.6173736304362,122.20682406425476
i21k_b,supervised ViT,2,1.9573075771331787,768,30,decoupled,9,-0.034326926388117684,-0.004252781757324244,0.00237788831748578,-0.03007414463079344,-4.7810507820517545,121.2704107761383
i21k_b,supervised ViT,2,1.9573075771331787,768,30,intact,-1,-0.01907661882122721,-0.0011505620896940251,0.0030528281418031856,-0.01792605673153319,-1.8419768269449976,110.87272429466248
i21k_b,supervised ViT,3,1.9573075771331787,768,30,decoupled,0,-0.033452222692808765,-0.003757117408361261,0.0022816911304982678,-0.029695105284447493,-3.974415208349856,124.21741724014281
i21k_b,supervised ViT,3,1.9573075771331787,768,30,decoupled,1,-0.03384221904320732,-0.005337820006689789,0.0013173432780147086,-0.028504399036517525,-3.904606319114492,123.21205687522888
i21k_b,supervised ViT,3,1.9573075771331787,768,30,decoupled,2,-0.034392034102976816,-0.0037379131034575687,0.002567646976029114,-0.030654120999519256,-5.06037456402079,124.83375525474548
i21k_b,supervised ViT,3,1.9573075771331787,768,30,decoupled,3,-0.032593364780228014,-0.003665638272089884,0.0030042300045645736,-0.028927726508138126,-3.160809213183976,126.1014280319214
i21k_b,supervised ViT,3,1.9573075771331787,768,30,decoupled,4,-0.02978376800327794,-0.003676175520253797,0.00237083057466172,-0.02610759248302414,-3.2354663391495904,125.79279327392578
i21k_b,supervised ViT,3,1.9573075771331787,768,30,decoupled,5,-0.029804424930897605,-0.0035261626984830416,0.0023268276237320717,-0.026278262232414563,-3.1259269163661627,127.55806422233582
i21k_b,supervised ViT,3,1.9573075771331787,768,30,decoupled,6,-0.036164901919330514,-0.004862041452355826,0.002840366171974413,-0.03130286046697469,-4.9346411680753235,120.24244856834412
i21k_b,supervised ViT,3,1.9573075771331787,768,30,decoupled,7,-0.033921049888916754,-0.004219156574526983,0.003429383989064613,-0.029701893314389768,-4.013534401084293,122.2715995311737
i21k_b,supervised ViT,3,1.9573075771331787,768,30,decoupled,8,-0.033548458203773564,-0.003802469414611821,0.0030629505109937586,-0.029745988789161737,-3.404715566700549,121.17670273780823
i21k_b,supervised ViT,3,1.9573075771331787,768,30,decoupled,9,-0.033464796920275965,-0.004211429055679661,0.0017802981903037062,-0.0292533678645963,-3.8546395555007664,131.16718935966492
i21k_b,supervised ViT,3,1.9573075771331787,768,30,intact,-1,-0.01794325742920846,-0.0010335551133367194,0.003290708953442279,-0.016909702315871744,-1.7321118255016748,108.26337170600893
i21k_b,supervised ViT,4,1.9573075771331787,768,30,decoupled,0,-0.03196932055958705,-0.005462981262522334,0.002704786243048809,-0.02650633929706472,-3.330300912610868,128.6946408748627
i21k_b,supervised ViT,4,1.9573075771331787,768,30,decoupled,1,-0.029277478197571368,-0.005021802839403382,0.004181612278670562,-0.02425567535816799,-2.775301542449823,128.88671898841858
i21k_b,supervised ViT,4,1.9573075771331787,768,30,decoupled,2,-0.03218735932082839,-0.00512143505312874,0.0026698326936969146,-0.027065924267699645,-3.2454903746694828,119.76340532302856
i21k_b,supervised ViT,4,1.9573075771331787,768,30,decoupled,3,-0.03236279718818039,-0.004153026952485065,0.0014601454205743119,-0.02820977023569532,-3.774181300805416,133.07796597480774
i21k_b,supervised ViT,4,1.9573075771331787,768,30,decoupled,4,-0.032760440595400564,-0.003697614654901411,0.0015895476685191675,-0.02906282594049915,-3.681897038982117,134.8824770450592
i21k_b,supervised ViT,4,1.9573075771331787,768,30,decoupled,5,-0.035126069413939816,-0.0043018176174600695,0.003514305646115971,-0.030824251796479737,-3.3872655729554086,127.0377790927887
i21k_b,supervised ViT,4,1.9573075771331787,768,30,decoupled,6,-0.03422028330508231,-0.004097582897140835,0.0036523085273842213,-0.030122700407941475,-3.7290851365338553,127.0821578502655
i21k_b,supervised ViT,4,1.9573075771331787,768,30,decoupled,7,-0.03593412864650716,-0.004690270593862354,0.002687520798642125,-0.031243858052644805,-4.154206774219393,128.65940380096436
i21k_b,supervised ViT,4,1.9573075771331787,768,30,decoupled,8,-0.030285146481969977,-0.005157979018213105,0.002178643514402184,-0.025127167463756872,-3.7344344104313616,232.47652554512024
i21k_b,supervised ViT,4,1.9573075771331787,768,30,decoupled,9,-0.030698500066884862,-0.0052125955002935535,0.002946087016600477,-0.02548590456659131,-3.2795675504842725,497.1033072471618
i21k_b,supervised ViT,4,1.9573075771331787,768,30,intact,-1,-0.01538428208881726,-0.0020203602288630523,0.0033890202354602554,-0.013363921859954206,-1.5258975196361797,120.79380822181702
i21k_l,supervised ViT,0,1.881852865219116,1024,30,decoupled,0,-0.0394816923118533,-0.0037795797634760865,0.001938841634160313,-0.03570211254837721,-6.521006804154596,340.7231183052063
i21k_l,supervised ViT,0,1.881852865219116,1024,30,decoupled,1,-0.03894642016231868,-0.004021481236644249,0.0024358202222706854,-0.034924938925674436,-4.162387106769821,338.4132075309753
i21k_l,supervised ViT,0,1.881852865219116,1024,30,decoupled,2,-0.038770589097089206,-0.0040804992057852825,0.001979491938436015,-0.03469008989130392,-4.650111326240896,325.73413729667664
i21k_l,supervised ViT,0,1.881852865219116,1024,30,decoupled,3,-0.03794287985299271,-0.003796073312524072,0.002781715938316345,-0.03414680654046864,-4.417243512331784,313.3315348625183
i21k_l,supervised ViT,0,1.881852865219116,1024,30,decoupled,4,-0.0416507574307137,-0.0046908647960906,0.0025551981740720283,-0.0369598926346231,-4.74066093104523,318.34041047096247
i21k_l,supervised ViT,0,1.881852865219116,1024,30,decoupled,5,-0.0400835643751,-0.004217935281186405,0.0015204028281684547,-0.035865629093913595,-5.225368478002683,312.40090227127075
i21k_l,supervised ViT,0,1.881852865219116,1024,30,decoupled,6,-0.04134513090506238,-0.005026241837353915,0.0015337857899869393,-0.036318889067708464,-5.477294523261203,316.35510492324835
i21k_l,supervised ViT,0,1.881852865219116,1024,30,decoupled,7,-0.039591421611674914,-0.0047879983085321615,0.0021208727776597155,-0.03480342330314275,-4.147098643252843,341.6069970130921
i21k_l,supervised ViT,0,1.881852865219116,1024,30,decoupled,8,-0.04050653657887676,-0.004286555934026765,0.002418599172851539,-0.036219980644849985,-4.4693810211269405,320.1348662376404
i21k_l,supervised ViT,0,1.881852865219116,1024,30,decoupled,9,-0.04059195553398488,-0.004721019751050151,0.002269228826100055,-0.035870935782934724,-4.430908789829745,333.7212662696838
i21k_l,supervised ViT,0,1.881852865219116,1024,30,intact,-1,-0.014638794327732576,-0.001486422332173322,0.0028359922595128048,-0.01315237199555925,-1.8011453385161618,277.287362575531
i21k_l,supervised ViT,1,1.881852865219116,1024,30,decoupled,0,-0.041325114165660766,-0.003703087269228006,0.0022046410591904826,-0.03762202689643277,-4.023956328201284,332.72609305381775
i21k_l,supervised ViT,1,1.881852865219116,1024,30,decoupled,1,-0.043679191699463514,-0.003332942014197564,0.00151421919793509,-0.040346249685265935,-5.4618271182344875,347.25260996818537
i21k_l,supervised ViT,1,1.881852865219116,1024,30,decoupled,2,-0.04026751978924414,-0.0057034390982095475,0.0018973745951928434,-0.03456408069103459,-4.159413036208521,332.09270334243774
i21k_l,supervised ViT,1,1.881852865219116,1024,30,decoupled,3,-0.038094700526324576,-0.004730833620257336,0.002602143845858961,-0.033363866906067234,-3.6510179615068297,329.42455816268915
i21k_l,supervised ViT,1,1.881852865219116,1024,30,decoupled,4,-0.041449656600347516,-0.003099633700682284,0.00208464893935682,-0.038350022899665236,-4.396277237829042,329.81331968307495
i21k_l,supervised ViT,1,1.881852865219116,1024,30,decoupled,5,-0.03991473124298928,-0.005032423630327665,0.0020127338758428293,-0.03488230761266161,-5.142922982027886,301.47070336341864
i21k_l,supervised ViT,1,1.881852865219116,1024,30,decoupled,6,-0.041347448092431564,-0.00498358947384782,0.002269819010696969,-0.03636385861858374,-3.8420329374028097,323.7535591125488
i21k_l,supervised ViT,1,1.881852865219116,1024,30,decoupled,7,-0.04299924906751943,-0.00428394580392644,0.0029407558461060227,-0.03871530326359299,-4.921423963971628,312.0068590641022
i21k_l,supervised ViT,1,1.881852865219116,1024,30,decoupled,8,-0.04205543357720688,-0.004258659403777084,0.0023447969076151823,-0.0377967741734298,-4.234695363492784,295.2368717193604
i21k_l,supervised ViT,1,1.881852865219116,1024,30,decoupled,9,-0.04349490687807467,-0.004643959447513792,0.0017679586836872058,-0.03885094743056088,-4.591515057853305,333.40849566459656
i21k_l,supervised ViT,1,1.881852865219116,1024,30,intact,-1,-0.023622997299377613,-0.0026703108251975908,0.003603312916705589,-0.020952686474180027,-2.4490988888072502,296.55019760131836
i21k_l,supervised ViT,2,1.881852865219116,1024,30,decoupled,0,-0.03711998781983457,-0.0037528295262551827,0.0016816922236905995,-0.033367158293579384,-3.987090594751866,346.01843762397766
i21k_l,supervised ViT,2,1.881852865219116,1024,30,decoupled,1,-0.039671238168261534,-0.005409361335197444,0.00223898136939922,-0.03426187683306409,-4.160062565379064,357.5369715690613
i21k_l,supervised ViT,2,1.881852865219116,1024,30,decoupled,2,-0.03814942654302467,-0.004949395412168322,0.0014335013293392232,-0.033200031130856344,-4.041891318057689,305.7182540893555
i21k_l,supervised ViT,2,1.881852865219116,1024,30,decoupled,3,-0.04062691440343095,-0.005952465186539258,0.003242919145511761,-0.03467444921689169,-4.632998783755997,323.65501046180725
i21k_l,supervised ViT,2,1.881852865219116,1024,30,decoupled,4,-0.03967388976373452,-0.004990661387394819,0.0010945992279887537,-0.0346832283763397,-5.2351341620981104,309.75952625274664
i21k_l,supervised ViT,2,1.881852865219116,1024,30,decoupled,5,-0.04168404619383513,-0.0044954359281690285,0.002987233462232856,-0.0371886102656661,-4.36176435525031,311.8400175571442
i21k_l,supervised ViT,2,1.881852865219116,1024,30,decoupled,6,-0.03788020604800926,-0.00618766420442922,0.0024615953854425147,-0.031692541843580044,-3.2204588548103383,302.66429328918457
i21k_l,supervised ViT,2,1.881852865219116,1024,30,decoupled,7,-0.04000774899023368,-0.004381086322809923,0.0027477798885714487,-0.03562666266742375,-4.74497261558932,313.3373434543609
i21k_l,supervised ViT,2,1.881852865219116,1024,30,decoupled,8,-0.0358148028611668,-0.005069104716983275,0.0028148184543223924,-0.030745698144183518,-3.4722528834814725,309.7798533439636
i21k_l,supervised ViT,2,1.881852865219116,1024,30,decoupled,9,-0.03782204610065802,-0.005402905269612157,0.002175914959922764,-0.03241914083104586,-4.006377826568324,337.31156253814703
i21k_l,supervised ViT,2,1.881852865219116,1024,30,intact,-1,-0.021116973262675268,-0.0015238310430578774,0.0029452108282273853,-0.01959314221961739,-2.3765503213086125,280.00955605506897
i21k_l,supervised ViT,3,1.881852865219116,1024,30,decoupled,0,-0.0375923393263289,-0.003946131126738538,0.0023531453871635088,-0.033646208199590355,-4.247097636294715,322.5024342536926
i21k_l,supervised ViT,3,1.881852865219116,1024,30,decoupled,1,-0.037712307115921766,-0.0036348013420613385,0.002756961286941748,-0.03407750577386043,-3.516319926693208,321.7836105823517
i21k_l,supervised ViT,3,1.881852865219116,1024,30,decoupled,2,-0.040913663853832535,-0.003644067944189341,0.002497380225022389,-0.0372695959096432,-4.372657452100665,309.1222040653229
i21k_l,supervised ViT,3,1.881852865219116,1024,30,decoupled,3,-0.0384093400728806,-0.003187639010451217,0.0014334503925827347,-0.03522170106242938,-5.91102701736596,325.5858078002929
i21k_l,supervised ViT,3,1.881852865219116,1024,30,decoupled,4,-0.03983980281438061,-0.003258611716420183,0.002569412580579513,-0.03658119109796043,-4.375764675336358,327.3707175254822
i21k_l,supervised ViT,3,1.881852865219116,1024,30,decoupled,5,-0.04015800711329085,-0.0035974545051276467,0.002140644507476665,-0.0365605526081632,-4.9366848949921955,331.7790427207947
i21k_l,supervised ViT,3,1.881852865219116,1024,30,decoupled,6,-0.03784566606911853,-0.0037253115382726563,0.00210410907105499,-0.034120354530845866,-4.926873109674101,334.65710258483887
i21k_l,supervised ViT,3,1.881852865219116,1024,30,decoupled,7,-0.03792770717484509,-0.003600058008076977,0.0019352929391587214,-0.034327649166768115,-4.267134080460114,315.93247938156134
i21k_l,supervised ViT,3,1.881852865219116,1024,30,decoupled,8,-0.03625376319186509,-0.003606827566387547,0.0021627196907485595,-0.03264693562547754,-4.485073513639598,360.2329623699188
i21k_l,supervised ViT,3,1.881852865219116,1024,30,decoupled,9,-0.03631740412817898,-0.003100512697577769,0.002339459568343413,-0.03321689143060121,-3.7415188288051735,310.69117641448975
i21k_l,supervised ViT,3,1.881852865219116,1024,30,intact,-1,-0.02095691322592272,-0.000472233626389372,0.0036827862284095608,-0.020484679599533345,-2.077170979859451,308.6193766593933
i21k_l,supervised ViT,4,1.881852865219116,1024,30,decoupled,0,-0.039983163004777916,-0.00469666937096395,0.002855471860263976,-0.035286493633813976,-4.087083973767896,335.58408308029175
i21k_l,supervised ViT,4,1.881852865219116,1024,30,decoupled,1,-0.039477616467995635,-0.004405697325196307,0.0019675235746710847,-0.03507191914279933,-4.654013525199653,355.5334692001343
i21k_l,supervised ViT,4,1.881852865219116,1024,30,decoupled,2,-0.04103618337521178,-0.004073072941240978,0.001787107288846261,-0.0369631104339708,-4.2770447576289286,325.02783513069147
i21k_l,supervised ViT,4,1.881852865219116,1024,30,decoupled,3,-0.0421479893731203,-0.0032883966483881525,0.002166248914302107,-0.03885959272473215,-4.386874489190081,325.07745766639715
i21k_l,supervised ViT,4,1.881852865219116,1024,30,decoupled,4,-0.04121561866748104,-0.0038748996643834365,0.0017644672732944086,-0.0373407190030976,-4.520748599160409,285.06130218505865
i21k_l,supervised ViT,4,1.881852865219116,1024,30,decoupled,5,-0.041223684293024164,-0.0055702669364369505,0.0023329447030777896,-0.035653417356587204,-4.252837161658583,313.4777209758758
i21k_l,supervised ViT,4,1.881852865219116,1024,30,decoupled,6,-0.03810969308533271,-0.004663097588007632,0.0032813568116751373,-0.03344659549732508,-3.4197767142657853,297.6308009624481
i21k_l,supervised ViT,4,1.881852865219116,1024,30,decoupled,7,-0.040997633095167074,-0.005473405424309174,0.002189012441602219,-0.0355242276708579,-3.894475931645735,335.8947167396545
i21k_l,supervised ViT,4,1.881852865219116,1024,30,decoupled,8,-0.04153145616485944,-0.004255334560812991,0.002488002343385983,-0.03727612160404645,-3.9188336400913744,310.79840135574335
i21k_l,supervised ViT,4,1.881852865219116,1024,30,decoupled,9,-0.042001806533697984,-0.005504560632222939,0.002051989844317875,-0.03649724590147504,-5.432959466034228,336.5390362739563
i21k_l,supervised ViT,4,1.881852865219116,1024,30,intact,-1,-0.019686423760391637,-0.0011620719505775535,0.0031664393610849146,-0.018524351809814082,-2.200803987616808,293.9137506484985
i21k_s,supervised ViT,0,1.9323647022247321,384,30,decoupled,0,-0.026979859938981433,-0.0019845517473214237,0.0035055201831794185,-0.024995308191660005,-2.886713551204791,85.06440711021423
i21k_s,supervised ViT,0,1.9323647022247321,384,30,decoupled,1,-0.02030289664892214,-0.0015654241566254489,0.002486865049832231,-0.01873747249229669,-1.9172795920937011,101.37405490875244
i21k_s,supervised ViT,0,1.9323647022247321,384,30,decoupled,2,-0.025709859520734388,-0.0013867150435552048,0.0016210859315002276,-0.024323144477179183,-4.782022774060946,99.24362325668336
i21k_s,supervised ViT,0,1.9323647022247321,384,30,decoupled,3,-0.02748355283827425,-0.0036117794540744736,0.002816212641718633,-0.02387177338419977,-2.9443937162004232,98.08496451377869
i21k_s,supervised ViT,0,1.9323647022247321,384,30,decoupled,4,-0.02909192244774815,-0.0009717021579539603,0.003932825595126643,-0.02812022028979419,-5.065941191396352,90.72158312797545
i21k_s,supervised ViT,0,1.9323647022247321,384,30,decoupled,5,-0.023967406495556082,-0.002279565000779478,0.0013398427669317715,-0.0216878414947766,-3.074868397369955,95.6705436706543
i21k_s,supervised ViT,0,1.9323647022247321,384,30,decoupled,6,-0.02257542150716521,-0.002497142709861934,0.002346948456575269,-0.02007827879730328,-2.5451631350656614,96.84372663497923
i21k_s,supervised ViT,0,1.9323647022247321,384,30,decoupled,7,-0.02678449610956052,-0.002837244240954009,0.002628556919768981,-0.02394725186860651,-3.1881453169739378,99.85995864868164
i21k_s,supervised ViT,0,1.9323647022247321,384,30,decoupled,8,-0.025616980424844074,-0.002801509688160239,0.0035980935163028157,-0.02281547073668384,-3.0156490863615555,95.58184266090393
i21k_s,supervised ViT,0,1.9323647022247321,384,30,decoupled,9,-0.022713867192307943,-0.0032495059624831554,0.0028388283616138862,-0.01946436122982479,-2.5095546425148583,86.49060463905334
i21k_s,supervised ViT,0,1.9323647022247321,384,30,intact,-1,-0.006290424266535741,-0.0013376915792130462,0.003541182273316225,-0.004952732687322695,-0.5172962939946321,98.15887141227722
i21k_s,supervised ViT,1,1.9323647022247321,384,30,decoupled,0,-0.02312870117392707,-0.0032655514741266422,0.00301061973572605,-0.019863149699800426,-2.7473403074200418,95.82933282852171
i21k_s,supervised ViT,1,1.9323647022247321,384,30,decoupled,1,-0.027897603825170574,-0.003163892664222612,0.0022924039041066486,-0.024733711160947962,-2.470409208916132,99.8390097618103
i21k_s,supervised ViT,1,1.9323647022247321,384,30,decoupled,2,-0.021088442052731388,-0.003806214734069049,0.003016189638376879,-0.017282227318662337,-2.2316087233332618,107.16608166694641
i21k_s,supervised ViT,1,1.9323647022247321,384,30,decoupled,3,-0.024189163115342013,-0.0035311955505720346,0.002842986829516589,-0.02065796756476998,-2.4496668650317357,90.29511880874634
i21k_s,supervised ViT,1,1.9323647022247321,384,30,decoupled,4,-0.02382361956385655,-0.0017452013007971349,0.003735786541944512,-0.022078418263059413,-1.9733039524867264,98.94009494781494
i21k_s,supervised ViT,1,1.9323647022247321,384,30,decoupled,5,-0.025428856821453374,-0.002434200800021773,0.0029052870394631488,-0.022994656021431602,-2.7921595406476967,102.53595352172852
i21k_s,supervised ViT,1,1.9323647022247321,384,30,decoupled,6,-0.024747373886872582,-0.004081384744400646,0.0027933298917001263,-0.020665989142471933,-2.578621745336195,96.65503525733948
i21k_s,supervised ViT,1,1.9323647022247321,384,30,decoupled,7,-0.024638403863974926,-0.0015928904182813855,0.002902688705290725,-0.023045513445693538,-3.2547698654125186,95.22446393966676
i21k_s,supervised ViT,1,1.9323647022247321,384,30,decoupled,8,-0.023388659853406005,-0.0032391126682044928,0.0026133595291555397,-0.02014954718520151,-2.658417706459015,99.21028256416321
i21k_s,supervised ViT,1,1.9323647022247321,384,30,decoupled,9,-0.027550422908841576,-0.0025819295165196835,0.002315211051071599,-0.02496849339232189,-2.7103638515420743,94.66215872764587
i21k_s,supervised ViT,1,1.9323647022247321,384,30,intact,-1,-0.010589216108691693,-0.00039860518003701216,0.003596639333648603,-0.01019061092865468,-1.007205686810845,103.36981344223022
i21k_s,supervised ViT,2,1.9323647022247321,384,30,decoupled,0,-0.01836153069175189,-0.003927979933344252,0.002627242243846728,-0.01443355075840764,-1.4209992771382067,107.53343534469604
i21k_s,supervised ViT,2,1.9323647022247321,384,30,decoupled,1,-0.022881269217927144,-0.0026130059235045426,0.0017816298088709618,-0.020268263294422603,-2.9509478935953664,143.7966265678406
i21k_s,supervised ViT,2,1.9323647022247321,384,30,decoupled,2,-0.023021705894872443,-0.002451387878228892,0.0029506556739713444,-0.020570318016643552,-2.91232176677818,335.3269212245941
i21k_s,supervised ViT,2,1.9323647022247321,384,30,decoupled,3,-0.02027326357912711,-0.0021777934019900124,0.003011035175210058,-0.018095470177137096,-2.577568099185326,412.519451379776
i21k_s,supervised ViT,2,1.9323647022247321,384,30,decoupled,4,-0.02040832626632852,-0.0016317742499093765,0.002902917520726894,-0.018776552016419142,-2.3946175605087743,352.92315554618835
i21k_s,supervised ViT,2,1.9323647022247321,384,30,decoupled,5,-0.02056399600473878,-0.003564912969701682,0.0028733425766872826,-0.016999083035037096,-2.809415103152734,373.0263526439667
i21k_s,supervised ViT,2,1.9323647022247321,384,30,decoupled,6,-0.023389048453244243,-0.0013492879160707462,0.0023125162740543627,-0.0220397605371735,-2.68561212160828,383.13444423675537
i21k_s,supervised ViT,2,1.9323647022247321,384,30,decoupled,7,-0.018959853197392382,-0.0021276286420508065,0.003132551910754941,-0.016832224555341568,-1.847899438083469,406.14901208877563
i21k_s,supervised ViT,2,1.9323647022247321,384,30,decoupled,8,-0.019382206809669383,-0.002230178647986596,0.002785158456577405,-0.017152028161682792,-2.675367183236602,392.1595437526703
i21k_s,supervised ViT,2,1.9323647022247321,384,30,decoupled,9,-0.0238555165341354,-0.0016701059423877436,0.002656473355182765,-0.022185410591747654,-2.9758735049365312,376.07618403434753
i21k_s,supervised ViT,2,1.9323647022247321,384,30,intact,-1,-0.017037525639033633,-1.0027974960993837e-05,0.0032188384429187988,-0.017027497664072636,-1.9644104904386943,94.86600732803343
i21k_s,supervised ViT,3,1.9323647022247321,384,30,decoupled,0,-0.02626412114681126,-0.0011172539137059762,0.002575179385730588,-0.02514686723310528,-3.3694474431104044,279.25195622444147
i21k_s,supervised ViT,3,1.9323647022247321,384,30,decoupled,1,-0.0208005657433971,-0.003749135634953817,0.0019730817718539525,-0.017051430108443285,-2.415941444193032,266.9591760635376
i21k_s,supervised ViT,3,1.9323647022247321,384,30,decoupled,2,-0.021627365130757484,-0.0009325850584457646,0.0033471742450099807,-0.02069478007231172,-2.630276179427157,274.5447719097137
i21k_s,supervised ViT,3,1.9323647022247321,384,30,decoupled,3,-0.019048856490712057,-0.0017581004972301206,0.001881907803343261,-0.017290755993481937,-2.1651158192643383,277.1892716884613
i21k_s,supervised ViT,3,1.9323647022247321,384,30,decoupled,4,-0.02399625380445033,-0.0025098803708745398,0.0019121357053868933,-0.0214863734335758,-3.725544426206224,271.9192931652069
i21k_s,supervised ViT,3,1.9323647022247321,384,30,decoupled,5,-0.02396021905200954,-0.0009025910861967592,0.0018436438962912219,-0.02305762796581278,-3.1722480528175216,309.88124752044683
i21k_s,supervised ViT,3,1.9323647022247321,384,30,decoupled,6,-0.022741184498892827,-0.0018510270633563754,0.0034010537137648005,-0.020890157435536454,-2.5655330931953286,279.68026256561285
i21k_s,supervised ViT,3,1.9323647022247321,384,30,decoupled,7,-0.02412347426155495,-0.0011310853478093852,0.003258539490624499,-0.02299238891374556,-3.0723312375268286,270.79414463043213
i21k_s,supervised ViT,3,1.9323647022247321,384,30,decoupled,8,-0.02064133516033517,-0.002585674060178905,0.0011718159249123473,-0.018055661100156262,-2.5864208241917193,271.2403132915497
i21k_s,supervised ViT,3,1.9323647022247321,384,30,decoupled,9,-0.019603467153410103,-0.001482828335417344,0.002571899057337152,-0.01812063881799276,-2.128623680093899,295.21474409103394
i21k_s,supervised ViT,3,1.9323647022247321,384,30,intact,-1,-0.007195663440532781,3.819811854265525e-05,0.0029331365618135174,-0.007233861559075437,-0.8686964266827933,303.75239300727844
i21k_s,supervised ViT,4,1.9323647022247321,384,30,decoupled,0,-0.0253563970690872,-0.002909936542695076,0.0019580107750707307,-0.02244646052639212,-3.1631191837364203,300.90460062026983
i21k_s,supervised ViT,4,1.9323647022247321,384,30,decoupled,1,-0.022100360708484517,-0.001685285167279599,0.0023046083530291173,-0.02041507554120492,-2.679798204582795,282.8480429649353
i21k_s,supervised ViT,4,1.9323647022247321,384,30,decoupled,2,-0.021200694528440037,-0.002830935653496877,0.002049720780639167,-0.01836975887494316,-1.6462493975295054,290.57579970359797
i21k_s,supervised ViT,4,1.9323647022247321,384,30,decoupled,3,-0.025682513491751168,-0.0023288008295505513,0.002238643760532025,-0.02335371266220062,-3.0212038054231303,292.91809558868414
i21k_s,supervised ViT,4,1.9323647022247321,384,30,decoupled,4,-0.024576910826011437,-0.002612965320145337,0.002052331015716605,-0.021963945505866098,-3.431178265584417,245.6516311168671
i21k_s,supervised ViT,4,1.9323647022247321,384,30,decoupled,5,-0.023729520023643192,-0.0032155048743321398,0.0034551240752258,-0.02051401514931105,-2.6060777183872497,261.3491702079773
i21k_s,supervised ViT,4,1.9323647022247321,384,30,decoupled,6,-0.024631468050834063,-0.002692113454252354,0.002971007107260325,-0.02193935459658171,-2.3279768220146733,267.25608086586004
i21k_s,supervised ViT,4,1.9323647022247321,384,30,decoupled,7,-0.02245492165205436,-0.0029322217696397786,0.00224060656443653,-0.01952269988241458,-2.569737313793453,255.38526320457456
i21k_s,supervised ViT,4,1.9323647022247321,384,30,decoupled,8,-0.02324019391757537,-0.002000766198265789,0.003383411716705312,-0.021239427719309582,-3.4659271220663865,280.8184869289398
i21k_s,supervised ViT,4,1.9323647022247321,384,30,decoupled,9,-0.024755488178875903,-0.0032950968447055104,0.002504897952524674,-0.0214603913341704,-2.6928829968429238,294.29899764060974
i21k_s,supervised ViT,4,1.9323647022247321,384,30,intact,-1,-0.008062770417708823,-0.0005888025357493554,0.0020938127534401822,-0.007473967881959467,-0.8438676712264842,315.26135683059687
i21k_t,supervised ViT,0,1.5462486743927002,192,30,decoupled,0,-0.02626004459595739,-0.0018254793075656386,0.0025038865158900875,-0.024434565288391757,-2.459302853117121,157.45448756217957
i21k_t,supervised ViT,0,1.5462486743927002,192,30,decoupled,1,-0.028674453252624174,-0.0014050017743134455,0.002777133686639201,-0.027269451478310728,-3.1029896595916493,193.78235125541687
i21k_t,supervised ViT,0,1.5462486743927002,192,30,decoupled,2,-0.023599780897918757,-0.004137122380703484,0.0025869713034361533,-0.019462658517215268,-1.9140379020285525,152.86449575424194
i21k_t,supervised ViT,0,1.5462486743927002,192,30,decoupled,3,-0.023102470698786376,-0.0016468453412687685,0.002567153154200986,-0.02145562535751761,-2.129780982272277,194.0049114227295
i21k_t,supervised ViT,0,1.5462486743927002,192,30,decoupled,4,-0.02475455452179788,-0.003766221011601599,0.0025326086080186922,-0.020988333510196282,-2.4034398810140067,201.17388463020325
i21k_t,supervised ViT,0,1.5462486743927002,192,30,decoupled,5,-0.023692574903412603,-0.00351252638895031,0.003074348638839949,-0.02018004851446229,-1.6715485295443724,161.27939271926883
i21k_t,supervised ViT,0,1.5462486743927002,192,30,decoupled,6,-0.020412629449378647,-0.002314394419114227,0.00261967136622639,-0.01809823503026442,-1.9661624227718844,181.3941345214844
i21k_t,supervised ViT,0,1.5462486743927002,192,30,decoupled,7,-0.02771923081072289,-0.0017740784673317095,0.0037964509921261116,-0.025945152343391183,-2.137660910118781,150.8987274169922
i21k_t,supervised ViT,0,1.5462486743927002,192,30,decoupled,8,-0.016678080865455344,-0.0028375615725368068,0.002915596150146568,-0.013840519292918536,-1.8464466836665987,185.3377084732056
i21k_t,supervised ViT,0,1.5462486743927002,192,30,decoupled,9,-0.030188508972332245,-0.00154590509051835,0.004107177277173962,-0.028642603881813895,-2.6345465823735377,154.8891429901123
i21k_t,supervised ViT,0,1.5462486743927002,192,30,intact,-1,-0.00694068701538761,-0.00029891202011392417,0.003952323696540211,-0.006641774995273684,-0.5935270113734173,141.1420395374298
i21k_t,supervised ViT,1,1.5462486743927002,192,30,decoupled,0,-0.015168249575442909,-0.0017743919299096703,0.000789406924942949,-0.01339385764553324,-2.01050370581802,144.98628544807434
i21k_t,supervised ViT,1,1.5462486743927002,192,30,decoupled,1,-0.01806772116501611,0.0004717652601215705,0.003515776899510036,-0.018539486425137683,-1.9578786312216219,177.28899335861206
i21k_t,supervised ViT,1,1.5462486743927002,192,30,decoupled,2,-0.017285475368115668,-0.003350385795122357,0.00272985027509361,-0.013935089572993314,-1.259042269881443,159.33429789543155
i21k_t,supervised ViT,1,1.5462486743927002,192,30,decoupled,3,-0.01324768678881563,-0.002168971579270977,0.002906892587495984,-0.011078715209544657,-1.0083314099070615,185.95217967033386
i21k_t,supervised ViT,1,1.5462486743927002,192,30,decoupled,4,-0.02163392045616419,-0.001830315210970604,0.002897376116128545,-0.019803605245193586,-2.2528400186620616,145.35220623016355
i21k_t,supervised ViT,1,1.5462486743927002,192,30,decoupled,5,-0.018864319821554232,-0.0030465189624756858,0.0031195987064059467,-0.015817800859078544,-1.869981606350936,179.410409450531
i21k_t,supervised ViT,1,1.5462486743927002,192,30,decoupled,6,-0.017633750116732655,-0.0010981905589553533,0.004377529161467538,-0.016535559557777302,-2.0123439699071963,174.94474291801453
i21k_t,supervised ViT,1,1.5462486743927002,192,30,decoupled,7,-0.016521664203980546,-0.003696131369725229,0.003700201706888253,-0.012825532834255316,-1.2483595325307684,183.49751448631287
i21k_t,supervised ViT,1,1.5462486743927002,192,30,decoupled,8,-0.015001655048620529,-0.0040099279389361865,0.003788820716707447,-0.010991727109684341,-1.0531877834056746,151.1305041313171
i21k_t,supervised ViT,1,1.5462486743927002,192,30,decoupled,9,-0.014643541014870531,-0.0005936131268668237,0.0028947940351074304,-0.014049927888003707,-1.3063365785206205,80.49575400352478
i21k_t,supervised ViT,1,1.5462486743927002,192,30,intact,-1,-0.00684344694243566,-0.0002459279844743839,0.0036879828312883635,-0.0065975189579612755,-0.5557177852681331,184.31964135169983
i21k_t,supervised ViT,2,1.5462486743927002,192,30,decoupled,0,-0.02173263479187464,-0.00202124687899083,0.0025071933899095326,-0.01971138791288381,-2.8956818705940894,92.07563638687134
i21k_t,supervised ViT,2,1.5462486743927002,192,30,decoupled,1,-0.02468514469089574,-0.000665718394207529,0.001991001462725381,-0.024019426296688202,-2.39288553193988,89.65961813926697
i21k_t,supervised ViT,2,1.5462486743927002,192,30,decoupled,2,-0.021990094542194333,-0.002854915184205484,0.004583627056814092,-0.01913517935798885,-2.2953013287238195,73.95614337921144
i21k_t,supervised ViT,2,1.5462486743927002,192,30,decoupled,3,-0.02356276000120175,-0.0028050409535949963,0.0022686999458383828,-0.020757719047606756,-2.6000327059176116,78.45208501815794
i21k_t,supervised ViT,2,1.5462486743927002,192,30,decoupled,4,-0.02196318041864824,-0.0021376625214159692,0.003299961040142231,-0.019825517897232272,-2.5837327391804057,73.14288330078125
i21k_t,supervised ViT,2,1.5462486743927002,192,30,decoupled,5,-0.025510102667284557,-0.0024536882225946514,0.0029229697732861067,-0.023056414444689904,-2.689955519928076,78.70585298538208
i21k_t,supervised ViT,2,1.5462486743927002,192,30,decoupled,6,-0.02325722871909161,-0.0021049198023816427,0.0031119382313820475,-0.02115230891670997,-2.7191796952168223,79.98868393898009
i21k_t,supervised ViT,2,1.5462486743927002,192,30,decoupled,7,-0.022566124693871897,-0.002838672908961104,0.002334083597841251,-0.019727451784910796,-1.6919940219609184,73.79878711700441
i21k_t,supervised ViT,2,1.5462486743927002,192,30,decoupled,8,-0.022498443254157674,-0.001482872626271442,0.002515204402712789,-0.021015570627886237,-2.3656910341203417,79.6763439178467
i21k_t,supervised ViT,2,1.5462486743927002,192,30,decoupled,9,-0.022833541385827317,-0.0014303964214236425,0.0029441752294264733,-0.02140314496440367,-2.0254869552893218,81.45103549957275
i21k_t,supervised ViT,2,1.5462486743927002,192,30,intact,-1,-0.006290441169354288,0.0008519431333582378,0.003776648016942697,-0.007142384302712527,-0.6146914753406996,89.23073720932007
i21k_t,supervised ViT,3,1.5462486743927002,192,30,decoupled,0,-0.02677265924864056,-0.0008336204921436983,0.0030920575580168537,-0.02593903875649686,-2.890418344056061,80.20736455917357
i21k_t,supervised ViT,3,1.5462486743927002,192,30,decoupled,1,-0.031215610461614137,-0.001277340861546594,0.0034783274043459593,-0.02993826960006755,-3.2042801746402074,80.54429411888124
i21k_t,supervised ViT,3,1.5462486743927002,192,30,decoupled,2,-0.02477202449452323,-0.0024725488260885107,0.002409195388890147,-0.02229947566843472,-2.584163311933428,72.60857677459717
i21k_t,supervised ViT,3,1.5462486743927002,192,30,decoupled,3,-0.032742319296648795,-0.0014652489656074227,0.003740492290420796,-0.03127707033104137,-3.0678296078858507,82.71275973320006
i21k_t,supervised ViT,3,1.5462486743927002,192,30,decoupled,4,-0.030856694172763436,-0.0025244077603497465,0.002681136831621242,-0.02833228641241368,-3.16940045197822,76.23805642127991
i21k_t,supervised ViT,3,1.5462486743927002,192,30,decoupled,5,-0.02793277046371795,-0.0017071489075305187,0.002568035102738457,-0.02622562155618743,-2.377343605180854,75.65240049362183
i21k_t,supervised ViT,3,1.5462486743927002,192,30,decoupled,6,-0.032135752579782136,-0.002061694956260014,0.0031968696370715927,-0.030074057623522124,-3.1328192934714894,80.01341032981874
i21k_t,supervised ViT,3,1.5462486743927002,192,30,decoupled,7,-0.024026883656209943,-0.003443352639980737,0.004304653585949971,-0.02058353101622921,-1.9082136240014216,80.94197940826416
i21k_t,supervised ViT,3,1.5462486743927002,192,30,decoupled,8,-0.02509304054966757,-0.002392427919496601,0.003976150925990291,-0.022700612630170973,-2.1538405406610033,75.07040977478026
i21k_t,supervised ViT,3,1.5462486743927002,192,30,decoupled,9,-0.024710970101329013,-0.002705934051803363,0.004231821146384197,-0.02200503604952565,-1.9766115093797216,82.0483913421631
i21k_t,supervised ViT,3,1.5462486743927002,192,30,intact,-1,-0.0039164017558541145,-0.0011669119594341915,0.00492580766971273,-0.002749489796419924,-0.2837896319090137,77.60470533370972
i21k_t,supervised ViT,4,1.5462486743927002,192,30,decoupled,0,-0.016586569290357026,-0.0008262602563126927,0.0030746527006573843,-0.01576030903404433,-1.8934310826749952,75.8246500492096
i21k_t,supervised ViT,4,1.5462486743927002,192,30,decoupled,1,-0.02251677397238708,-0.0022340013585562513,0.003646205958980025,-0.020282772613830827,-2.0599661279519133,83.78312516212462
i21k_t,supervised ViT,4,1.5462486743927002,192,30,decoupled,2,-0.019284687566960487,-0.002676252663679227,0.0032584076624397325,-0.01660843490328126,-1.7299901563309918,75.0953106880188
i21k_t,supervised ViT,4,1.5462486743927002,192,30,decoupled,3,-0.01939323874033116,-0.0007361772645447988,0.003501850835946141,-0.01865706147578636,-2.3390747586675764,79.70958900451659
i21k_t,supervised ViT,4,1.5462486743927002,192,30,decoupled,4,-0.02242784941655029,-0.002201053026349888,0.0031938390753977674,-0.0202267963902004,-1.693998548565653,73.90593481063844
i21k_t,supervised ViT,4,1.5462486743927002,192,30,decoupled,5,-0.020902108505443454,-0.002815370343740316,0.001953144863799528,-0.018086738161703142,-1.969010973808909,80.89648151397705
i21k_t,supervised ViT,4,1.5462486743927002,192,30,decoupled,6,-0.015858922616025853,-0.0014430693567635295,0.002563920729685405,-0.014415853259262324,-1.6958303340136742,75.23417711257935
i21k_t,supervised ViT,4,1.5462486743927002,192,30,decoupled,7,-0.01847815091659799,-0.0015208400793769756,0.0029220814970241393,-0.01695731083722101,-1.8032850557527984,77.4927716255188
i21k_t,supervised ViT,4,1.5462486743927002,192,30,decoupled,8,-0.022771270869968496,-0.0015231999427542625,0.00277647994383117,-0.021248070927214237,-2.154732315350416,70.02960824966429
i21k_t,supervised ViT,4,1.5462486743927002,192,30,decoupled,9,-0.02243691802944074,-0.0028382444392523465,0.003650241097946111,-0.019598673590188395,-2.1727614907367108,79.56712055206299
i21k_t,supervised ViT,4,1.5462486743927002,192,30,intact,-1,-0.0037125515439450094,2.523074033226325e-05,0.0036621795325763617,-0.0037377822842772717,-0.34384539949265863,73.23751783370972
siglip_b,contrastive,0,1.538798689842224,768,30,decoupled,0,-0.04587508922288035,-0.0023334257791473565,0.0017792306497342446,-0.04354166344373299,-4.591166668809239,345.3676097393036
siglip_b,contrastive,0,1.538798689842224,768,30,decoupled,1,-0.04721466516491096,-0.0025679526388001587,0.0015733819925266928,-0.044646712526110806,-4.865999578656172,333.7815020084381
siglip_b,contrastive,0,1.538798689842224,768,30,decoupled,2,-0.04818328239769913,-0.001985373542005052,0.001993933423340556,-0.04619790885569408,-4.334359460533871,312.62896132469183
siglip_b,contrastive,0,1.538798689842224,768,30,decoupled,3,-0.04668002890612631,-0.0020387732104005145,0.0017050211783976605,-0.044641255695725794,-5.270836119492468,266.7421085834503
siglip_b,contrastive,0,1.538798689842224,768,30,decoupled,4,-0.04848678066834457,-0.0026338046868902704,0.002177264702939872,-0.0458529759814543,-4.904799929542566,215.6665313243866
siglip_b,contrastive,0,1.538798689842224,768,30,decoupled,5,-0.0457837029548441,-0.001961257145094769,0.0022192316175849085,-0.04382244580974933,-6.013566016515273,200.81021118164062
siglip_b,contrastive,0,1.538798689842224,768,30,decoupled,6,-0.04317848938954104,-0.0026118001675422787,0.0014762274684821726,-0.04056668922199876,-4.349681479279287,215.70315408706662
siglip_b,contrastive,0,1.538798689842224,768,30,decoupled,7,-0.045446381141061865,-0.002754307624280568,0.0017174446919091732,-0.042692073516781295,-4.605657371517126,233.4542419910431
siglip_b,contrastive,0,1.538798689842224,768,30,decoupled,8,-0.043504661121058885,-0.0023710208710241588,0.0018502997493671414,-0.04113364025003473,-4.462661460222731,171.5250859260559
siglip_b,contrastive,0,1.538798689842224,768,30,decoupled,9,-0.04660063354153533,-0.0018236300810857227,0.002045838336014298,-0.04477700346044961,-4.933348358792338,174.73458647727966
siglip_b,contrastive,0,1.538798689842224,768,30,intact,-1,-0.024972934030988502,-0.002413855164788606,0.003857046027710507,-0.0225590788661999,-2.156136033480464,233.43692183494568
siglip_b,contrastive,1,1.538798689842224,768,30,decoupled,0,-0.05334260831744482,-0.002503691198481986,0.0017238522921994152,-0.05083891711896284,-5.989663321834631,174.03368306159973
siglip_b,contrastive,1,1.538798689842224,768,30,decoupled,1,-0.05369139360775037,-0.0025489756160392203,0.0011267946127711842,-0.051142417991711146,-6.19219937102534,160.7652766704559
siglip_b,contrastive,1,1.538798689842224,768,30,decoupled,2,-0.0543078470005145,-0.00268652774385728,0.0025012465518488604,-0.05162131925665722,-5.4828557712669745,174.69022917747498
siglip_b,contrastive,1,1.538798689842224,768,30,decoupled,3,-0.05571981509570763,-0.0028410250142135674,0.0011606813519036065,-0.05287879008149406,-6.216257096718134,151.20545029640198
siglip_b,contrastive,1,1.538798689842224,768,30,decoupled,4,-0.05485767938574318,-0.003314004607404085,0.001641836508547007,-0.051543674778339085,-6.074122957030015,146.3418436050415
siglip_b,contrastive,1,1.538798689842224,768,30,decoupled,5,-0.054987458568932265,-0.0035584226351734445,0.0017984146176431286,-0.05142903593375882,-5.233879344589194,173.25025177001953
siglip_b,contrastive,1,1.538798689842224,768,30,decoupled,6,-0.052403897632098566,-0.0028638676643972004,0.001494381224376541,-0.04954002996770136,-5.234665678465351,175.0331404209137
siglip_b,contrastive,1,1.538798689842224,768,30,decoupled,7,-0.05252525193930935,-0.003677023185416711,0.0014709066389686858,-0.048848228753892636,-5.582667285046345,160.9110445976257
siglip_b,contrastive,1,1.538798689842224,768,30,decoupled,8,-0.05357275258904437,-0.002634916951032691,0.0018585791345031746,-0.05093783563801168,-6.925995454866114,178.94928669929504
siglip_b,contrastive,1,1.538798689842224,768,30,decoupled,9,-0.054045934873133264,-0.0033031379770192553,0.0017246664664490575,-0.05074279689611401,-6.104065468498107,178.40073585510254
siglip_b,contrastive,1,1.538798689842224,768,30,intact,-1,-0.02566083980018591,-0.0013586511077996618,0.003575254989463252,-0.024302188692386248,-2.533156189836878,191.61743402481082
siglip_b,contrastive,2,1.538798689842224,768,30,decoupled,0,-0.04102222456106082,-0.0021073797162620644,0.00226140671510547,-0.03891484484479876,-4.102502070588378,167.84795045852658
siglip_b,contrastive,2,1.538798689842224,768,30,decoupled,1,-0.04344086110634526,-0.003156315057473961,0.0019857945807477415,-0.0402845460488713,-4.169290101586904,173.74600768089294
siglip_b,contrastive,2,1.538798689842224,768,30,decoupled,2,-0.04580789417890585,-0.002705821590756612,0.0015167377755566536,-0.043102072588149236,-4.319603483043624,152.88901400566098
siglip_b,contrastive,2,1.538798689842224,768,30,decoupled,3,-0.04405521547342113,-0.002976555862143078,0.002372768756661276,-0.04107865961127805,-3.829392396893064,165.96205115318295
siglip_b,contrastive,2,1.538798689842224,768,30,decoupled,4,-0.0460521115945305,-0.0023023962893302845,0.0022416520274411394,-0.04374971530520021,-5.2635006530805635,178.22591924667358
siglip_b,contrastive,2,1.538798689842224,768,30,decoupled,5,-0.04654519641180975,-0.0027522284222960963,0.002562189942002177,-0.04379296798951365,-3.892393872013629,167.23109412193295
siglip_b,contrastive,2,1.538798689842224,768,30,decoupled,6,-0.046553586640944035,-0.002424806372911377,0.0016714348350228727,-0.044128780268032665,-5.2975029486704015,140.36282634735107
siglip_b,contrastive,2,1.538798689842224,768,30,decoupled,7,-0.04119538059179007,-0.0031024719064244107,0.001634568756680824,-0.038092908685365655,-3.637418096606268,143.74111700057986
siglip_b,contrastive,2,1.538798689842224,768,30,decoupled,8,-0.047332235268113816,-0.002913428435425513,0.0014566870500552864,-0.04441880683268831,-4.32546690199543,175.40068173408508
siglip_b,contrastive,2,1.538798689842224,768,30,decoupled,9,-0.046763265756020016,-0.002063956037975198,0.002693426213697948,-0.04469930971804481,-4.4147263743696845,250.17280769348145
siglip_b,contrastive,2,1.538798689842224,768,30,intact,-1,-0.02859914547941997,-0.0019535044743580502,0.0035541064165092577,-0.026645641005061917,-2.9652119350200854,165.19564199447632
siglip_b,contrastive,3,1.538798689842224,768,30,decoupled,0,-0.04986981935213164,-0.0024186987357018032,0.002748376281270979,-0.04745112061642984,-4.599726829883712,202.7429633140564
siglip_b,contrastive,3,1.538798689842224,768,30,decoupled,1,-0.04850689906922999,-0.0020010850103285805,0.0015659856466542362,-0.04650581405890141,-6.144820644793152,174.19147562980652
siglip_b,contrastive,3,1.538798689842224,768,30,decoupled,2,-0.046985567517761145,-0.002197159188069242,0.002105019496750592,-0.0447884083296919,-5.641062340999622,144.15076899528503
siglip_b,contrastive,3,1.538798689842224,768,30,decoupled,3,-0.04941195371823956,-0.0031273862062036672,0.002087853554704706,-0.046284567512035885,-4.477522520684564,166.2606258392334
siglip_b,contrastive,3,1.538798689842224,768,30,decoupled,4,-0.04594093261314554,-0.0036593592445391524,0.0020953630851354077,-0.042281573368606384,-5.663171666832018,172.7504951953888
siglip_b,contrastive,3,1.538798689842224,768,30,decoupled,5,-0.04764257659196265,-0.002219476902557248,0.002610529814436561,-0.0454230996894054,-4.837436065180253,155.03888320922854
siglip_b,contrastive,3,1.538798689842224,768,30,decoupled,6,-0.04651141162833504,-0.0027924290425839263,0.0022241009503580324,-0.04371898258575111,-5.055694205096202,158.59099221229553
siglip_b,contrastive,3,1.538798689842224,768,30,decoupled,7,-0.04516082912145202,-0.0027986497654645683,0.0016211608849464702,-0.04236217935598745,-4.51555624736988,155.66738247871402
siglip_b,contrastive,3,1.538798689842224,768,30,decoupled,8,-0.047071800091488265,-0.003440127944151483,0.001887296711844475,-0.04363167214733678,-5.243200928552711,157.55438661575315
siglip_b,contrastive,3,1.538798689842224,768,30,decoupled,9,-0.04444457333124105,-0.0035455758256203135,0.002269915709269993,-0.04089899750562074,-5.762331529657196,152.54341244697568
siglip_b,contrastive,3,1.538798689842224,768,30,intact,-1,-0.0244254137478076,-0.0003916554722941001,0.003203984996186386,-0.0240337582755135,-2.6039575009556417,177.39395999908447
siglip_b,contrastive,4,1.538798689842224,768,30,decoupled,0,-0.040077947578015374,-0.0038081911273916288,0.002560627937581559,-0.03626975645062375,-3.5548820400372327,169.858412027359
siglip_b,contrastive,4,1.538798689842224,768,30,decoupled,1,-0.042121311601694834,-0.0019764914373633065,0.0025618440091440225,-0.04014482016433153,-4.225189159553853,146.68291878700256
siglip_b,contrastive,4,1.538798689842224,768,30,decoupled,2,-0.045579864713782815,-0.003832848654934479,0.0021817332635473987,-0.041747016058848334,-4.203179561645966,148.5560200214386
siglip_b,contrastive,4,1.538798689842224,768,30,decoupled,3,-0.04200531775171197,-0.003138374717826791,0.0012002687388380257,-0.03886694303388518,-4.3599041926892985,209.84038853645325
siglip_b,contrastive,4,1.538798689842224,768,30,decoupled,4,-0.04048892947566873,-0.0031650865029821122,0.0022273311457029947,-0.03732384297268662,-3.698231587989388,190.4547839164734
siglip_b,contrastive,4,1.538798689842224,768,30,decoupled,5,-0.041490345459319365,-0.003521045428761904,0.0016280273728002,-0.037969300030557464,-4.236019568187091,172.60215783119202
siglip_b,contrastive,4,1.538798689842224,768,30,decoupled,6,-0.04358599427835705,-0.003074817474593909,0.002162085264538771,-0.040511176803763135,-4.202130180524723,147.8756146430969
siglip_b,contrastive,4,1.538798689842224,768,30,decoupled,7,-0.04399503326351534,-0.003414254976092128,0.0017056244471082744,-0.040580778287423215,-4.5343532625181115,146.9415640830994
siglip_b,contrastive,4,1.538798689842224,768,30,decoupled,8,-0.04231493348315567,-0.0032117105397063447,0.0016893699474142885,-0.039103222943449326,-3.8151717020013183,167.17981624603271
siglip_b,contrastive,4,1.538798689842224,768,30,decoupled,9,-0.04200087737086425,-0.003183003664402039,0.002500581503184305,-0.03881787370646221,-3.68608332639997,151.489342212677
siglip_b,contrastive,4,1.538798689842224,768,30,intact,-1,-0.02164388171042036,-0.0037568946835219493,0.002584483068560773,-0.017886987026898414,-2.2101377252466623,155.6004264354706
