model,dataset,b,n_classes,n_per_class,delta,delta_sd,null_mean,null_sd,excess,r_above,n_rep,time_s
clip_b,cifar100,-1,100,500,0.1009863390958035,0.00035877607415080425,0.12043992342193036,0.006245658290681192,-0.019453584326126844,200,200,216.7941744327545
clip_b,cifar100,0,100,500,0.10058215466378476,0.000283456352948024,0.12058304964345327,0.006184411158398968,-0.02000089497966853,200,200,241.1751880645752
clip_b,cifar100,1,100,500,0.10109510741788824,0.0002510471150497453,0.12035713307365573,0.006237067102266184,-0.019262025655767498,200,200,228.99603390693662
clip_b,cifar100,2,100,500,0.101243274782809,0.0002465978211404724,0.12035553437298065,0.006219568070046149,-0.019112259590171626,200,200,222.67457818984985
clip_b,cifar100,3,100,500,0.1007642723267109,0.0002215375411623421,0.12024453632638993,0.006216465999492831,-0.019480263999679014,200,200,217.21526408195496
clip_b,cifar100,4,100,500,0.10199891226802768,0.0002835865042945955,0.12037331458848775,0.006228491817047567,-0.018374402320460087,200,200,214.2477946281433
clip_b,cifar100,5,100,500,0.1006093602491828,0.00023265986413009232,0.12026857766381086,0.006202133544879095,-0.019659217414628036,200,200,213.31598353385925
clip_b,cifar100,6,100,500,0.1017601873175868,0.0002874160809055516,0.12052678688853102,0.006218069545101786,-0.018766599570944214,200,200,222.06804752349854
clip_b,cifar100,7,100,500,0.10083767830201912,0.00028198288857522063,0.12041318312727255,0.006184012139702279,-0.01957550482525344,200,200,218.81098556518555
clip_b,cifar100,8,100,500,0.10031547478625982,0.00028113759368639127,0.12013034793478873,0.006226975477966081,-0.01981487314852889,200,200,219.36501049995425
clip_b,cifar100,9,100,500,0.1001041229275215,0.0003034864123886565,0.12014564103026715,0.006239869933324239,-0.020041518102745653,200,200,212.87940883636475
clip_b,cifar100,10,100,500,0.10031004652176226,0.00024478718852569023,0.12032936548567587,0.006247727490022315,-0.02001931896391361,200,200,222.91674661636355
clip_b,cifar100,11,100,500,0.1004717208763507,0.00023877595070433775,0.12004192702960476,0.006235942041441885,-0.01957020615325407,200,200,215.64398908615112
clip_b,cifar100,12,100,500,0.10101242469067737,0.00023829824670202872,0.12027704459961334,0.006213770517702179,-0.019264619908935996,200,200,216.9500231742859
clip_b,cifar100,13,100,500,0.10155153167327603,0.00026487568068805163,0.12033832068122075,0.0062166880719502935,-0.018786789007944726,200,200,219.8331081867218
clip_b,cifar100,14,100,500,0.10261474562224107,0.00040861426188282816,0.1204435824925126,0.006223853067911182,-0.017828836870271536,200,200,217.1248059272766
clip_b,cifar100,15,100,500,0.10048096815653032,0.0002776580336624899,0.12029703859186874,0.00621165013033984,-0.019816070435338427,200,200,214.10800313949585
clip_b,cifar100,16,100,500,0.10118744801491268,0.00032065179627244233,0.12025738430758695,0.00622200555364709,-0.019069936292674252,200,200,213.1002960205078
clip_b,cifar100,17,100,500,0.10105750885897613,0.00032757524581700703,0.11982281632210745,0.006245746868551853,-0.01876530746313133,200,200,215.30828857421875
clip_b,cifar100,18,100,500,0.1014789629473019,0.00024053802966603292,0.12036012105112175,0.006221947735721962,-0.018881158103819882,200,200,229.2323980331421
clip_b,cifar100,19,100,500,0.10247490806063513,0.0002785549612106156,0.1202952973981141,0.006223412239062602,-0.017820389337479,200,200,227.2145917415619
clip_b,cifar100,20,100,500,0.10004707515424656,0.00021559318182922229,0.1203527831201794,0.006208841199378985,-0.02030570796593284,200,200,222.3510808944702
clip_b,cifar100,21,100,500,0.10154526827850667,0.00028767603258061827,0.12009816294680713,0.006258997846487751,-0.018552894668300457,200,200,224.06538939476013
clip_b,cifar100,22,100,500,0.09994803682796644,0.00036397877313429177,0.12040311697133595,0.006227953642484078,-0.020455080143369525,200,200,223.48922419548038
clip_b,cifar100,23,100,500,0.1023327957973316,0.0002525520867937085,0.120265183876099,0.006224551097196243,-0.017932388078767403,200,200,228.70065093040463
clip_b,cifar100,24,100,500,0.1008373632571696,0.00022296823469775302,0.12010908193414847,0.006243487932981126,-0.019271718676978897,200,200,238.551819562912
clip_b,cifar100,25,100,500,0.10060237100763808,0.00026761375776348996,0.12014909379590953,0.006212153243771014,-0.01954672278827146,200,200,233.87963128089905
clip_b,cifar100,26,100,500,0.10141908615000902,0.0003036487168266368,0.12029121733067305,0.006201057084854692,-0.018872131180664026,200,200,233.28607201576236
clip_b,cifar100,27,100,500,0.10213551458431873,0.00034414917446901094,0.12026826264554286,0.006235460136667143,-0.018132748061224117,200,200,233.78810858726501
clip_b,cifar100,28,100,500,0.1010316884982484,0.00024592080564031813,0.12017023897204306,0.006257911949829671,-0.019138550473794647,200,200,245.0450801849365
clip_b,cifar100,29,100,500,0.10151540176115233,0.00025843474451851274,0.1202022238763113,0.006222484110239483,-0.018686822115158968,200,200,247.6365089416504
clip_l,cifar100,-1,100,500,0.09706439934187908,0.0005306858483585809,0.11515968908603827,0.005027764673935125,-0.018095289744159197,200,200,232.41240119934082
clip_l,cifar100,0,100,500,0.09594568982976732,0.0004887732846577429,0.11516920659783272,0.00501472152704649,-0.019223516768065413,200,200,235.78208136558533
clip_l,cifar100,1,100,500,0.09684757058731172,0.00048009360617630193,0.11499293918989027,0.005036467519263151,-0.01814536860257855,200,200,231.7986311912537
clip_l,cifar100,2,100,500,0.09807818996832736,0.0005719625051515613,0.11515826187509776,0.005022106025428942,-0.017080071906770397,200,200,228.91855549812317
clip_l,cifar100,3,100,500,0.0968779842682112,0.0004186018599646861,0.1150697364932244,0.005019221077512351,-0.018191752225013208,200,200,214.28067493438718
clip_l,cifar100,4,100,500,0.0963816843870142,0.00041067329324105103,0.11519973971168734,0.004996698356633378,-0.018818055324673136,200,200,221.41634392738342
clip_l,cifar100,5,100,500,0.09928556073554258,0.0005215563284387394,0.11518412838173195,0.004991594850478626,-0.015898567646189368,200,200,222.96904158592224
clip_l,cifar100,6,100,500,0.09680036075663402,0.00047673941015477685,0.11502851852637848,0.005040802110029922,-0.018228157769744457,200,200,217.22991156578064
clip_l,cifar100,7,100,500,0.09686478007218263,0.0006460744311506902,0.11473109444157885,0.005009980951408525,-0.017866314369396202,200,200,221.16163802146912
clip_l,cifar100,8,100,500,0.09552372108980013,0.0005009225781830943,0.11481673153575025,0.005004898989031893,-0.01929301044595011,200,200,215.682550907135
clip_l,cifar100,9,100,500,0.09785463231932498,0.00046647761757802195,0.11511082812049506,0.005013058187717077,-0.017256195801170077,200,200,208.31659960746762
clip_l,cifar100,10,100,500,0.0956372494665456,0.00047169337121275663,0.11511124381655086,0.005031122773373098,-0.01947399435000527,200,200,219.2443654537201
clip_l,cifar100,11,100,500,0.09609232312432472,0.0006654233498542665,0.11486766523866918,0.00501314476604047,-0.01877534211434446,200,200,226.42654919624331
clip_l,cifar100,12,100,500,0.0969638127410851,0.0005573445870555565,0.11503040209026065,0.004994419120653735,-0.018066589349175544,200,200,213.56437921524048
clip_l,cifar100,13,100,500,0.0975898388758318,0.0004213572726778183,0.11493083166422564,0.005027436522751779,-0.017340992788393836,200,200,214.38210272789001
clip_l,cifar100,14,100,500,0.0976555333847436,0.00058202740374041,0.11502822468422935,0.004995254228889348,-0.017372691299485724,200,200,209.4200758934021
clip_l,cifar100,15,100,500,0.0952017698171312,0.0005186896223794778,0.11494299264529625,0.005012311343973256,-0.01974122282816504,200,200,219.3254590034485
clip_l,cifar100,16,100,500,0.09609022124455698,0.0004877236154751368,0.11495509155387355,0.004965464368326311,-0.018864870309316592,200,200,218.78847765922544
clip_l,cifar100,17,100,500,0.0967582151593826,0.0005102786319961453,0.11487657518332925,0.005025040536992728,-0.01811836002394664,200,200,237.8055508136749
clip_l,cifar100,18,100,500,0.09563111930890142,0.0004819766266306993,0.11502848452336857,0.004989156953364867,-0.01939736521446717,200,200,234.0860824584961
clip_l,cifar100,19,100,500,0.09602889631332262,0.0006159420470848204,0.11486792218957173,0.005029499517115132,-0.018839025876249096,200,200,227.88755583763125
clip_l,cifar100,20,100,500,0.09733562120322804,0.00048354718376503164,0.11507245398496975,0.005028254546685933,-0.01773683278174169,200,200,228.64727783203125
clip_l,cifar100,21,100,500,0.09656051278225522,0.0005093401337388876,0.11484213891639347,0.005013949273844734,-0.01828162613413825,200,200,228.71167206764218
clip_l,cifar100,22,100,500,0.09755853823742547,0.0006028193941997801,0.11506735366258493,0.0049838197478506655,-0.017508815425159446,200,200,233.79682993888855
clip_l,cifar100,23,100,500,0.0966301428267146,0.0004304587538860021,0.1149863575652854,0.005050031809879522,-0.018356214738570825,200,200,233.37278032302856
clip_l,cifar100,24,100,500,0.09713204458500067,0.0005516895706329245,0.11507484132573867,0.004999350850406171,-0.01794279674073801,200,200,234.19743585586548
clip_l,cifar100,25,100,500,0.0961073993568025,0.0006091955467057931,0.11478248065651254,0.005048759470883913,-0.01867508129971006,200,200,237.90829586982727
clip_l,cifar100,26,100,500,0.0956912373337538,0.00039627685330370253,0.11492122821855835,0.004979276963441987,-0.01922999088480455,200,200,236.00058364868164
clip_l,cifar100,27,100,500,0.09714882714427923,0.0005553563249614415,0.11487966136852194,0.0049924262755971045,-0.017730834224242698,200,200,239.25942873954773
clip_l,cifar100,28,100,500,0.09569457186268668,0.0005527006674850964,0.11494588258931465,0.005047476110402072,-0.01925131072662797,200,200,241.69161820411682
clip_l,cifar100,29,100,500,0.09717920263909287,0.000545569246090852,0.11503407562125535,0.004989347871232922,-0.01785487298216247,200,200,247.76884961128238
dinov1_b,cifar100,-1,100,500,0.08217579478434547,0.00020743078514805192,0.11381148827407085,0.0041332149761274285,-0.031635693489725385,200,200,234.58030533790588
dinov1_b,cifar100,0,100,500,0.08196132044505527,0.00028923183913483923,0.11352674235301105,0.0041034979853902705,-0.03156542190795579,200,200,242.3849549293518
dinov1_b,cifar100,1,100,500,0.08232118568216516,0.00030824613177468966,0.11383617663108213,0.0041292658322380545,-0.03151499094891695,200,200,229.41444873809812
dinov1_b,cifar100,2,100,500,0.08183723265113832,0.00026388488733176897,0.11355607573905425,0.004112528601321427,-0.03171884308791593,200,200,228.69796204566958
dinov1_b,cifar100,3,100,500,0.08151006666433236,0.00025643436241212146,0.1136658261217705,0.004124011811328744,-0.03215575945743813,200,200,220.910902261734
dinov1_b,cifar100,4,100,500,0.08229150170016164,0.00020498031813944657,0.11359501877238318,0.004115921212748681,-0.03130351707222154,200,200,218.4044704437256
dinov1_b,cifar100,5,100,500,0.08241355378639463,0.0002784260584542245,0.11367743017288852,0.004135085239691407,-0.03126387638649389,200,200,218.05382108688354
dinov1_b,cifar100,6,100,500,0.08265355027334867,0.00021490612871169316,0.11353829239211324,0.0040990099743210785,-0.030884742118764588,200,200,223.73372983932492
dinov1_b,cifar100,7,100,500,0.08099207458805238,0.0002886823820610285,0.11351089249074355,0.004114451657440439,-0.032518817902691184,200,200,213.27574253082275
dinov1_b,cifar100,8,100,500,0.08103845506215968,0.00021168485709682644,0.1135153210251172,0.004096968969937687,-0.03247686596295751,200,200,215.43933033943176
dinov1_b,cifar100,9,100,500,0.08274687280615793,0.00020386153348860323,0.11351300806910247,0.004114028953606637,-0.03076613526294457,200,200,224.1190710067749
dinov1_b,cifar100,10,100,500,0.08227412225734296,0.0002050692761939689,0.11370483244496622,0.004112826310971915,-0.031430710187623265,200,200,225.47683238983157
dinov1_b,cifar100,11,100,500,0.08205061076340607,0.00022192881645612968,0.11360608762975967,0.0041129660016622155,-0.0315554768663536,200,200,215.69859337806702
dinov1_b,cifar100,12,100,500,0.08183296362877251,0.00022764173127143907,0.11345658111348493,0.004122573135483375,-0.031623617484712416,200,200,216.58567905426025
dinov1_b,cifar100,13,100,500,0.08193583880192898,0.0002024611429003718,0.11355118986656365,0.0041014573443790715,-0.031615351064634686,200,200,227.40034794807437
dinov1_b,cifar100,14,100,500,0.0812834496468071,0.00022743876951447246,0.11349868338677252,0.00412851303288614,-0.03221523373996542,200,200,229.745995759964
dinov1_b,cifar100,15,100,500,0.08216471281178041,0.00024466739972525773,0.11360561209228676,0.004116059815892021,-0.03144089928050636,200,200,225.93739700317383
dinov1_b,cifar100,16,100,500,0.08226705350948385,0.0002637794765417794,0.11364023495130267,0.004114640162906357,-0.03137318144181883,200,200,212.97488045692444
dinov1_b,cifar100,17,100,500,0.08277831089947094,0.0002551284631798264,0.1136090009838512,0.004127701564336627,-0.030830690084380274,200,200,235.10626196861267
dinov1_b,cifar100,18,100,500,0.08392041689191035,0.00023854434187030985,0.1134944419244989,0.004101475248780789,-0.02957402503258855,200,200,229.16972088813785
dinov1_b,cifar100,19,100,500,0.08235940315021281,0.00023870607840720595,0.1135819095706706,0.004097439111402211,-0.031222506420457773,200,200,234.74531698226932
dinov1_b,cifar100,20,100,500,0.08172935353020197,0.00028386196959198737,0.11360475483133442,0.004115678277241471,-0.031875401301132436,200,200,230.6249623298645
dinov1_b,cifar100,21,100,500,0.08233847045910969,0.0001971258696010132,0.1135653822051459,0.004132414206454739,-0.03122691174603621,200,200,235.29098343849185
dinov1_b,cifar100,22,100,500,0.08164473191230429,0.00021169516785015004,0.11362685535908247,0.004121933213514153,-0.0319821234467782,200,200,233.3810954093933
dinov1_b,cifar100,23,100,500,0.08127251976723185,0.00023592761239207334,0.11361153302430756,0.004107850960990405,-0.032339013257075715,200,200,243.98602271080017
dinov1_b,cifar100,24,100,500,0.08207351300737993,0.00017418839239849549,0.11361495723595275,0.004118737204106432,-0.031541444228572815,200,200,230.4062275886536
dinov1_b,cifar100,25,100,500,0.08165634652642575,0.00021975735477786223,0.11363319803846653,0.004136889242802635,-0.03197685151204077,200,200,231.595712184906
dinov1_b,cifar100,26,100,500,0.08231881162303566,0.0001611372920819517,0.11343375199072553,0.004091353663889642,-0.031114940367689876,200,200,233.1890263557434
dinov1_b,cifar100,27,100,500,0.08179990207137057,0.0002765179008301958,0.11354120324983386,0.004107512313633759,-0.031741301178463265,200,200,242.95540118217468
dinov1_b,cifar100,28,100,500,0.08209285649272915,0.0002589208058961483,0.11360018913906995,0.004130073610468024,-0.03150733264634078,200,200,239.0064446926117
dinov1_b,cifar100,29,100,500,0.08222530261975565,0.0001580931315436443,0.11350280620223055,0.00409790066075745,-0.03127750358247492,200,200,250.77428936958316
dinov2_b,cifar100,-1,100,500,0.049220013861640696,0.00022545167916675392,0.08054139090402285,0.002093727387020954,-0.03132137704238215,200,200,229.09928393363955
dinov2_b,cifar100,0,100,500,0.04964893656314191,0.00020146750565576304,0.08035171720997449,0.0020777719527222305,-0.030702780646832576,200,200,233.20771765708923
dinov2_b,cifar100,1,100,500,0.049024095586005186,0.0002521482526307934,0.08054836436787832,0.0021041576122303824,-0.03152426878187313,200,200,226.14318871498108
dinov2_b,cifar100,2,100,500,0.04846824148277213,0.00015800864512862626,0.08054083171575076,0.0020901063214277984,-0.032072590232978634,200,200,227.27746677398682
dinov2_b,cifar100,3,100,500,0.04913400531070968,0.00022400347321346504,0.08013602258155875,0.002087294639383661,-0.031002017270849076,200,200,221.41524147987369
dinov2_b,cifar100,4,100,500,0.04901814668121555,0.0002374432858259273,0.08036887671496341,0.002086490925933613,-0.031350730033747866,200,200,213.47136759757998
dinov2_b,cifar100,5,100,500,0.04864804161783017,0.00013597463165178326,0.08031274690130065,0.0020903548178352782,-0.031664705283470485,200,200,223.8143539428711
dinov2_b,cifar100,6,100,500,0.04924127101044494,0.0002132924601176994,0.08048676589249036,0.0020940360081582307,-0.031245494882045418,200,200,213.65211701393127
dinov2_b,cifar100,7,100,500,0.049094379163126235,0.00016539691873844922,0.08044075766988844,0.0020845029580990517,-0.0313463785067622,200,200,217.50884675979614
dinov2_b,cifar100,8,100,500,0.0492414673320021,0.000260412508342867,0.08030869985212122,0.002078148925063841,-0.031067232520119132,200,200,219.75735545158386
dinov2_b,cifar100,9,100,500,0.049258221383881036,0.000213329659938672,0.0803422430909892,0.002088134164124876,-0.031084021707108157,200,200,225.91285610198972
dinov2_b,cifar100,10,100,500,0.050057595873574584,0.00020646612494254317,0.08041334698164923,0.0020826846686018865,-0.030355751108074668,200,200,221.54762506484985
dinov2_b,cifar100,11,100,500,0.049017496819130896,0.0002252620361651667,0.08056949502046501,0.0020881533341610236,-0.03155199820133412,200,200,212.9970417022705
dinov2_b,cifar100,12,100,500,0.0496107534888748,0.0001930364780295275,0.08040646186547729,0.002081168267957221,-0.03079570837660248,200,200,219.34106850624084
dinov2_b,cifar100,13,100,500,0.04945828968000149,0.0001571508860789306,0.0804877201418189,0.0020946193285326653,-0.03102943046181741,200,200,226.90880918502808
dinov2_b,cifar100,14,100,500,0.04909551155928391,0.00029174648655103965,0.08036285833744694,0.002073900552615483,-0.031267346778163035,200,200,214.74133467674253
dinov2_b,cifar100,15,100,500,0.049124816751090934,0.0002311200237521856,0.08042558755790673,0.0020813591874926447,-0.03130077080681578,200,200,218.1267869472504
dinov2_b,cifar100,16,100,500,0.04932624138013201,0.00011550370111106392,0.08041172714832784,0.002082404050267982,-0.031085485768195833,200,200,225.25814533233643
dinov2_b,cifar100,17,100,500,0.048626840581625225,0.0002064140150359991,0.08033801834873143,0.0020796867502809605,-0.031711177767106184,200,200,232.10256266593933
dinov2_b,cifar100,18,100,500,0.048950568635128665,0.00024332505493739718,0.08038045911196154,0.0020680833542144057,-0.031429890476832874,200,200,231.72553992271423
dinov2_b,cifar100,19,100,500,0.04910512443766109,0.00018791256165157888,0.0804037582146002,0.0020778470177403034,-0.031298633776939117,200,200,232.11780786514282
dinov2_b,cifar100,20,100,500,0.0496435804916713,0.0002034817716629501,0.08022586846549816,0.0020696603872027573,-0.030582287973826863,200,200,231.62064838409424
dinov2_b,cifar100,21,100,500,0.04889077937992593,0.00017905312861445636,0.08033634951720801,0.0020814066568541037,-0.03144557013728208,200,200,233.31330180168152
dinov2_b,cifar100,22,100,500,0.048854808681419414,0.00023417800716100484,0.08042121952808202,0.0020715006532704603,-0.03156641084666262,200,200,228.84361720085144
dinov2_b,cifar100,23,100,500,0.04893440738542948,0.0002534450126347962,0.08025795481762357,0.0020714990514773056,-0.031323547432194086,200,200,235.17425107955933
dinov2_b,cifar100,24,100,500,0.049794490573961916,0.0002135570312241304,0.08058011469183744,0.002086768420857356,-0.03078562411787552,200,200,236.6747374534607
dinov2_b,cifar100,25,100,500,0.04888848768445127,0.0002305914486853744,0.08040778437977053,0.0020869036096431504,-0.03151929669531926,200,200,232.18461155891416
dinov2_b,cifar100,26,100,500,0.04870383185187508,0.0001913705879231768,0.08024801520528108,0.0020660424272369447,-0.031544183353405995,200,200,240.22224283218384
dinov2_b,cifar100,27,100,500,0.04920223013328171,0.0001527086910642171,0.08035407018211782,0.002091627753107453,-0.031151840048836112,200,200,246.242311000824
dinov2_b,cifar100,28,100,500,0.0493288569512522,0.00021559640351371496,0.08049936291920343,0.002091447150098717,-0.031170505967951224,200,200,242.85531616210938
dinov2_b,cifar100,29,100,500,0.04876728036626915,0.0001956785114220839,0.0804326145546109,0.0020878193457310483,-0.03166533418834175,200,200,250.53771877288816
dinov2_g,cifar100,-1,100,500,0.030008624669895567,0.00014585741071636364,0.06955806561947654,0.0013606769359124171,-0.039549440949580975,200,200,242.9766457080841
dinov2_g,cifar100,0,100,500,0.029905454853401525,0.00012131422508047468,0.06930905382151538,0.0013541071468719473,-0.03940359896811384,200,200,236.71354532241818
dinov2_g,cifar100,1,100,500,0.029711115606557908,0.00015350150323308577,0.06939059417831751,0.0013744266581894131,-0.03967947857175961,200,200,237.2661688327789
dinov2_g,cifar100,2,100,500,0.0298010047525016,0.0001962618488703764,0.06957364497092773,0.0013636947860439974,-0.039772640218426115,200,200,225.60825395584104
dinov2_g,cifar100,3,100,500,0.029816840756647145,0.00016870273634970613,0.06924014558696133,0.0013520390672304616,-0.03942330483031417,200,200,221.69559335708615
dinov2_g,cifar100,4,100,500,0.029920944158062724,0.00016186673893196202,0.06935587567313857,0.001358138714719214,-0.03943493151507586,200,200,229.40448474884036
dinov2_g,cifar100,5,100,500,0.030100584226413762,0.0001907846815502732,0.06933508221261009,0.0013529125493771286,-0.039234497986196326,200,200,223.12205624580383
dinov2_g,cifar100,6,100,500,0.02945347043884685,0.00015047640342800612,0.06957601008916424,0.0013638273675128305,-0.0401225396503174,200,200,222.22127842903137
dinov2_g,cifar100,7,100,500,0.030018486044201962,0.00018351462958398476,0.0695241670622319,0.0013484460569913495,-0.03950568101802993,200,200,219.94120073318481
dinov2_g,cifar100,8,100,500,0.029953442526264275,0.00017452505612703222,0.06930047869516014,0.0013588157354639898,-0.03934703616889586,200,200,230.07408022880557
dinov2_g,cifar100,9,100,500,0.029830153920503987,0.00019095573257300863,0.06934472055609221,0.0013552084491046561,-0.03951456663558822,200,200,223.72604894638062
dinov2_g,cifar100,10,100,500,0.029862962873420763,0.00020001880045443783,0.0694626915611891,0.0013554842027765981,-0.039599728687768336,200,200,223.99136757850647
dinov2_g,cifar100,11,100,500,0.030011360038610494,0.0002029292444979112,0.069643008973225,0.0013611376963691664,-0.03963164893461451,200,200,224.33377695083615
dinov2_g,cifar100,12,100,500,0.030031085692843882,0.00017297067336713258,0.06920075543676568,0.0013558901004406749,-0.0391696697439218,200,200,230.06449556350708
dinov2_g,cifar100,13,100,500,0.029955702696714395,0.0002186059303809635,0.06958626215343723,0.0013568877693664345,-0.03963055945672282,200,200,223.6680202484131
dinov2_g,cifar100,14,100,500,0.029904858493281932,0.00018330865045599308,0.0694497571185555,0.0013472152434104551,-0.03954489862527357,200,200,229.96172046661374
dinov2_g,cifar100,15,100,500,0.02997850700990852,0.0001466212993953321,0.06965947738967634,0.0013574389140923228,-0.039680970379767824,200,200,220.0340397357941
dinov2_g,cifar100,16,100,500,0.029810731606005787,0.0001831728526703353,0.06954346286459029,0.00135510523013116,-0.039732731258584494,200,200,226.697211265564
dinov2_g,cifar100,17,100,500,0.0301664339612058,0.00018703561019492432,0.06936676392270913,0.0013565958792213875,-0.039200329961503334,200,200,238.26103472709656
dinov2_g,cifar100,18,100,500,0.030045383976011364,0.00017317279599901134,0.06949042116900214,0.0013617442852928805,-0.03944503719299078,200,200,244.57736945152283
dinov2_g,cifar100,19,100,500,0.029611982722672382,0.00013474186680430313,0.06961778333561675,0.0013670018006135356,-0.04000580061294436,200,200,229.94034743309018
dinov2_g,cifar100,20,100,500,0.029929270149467682,0.00018334058354695985,0.06924325009738139,0.0013452754112604358,-0.039313979947913705,200,200,231.5551705360413
dinov2_g,cifar100,21,100,500,0.02984649678301472,0.00015394847964576562,0.06937463074061473,0.0013582616435062855,-0.0395281339576,200,200,240.18757677078247
dinov2_g,cifar100,22,100,500,0.030088912374594257,0.0001746777325432565,0.0695241809210247,0.0013573356825771845,-0.03943526854643045,200,200,230.65012884140012
dinov2_g,cifar100,23,100,500,0.02996292519397482,0.00018549169917700002,0.06943020453783676,0.0013503847897407325,-0.03946727934386193,200,200,244.62844014167786
dinov2_g,cifar100,24,100,500,0.029857372280176438,0.00015681054626671118,0.06965319231218714,0.0013592744411406903,-0.039795820032010695,200,200,240.70544362068176
dinov2_g,cifar100,25,100,500,0.02971090012830224,0.00011956351728402312,0.06955973672208496,0.0013588949993206495,-0.039848836593782716,200,200,232.303955078125
dinov2_g,cifar100,26,100,500,0.02984645057503595,0.0001661043987888444,0.06926555599517208,0.0013480720453895474,-0.03941910542013613,200,200,248.6067934036255
dinov2_g,cifar100,27,100,500,0.029968488098273044,0.0001902184791028341,0.06933626161120418,0.001352356136538789,-0.039367773512931116,200,200,252.44349217414856
dinov2_g,cifar100,28,100,500,0.030008321737843888,0.00017432997159872235,0.06920148742391956,0.001353853409605761,-0.03919316568607567,200,200,250.15117979049683
dinov2_g,cifar100,29,100,500,0.02983666723487345,0.00012069367265439294,0.06954702457660025,0.0013609185821414395,-0.0397103573417268,200,200,258.3723361492157
dinov2_l,cifar100,-1,100,500,0.036464683107390115,0.00016461804818072786,0.07129818006414429,0.0015687160243546545,-0.03483349695675417,200,200,211.24956059455872
dinov2_l,cifar100,0,100,500,0.03646411740039734,0.00015856984105130936,0.0708856129115401,0.0015504711048935982,-0.03442149551114276,200,200,236.9609432220459
dinov2_l,cifar100,1,100,500,0.03632705841784584,0.0001268838401554444,0.07130483643314349,0.0015828153622297618,-0.03497777801529765,200,200,239.13101601600647
dinov2_l,cifar100,2,100,500,0.03626437925872388,0.000116266164388365,0.07144571503158258,0.0015731387718818824,-0.0351813357728587,200,200,228.84750938415527
dinov2_l,cifar100,3,100,500,0.03643341026613374,0.00011737284770928948,0.07094738587011076,0.0015603427823257154,-0.034513975603977017,200,200,224.53650641441345
dinov2_l,cifar100,4,100,500,0.036305028448944614,0.00013522790125462396,0.0710634625444699,0.0015627396376195679,-0.03475843409552529,200,200,227.66418743133545
dinov2_l,cifar100,5,100,500,0.036294169788734426,0.00015419467988135268,0.07099755182355989,0.0015549492436076867,-0.03470338203482547,200,200,218.5563325881958
dinov2_l,cifar100,6,100,500,0.03575787151089259,0.00014412570124591967,0.07131218210978232,0.001579779664614937,-0.03555431059888973,200,200,220.69206643104556
dinov2_l,cifar100,7,100,500,0.03656416664327696,0.00011212748412556047,0.07115999980951745,0.0015525784772310312,-0.0345958331662405,200,200,216.90526413917544
dinov2_l,cifar100,8,100,500,0.03644583194978497,0.0001658519364013654,0.07107184595831377,0.0015567274375228124,-0.03462601400852881,200,200,221.39131236076355
dinov2_l,cifar100,9,100,500,0.03603927926089177,0.0001637453886716671,0.07114717061661455,0.001561747873842298,-0.03510789135572278,200,200,225.22313475608826
dinov2_l,cifar100,10,100,500,0.036230071281502636,0.0001394852367899449,0.07104627004022436,0.0015558599188291418,-0.03481619875872172,200,200,221.47509145736691
dinov2_l,cifar100,11,100,500,0.03618714824675905,0.00010929629987199565,0.07137745747657492,0.0015563622306869096,-0.035190309229815885,200,200,220.55253005027768
dinov2_l,cifar100,12,100,500,0.036688735219820086,0.00014670074808141944,0.07096120956563486,0.0015640191172780831,-0.03427247434581476,200,200,222.48620748519897
dinov2_l,cifar100,13,100,500,0.03650802886573841,0.00015120889980673596,0.07131579255957497,0.0015659695777648646,-0.03480776369383656,200,200,221.8479521274567
dinov2_l,cifar100,14,100,500,0.0360147298444843,0.00013349757364723914,0.07103031705689992,0.0015530268813294047,-0.035015587212415634,200,200,217.88757872581482
dinov2_l,cifar100,15,100,500,0.036355915124286896,0.00011043931948376811,0.07133824098959334,0.0015700848773973065,-0.03498232586530644,200,200,221.66565918922424
dinov2_l,cifar100,16,100,500,0.03618576771224536,0.0001771318859014409,0.07114538745948827,0.0015590224046409325,-0.03495961974724292,200,200,218.35842657089236
dinov2_l,cifar100,17,100,500,0.0361180596214367,0.00013647110550844672,0.07110883352361977,0.0015614227637241946,-0.03499077390218307,200,200,239.80396676063538
dinov2_l,cifar100,18,100,500,0.03646482701775237,0.00017534989675875326,0.07120526786770577,0.001558023457768122,-0.03474044084995341,200,200,236.30223035812375
dinov2_l,cifar100,19,100,500,0.03593003044538014,0.00014838495282848283,0.07133216762376192,0.0015606890864018838,-0.0354021371783818,200,200,230.36948466300964
dinov2_l,cifar100,20,100,500,0.03652208236544367,0.00017059523509241274,0.07105384473099004,0.0015516127860971016,-0.03453176236554637,200,200,230.5369634628296
dinov2_l,cifar100,21,100,500,0.036615207051885576,0.00010788505415073847,0.07116376783434056,0.0015560327170442484,-0.03454856078245498,200,200,233.81507420539856
dinov2_l,cifar100,22,100,500,0.036213192881123374,0.00013713339063021156,0.07116590438691893,0.001565283640007326,-0.034952711505795535,200,200,241.2961835861206
dinov2_l,cifar100,23,100,500,0.03645404974649672,0.00012233823868531692,0.07103328679314179,0.0015492378853572653,-0.03457923704664507,200,200,237.98156023025516
dinov2_l,cifar100,24,100,500,0.03626462372068251,0.0001258132899706513,0.07135650251670514,0.0015585581923663802,-0.03509187879602263,200,200,228.5873565673828
dinov2_l,cifar100,25,100,500,0.03622445991643164,0.000111134703420969,0.07118801841709813,0.0015629837853315773,-0.034963558500666486,200,200,244.8445672988892
dinov2_l,cifar100,26,100,500,0.0361787164192662,0.00013929376162221898,0.07105716501567208,0.0015594579822999035,-0.03487844859640587,200,200,246.58187294006348
dinov2_l,cifar100,27,100,500,0.036290324058001436,0.00015083371103438042,0.07115861545281514,0.0015655301889600376,-0.034868291394813705,200,200,253.4757671356201
dinov2_l,cifar100,28,100,500,0.03685992979146401,0.00012778138804003773,0.07097828167251581,0.0015597931413102665,-0.0341183518810518,200,200,247.38210225105286
dinov2_l,cifar100,29,100,500,0.03616891289003641,0.00013847690232489732,0.07121112062689396,0.001570674120296073,-0.035042207736857546,200,200,250.84846138954163
dinov2_s,cifar100,-1,100,500,0.0672418727517851,0.00028089798370294533,0.09782655450877624,0.003114416408953809,-0.03058468175699114,200,200,225.02278470993042
dinov2_s,cifar100,0,100,500,0.06742352041209372,0.0002914892558503457,0.0976543634298996,0.003089567310937993,-0.030230843017805875,200,200,233.92218732833862
dinov2_s,cifar100,1,100,500,0.0673596049722708,0.0003557533199545125,0.09773380015677187,0.0031245349567794803,-0.030374195184501074,200,200,216.44853949546814
dinov2_s,cifar100,2,100,500,0.06679740246672013,0.0002539030881797499,0.09766720952061864,0.003088687202621413,-0.030869807053898513,200,200,229.3134880065918
dinov2_s,cifar100,3,100,500,0.06740401962368195,0.0002486087998831567,0.09752059992232273,0.003100459654215021,-0.03011658029864077,200,200,213.5415050983429
dinov2_s,cifar100,4,100,500,0.06714312563644788,0.0002281073108252712,0.09768369813920673,0.0031085233600985627,-0.030540572502758837,200,200,215.42572855949402
dinov2_s,cifar100,5,100,500,0.067323463418593,0.00020285819627284516,0.097550167027741,0.003091344460198366,-0.030226703609148007,200,200,219.3727638721466
dinov2_s,cifar100,6,100,500,0.06666903691161069,0.0002753017438965958,0.0976556582236358,0.003100245933344411,-0.03098662131202512,200,200,216.02392315864563
dinov2_s,cifar100,7,100,500,0.06726660746951771,0.00029103927665372347,0.09765781616410672,0.0030801111468638084,-0.030391208694589004,200,200,219.3315935134888
dinov2_s,cifar100,8,100,500,0.06698261377807088,0.0003043553477081002,0.09755984856042683,0.0030865600845245557,-0.03057723478235597,200,200,215.30494832992557
dinov2_s,cifar100,9,100,500,0.06695140969058819,0.00030470072919549064,0.09754269010016424,0.003096634551166669,-0.03059128040957605,200,200,218.8450038433075
dinov2_s,cifar100,10,100,500,0.06803586029706643,0.00035870375704769286,0.09772805887238203,0.0030951289612396907,-0.029692198575315586,200,200,217.143899679184
dinov2_s,cifar100,11,100,500,0.06708877160937134,0.0003137392877187149,0.09788900122735476,0.0031150890315430795,-0.030800229617983427,200,200,213.5312042236328
dinov2_s,cifar100,12,100,500,0.06704578821505561,0.00017863219735070072,0.09763214254249837,0.003107328026599637,-0.030586354327442774,200,200,219.47876358032227
dinov2_s,cifar100,13,100,500,0.06776838732441849,0.00026692277009467553,0.09779311702723667,0.0031063921980393674,-0.030024729702818182,200,200,218.1369354724884
dinov2_s,cifar100,14,100,500,0.068052220850195,0.00034985968497507015,0.09771499455674457,0.0030830526037108857,-0.029662773706549562,200,200,222.40527319908142
dinov2_s,cifar100,15,100,500,0.06672908895020616,0.0003154228410306797,0.09764631291067684,0.003096470466128712,-0.030917223960470683,200,200,217.6660661697388
dinov2_s,cifar100,16,100,500,0.06754125600423642,0.00037439074035013867,0.09767235546650348,0.003104958742526032,-0.03013109946226705,200,200,214.79897904396057
dinov2_s,cifar100,17,100,500,0.06668922125459859,0.00027233926294432145,0.09756461756543763,0.003101187332720073,-0.030875396310839062,200,200,226.41324090957642
dinov2_s,cifar100,18,100,500,0.06652176083573343,0.00027141688094407265,0.0976928517803456,0.003084722634725619,-0.03117109094461216,200,200,231.7073812484741
dinov2_s,cifar100,19,100,500,0.06715145347351767,0.00033866526899840866,0.09766757091367596,0.0031020403601383357,-0.03051611744015828,200,200,226.99435830116272
dinov2_s,cifar100,20,100,500,0.06699778128180581,0.0002714866295867767,0.09759994418965767,0.0030995699046902645,-0.030602162907851862,200,200,223.02430129051208
dinov2_s,cifar100,21,100,500,0.06699060301379113,0.00026363692479401034,0.0976847368932234,0.003104765579592334,-0.03069413387943226,200,200,231.80564737319943
dinov2_s,cifar100,22,100,500,0.06716460958623878,0.0002184330405553939,0.0976601742463214,0.0030995727540909994,-0.03049556466008263,200,200,223.5336184501648
dinov2_s,cifar100,23,100,500,0.06681174377931724,0.00026976069983110503,0.0974729626344751,0.003088435452686223,-0.03066121885515785,200,200,233.17491149902344
dinov2_s,cifar100,24,100,500,0.06707462077155225,0.0002560306502881114,0.09773065030431193,0.003086985058276341,-0.030656029532759657,200,200,237.62100386619568
dinov2_s,cifar100,25,100,500,0.06650681099669395,0.0002942902504618688,0.09756269621591633,0.0030945868374151453,-0.031055885219222368,200,200,233.10505962371826
dinov2_s,cifar100,26,100,500,0.06634251898669571,0.00027534104820369203,0.09736992936134876,0.003079397808683178,-0.031027410374653036,200,200,228.2597763538361
dinov2_s,cifar100,27,100,500,0.06676184228385235,0.00027877834151343383,0.09768752637383936,0.003115231680596292,-0.030925684089987027,200,200,235.81614351272583
dinov2_s,cifar100,28,100,500,0.0668792969962962,0.0002947482926899023,0.09767573670306157,0.0031107051668225172,-0.030796439706765363,200,200,244.7329156398773
dinov2_s,cifar100,29,100,500,0.06635160706555923,0.00029345985461367853,0.0977037369942729,0.0031040050799733304,-0.03135212992871367,200,200,246.72855257987976
i21k_b,cifar100,-1,100,500,0.12592955120900734,0.00041531548991135056,0.12020199790546808,0.007242950937969663,0.00572755330353926,43,200,242.6684386730194
i21k_b,cifar100,0,100,500,0.12672882730907106,0.00028303475542742525,0.1202132335745249,0.007192210115980193,0.00651559373454616,40,200,238.35914826393127
i21k_b,cifar100,1,100,500,0.12598267126235796,0.0004242193901332362,0.12024145115119805,0.007204842073968867,0.005741220111159921,43,200,227.91938519477844
i21k_b,cifar100,2,100,500,0.12415087156649733,0.00034054258276614664,0.1199119278133488,0.007238868541547288,0.004238943753148525,59,200,223.1584656238556
i21k_b,cifar100,3,100,500,0.12637755328667094,0.00041889802086488817,0.12029867303450545,0.007223823767686345,0.006078880252165532,42,200,222.07095956802368
i21k_b,cifar100,4,100,500,0.12528973860765014,0.00041432290168283474,0.12040559710175705,0.007221660155523876,0.004884141505893128,54,200,223.6692397594452
i21k_b,cifar100,5,100,500,0.12732542523507145,0.0004631197403881071,0.12023803044781126,0.007169373538862111,0.007087394787260198,36,200,219.22553944587708
i21k_b,cifar100,6,100,500,0.1278801502141424,0.0004706485865807856,0.12025389031199647,0.00724504263598453,0.007626259902145924,32,200,214.37340641021729
i21k_b,cifar100,7,100,500,0.12485086579336015,0.0003786260467824233,0.11996375359241455,0.0072308073684771235,0.004887112200945606,53,200,220.77711081504825
i21k_b,cifar100,8,100,500,0.1239641965921738,0.0004052787399533767,0.12006613455537425,0.0072266586067205344,0.003898062036799557,62,200,222.93180131912231
i21k_b,cifar100,9,100,500,0.1238540380246088,0.0004917900519470597,0.12004589312510668,0.007224513440807473,0.003808144899502111,65,200,210.97731757164001
i21k_b,cifar100,10,100,500,0.12490006188988488,0.00034147942972187245,0.12033987360609273,0.007196457001204823,0.004560188283792149,56,200,214.1750454902649
i21k_b,cifar100,11,100,500,0.12538718820255434,0.0004722042170065241,0.11992521369416695,0.007230095436350489,0.005461974508387382,45,200,216.2011182308197
i21k_b,cifar100,12,100,500,0.12595310982369404,0.0004110229046130139,0.1199311541813768,0.007256841098223899,0.006021955642317264,42,200,216.2954697608948
i21k_b,cifar100,13,100,500,0.1253500070865234,0.0002818213360807158,0.11990058840618675,0.007198779061743913,0.005449418680336646,45,200,217.25069403648376
i21k_b,cifar100,14,100,500,0.12653329765740445,0.00041656407530318965,0.12007525052238753,0.007249161872797694,0.006458047135016923,39,200,214.87353539466858
i21k_b,cifar100,15,100,500,0.125061280275446,0.00044726624557620204,0.12023725383491055,0.007231929707706948,0.00482402644053545,53,200,219.48639297485352
i21k_b,cifar100,16,100,500,0.12357964398904628,0.0003209188955191508,0.12020500690145493,0.007208152425125247,0.00337463708759135,70,200,214.9186582565308
i21k_b,cifar100,17,100,500,0.12631223336104186,0.000395757813773348,0.11999912243108485,0.0072263127016897345,0.006313110929956997,41,200,231.11487698554996
i21k_b,cifar100,18,100,500,0.125796410021741,0.00043687206343462283,0.12032615606183715,0.007189862513206116,0.005470253959903831,45,200,230.29380416870117
i21k_b,cifar100,19,100,500,0.12397110090532586,0.00040089551605001003,0.11982683946841373,0.007213052240354358,0.004144261436912114,58,200,233.0248293876648
i21k_b,cifar100,20,100,500,0.12585155207673165,0.00034542774947359884,0.12018820477767868,0.007204456195597336,0.005663347299052962,43,200,232.4047179222107
i21k_b,cifar100,21,100,500,0.1266188276762465,0.0004220939488082064,0.11980276959483464,0.007227409181338408,0.0068160580814118354,38,200,218.99645161628723
i21k_b,cifar100,22,100,500,0.12516435398308884,0.00036263292048174296,0.12019248109866094,0.007165411484164013,0.004971872884427893,49,200,228.91927695274356
i21k_b,cifar100,23,100,500,0.12497243692732285,0.0003937395604325617,0.11998514759555533,0.007235511477054111,0.004987289331767522,52,200,235.1804280281067
i21k_b,cifar100,24,100,500,0.12442734088443265,0.00033068724816664113,0.11975708955784208,0.007231863487652954,0.004670251326590574,56,200,234.220577955246
i21k_b,cifar100,25,100,500,0.12674685966757618,0.00042797411665097736,0.11977598536738765,0.007237629910109784,0.006970874300188543,37,200,228.39792037010196
i21k_b,cifar100,26,100,500,0.12563600654172574,0.0004958148076301996,0.12002137199951453,0.007187491554903868,0.0056146345422112545,43,200,225.2605600357056
i21k_b,cifar100,27,100,500,0.12543734894464525,0.0003299851914121938,0.12009244108781357,0.007211545731106451,0.005344907856831671,46,200,246.6232531070709
i21k_b,cifar100,28,100,500,0.12637603263930686,0.0005285028923904772,0.11985519692773584,0.00725363345865756,0.006520835711570985,40,200,240.22066521644592
i21k_b,cifar100,29,100,500,0.1268104173054215,0.0003898396318492672,0.12014958826940715,0.007185401519918111,0.006660829036014365,39,200,245.2199366092682
i21k_l,cifar100,-1,100,500,0.09395713512929824,0.0002113500247731973,0.11443380939662295,0.00510465479628416,-0.020476674267324704,200,200,241.0048451423645
i21k_l,cifar100,0,100,500,0.09377959816284284,0.00026592162314750096,0.11421958112927195,0.00504350254801863,-0.02043998296642914,200,200,240.60251212120056
i21k_l,cifar100,1,100,500,0.09408261630441683,0.00025740205557234555,0.1143690976099546,0.00506138650292342,-0.02028648130553776,200,200,236.11569666862488
i21k_l,cifar100,2,100,500,0.09358833191068223,0.0002780749049658023,0.11433725566825867,0.0050982894080557565,-0.020748923757576438,200,200,224.18304109573364
i21k_l,cifar100,3,100,500,0.09468711780735108,0.0002172819364590141,0.11424426339873348,0.0050717461146224324,-0.0195571455913824,200,200,219.06677651405332
i21k_l,cifar100,4,100,500,0.09346752545974094,0.00023337584061425932,0.11433438089065705,0.005060393804665692,-0.02086685543091613,200,200,222.7598934173584
i21k_l,cifar100,5,100,500,0.09361275605784967,0.00020466742249988502,0.11421009453699275,0.005050115105029933,-0.02059733847914305,200,200,216.41173124313354
i21k_l,cifar100,6,100,500,0.0937118129802941,0.00027784545380937585,0.11423810272046347,0.005070098809348009,-0.020526289740169387,200,200,223.87858152389526
i21k_l,cifar100,7,100,500,0.09366551770679653,0.0002746582779449523,0.1140371807985813,0.005064544837182589,-0.02037166309178477,200,200,227.0156741142273
i21k_l,cifar100,8,100,500,0.09379456167216972,0.000244343551267938,0.1141125286983222,0.005069542664985764,-0.020317967026152503,200,200,221.04928851127625
i21k_l,cifar100,9,100,500,0.093983568761304,0.00024302611693650478,0.11418452955876725,0.0050597283263995076,-0.020200960797463224,200,200,219.0535218715668
i21k_l,cifar100,10,100,500,0.093375907606612,0.00026126902421368044,0.11429353365638616,0.005036641307036857,-0.02091762604977417,200,200,216.9625675678253
i21k_l,cifar100,11,100,500,0.09230043364033816,0.00022069159584457728,0.11423639789414232,0.005092090177616938,-0.021935964253804147,200,200,228.31604981422424
i21k_l,cifar100,12,100,500,0.09478921150472727,0.0002343299679605522,0.11414265915267947,0.005088214328229209,-0.0193534476479522,200,200,220.91578269004825
i21k_l,cifar100,13,100,500,0.09381936622195004,0.0002698905200355061,0.11417460983266588,0.005056142282592832,-0.020355243610715848,200,200,215.5194756984711
i21k_l,cifar100,14,100,500,0.09396055600090022,0.0002693385970300101,0.11443150419713885,0.005099525860766513,-0.020470948196238608,200,200,222.78512597084045
i21k_l,cifar100,15,100,500,0.09359091143168888,0.000293895356675899,0.11427408432725948,0.005080374424849727,-0.02068317289557059,200,200,229.53882765769958
i21k_l,cifar100,16,100,500,0.09350672083824448,0.00020525353915643396,0.1142122163310513,0.005072925477510993,-0.020705495492806814,200,200,223.29789113998413
i21k_l,cifar100,17,100,500,0.0938206596013745,0.0002530550819799333,0.11398479595372145,0.005081478178914764,-0.020164136352346942,200,200,240.18818497657776
i21k_l,cifar100,18,100,500,0.0943066545778302,0.00029432044004276675,0.1141385178011942,0.005093370270449624,-0.019831863223363985,200,200,235.98193883895874
i21k_l,cifar100,19,100,500,0.09340450619110112,0.0001671636002626434,0.114191465736211,0.005061227934668894,-0.020786959545109868,200,200,231.9610366821289
i21k_l,cifar100,20,100,500,0.09334188724950032,0.0003413328109335328,0.11421376980760982,0.005059852526045627,-0.020871882558109497,200,200,231.88219261169436
i21k_l,cifar100,21,100,500,0.09286180000769494,0.00015874280813111703,0.1140656952139857,0.005092938027350729,-0.021203895206290763,200,200,229.2311930656433
i21k_l,cifar100,22,100,500,0.0937612050537812,0.00026130962333859964,0.11407910945903905,0.005052422862095896,-0.020317904405257825,200,200,233.5584111213684
i21k_l,cifar100,23,100,500,0.09436447920686172,0.0002261208480905358,0.11415709862093625,0.005084165523283918,-0.019792619414074536,200,200,240.10943508148196
i21k_l,cifar100,24,100,500,0.09353383124707916,0.00020209284559908564,0.11400358088457853,0.0050853616319023005,-0.020469749637499368,200,200,234.2050859928131
i21k_l,cifar100,25,100,500,0.09437264402085756,0.00019619939349726625,0.11406448112462725,0.005089713998772029,-0.01969183710376969,200,200,230.1517970561981
i21k_l,cifar100,26,100,500,0.09276808065973184,0.00031632037918847053,0.11420411806637212,0.0050506151879987785,-0.021436037406640296,200,200,236.0811772346497
i21k_l,cifar100,27,100,500,0.09267929396594583,0.00026392462441722763,0.11412944180559215,0.005107843197244695,-0.0214501478396463,200,200,244.975590467453
i21k_l,cifar100,28,100,500,0.09447507550106078,0.00018312968091879905,0.11420544474175374,0.005078849018929763,-0.019730369240692963,200,200,240.92747688293457
i21k_l,cifar100,29,100,500,0.09375977090490356,0.00029123088166158083,0.1142178946121332,0.005047517440021448,-0.02045812370722963,200,200,248.8020498752594
i21k_s,cifar100,-1,100,500,0.122018838875406,0.00031181699995200686,0.1223685769101924,0.0069892044245463214,-0.0003497380347863982,111,200,222.15478277206418
i21k_s,cifar100,0,100,500,0.1218571920933453,0.00022187732360091905,0.12210556544120672,0.006944358670503864,-0.00024837334786140247,111,200,227.47710847854614
i21k_s,cifar100,1,100,500,0.12317156176653125,0.00038537489977634085,0.12208274416140368,0.00700597757881037,0.0010888176051275509,95,200,231.36892676353455
i21k_s,cifar100,2,100,500,0.12041120208256413,0.0002782102601116691,0.1224938825446063,0.006948578226748724,-0.002082680462042172,125,200,221.58591198921204
i21k_s,cifar100,3,100,500,0.12252728995419107,0.00026403155381189046,0.12234978316155355,0.006964251789338747,0.00017750679263750513,107,200,214.27010083198547
i21k_s,cifar100,4,100,500,0.12137511753566788,0.0003023389175788686,0.1225177040797051,0.006983996064785393,-0.001142586544037219,118,200,213.94233107566836
i21k_s,cifar100,5,100,500,0.12356542416544987,0.00031455165220243213,0.12235863184602085,0.006932864408605089,0.001206792319429037,95,200,215.9357168674469
i21k_s,cifar100,6,100,500,0.12392119618832267,0.00028344864053641525,0.12238005940918666,0.006978189750967771,0.001541136779136032,92,200,211.73117446899414
i21k_s,cifar100,7,100,500,0.1210067103805859,0.00034212154967238907,0.12208913130786707,0.006984034635956654,-0.001082420927281183,116,200,217.84000515937802
i21k_s,cifar100,8,100,500,0.12102506645789385,0.00019944842627138854,0.12201296769347368,0.006991021031757216,-0.000987901235579805,116,200,214.9786298274994
i21k_s,cifar100,9,100,500,0.12058394430968535,0.00029833439208891345,0.12222895680503293,0.006978403425618209,-0.0016450124953475561,122,200,214.1703200340271
i21k_s,cifar100,10,100,500,0.1214085522587743,0.00022940623744793228,0.12207520208157947,0.006987802067145976,-0.0006666498228051904,113,200,214.14295864105225
i21k_s,cifar100,11,100,500,0.12133431470044033,0.0003124178699710936,0.12248744137554335,0.0069322887052669395,-0.0011531266751030472,117,200,211.13134741783142
i21k_s,cifar100,12,100,500,0.12285844896682767,0.00016586466775454282,0.1224112356449937,0.006962337500979362,0.00044721332183396417,104,200,218.61096596717837
i21k_s,cifar100,13,100,500,0.12155982420753213,0.0003438625138233411,0.12202066663738168,0.007000517172550434,-0.0004608424298495617,112,200,216.02936363220212
i21k_s,cifar100,14,100,500,0.1224842948555626,0.0002835923776201285,0.12211436893393995,0.007002672077385056,0.00036992592162264637,106,200,213.03774237632751
i21k_s,cifar100,15,100,500,0.12086373864115693,0.0002408492637377168,0.12222551395468552,0.006991987576280898,-0.0013617753135286015,119,200,216.07682824134827
i21k_s,cifar100,16,100,500,0.11900503920530454,0.0002851600831559758,0.12235340749164535,0.006930636246331898,-0.0033483682863408165,129,200,216.53387880325317
i21k_s,cifar100,17,100,500,0.12191416100225065,0.00032156422787357904,0.12230109016896268,0.006971339800881165,-0.0003869291667120273,111,200,226.32950067520144
i21k_s,cifar100,18,100,500,0.1231932712539756,0.00026947447102798605,0.1222335237630777,0.00695571070069048,0.0009597474908979164,97,200,221.62626838684082
i21k_s,cifar100,19,100,500,0.12196487477758125,0.0003641886920440816,0.12196594734205345,0.006964075741691386,-1.0725644721820693e-06,109,200,227.70885682106015
i21k_s,cifar100,20,100,500,0.12165389751581833,0.0003840453639070708,0.12246606375264905,0.006945777030845622,-0.0008121662368307248,115,200,225.17146158218384
i21k_s,cifar100,21,100,500,0.12432870807561858,0.0005357751573555173,0.1222120941079427,0.0069748024628615,0.0021166139676758733,85,200,222.72990894317627
i21k_s,cifar100,22,100,500,0.12044838793114986,0.00027718896898144146,0.1222309989203624,0.00691951542830809,-0.0017826109892125767,122,200,226.23656582832336
i21k_s,cifar100,23,100,500,0.12110109251085345,0.00036200357780174456,0.12203902023568003,0.006980354392088685,-0.0009379277248265512,116,200,230.24192810058597
i21k_s,cifar100,24,100,500,0.1206142751091034,0.00046165698729033945,0.1221237068514676,0.006971311892600498,-0.0015094317423641757,122,200,235.0190465450287
i21k_s,cifar100,25,100,500,0.12257087535337595,0.00043747142129570117,0.1219913955079978,0.006976660749251986,0.0005794798453781503,105,200,228.9388816356659
i21k_s,cifar100,26,100,500,0.12219374039526612,0.0002525380691538043,0.12222497111277066,0.0069232876424195795,-3.1230717504507344e-05,110,200,227.5176854133606
i21k_s,cifar100,27,100,500,0.12149665117147382,0.00029655352172924137,0.1221200029757072,0.006955500367081144,-0.0006233518042333687,112,200,228.1588237285614
i21k_s,cifar100,28,100,500,0.12195203126810646,0.00035536189220968667,0.12198506815107145,0.007008784325690876,-3.3036882964992964e-05,108,200,247.61835384368896
i21k_s,cifar100,29,100,500,0.1225723501919278,0.00029825352951713555,0.12224882928969745,0.006953597984249725,0.00032352090223035373,106,200,238.77233123779297
i21k_t,cifar100,-1,100,500,0.13091116037629616,0.00018946347045129994,0.13735744238150233,0.008440346745269561,-0.006446282005206167,151,200,211.93896770477292
i21k_t,cifar100,0,100,500,0.12802733126834198,0.00025901970961437896,0.1368845642251291,0.008436419581117634,-0.008857232956787087,170,200,237.8663468360901
i21k_t,cifar100,1,100,500,0.13110238236564753,0.0004141580394931629,0.1373341461173406,0.008351128713572941,-0.00623176375169307,151,200,227.9061405658722
i21k_t,cifar100,2,100,500,0.13140714778213708,0.00038099989087615266,0.13730724143309733,0.008379301670683667,-0.005900093650960253,148,200,223.4076418876648
i21k_t,cifar100,3,100,500,0.13196703341962207,0.00041604295585024524,0.13737919750531633,0.008397994587544566,-0.005412164085694254,143,200,219.7836947441101
i21k_t,cifar100,4,100,500,0.13270806614192854,0.0002567274654606951,0.1368407062914763,0.008493235209236479,-0.004132640149547756,130,200,215.0633614063263
i21k_t,cifar100,5,100,500,0.13327667336915788,0.0003155303706951488,0.1373465164491971,0.008392840552877985,-0.004069843080039215,131,200,215.34558415412903
i21k_t,cifar100,6,100,500,0.1307218974458739,0.00025576268080910764,0.1371943519905661,0.00840251165903059,-0.006472454544692197,151,200,210.98054194450376
i21k_t,cifar100,7,100,500,0.13132139840524865,0.00036662848166770553,0.13697293022820156,0.008439638580338023,-0.0056515318229529155,145,200,218.0870566368103
i21k_t,cifar100,8,100,500,0.13186582558444707,0.00038693592013977403,0.1367152983863396,0.008455731636557284,-0.004849472801892546,136,200,215.56796002388
i21k_t,cifar100,9,100,500,0.13049467859361036,0.0002100597285840099,0.13738003246189234,0.008424490259799624,-0.006885353868281985,155,200,218.80098843574524
i21k_t,cifar100,10,100,500,0.13125513561664465,0.00037581127341282383,0.13686106993270614,0.008473699720668252,-0.005605934316061517,143,200,211.80011892318728
i21k_t,cifar100,11,100,500,0.12665441795354565,0.0003410496822135811,0.13719320454085016,0.008412648393364648,-0.010538786587304505,179,200,213.90967440605164
i21k_t,cifar100,12,100,500,0.1308995335586904,0.0005794899942972932,0.13702184935277892,0.008376360424558856,-0.0061223157940885065,149,200,216.03753519058228
i21k_t,cifar100,13,100,500,0.12985690811649034,0.0002920033090256558,0.13692702509462135,0.008388781838900308,-0.007070116978130979,159,200,222.41784000396729
i21k_t,cifar100,14,100,500,0.13429897975274746,0.0002618023735047252,0.13683971536089334,0.00848371792259509,-0.002540735608145911,118,200,212.37275314331055
i21k_t,cifar100,15,100,500,0.1307085638788136,0.00027663422407673584,0.13660295421179766,0.008462693745378244,-0.005894390332984029,147,200,205.8176889419556
i21k_t,cifar100,16,100,500,0.13043085384252034,0.00034783782281551574,0.13720725394139874,0.00839697227782327,-0.006776400098878421,155,200,216.17598509788516
i21k_t,cifar100,17,100,500,0.13309394702712649,0.00020535295095973246,0.1370020698397614,0.008470571248212034,-0.003908122812634918,130,200,212.88023900985718
i21k_t,cifar100,18,100,500,0.13199625542302953,0.0003380786912789528,0.1371992574049644,0.008419582874979795,-0.0052030019819348525,141,200,233.5931534767151
i21k_t,cifar100,19,100,500,0.13109620575666547,0.000288746581776123,0.13710045769328358,0.008410054000384033,-0.006004251936618105,149,200,232.82471203804016
i21k_t,cifar100,20,100,500,0.13135947781204024,0.00024558939913397787,0.13754802498924568,0.008297152604048431,-0.006188547177205434,151,200,226.9679067134857
i21k_t,cifar100,21,100,500,0.13126766826106415,0.00035208654069509047,0.13708586652092294,0.00840473498614546,-0.00581819825985877,146,200,222.2421269416809
i21k_t,cifar100,22,100,500,0.13192556373433167,0.00035458462560954336,0.13670099849271813,0.008478059558711195,-0.00477543475838646,137,200,221.56118297576904
i21k_t,cifar100,23,100,500,0.13066675208369533,0.0002998549182118348,0.13720375681081987,0.008383941516538162,-0.00653700472712454,153,200,221.58669567108157
i21k_t,cifar100,24,100,500,0.1325827222718239,0.0002860477997598629,0.1370352303620681,0.008422192366331224,-0.004452508090244195,135,200,228.96467566490173
i21k_t,cifar100,25,100,500,0.1276197683855914,0.0003444139282175168,0.1369110471961582,0.008449064545107408,-0.009291278810566822,172,200,226.54608535766602
i21k_t,cifar100,26,100,500,0.12899132808577776,0.0003900117882266527,0.13731761866582773,0.008366986560637123,-0.008326290580049966,165,200,225.9361801147461
i21k_t,cifar100,27,100,500,0.1342433579100021,0.00036493858113585047,0.1369224845988987,0.008400252903031008,-0.0026791266888965826,118,200,233.49927163124084
i21k_t,cifar100,28,100,500,0.13101389459620388,0.00029993654549162143,0.13702132253757096,0.008386025874105517,-0.006007427941367077,149,200,242.1447160243988
i21k_t,cifar100,29,100,500,0.13323932131877214,0.00022782936224287567,0.13714143932246167,0.008426645525047606,-0.0039021180036895313,129,200,235.55384230613708
siglip_b,cifar100,-1,100,500,0.09781604158699787,0.0005469030512733434,0.11978152350086715,0.0050594220803632595,-0.02196548191386928,200,200,236.46663522720337
siglip_b,cifar100,0,100,500,0.0989944379315238,0.0005784680217680524,0.11970183997602984,0.005038897678591446,-0.02070740204450605,200,200,231.57300543785092
siglip_b,cifar100,1,100,500,0.09815463176842958,0.0004928837731501596,0.11965158181412533,0.005060115326953621,-0.021496950045695757,200,200,234.4747233390808
siglip_b,cifar100,2,100,500,0.09796308482898436,0.0005266765215523083,0.1197234556400904,0.005033665558428331,-0.02176037081110603,200,200,225.017204284668
siglip_b,cifar100,3,100,500,0.0976463778080633,0.0006715737228208245,0.11960037055943255,0.005034694258933457,-0.021953992751369264,200,200,216.54167938232425
siglip_b,cifar100,4,100,500,0.09809840143436777,0.0005709292221729325,0.11978669798239562,0.005048705297871242,-0.02168829654802785,200,200,216.83653855323792
siglip_b,cifar100,5,100,500,0.09712360595270947,0.0005209769536491243,0.11971724028416247,0.005040102060539279,-0.02259363433145299,200,200,219.17329788208008
siglip_b,cifar100,6,100,500,0.09921332931580902,0.0004933466581514056,0.11970096109066068,0.005054845231109021,-0.020487631774851647,200,200,219.0668671131134
siglip_b,cifar100,7,100,500,0.09859817275522198,0.0005452067413600645,0.1196385298904344,0.005033167293798257,-0.021040357135212438,200,200,210.34464001655581
siglip_b,cifar100,8,100,500,0.098702188096262,0.0005082735276994098,0.1194819006631947,0.005055630438429375,-0.0207797125669327,200,200,222.36666822433472
siglip_b,cifar100,9,100,500,0.0980743021827183,0.0005336847460859894,0.1195055300092692,0.005066329025848725,-0.02143122782655089,200,200,220.70215940475464
siglip_b,cifar100,10,100,500,0.0980349272469519,0.0005615719537557255,0.11967411488461595,0.005033259960046786,-0.02163918763766406,200,200,217.5198225975037
siglip_b,cifar100,11,100,500,0.09878691473314144,0.0005392611671968215,0.1197054152164915,0.0050414099619803384,-0.020918500483350047,200,200,217.16959404945374
siglip_b,cifar100,12,100,500,0.09830248150675423,0.0004988563925229199,0.11961643089321412,0.005036071840038832,-0.02131394938645989,200,200,217.96431612968445
siglip_b,cifar100,13,100,500,0.0983803274737376,0.000628787425608481,0.11976655092323887,0.005042987522558174,-0.021386223449501283,200,200,208.4320592880249
siglip_b,cifar100,14,100,500,0.09869831185531004,0.0005538829192604048,0.1196623801635522,0.005057765788401389,-0.02096406830824217,200,200,217.12160205841062
siglip_b,cifar100,15,100,500,0.09792178130563542,0.0005859469929806095,0.11973304492497247,0.005021749068514414,-0.02181126361933706,200,200,218.10814309120175
siglip_b,cifar100,16,100,500,0.0974881847622208,0.0005000078857907205,0.11966766285454693,0.005017359019458939,-0.022179478092326132,200,200,220.13175845146182
siglip_b,cifar100,17,100,500,0.09686621017596922,0.000520298115728431,0.11955092255647852,0.0050622898583384075,-0.0226847123805093,200,200,224.72074794769287
siglip_b,cifar100,18,100,500,0.0981019350600613,0.0005019324266571174,0.11962643544802218,0.005051827968457936,-0.021524500387960874,200,200,235.16791915893555
siglip_b,cifar100,19,100,500,0.09691313440866396,0.0005822641122360513,0.1195650378272296,0.005040168863148453,-0.022651903418565652,200,200,224.90447473526
siglip_b,cifar100,20,100,500,0.09750580961579963,0.00042465955232676947,0.11973832205079035,0.0050427410698285794,-0.022232512434990703,200,200,232.1729395389557
siglip_b,cifar100,21,100,500,0.0981537285678418,0.00042541089937245686,0.11959961861682827,0.0050444838169341035,-0.02144589004898648,200,200,230.85062122344968
siglip_b,cifar100,22,100,500,0.0977967661314678,0.0005660355287408666,0.119693599495743,0.0050426574018871476,-0.021896833364275226,200,200,229.5236496925354
siglip_b,cifar100,23,100,500,0.0983162930373699,0.0005411108241912334,0.1196848101022266,0.00504608093486849,-0.02136851706485671,200,200,232.65818572044373
siglip_b,cifar100,24,100,500,0.09775284845025606,0.0005921432085555286,0.1196318792877445,0.005028685060131925,-0.021879030837488447,200,200,240.98919558525085
siglip_b,cifar100,25,100,500,0.09837803105340756,0.0005855671048818343,0.11953076239375557,0.005053805664730339,-0.021152731340348018,200,200,227.58068609237668
siglip_b,cifar100,26,100,500,0.09613270406533676,0.0005834254692421982,0.1195727198475797,0.004992586059022008,-0.02344001578224293,200,200,232.9308655261993
siglip_b,cifar100,27,100,500,0.09678775388621466,0.000546704497412593,0.11960998663201824,0.005030511801436217,-0.022822232745803583,200,200,241.27826142311096
siglip_b,cifar100,28,100,500,0.09783734594462126,0.0006316048208177704,0.1194399388945924,0.005075733011900925,-0.02160259294997113,200,200,249.62198972702026
siglip_b,cifar100,29,100,500,0.0958269939359994,0.0005865238389579935,0.11952173583468136,0.0050536206517396215,-0.023694741898681967,200,200,254.08089470863342
clip_b,dtd,-1,47,80,0.09882658147110926,0.00018551046647280768,0.12279249196725385,0.0065203900653839145,-0.02396591049614459,200,200,232.03983330726624
clip_b,dtd,0,47,80,0.09750347867205557,0.00044824790000737785,0.12204478372088215,0.006364795527092388,-0.02454130504882658,200,200,233.44685530662537
clip_b,dtd,1,47,80,0.09882500056815832,0.00028664068355159354,0.12258841460563995,0.006400212712095117,-0.02376341403748164,200,200,232.0354700088501
clip_b,dtd,2,47,80,0.0967427746468621,0.00016914230444044332,0.12321677738741182,0.006455564262859915,-0.026474002740549733,200,200,221.23892617225647
clip_b,dtd,3,47,80,0.0984740894697638,0.00040030951421185534,0.12139840244048615,0.006314285027959335,-0.022924312970722338,200,200,215.7357349395752
clip_b,dtd,4,47,80,0.0968126292733268,0.00028932800115535803,0.12119287539901576,0.006426714808807308,-0.02438024612568898,200,200,218.7045328617096
clip_b,dtd,5,47,80,0.10198211583460262,0.0003088251586127517,0.12202980125659425,0.0063654145996451215,-0.020047685421991604,199,200,218.14742732048038
clip_b,dtd,6,47,80,0.09590871160341656,0.00030292582807612466,0.12089344073066813,0.0063047186065170475,-0.024984729127251568,200,200,224.82071661949158
clip_b,dtd,7,47,80,0.09929102684954938,0.00040496334367397767,0.1223309912375932,0.00639381696373283,-0.023039964388043833,200,200,213.7253999710083
clip_b,dtd,8,47,80,0.09922474755684914,0.000249484684404276,0.12176854001956808,0.006342804872848659,-0.022543792462718957,200,200,214.7809820175171
clip_b,dtd,9,47,80,0.10014812157546217,0.00035194448461131584,0.12194808778065985,0.0064395306762530455,-0.021799966205197654,200,200,215.3272476196289
clip_b,dtd,10,47,80,0.0978846431114552,0.000380816343996557,0.12197786555998867,0.006426143617917968,-0.02409322244853349,200,200,216.756639957428
clip_b,dtd,11,47,80,0.09501394988893598,0.0002588717377197625,0.12179081833913015,0.0063340944474049535,-0.026776868450194183,200,200,223.04480934143064
clip_b,dtd,12,47,80,0.09729370229227544,0.00014401558505073266,0.12213321966708922,0.006437164445971024,-0.024839517374813786,200,200,213.98973035812375
clip_b,dtd,13,47,80,0.09914852367582637,0.0003431528488834123,0.12201314893085362,0.0063620369219594755,-0.022864625255027263,200,200,222.50321793556213
clip_b,dtd,14,47,80,0.10124356190331699,0.0003266778846464621,0.12233269130368178,0.006465384544126312,-0.02108912940036478,199,200,220.10823178291318
clip_b,dtd,15,47,80,0.09538704889071292,0.000265130358392948,0.12218537099009515,0.006307542141819678,-0.026798322099382224,200,200,215.34486365318298
clip_b,dtd,16,47,80,0.09651682387000464,0.0002220585171300356,0.12103502072952628,0.0063264721081941425,-0.024518196859521627,200,200,215.42006754875183
clip_b,dtd,17,47,80,0.10060747180285272,0.0002345675877799041,0.12172206424906408,0.006331456215455725,-0.021114592446211347,200,200,214.71941328048703
clip_b,dtd,18,47,80,0.09619785163132884,0.0001787747402373444,0.12340806439519965,0.006430210348552006,-0.027210212763870825,200,200,215.61737942695615
clip_b,dtd,19,47,80,0.0999462638853262,0.00035916901929186444,0.1223483649779537,0.006417714674823637,-0.022402101092627497,200,200,217.5249228477478
clip_b,dtd,20,47,80,0.0956935198793086,0.00014840144646347157,0.12299798050620345,0.0064023954305757825,-0.027304460626894855,200,200,214.1657998561859
clip_b,dtd,21,47,80,0.09696133075254706,0.0004324875369461028,0.1231272895409103,0.006390244430716532,-0.026165958788363242,200,200,215.48091077804563
clip_b,dtd,22,47,80,0.09406529183079934,0.00027829535339130154,0.12244540395705313,0.0063672031813017905,-0.02838011212625378,200,200,218.90767741203308
clip_b,dtd,23,47,80,0.09545893454228001,0.000245345743165164,0.12274033413510728,0.006424951360996094,-0.027281399592827268,200,200,206.21022367477417
clip_b,dtd,24,47,80,0.09788531567097206,0.0002700860190666742,0.12117268292201358,0.006369183521386121,-0.023287367251041524,200,200,216.53648591041562
clip_b,dtd,25,47,80,0.09711768818682462,0.00016814181039222461,0.12219949444506865,0.0063675166129536,-0.025081806258244008,200,200,216.15809035301208
clip_b,dtd,26,47,80,0.0996866272964137,0.0003555643619991316,0.12303325458831595,0.006480030145485394,-0.023346627291902247,200,200,218.26059675216675
clip_b,dtd,27,47,80,0.09724155675624163,0.0003435041329264345,0.12173862151608247,0.006342203362145886,-0.024497064759840828,200,200,217.4576964378357
clip_b,dtd,28,47,80,0.0990454923147032,0.00037971872844659685,0.12113839886684605,0.006328592539555613,-0.02209290655214284,200,200,216.89063715934756
clip_b,dtd,29,47,80,0.09979139886390884,0.00040962972297501363,0.12198551425603348,0.006377519547184269,-0.022194115392124642,200,200,212.19061970710754
clip_l,dtd,-1,47,80,0.09791602685789023,0.0002366032967465189,0.1245343432516434,0.005827877381952468,-0.026618316393753144,200,200,235.27327871322632
clip_l,dtd,0,47,80,0.09561615057479307,0.00016255982183120538,0.12321392297747465,0.005687709738956199,-0.027597772402681558,200,200,238.4424684047699
clip_l,dtd,1,47,80,0.09608508727025053,0.0003674846432493165,0.12290322544239025,0.005618374815420827,-0.026818138172139724,200,200,236.0155339241028
clip_l,dtd,2,47,80,0.09453915889748377,0.00028332025438904834,0.12400040848280007,0.0056512275038196605,-0.029461249585316308,200,200,219.62862300872803
clip_l,dtd,3,47,80,0.0975705918676175,0.00030877112817722513,0.12331122396906595,0.005632292739747565,-0.025740632101448432,200,200,227.455575466156
clip_l,dtd,4,47,80,0.09759279153596548,0.00019756328044134028,0.12315163420802876,0.005782032462838418,-0.02555884267206326,200,200,217.71895909309387
clip_l,dtd,5,47,80,0.09768199566139267,0.0002992087572358227,0.12266784449176313,0.005652014836727423,-0.024985848830370458,200,200,221.8574502468109
clip_l,dtd,6,47,80,0.09750223345394156,0.00022073422176493106,0.12266671863961218,0.005661256613783444,-0.025164485185670604,200,200,221.66794657707214
clip_l,dtd,7,47,80,0.09870922710628924,0.0001847065529220651,0.1235856271249326,0.005615919195732296,-0.02487640001864336,200,200,217.6701979637146
clip_l,dtd,8,47,80,0.09796813021306744,0.0002143195350320317,0.12283105095001046,0.005646753069180822,-0.024862920736943017,200,200,218.0968682765961
clip_l,dtd,9,47,80,0.0988566959574084,0.00024297237884085765,0.1233457413350686,0.005702213450199186,-0.0244890453776602,200,200,227.5143060684204
clip_l,dtd,10,47,80,0.0960276115158952,0.00015878429062119654,0.12339407595342905,0.005780063648978426,-0.027366464437533863,200,200,225.5504744052887
clip_l,dtd,11,47,80,0.09531966162943753,0.00026789010202802184,0.1230260876216147,0.005619432394646783,-0.02770642599217717,200,200,220.87610030174253
clip_l,dtd,12,47,80,0.09413341765436596,0.0001801458946846933,0.12287278117783333,0.00573013495541541,-0.028739363523467364,200,200,215.6414952278137
clip_l,dtd,13,47,80,0.09699693277001484,0.00015681656832440628,0.12349215943310125,0.005659058585721407,-0.0264952266630864,200,200,212.4006929397583
clip_l,dtd,14,47,80,0.09891965303454893,0.00027767632875071803,0.12319817028336155,0.005668634189957968,-0.02427851724881265,200,200,224.18230295181274
clip_l,dtd,15,47,80,0.0936426967513833,0.000345952347370518,0.1226874792591909,0.005683504611339468,-0.029044782507807607,200,200,225.8786532878876
clip_l,dtd,16,47,80,0.09621701410915474,0.0003064332269634274,0.12256261868401673,0.0056431504572874176,-0.026345604574861986,200,200,218.76401829719543
clip_l,dtd,17,47,80,0.09756859961322324,0.00022506055772361582,0.12284929664773553,0.005643594007556678,-0.025280697034512276,200,200,220.77213335037231
clip_l,dtd,18,47,80,0.0946022964398433,0.00020965186307442903,0.12485626446200344,0.005683813010745545,-0.030253968022160155,200,200,225.0115027427673
clip_l,dtd,19,47,80,0.0979210918113688,0.00019356606098053832,0.12323273023901207,0.005735253180565023,-0.025311638427643262,200,200,220.3445463180542
clip_l,dtd,20,47,80,0.09411391740920363,0.0002141181910072509,0.12453524210354786,0.005647717789532071,-0.030421324694344207,200,200,216.3726148605347
clip_l,dtd,21,47,80,0.09515514948992516,0.0001968897858154536,0.12382693003429072,0.005667597339303044,-0.028671780544365564,200,200,227.32457828521729
clip_l,dtd,22,47,80,0.09164113587472776,0.00016504084196652098,0.12445284630703415,0.005617783444933518,-0.032811710432306414,200,200,220.31476855278012
clip_l,dtd,23,47,80,0.09373953670367748,0.0003823205696235108,0.12424594422537162,0.00564634324833279,-0.030506407521694142,200,200,218.08251523971558
clip_l,dtd,24,47,80,0.09820419621780876,0.00029458144085280395,0.12241411768260795,0.005633924705535626,-0.024209921464799198,200,200,226.14468550682068
clip_l,dtd,25,47,80,0.09550980765700136,0.00022989904719574966,0.12316137734831754,0.005633654454947482,-0.027651569691316186,200,200,217.8114759922028
clip_l,dtd,26,47,80,0.09772009992530853,0.00023337879199059186,0.12420442682954115,0.005696334875296088,-0.026484326904232608,200,200,222.4309995174408
clip_l,dtd,27,47,80,0.0964088074074584,0.0001776149070876096,0.12278090599953655,0.005727726662430513,-0.026372098592078192,200,200,221.78773522377014
clip_l,dtd,28,47,80,0.09630841718111996,0.00013122939597550858,0.12316038535121085,0.00568040798927172,-0.026851968170090917,200,200,220.05453300476074
clip_l,dtd,29,47,80,0.09779497225747097,0.0002093328801446149,0.12313326718360725,0.005570357079388542,-0.02533829492613625,200,200,141.34715008735657
dinov1_b,dtd,-1,47,80,0.095200424225416,0.0003949681991277883,0.12235467771685553,0.005597052401097143,-0.02715425349143953,200,200,234.46251821517944
dinov1_b,dtd,0,47,80,0.09133590829045997,0.00036244331882316383,0.12094291103499015,0.005428028582639276,-0.029607002744530195,200,200,236.6219208240509
dinov1_b,dtd,1,47,80,0.0949690159685192,0.0004638955283411137,0.12054511502229324,0.005249727914657998,-0.025576099053774046,200,200,226.63929843902588
dinov1_b,dtd,2,47,80,0.09433671794520268,0.00040007889944767444,0.12037537286475188,0.005416505575328714,-0.0260386549195492,200,200,225.48381328582764
dinov1_b,dtd,3,47,80,0.09473351950236636,0.0002641714314340422,0.12045087983722486,0.0053957484614856575,-0.025717360334858497,200,200,223.79965472221372
dinov1_b,dtd,4,47,80,0.09452158426057916,0.0002912135635049461,0.12055890574985458,0.005446572309576114,-0.026037321489275414,200,200,219.26258444786072
dinov1_b,dtd,5,47,80,0.09405398898969136,0.00043765050780966496,0.1205482921118358,0.005386824429074205,-0.026494303122144444,200,200,216.6133415699005
dinov1_b,dtd,6,47,80,0.09395759442677183,0.0002831333799640638,0.11992223726356145,0.0053430226227779475,-0.025964642836789592,200,200,216.11612606048584
dinov1_b,dtd,7,47,80,0.08931526060061787,0.00035564327315180776,0.12056352037657052,0.00534128378288305,-0.03124825977595265,200,200,221.89056515693662
dinov1_b,dtd,8,47,80,0.09468876078048913,0.00043812541501908055,0.12109116892801572,0.005424602478396176,-0.02640240814752659,200,200,218.82414937019348
dinov1_b,dtd,9,47,80,0.0921077824420117,0.0003175207243242856,0.1209617935070867,0.005447788924343139,-0.028854011065075003,200,200,220.7057065963745
dinov1_b,dtd,10,47,80,0.09560946948859736,0.00029542990991979326,0.1214158184622224,0.005468533008239611,-0.02580634897362505,200,200,219.1324787139893
dinov1_b,dtd,11,47,80,0.0947094099412984,0.0004739487533474145,0.12050258738844807,0.005426407725748986,-0.02579317744714966,200,200,223.94535207748413
dinov1_b,dtd,12,47,80,0.09549972858469946,0.000321726309935279,0.12048477305161315,0.005406209798908139,-0.024985044466913686,200,200,218.0241060256958
dinov1_b,dtd,13,47,80,0.0946949113292828,0.00033803773129804265,0.1200170223931796,0.005413492888575865,-0.025322111063896827,200,200,223.89806151390079
dinov1_b,dtd,14,47,80,0.09247890448918417,0.00030243668737213816,0.1204113114230477,0.0054506012420071,-0.02793240693386353,200,200,217.00595664978027
dinov1_b,dtd,15,47,80,0.09413466933404427,0.00023257886558093345,0.12054500897474996,0.00534416534147829,-0.026410339640705674,200,200,221.4674296379089
dinov1_b,dtd,16,47,80,0.09455555449275484,0.0003187811574669209,0.1195580830407528,0.005347419215171322,-0.025002528547997963,200,200,218.82365489006042
dinov1_b,dtd,17,47,80,0.09294532358852188,0.00035389614158479226,0.12111401067688599,0.005416449720271812,-0.02816868708836413,200,200,218.12522983551025
dinov1_b,dtd,18,47,80,0.0934730936967797,0.00036209093362607817,0.12081134569692108,0.005352425001902619,-0.027338252000141398,200,200,226.6058707237244
dinov1_b,dtd,19,47,80,0.09445911283136066,0.0002679575448142565,0.12016086137546515,0.0054070785294271315,-0.025701748544104508,200,200,218.22317457199097
dinov1_b,dtd,20,47,80,0.09189915014002034,0.00041693533311094465,0.12145649221213145,0.005466492032327478,-0.029557342072111126,200,200,217.2685983181
dinov1_b,dtd,21,47,80,0.09167023333004784,0.00022661033172106454,0.12054049748714785,0.005443358876019022,-0.028870264157100006,200,200,226.8278865814209
dinov1_b,dtd,22,47,80,0.08908296407323996,0.0002654116194335626,0.12086955168275496,0.005355953722610324,-0.03178658760951498,200,200,218.9642128944397
dinov1_b,dtd,23,47,80,0.09117588706162123,0.00026796216178040787,0.12214631866552228,0.0053564311101645685,-0.030970431603901036,200,200,221.1052794456482
dinov1_b,dtd,24,47,80,0.09390651867738634,0.000240172770176102,0.11971408405730885,0.005475874445050077,-0.0258075653799225,200,200,220.862291097641
dinov1_b,dtd,25,47,80,0.09591531326482214,0.00028888639800336803,0.1206439217797786,0.0054149649651394575,-0.024728608514956462,200,200,222.5703008174896
dinov1_b,dtd,26,47,80,0.09764827676761384,0.0002327661744083791,0.12096945409496608,0.00543607727678655,-0.02332117732735224,200,200,216.426775932312
dinov1_b,dtd,27,47,80,0.0977994055002577,0.0005352341684221863,0.12003349449147573,0.005335376197200572,-0.02223408899121801,200,200,222.26768970489502
dinov1_b,dtd,28,47,80,0.0969589356952689,0.00034851296471891336,0.11956982329670725,0.005430197882499126,-0.022610887601438357,200,200,200.88280272483826
dinov1_b,dtd,29,47,80,0.09542405401776982,0.000233243750172562,0.12078309429959408,0.005316422624619687,-0.025359040281824258,200,200,134.96494126319885
dinov2_b,dtd,-1,47,80,0.07665548771119285,0.00038836079159903727,0.11169181572234332,0.0040189928913698676,-0.035036328011150475,200,200,239.5777454376221
dinov2_b,dtd,0,47,80,0.07783304668889122,0.0003286796422015761,0.11053317287505438,0.0038988104086749007,-0.03270012618616315,200,200,239.3040838241577
dinov2_b,dtd,1,47,80,0.07489640278558661,0.000418658203068448,0.1101884316490398,0.003804202358513548,-0.0352920288634532,200,200,233.28307247161862
dinov2_b,dtd,2,47,80,0.07590590332838358,0.0004827232886990209,0.10959366896031568,0.003986486987132535,-0.03368776563193211,200,200,225.14350485801697
dinov2_b,dtd,3,47,80,0.0733621050151806,0.00031431970110332635,0.10986947285406458,0.003848806928795329,-0.036507367838883975,200,200,219.76200103759768
dinov2_b,dtd,4,47,80,0.07892010937978032,0.00038796865858675917,0.1101616365610311,0.00393364140791369,-0.03124152718125078,200,200,225.40242743492126
dinov2_b,dtd,5,47,80,0.0750379334702367,0.000314504360576071,0.11096190610562227,0.004024138001844328,-0.03592397263538559,200,200,223.48694062232968
dinov2_b,dtd,6,47,80,0.0741321084583287,0.000347362691493814,0.1097224790427828,0.0038231648229343695,-0.035590370584454106,200,200,225.16405034065247
dinov2_b,dtd,7,47,80,0.07484972281801908,0.00028102039094864617,0.11052110032225157,0.003874485219157811,-0.035671377504232514,200,200,216.7952468395233
dinov2_b,dtd,8,47,80,0.07597822152995795,0.0003680790699645227,0.11002788777006936,0.0038799326684555813,-0.034049666240111395,200,200,219.91696453094482
dinov2_b,dtd,9,47,80,0.07676041217977032,0.0002988051827696267,0.11087412971606657,0.003978143183290075,-0.03411371753629623,200,200,223.3190016746521
dinov2_b,dtd,10,47,80,0.07726994972961337,0.0004614069695910041,0.11101830867339536,0.003993422198031838,-0.033748358943781975,200,200,230.6685357093811
dinov2_b,dtd,11,47,80,0.07626802701680649,0.0003117971083997351,0.11097027121985267,0.003995844047328124,-0.034702244203046184,200,200,219.8061535358429
dinov2_b,dtd,12,47,80,0.07562929945228845,0.0002769921098671603,0.11131882963576188,0.003864012603798075,-0.03568953018347343,200,200,223.23080110549927
dinov2_b,dtd,13,47,80,0.07610643429572303,0.00026944945540945906,0.11017608804300076,0.003970455415050171,-0.034069653747277745,200,200,224.35480070114136
dinov2_b,dtd,14,47,80,0.07417161428010118,0.0002999886351207262,0.11003777740629528,0.0038966629909189337,-0.03586616312619412,200,200,224.93994569778442
dinov2_b,dtd,15,47,80,0.07364514332043237,0.00027947986624259964,0.11054496009775168,0.0038899565362887204,-0.036899816777319315,200,200,222.10755324363708
dinov2_b,dtd,16,47,80,0.0752589294932634,0.00041800477014776086,0.10844141379851166,0.003873073407453668,-0.03318248430524825,200,200,226.171909570694
dinov2_b,dtd,17,47,80,0.0784686081633271,0.0003306270379843727,0.10952679662875074,0.003946064886398179,-0.031058188465423645,200,200,225.10808777809143
dinov2_b,dtd,18,47,80,0.07493157916761756,0.0002567113965515368,0.11115183846854916,0.003934313395584403,-0.03622025930093159,200,200,210.749395608902
dinov2_b,dtd,19,47,80,0.07628073559090395,0.00030675344716309284,0.1098971313316226,0.0039307064519764345,-0.03361639574071863,200,200,217.09493589401245
dinov2_b,dtd,20,47,80,0.0778829953429109,0.00019793510621587618,0.1115538975595404,0.004083007319910104,-0.03367090221662948,200,200,221.29275846481323
dinov2_b,dtd,21,47,80,0.07656065467738417,0.0005110474738095592,0.11144541272611952,0.0039379678097244035,-0.03488475804873535,200,200,228.11569023132324
dinov2_b,dtd,22,47,80,0.0748909574776802,0.00037169449394176487,0.11129941518821082,0.003898245379457525,-0.03640845771053063,200,200,222.33691644668582
dinov2_b,dtd,23,47,80,0.0766101754183356,0.00024013715635862046,0.11091662651012646,0.003843547968556696,-0.03430645109179085,200,200,214.2255651950836
dinov2_b,dtd,24,47,80,0.07391413444536933,0.0003194308832174678,0.10933832026481692,0.003999214995056035,-0.035424185819447604,200,200,222.3052430152893
dinov2_b,dtd,25,47,80,0.07610909921010525,0.0003889582508887794,0.1097455491103841,0.003867748942308666,-0.03363644990027885,200,200,226.48799252510068
dinov2_b,dtd,26,47,80,0.07380848690210053,0.0003018830295033401,0.11040381349357964,0.003978400536191859,-0.0365953265914791,200,200,226.6948707103729
dinov2_b,dtd,27,47,80,0.07648572182511666,0.00045652906590630283,0.1098035039924437,0.003958996366487771,-0.03331778216732703,200,200,217.25678181648254
dinov2_b,dtd,28,47,80,0.07856183671849883,0.00040035171336648596,0.10962651462430048,0.003962847555523164,-0.031064677905801637,200,200,200.1054213047028
dinov2_b,dtd,29,47,80,0.07481747144543244,0.0003995147227596041,0.10948761532313143,0.003851405300076045,-0.034670143877699,200,200,117.1580662727356
dinov2_g,dtd,-1,47,80,0.07308887946938485,0.0002303184640741918,0.1117244415705758,0.0038877217614811423,-0.038635562101190964,200,200,231.91286206245425
dinov2_g,dtd,0,47,80,0.0729167503033483,0.0002561208905232589,0.1102839696292471,0.0037853268819280647,-0.0373672193258988,200,200,230.2014620304108
dinov2_g,dtd,1,47,80,0.06830069095426347,0.0002225048801640488,0.11095437308373084,0.003660229483128464,-0.04265368212946738,200,200,218.27156114578247
dinov2_g,dtd,2,47,80,0.07171054775601524,0.00026758159170552347,0.1092837629965595,0.003771747486442311,-0.037573215240544265,200,200,219.16286635398862
dinov2_g,dtd,3,47,80,0.06964223175331287,0.000323232327344512,0.11002398943224367,0.0037020587963506896,-0.04038175767893082,200,200,216.64913463592532
dinov2_g,dtd,4,47,80,0.07138991475251305,0.00015837987620015553,0.10953318128416684,0.003818269005590582,-0.0381432665316538,200,200,220.02811598777768
dinov2_g,dtd,5,47,80,0.06822971157353354,0.0003229422500575678,0.11070155481538482,0.0038619716597025687,-0.042471843241851284,200,200,221.27277636528012
dinov2_g,dtd,6,47,80,0.07005190270249655,0.00036189890373675214,0.10960493449538213,0.0036934734122684976,-0.03955303179288558,200,200,222.30373620986938
dinov2_g,dtd,7,47,80,0.0702972043863778,0.0002521435531233868,0.1099030708635268,0.0037050015200057866,-0.03960586647714899,200,200,218.7481064796448
dinov2_g,dtd,8,47,80,0.07225539211424767,0.0004516472556909618,0.10994399917953553,0.0037212069737467884,-0.03768860706528784,200,200,213.33115577697757
dinov2_g,dtd,9,47,80,0.07418523553642828,0.0004917668737127797,0.1099972432447308,0.0037817237470674525,-0.035812007708302535,200,200,218.92064499855042
dinov2_g,dtd,10,47,80,0.07173039157469357,0.00017396492531186698,0.1108477252796408,0.0038016045993128703,-0.03911733370494723,200,200,219.3443777561188
dinov2_g,dtd,11,47,80,0.07091320357120304,0.00017591625402515928,0.11106521486183056,0.0038193933575380256,-0.040152011290627516,200,200,220.91711044311523
dinov2_g,dtd,12,47,80,0.07190935874798775,0.0003487042773150558,0.11080718276238544,0.003695675960063565,-0.03889782401439769,200,200,219.6263325214386
dinov2_g,dtd,13,47,80,0.07324951141020744,0.0003429713639477056,0.10982462692435192,0.003798254434959921,-0.03657511551414448,200,200,221.47747468948364
dinov2_g,dtd,14,47,80,0.07041829436887463,0.0003173825667530308,0.10981654391625666,0.003784646106965589,-0.03939824954738204,200,200,210.7571740150452
dinov2_g,dtd,15,47,80,0.06942219914979902,0.0002355729461524697,0.11046918275950764,0.0036968651302466313,-0.04104698360970861,200,200,224.24655747413638
dinov2_g,dtd,16,47,80,0.07328172095007457,0.0001978316400916083,0.10828054554171898,0.0036314335359581115,-0.0349988245916444,200,200,220.26085686683655
dinov2_g,dtd,17,47,80,0.07609810013665945,0.0002788962286300499,0.10909603871550703,0.0037593712069544493,-0.0329979385788476,200,200,218.04813027381897
dinov2_g,dtd,18,47,80,0.06984968658318369,0.0003925202852525384,0.1108981726426798,0.0037665673790198547,-0.0410484860594961,200,200,213.78255414962769
dinov2_g,dtd,19,47,80,0.07108928252110727,0.0002497998585112305,0.10990980401654234,0.0037537705352489975,-0.038820521495435065,200,200,216.3562512397766
dinov2_g,dtd,20,47,80,0.07269628341459224,0.00025457935448220005,0.11174258657097366,0.0038910714271108353,-0.03904630315638143,200,200,215.03873777389526
dinov2_g,dtd,21,47,80,0.07010231653598561,0.0003529230039369596,0.11124284986840316,0.0038160638101478734,-0.041140533332417566,200,200,216.10856103897092
dinov2_g,dtd,22,47,80,0.06874821428331182,0.0005108291717343352,0.11100177546079047,0.003828867155353796,-0.042253561177478666,200,200,211.78553247451785
dinov2_g,dtd,23,47,80,0.07090683003980347,0.0004889359616537685,0.11060495676379556,0.0037034480173568814,-0.03969812672399208,200,200,216.39912486076355
dinov2_g,dtd,24,47,80,0.0746545577680247,0.0004295230789859346,0.10910643047768487,0.003870764878674065,-0.03445187270966018,200,200,219.10992670059204
dinov2_g,dtd,25,47,80,0.06857562025336955,0.0004540130203041882,0.1096721659454785,0.0036904476610273625,-0.04109654569210895,200,200,218.7932469844818
dinov2_g,dtd,26,47,80,0.07051135597198174,0.00022272825681406215,0.1105260607486272,0.003819278221920686,-0.04001470477664547,200,200,221.9834258556366
dinov2_g,dtd,27,47,80,0.07120593343665088,0.00039506223375395733,0.10968728327620056,0.003803679020469253,-0.038481349839549685,200,200,226.78978252410892
dinov2_g,dtd,28,47,80,0.07637672067887155,0.00019934048390541509,0.10894433838648857,0.0038104021993488908,-0.032567617707617014,200,200,184.61615896224976
dinov2_g,dtd,29,47,80,0.07252226251016589,0.0002509025187015189,0.10897481785755103,0.0037360946198229344,-0.03645255534738516,200,200,99.19920015335084
dinov2_l,dtd,-1,47,80,0.06926402629604357,0.0003943455218830268,0.11122027160835957,0.0036145014258347156,-0.04195624531231597,200,200,231.87492513656616
dinov2_l,dtd,0,47,80,0.06926564460313869,0.00030951529573745585,0.10933140844054468,0.0035033093913930968,-0.04006576383740598,200,200,230.52143955230716
dinov2_l,dtd,1,47,80,0.0666069948507908,0.00017528825423612082,0.11003490372907608,0.0034022235841771283,-0.04342790887828527,200,200,225.30257987976074
dinov2_l,dtd,2,47,80,0.06763874206606173,0.00032546246957221975,0.10854579604140356,0.003544562831848904,-0.04090705397534182,200,200,218.51263761520386
dinov2_l,dtd,3,47,80,0.06630785585206556,0.0003304003406105524,0.10881856489859207,0.003457366143285816,-0.04251070904652651,200,200,217.7513885498047
dinov2_l,dtd,4,47,80,0.06895481213319796,0.00021277620001612164,0.10912997976489884,0.0035803357019209554,-0.040175167631700884,200,200,215.0201268196106
dinov2_l,dtd,5,47,80,0.065908779300373,0.00033777076683730935,0.10988930431859156,0.0036366523902866695,-0.043980525018218544,200,200,215.79178786277768
dinov2_l,dtd,6,47,80,0.06630396312989284,0.00034248174306312324,0.10899991190811087,0.003387759096825981,-0.04269594877821802,200,200,215.58163714408875
dinov2_l,dtd,7,47,80,0.06685794708550867,0.0004179430975366852,0.10885222154640943,0.003462312545825453,-0.04199427446090077,200,200,222.392195224762
dinov2_l,dtd,8,47,80,0.06699755506465194,0.00048382809977804314,0.10876392366279823,0.0034425443931203887,-0.041766368598146315,200,200,216.8952090740204
dinov2_l,dtd,9,47,80,0.06811502735740843,0.000420734892386009,0.10955195535948237,0.003526389030261468,-0.041436928002073915,200,200,217.5985631942749
dinov2_l,dtd,10,47,80,0.06871885563023948,0.00028991758378363607,0.10968004087084712,0.0035689176922375095,-0.040961185240607635,200,200,210.47924590110782
dinov2_l,dtd,11,47,80,0.06755956653079573,0.00025774293404078475,0.1099124969606124,0.003550582145607378,-0.042352930429816665,200,200,221.24934959411618
dinov2_l,dtd,12,47,80,0.06713583875736104,0.0002563964435016915,0.11054951036073454,0.003476714534415538,-0.04341367160337351,200,200,219.7598600387573
dinov2_l,dtd,13,47,80,0.068218722132289,0.0003237724736769355,0.10897433954660624,0.0035597300687380618,-0.040755617414317234,200,200,219.2809097766876
dinov2_l,dtd,14,47,80,0.06645406364148543,0.00021564368413413702,0.10908603104096767,0.0034888676460096144,-0.04263196739948225,200,200,213.8180854320526
dinov2_l,dtd,15,47,80,0.0666697183361653,0.00020074171979269536,0.11014709821330028,0.003461007714202104,-0.04347737987713498,200,200,215.2075297832489
dinov2_l,dtd,16,47,80,0.06728156761088669,0.0005245291892375896,0.10787842097094856,0.003417736762662273,-0.040596853360061885,200,200,218.59190464019773
dinov2_l,dtd,17,47,80,0.06915559176613065,0.0004737402103979169,0.10820306171180596,0.0035331590928901336,-0.0390474699456753,200,200,214.3764398097992
dinov2_l,dtd,18,47,80,0.0678327636571506,0.0002744473477495191,0.11041325690366367,0.003452387091037963,-0.04258049324651307,200,200,221.20454049110413
dinov2_l,dtd,19,47,80,0.06493671183244157,0.0004079984235961252,0.10864129524054428,0.0035012410771064,-0.04370458340810271,200,200,217.72502183914185
dinov2_l,dtd,20,47,80,0.06871535442444343,0.0005140385322843139,0.11104687412292827,0.003577766242969796,-0.04233151969848485,200,200,215.50731348991397
dinov2_l,dtd,21,47,80,0.06708924216227828,0.00031495419574241505,0.11046922816929597,0.003530812014986835,-0.04337998600701772,200,200,214.49281930923462
dinov2_l,dtd,22,47,80,0.06622553594591142,0.00031531122179363964,0.11040801149282084,0.0035203414936584533,-0.04418247554690942,200,200,216.97123527526853
dinov2_l,dtd,23,47,80,0.067989007501192,0.00035835871564017757,0.1098503974788631,0.0034313163700808325,-0.04186138997767111,200,200,224.29729628562927
dinov2_l,dtd,24,47,80,0.06844449967022698,0.00025908767405251825,0.10857619805184647,0.00366684790512776,-0.040131698381619486,200,200,218.7831962108612
dinov2_l,dtd,25,47,80,0.06885384483151888,0.0004153877348691009,0.10882748476605687,0.003461974089821694,-0.039973639934538,200,200,216.35283160209656
dinov2_l,dtd,26,47,80,0.06761930853371284,0.0003139090466846208,0.10966470047674093,0.003519853733232406,-0.04204539194302808,200,200,217.630131483078
dinov2_l,dtd,27,47,80,0.0682861442449493,0.0002719739838916332,0.10935866306379634,0.003511667282532291,-0.041072518818847034,200,200,216.1631042957306
dinov2_l,dtd,28,47,80,0.07081519860974636,0.000270137516755224,0.1082401569307246,0.003589690745950784,-0.03742495832097825,200,200,217.12971019744876
dinov2_l,dtd,29,47,80,0.06877800049893801,0.000546917346745081,0.10825283430960857,0.0034375902757286148,-0.03947483381067055,200,200,155.38499116897586
dinov2_s,dtd,-1,47,80,0.10531931977064338,0.00042696525002554325,0.12318498222627622,0.004989508978836911,-0.01786566245563284,200,200,227.93028593063354
dinov2_s,dtd,0,47,80,0.10469751915214368,0.00032778970563854243,0.1222190413832865,0.004926066094307343,-0.017521522231142825,200,200,231.7945146560669
dinov2_s,dtd,1,47,80,0.1041078891955434,0.00033017028048162585,0.12194739380101074,0.004803304362754384,-0.01783950460546734,200,200,236.08936738967896
dinov2_s,dtd,2,47,80,0.1058420416418627,0.0005255475796450544,0.12154403741981035,0.00493502188229105,-0.015701995777947647,199,200,220.08168983459475
dinov2_s,dtd,3,47,80,0.10591565264375484,0.0005595999142580057,0.1219627243292229,0.004856312246834758,-0.016047071685468067,199,200,217.22681879997253
dinov2_s,dtd,4,47,80,0.10565536523863063,0.0006147218538091363,0.12203039287296598,0.004981922772897907,-0.016375027634335362,199,200,217.29882884025574
dinov2_s,dtd,5,47,80,0.1072974793368214,0.0005063733457364874,0.12251154467754775,0.0049630521693770965,-0.015214065340726375,199,200,219.13084983825684
dinov2_s,dtd,6,47,80,0.10425028127474154,0.0005668437671082396,0.12114374990754725,0.004820120884773612,-0.01689346863280569,199,200,215.54415106773376
dinov2_s,dtd,7,47,80,0.09803509496270893,0.0004307297666005466,0.12223863928145645,0.004820714176641527,-0.024203544318747508,200,200,226.05023407936096
dinov2_s,dtd,8,47,80,0.10511849055671216,0.00027333352020448724,0.1216790291804528,0.004922578466593077,-0.016560538623740628,199,200,214.26485061645508
dinov2_s,dtd,9,47,80,0.10654364890165398,0.00044194328674285985,0.1226873571440727,0.004915145175190511,-0.016143708242418717,199,200,218.75740504264832
dinov2_s,dtd,10,47,80,0.10589850038686167,0.000578591456779174,0.12245639969471993,0.004959623824328314,-0.016557899307858226,199,200,216.1825909614563
dinov2_s,dtd,11,47,80,0.10674771203552832,0.0004087893161790367,0.12238703519017324,0.0049500133942153675,-0.015639323154644932,199,200,220.41455912590027
dinov2_s,dtd,12,47,80,0.10560223407265612,0.0005293205395329151,0.1225981745644492,0.0048148785439104365,-0.016995940491793066,200,200,218.8114447593689
dinov2_s,dtd,13,47,80,0.10568367176326476,0.0004088107882962728,0.12219016526264945,0.004906962174558296,-0.016506493499384683,199,200,220.66792702674863
dinov2_s,dtd,14,47,80,0.1052776039461178,0.0007084706172329466,0.12193562193830795,0.004915700639669228,-0.016658017992190147,200,200,214.7746562957764
dinov2_s,dtd,15,47,80,0.10275904136716572,0.00047402027182931103,0.12204666284871145,0.004838135620371158,-0.019287621481545725,200,200,218.15471148490903
dinov2_s,dtd,16,47,80,0.10617866593940103,0.0004667403260019545,0.1211924150680296,0.004817162638785971,-0.015013749128628571,199,200,219.02436423301697
dinov2_s,dtd,17,47,80,0.10618024342760668,0.0005727206693726342,0.12186817563061846,0.004904672693771945,-0.015687932203011776,199,200,218.9959728717804
dinov2_s,dtd,18,47,80,0.10483034261599014,0.00044312566503345305,0.12300776537275347,0.004893589493650118,-0.018177422756763345,200,200,218.69266057014462
dinov2_s,dtd,19,47,80,0.1081044606350016,0.0003706725508054842,0.1217669938479466,0.004891817542875696,-0.013662533212945,199,200,219.62042021751404
dinov2_s,dtd,20,47,80,0.1059570622010484,0.00025452820639600067,0.12334672918523458,0.00492785104283565,-0.01738966698418619,200,200,216.21131920814514
dinov2_s,dtd,21,47,80,0.10330368666087883,0.0004474410636930999,0.12321568193270548,0.00490797704947674,-0.01991199527182666,200,200,210.12954235076904
dinov2_s,dtd,22,47,80,0.09911969611371138,0.00036470701857457664,0.12253589638857185,0.0048175021643197475,-0.02341620027486048,200,200,212.44677877426147
dinov2_s,dtd,23,47,80,0.10174685866971253,0.0005199609688196712,0.12264283659608133,0.004795768280245871,-0.020895977926368808,200,200,214.6255629062653
dinov2_s,dtd,24,47,80,0.1033763915440792,0.000423805484049334,0.1210495116815515,0.004906317705022925,-0.017673120137472284,200,200,218.0581226348877
dinov2_s,dtd,25,47,80,0.1081934180636001,0.0006321799718216009,0.12182549088490607,0.004869537480444574,-0.01363207282130599,199,200,202.48496913909912
dinov2_s,dtd,26,47,80,0.10547184244635052,0.0003711965724223128,0.12196614101870805,0.00491471586602985,-0.016494298572357527,199,200,211.43630242347717
dinov2_s,dtd,27,47,80,0.10822287995007587,0.0005352754624504575,0.12223943727963027,0.0048550144788037175,-0.014016557329554395,199,200,218.69657731056213
dinov2_s,dtd,28,47,80,0.10744191750614844,0.0002815843188732438,0.12163608883295784,0.005018421594541109,-0.01419417132680939,199,200,215.96561074256897
dinov2_s,dtd,29,47,80,0.10282645071038107,0.00037984004031479783,0.12139379030221074,0.004839757008332575,-0.018567339591829685,200,200,212.567364692688
i21k_b,dtd,-1,47,80,0.08885700661181575,0.0004494266024590538,0.10963020494911543,0.0049248230149972795,-0.02077319833729968,200,200,231.9083421230316
i21k_b,dtd,0,47,80,0.08641279903012553,0.00027690968880649447,0.10806361514933767,0.004744645959919922,-0.02165081611921213,200,200,241.05144357681274
i21k_b,dtd,1,47,80,0.08778874060124768,0.0004958568021188782,0.1084121099445564,0.004749052379820998,-0.020623369343308717,200,200,231.989328622818
i21k_b,dtd,2,47,80,0.08651056963908861,0.0003933664542275917,0.10797759073708901,0.004752497682457885,-0.021467021098000392,200,200,218.8206250667572
i21k_b,dtd,3,47,80,0.08826178264430322,0.00021783083028040204,0.10831636928830404,0.004755059902421076,-0.02005458664400081,200,200,222.9615933895111
i21k_b,dtd,4,47,80,0.08775361198249107,0.00027985791925329046,0.10847170872394253,0.004741774031146668,-0.02071809674145146,200,200,222.78716588020325
i21k_b,dtd,5,47,80,0.08675815197480932,0.0001742206271438432,0.10866562882709516,0.0048187481291498075,-0.021907476852285838,200,200,232.8937330245972
i21k_b,dtd,6,47,80,0.08524914964618817,0.0004266611402714888,0.10742301516309076,0.0046834196468352705,-0.0221738655169026,200,200,220.27199983596802
i21k_b,dtd,7,47,80,0.088334040704746,0.00023457655608020097,0.10805552968018817,0.004685088043949965,-0.019721488975442156,200,200,219.03189420700073
i21k_b,dtd,8,47,80,0.0903151822710918,0.0003201802215519042,0.1089441658434646,0.004842742313339424,-0.01862898357237279,200,200,224.8997070789337
i21k_b,dtd,9,47,80,0.08566005228984833,0.0003012502079885668,0.1080780975261146,0.004734632827522046,-0.022418045236266268,200,200,219.29944038391116
i21k_b,dtd,10,47,80,0.08808446638462371,0.00029274597944159897,0.10933990375249816,0.004881322476774683,-0.02125543736787445,200,200,220.40825271606445
i21k_b,dtd,11,47,80,0.08514770121889967,0.00024686314890541697,0.10762768635435062,0.004757500377907028,-0.02247998513545095,200,200,225.39195132255557
i21k_b,dtd,12,47,80,0.0852343554190094,0.00024070679481253936,0.1080899543498051,0.004774848010519028,-0.02285559893079571,200,200,213.89126205444336
i21k_b,dtd,13,47,80,0.08749573987432213,0.0003314104896146939,0.10879513036022168,0.004773514936636432,-0.02129939048589957,200,200,221.93190956115725
i21k_b,dtd,14,47,80,0.08857643857423406,0.00025858533106188286,0.10816975512471767,0.004755819669603967,-0.019593316550483617,200,200,223.5655210018158
i21k_b,dtd,15,47,80,0.08671623787677447,0.0002154593341719789,0.10837338246957026,0.004773844353110778,-0.021657144592795788,200,200,220.9428110122681
i21k_b,dtd,16,47,80,0.08563950763867371,0.0005387246546163834,0.10774876054347017,0.004743274043770234,-0.02210925290479647,200,200,213.4119443893433
i21k_b,dtd,17,47,80,0.08510566261248573,0.000286738849660516,0.10702156482533792,0.004700975373317028,-0.02191590221285218,200,200,217.85526847839355
i21k_b,dtd,18,47,80,0.08556718992208695,0.0003130620537649463,0.10931340033425924,0.00478439138876773,-0.0237462104121723,200,200,222.35248708724976
i21k_b,dtd,19,47,80,0.08989060430775045,0.00018240262068892367,0.1070624138914325,0.004717347545697236,-0.017171809583682057,200,200,225.9084610939026
i21k_b,dtd,20,47,80,0.08590116485334312,0.00014112281024410392,0.1088438353039755,0.004834783549633722,-0.022942670450632374,200,200,218.96415615081787
i21k_b,dtd,21,47,80,0.08587571923336076,0.000178943427168329,0.10904107722802643,0.004760991467648974,-0.023165357994665653,200,200,224.64444231987002
i21k_b,dtd,22,47,80,0.08385164634178442,0.00027141600894951275,0.10837861817916804,0.004705332950934625,-0.024526971837383633,200,200,221.8741359710693
i21k_b,dtd,23,47,80,0.0890947908616562,0.0004232850948121893,0.10849973606077183,0.004805336128677713,-0.01940494519911562,200,200,221.52767872810364
i21k_b,dtd,24,47,80,0.08639286341050183,0.0003090791232623844,0.10811811595204716,0.004790828236338843,-0.021725252541545326,200,200,222.1335921287537
i21k_b,dtd,25,47,80,0.0846058871300458,0.00026739600878967747,0.10787582882793402,0.004712447084686693,-0.023269941697888225,200,200,228.2798376083374
i21k_b,dtd,26,47,80,0.0901240122507021,0.00016929365321838134,0.10908497211381714,0.0048610785876879465,-0.01896095986311504,200,200,222.44277930259705
i21k_b,dtd,27,47,80,0.08740526707117346,0.00029110032638499426,0.10814109881814993,0.00474758969653181,-0.02073583174697645,200,200,224.97127509117126
i21k_b,dtd,28,47,80,0.08872672346237231,0.0005025200505881522,0.10744162416550483,0.004682048076511377,-0.018714900703132503,200,200,219.2779266834259
i21k_b,dtd,29,47,80,0.08764638230364126,0.0002969129162873391,0.10799882235696596,0.004722820861023736,-0.0203524400533247,200,200,144.64457535743713
i21k_l,dtd,-1,47,80,0.07733017339604878,0.0003670979005732898,0.108431184297985,0.0045526190960846254,-0.031101010901936232,200,200,229.0250728130341
i21k_l,dtd,0,47,80,0.07469493023293683,0.00018948094030269154,0.10565800458073256,0.004375285308198432,-0.030963074347795744,200,200,237.104590177536
i21k_l,dtd,1,47,80,0.0770310928212048,0.00039526915460804264,0.10634648940436772,0.004339416930259692,-0.029315396583162925,200,200,228.05250930786133
i21k_l,dtd,2,47,80,0.07676472176107076,0.00042793240120815763,0.10599126470936657,0.004389173547202935,-0.02922654294829581,200,200,220.22574067115784
i21k_l,dtd,3,47,80,0.07625909173418569,0.0003020309389265564,0.10624893360443644,0.00429796034101706,-0.02998984187025075,200,200,216.19856381416318
i21k_l,dtd,4,47,80,0.07845291686063355,0.00034792969835209633,0.10613568401701763,0.00436524114385777,-0.02768276715638407,200,200,214.55694222450256
i21k_l,dtd,5,47,80,0.07462927583655281,0.00018767333617830383,0.10636825102260287,0.004424385634154358,-0.03173897518605008,200,200,221.2484085559845
i21k_l,dtd,6,47,80,0.0733887437289983,0.0001989433838326737,0.10593853214585268,0.0043505177981532925,-0.032549788416854394,200,200,216.43890070915225
i21k_l,dtd,7,47,80,0.07698802998513901,0.00017773381881313227,0.10583527365434647,0.004241346291278905,-0.028847243669207462,200,200,223.78465843200684
i21k_l,dtd,8,47,80,0.07781016454437313,0.00024232540872330352,0.1070485531302524,0.004397398235824591,-0.02923838858587928,200,200,224.37118077278137
i21k_l,dtd,9,47,80,0.07608282242408186,0.00027267530036180536,0.10647194737081886,0.004335997867591168,-0.030389124946737,200,200,222.35318636894226
i21k_l,dtd,10,47,80,0.07757143148740743,0.00034985784739628733,0.1068307949214896,0.004424199847216514,-0.02925936343408217,200,200,215.69562649726868
i21k_l,dtd,11,47,80,0.07538671021997734,0.00034791209019628927,0.1057527278285603,0.004334067390881439,-0.030366017608582964,200,200,214.56702733039856
i21k_l,dtd,12,47,80,0.07398540848366568,0.00032982467863898777,0.10675531443222334,0.004333757648993105,-0.03276990594855768,200,200,215.1718270778656
i21k_l,dtd,13,47,80,0.07661570379768935,0.0003301996582324431,0.10655233075286906,0.0043666278330162095,-0.029936626955179707,200,200,220.74793410301208
i21k_l,dtd,14,47,80,0.07933901935082534,0.00039762099057241837,0.10624284261287854,0.004408002017572778,-0.02690382326205321,200,200,219.73785376548767
i21k_l,dtd,15,47,80,0.07635851293444693,0.00016650504331573154,0.1057794123537778,0.004355100394470097,-0.029420899419330862,200,200,215.71638464927673
i21k_l,dtd,16,47,80,0.07380025147231048,0.00039801369483167366,0.10612807653175993,0.004300760555985357,-0.032327825059449436,200,200,220.098845243454
i21k_l,dtd,17,47,80,0.07659512900783469,0.0002461135306615743,0.10592156976723073,0.004311373326887597,-0.029326440759396024,200,200,221.1217882633209
i21k_l,dtd,18,47,80,0.0749939470970676,0.0002561350135217652,0.10779820607138622,0.004384675341596739,-0.03280425897431863,200,200,212.3936920166016
i21k_l,dtd,19,47,80,0.07637231980570405,0.00012781642708060607,0.1055614413905164,0.0043261196041913955,-0.029189121584812336,200,200,225.5379500389099
i21k_l,dtd,20,47,80,0.07398281833354514,6.868858312481176e-05,0.10701742588811533,0.004413074119360896,-0.0330346075545702,200,200,215.20853114128116
i21k_l,dtd,21,47,80,0.07566238799818789,0.00024781060773652506,0.10697886926224437,0.004352340301183202,-0.031316481264056485,200,200,215.54561758041385
i21k_l,dtd,22,47,80,0.07613611161677368,0.0002879300033927119,0.10715699597252062,0.0043472409281687385,-0.03102088435574696,200,200,212.70217180252075
i21k_l,dtd,23,47,80,0.07449596505300002,0.00015780863947437268,0.10711061742111097,0.004356277243908637,-0.032614652368110966,200,200,214.20973944664001
i21k_l,dtd,24,47,80,0.07388148181596557,0.0003705528422725281,0.10543269887421218,0.0043749763186627785,-0.031551217058246615,200,200,214.7815673351288
i21k_l,dtd,25,47,80,0.07515659927454432,0.00029199908506380456,0.10626858222411588,0.004341547414592722,-0.031111982949571543,200,200,217.1861262321472
i21k_l,dtd,26,47,80,0.07789387227590583,0.0002867544149257265,0.10732422140850544,0.004490212356124089,-0.029430349132599606,200,200,214.96713638305664
i21k_l,dtd,27,47,80,0.07783906918216113,0.0003080645635450393,0.10609199072222494,0.004335528797933725,-0.028252921540063824,200,200,219.75616240501404
i21k_l,dtd,28,47,80,0.07850393884670677,0.00037347696388069924,0.10515454175694897,0.004351459595298284,-0.02665060291024217,200,200,206.7157621383667
i21k_l,dtd,29,47,80,0.07591152956767863,0.00018943463308784806,0.1059293150656095,0.004300616654641736,-0.03001778549793087,200,200,148.73749089241028
i21k_s,dtd,-1,47,80,0.09584507552385388,0.0003461725965027012,0.11444203183821555,0.005553982856272828,-0.01859695631436166,199,200,234.6444799900055
i21k_s,dtd,0,47,80,0.09625939781361134,0.0002803657344602614,0.11355392373803147,0.005445003388398158,-0.017294525924420143,199,200,224.38643002510068
i21k_s,dtd,1,47,80,0.09261873171414252,0.00025298695118652827,0.1141976823017482,0.0053759312925456704,-0.021578950587605686,200,200,237.67081546783447
i21k_s,dtd,2,47,80,0.09363856133639488,0.000338318981572816,0.11299737103808664,0.005414522730074377,-0.019358809701691796,200,200,220.56314516067505
i21k_s,dtd,3,47,80,0.09238255204299292,0.00011766200056805171,0.11367650168922387,0.005376503433169081,-0.02129394964623095,200,200,220.82909297943115
i21k_s,dtd,4,47,80,0.09525449660808767,0.00036487652343328926,0.11263208121365376,0.005353064998501454,-0.017377584605566085,199,200,215.56441235542297
i21k_s,dtd,5,47,80,0.0964972402376401,0.0003557853161764552,0.1135686859834124,0.005486341719237639,-0.017071445745772296,199,200,223.26492619514462
i21k_s,dtd,6,47,80,0.09507284164161084,0.000202359721948784,0.11344388145964004,0.005407081657224854,-0.01837103981802919,199,200,216.90444231033325
i21k_s,dtd,7,47,80,0.09406687429395867,0.00011957668978137405,0.11328228492873307,0.005347960706240544,-0.0192154106347744,200,200,219.76599431037903
i21k_s,dtd,8,47,80,0.096322634768535,0.0002296791896992459,0.1135491609307307,0.005439596186717011,-0.01722652616219569,199,200,214.68133735656738
i21k_s,dtd,9,47,80,0.09583666100065416,0.0003961845429080443,0.11292858929178412,0.005377176478937082,-0.017091928291129946,199,200,216.59397101402283
i21k_s,dtd,10,47,80,0.09598549438318688,0.00032165019573075445,0.11466981132970315,0.005506685530945361,-0.018684316946516275,199,200,215.09491395950317
i21k_s,dtd,11,47,80,0.0951892085400905,0.0001409268928774883,0.11255216687987338,0.005362998517625789,-0.01736295833978288,199,200,221.0235021114349
i21k_s,dtd,12,47,80,0.09204976244069073,0.0003017536110277458,0.11387835350742387,0.005392294949620904,-0.02182859106673317,200,200,215.00538635253903
i21k_s,dtd,13,47,80,0.09738800270272026,0.00034695387785588244,0.1135491745313318,0.0054230073764548895,-0.016161171828611532,199,200,214.5359966754913
i21k_s,dtd,14,47,80,0.09390978626167032,0.00034532225681593577,0.11300005807722205,0.005384763082459058,-0.019090271815551715,200,200,216.51831221580503
i21k_s,dtd,15,47,80,0.09460301686374258,0.00042478338307922885,0.11404491386570086,0.005455343731045072,-0.019441897001958253,200,200,211.5679714679718
i21k_s,dtd,16,47,80,0.09425958922651803,0.0002183109326978933,0.11367640828725276,0.0053804393299753785,-0.01941681906073471,200,200,217.572345495224
i21k_s,dtd,17,47,80,0.09344059160523388,0.000418692223681357,0.11241407494685612,0.005326090741456553,-0.01897348334162223,200,200,222.82418513298038
i21k_s,dtd,18,47,80,0.09023094397885416,0.00024280724691544785,0.11444414240498495,0.005438045796047788,-0.024213198426130803,200,200,214.9464111328125
i21k_s,dtd,19,47,80,0.09504490683546084,0.00018994401449272987,0.11176364770055716,0.005312821658972053,-0.016718740865096324,199,200,219.2248992919922
i21k_s,dtd,20,47,80,0.09326921870169164,0.0002817991932675742,0.11434672710350367,0.005507734175466465,-0.02107750840181204,200,200,210.17942881584167
i21k_s,dtd,21,47,80,0.09326740389752204,0.000262354699856434,0.11395363850504978,0.005434269927810612,-0.020686234607527748,200,200,213.81686186790463
i21k_s,dtd,22,47,80,0.09625670231860607,0.00012246632610892285,0.1136562964616426,0.005362760858120867,-0.017399594143036518,199,200,213.5955662727356
i21k_s,dtd,23,47,80,0.09604284671216433,0.0002575159587367066,0.11317274241683585,0.0054058264097891955,-0.017129895704671518,199,200,219.36007952690125
i21k_s,dtd,24,47,80,0.09334049689632264,0.00032396032727699737,0.11273633951353645,0.005397384274971946,-0.019395842617213804,200,200,213.75737118721008
i21k_s,dtd,25,47,80,0.09193136180133724,0.00023276566062845787,0.11380120926281855,0.00539706029485539,-0.021869847461481327,200,200,222.56043314933777
i21k_s,dtd,26,47,80,0.09714360293615903,0.00028272565184490715,0.1139854197925476,0.005508232940043106,-0.016841816856388553,199,200,219.66491079330444
i21k_s,dtd,27,47,80,0.09129598887408516,0.00021744125978049217,0.11286260501234364,0.005352930446353672,-0.021566616138258516,200,200,204.31135392189026
i21k_s,dtd,28,47,80,0.09448621761490347,0.00022516300981198183,0.11283445868828634,0.005413130021488949,-0.018348241073382884,199,200,212.16856861114502
i21k_s,dtd,29,47,80,0.09680734504101372,0.00017538372648592267,0.1132046483449955,0.005365599880681754,-0.016397303303981772,199,200,211.8984513282776
i21k_t,dtd,-1,47,80,0.1105465467483246,0.0002472334637240465,0.12475382159559395,0.006972941435007293,-0.014207274847269332,197,200,231.55613446235657
i21k_t,dtd,0,47,80,0.10661943810341024,0.0002877826914033278,0.12452649748396055,0.006912855499339268,-0.017907059380550303,199,200,231.3872604370117
i21k_t,dtd,1,47,80,0.1114948772151532,0.00030260136855395883,0.1251198594073408,0.00683836410280646,-0.013624982192187593,196,200,231.00903248786926
i21k_t,dtd,2,47,80,0.10948173523534946,0.00033494897354275363,0.12348552919155552,0.006799795346628024,-0.014003793956206071,197,200,227.39126896858212
i21k_t,dtd,3,47,80,0.11026090903816436,0.00047924690913213135,0.12412937091738695,0.006851777803681676,-0.013868461879222596,197,200,226.0542585849762
i21k_t,dtd,4,47,80,0.11116254753614734,0.0003362199115617397,0.1239771060953072,0.0068763057168541,-0.01281455855915986,191,200,227.40172219276428
i21k_t,dtd,5,47,80,0.10934207528320694,0.0003339884543520118,0.12376842799365807,0.006816002874261921,-0.014426352710451132,198,200,224.78873348236084
i21k_t,dtd,6,47,80,0.10800127314135648,0.00014454878188820304,0.12377409944469266,0.006813028059824085,-0.015772826303336162,199,200,220.1870219707489
i21k_t,dtd,7,47,80,0.11132050023228306,0.00028665800792985314,0.12473238738860415,0.006835453164968564,-0.013411887156321092,193,200,227.17674016952515
i21k_t,dtd,8,47,80,0.1076006931693874,0.0004258882256349081,0.12388925565469153,0.006912515136975489,-0.01628856248530411,199,200,224.55108857154846
i21k_t,dtd,9,47,80,0.1116442039854382,0.0006171442855327255,0.12413856878220456,0.006912179057117472,-0.012494364796766341,191,200,218.59536695480347
i21k_t,dtd,10,47,80,0.10999568299324118,0.00019189372942507609,0.12500032397668284,0.006910458444691389,-0.01500464098344166,199,200,224.41928005218503
i21k_t,dtd,11,47,80,0.10889797135912486,0.0003523439087357502,0.12374353284511964,0.0068781339886618,-0.014845561485994791,198,200,223.0477328300476
i21k_t,dtd,12,47,80,0.11169481726481,0.00035903204392902596,0.1251595444338756,0.006944822123624703,-0.013464727169065605,194,200,222.10193061828613
i21k_t,dtd,13,47,80,0.10989517317045636,0.0004197912072494189,0.12498420463342345,0.0068927445100556,-0.015089031462967096,199,200,225.2292938232422
i21k_t,dtd,14,47,80,0.11031172687250246,0.000419021142749522,0.1235458105812018,0.006880101354164702,-0.013234083708699343,193,200,222.16445469856262
i21k_t,dtd,15,47,80,0.1118406287386574,0.0005184228536142428,0.12425398850343355,0.006865844575295437,-0.012413359764776144,191,200,222.26077604293823
i21k_t,dtd,16,47,80,0.11099745041670596,0.0004102796480833876,0.12427575586990038,0.006866262892292711,-0.013278305453194405,193,200,216.0004096031189
i21k_t,dtd,17,47,80,0.11080103165414487,0.0002518387743262383,0.1232240509810996,0.0068253855516901,-0.01242301932695472,191,200,222.00280117988584
i21k_t,dtd,18,47,80,0.10954719980153367,0.0002751276983400956,0.1247752790314192,0.00682802663881144,-0.015228079229885531,199,200,226.42185187339783
i21k_t,dtd,19,47,80,0.1111427385483132,0.0002809960868884292,0.12262814152679752,0.006832371487097971,-0.011485402978484313,187,200,218.0593078136444
i21k_t,dtd,20,47,80,0.11031217771844352,0.00035346067103610233,0.1249896481808056,0.006896187286560145,-0.014677470462362075,198,200,214.8589518070221
i21k_t,dtd,21,47,80,0.10796780405660863,0.0002807190483949015,0.1247513096981809,0.0068306023708484456,-0.016783505641572268,199,200,211.51328706741333
i21k_t,dtd,22,47,80,0.10817028562337004,0.00033216567349977715,0.12394159936456622,0.0067435004069595645,-0.015771313741196197,199,200,214.15526032447812
i21k_t,dtd,23,47,80,0.11136854665513678,0.000329051926031286,0.12452806634671484,0.0068607968456346384,-0.01315951969157808,192,200,225.27415704727173
i21k_t,dtd,24,47,80,0.10800708911629273,0.00034512719475055155,0.12336916288256908,0.006849940053511828,-0.015362073766276381,199,200,227.79052233695984
i21k_t,dtd,25,47,80,0.10944828569338834,0.00036382269354627946,0.12419271831764865,0.006865078851509006,-0.014744432624260296,199,200,223.9044504165649
i21k_t,dtd,26,47,80,0.11082901854253137,0.0003649589920872091,0.1245437064047874,0.006894914020688629,-0.013714687862256034,197,200,216.3033151626587
i21k_t,dtd,27,47,80,0.1123115750005457,0.0001970159363513295,0.1242909101589416,0.00680298773499625,-0.011979335158395887,190,200,219.386070728302
i21k_t,dtd,28,47,80,0.11037154426314792,0.0003889936902392228,0.12313152375431917,0.006859496132741397,-0.01275997949117126,191,200,221.38776326179504
i21k_t,dtd,29,47,80,0.11245736404806997,0.0005609383733547965,0.12425452440947495,0.006853093756747104,-0.01179716036140499,190,200,207.30207800865173
siglip_b,dtd,-1,47,80,0.0961696797036115,0.00023303961698772178,0.1194683453264985,0.005572360841775366,-0.023298665622887,200,200,232.8092803955078
siglip_b,dtd,0,47,80,0.09544225998330427,0.00022253410443183295,0.11857866683505043,0.00544034800808398,-0.023136406851746144,200,200,236.61609721183777
siglip_b,dtd,1,47,80,0.09733960095628287,0.00021745805013166593,0.11866959383104783,0.005343767751012352,-0.02132999287476493,200,200,232.61252331733704
siglip_b,dtd,2,47,80,0.0954957304015505,0.00036273546821111863,0.11854905591575406,0.0053780471651996885,-0.023053325514203526,200,200,222.9626536369324
siglip_b,dtd,3,47,80,0.09444212981142,0.0003291878907882437,0.11887532445688867,0.0053729857207165,-0.02443319464546867,200,200,223.8978226184845
siglip_b,dtd,4,47,80,0.09477411945073648,0.00023005315323806582,0.11790665229682075,0.005452414136653216,-0.023132532846084297,200,200,223.9437530040741
siglip_b,dtd,5,47,80,0.09797243159416802,0.0001544449374764179,0.11867801393346,0.005517968250965902,-0.02070558233929197,200,200,221.67170023918152
siglip_b,dtd,6,47,80,0.09223942641079437,0.00022849547341251283,0.1180751709910164,0.00540318571739621,-0.025835744580222017,200,200,227.20611119270325
siglip_b,dtd,7,47,80,0.09495958124450712,0.0003266709930760368,0.1191934350928884,0.005377581057266147,-0.02423385384838128,200,200,221.24743604660037
siglip_b,dtd,8,47,80,0.09596881178339403,0.00022087168395678369,0.11894379547009075,0.005402682276996019,-0.022974983686696718,200,200,226.3825340270996
siglip_b,dtd,9,47,80,0.09642618320957187,0.00029392200646082375,0.11847718410135223,0.005426230860256635,-0.02205100089178033,200,200,225.06877517700195
siglip_b,dtd,10,47,80,0.0949790639603026,0.00047015013429555906,0.11873929950068582,0.005504075948115633,-0.023760235540383232,200,200,215.43698143959045
siglip_b,dtd,11,47,80,0.09255205001675136,0.0002657504894477066,0.1182643904197025,0.0054964148289547024,-0.025712340402951145,200,200,228.28125166893003
siglip_b,dtd,12,47,80,0.09354362668180118,8.543626687877094e-05,0.1188826572081712,0.0053558266478511895,-0.025339030526370033,200,200,217.81274008750918
siglip_b,dtd,13,47,80,0.09640797176807844,0.00026790027788318397,0.11934388117373106,0.0054801484748965975,-0.022935909405652585,200,200,226.1286792755127
siglip_b,dtd,14,47,80,0.09637497416776412,0.0003016612828092306,0.11839340513467793,0.0054990845283306965,-0.022018430966913805,200,200,217.32794427871704
siglip_b,dtd,15,47,80,0.09436210506376304,0.00016449611582906778,0.11807273303154313,0.005414948169680492,-0.023710627967780062,200,200,222.33127284049988
siglip_b,dtd,16,47,80,0.09563948978006556,0.00017681534873555878,0.11781353733682715,0.005372362942349819,-0.022174047556761584,200,200,227.29762649536133
siglip_b,dtd,17,47,80,0.09740856197928394,0.00014769818759469006,0.11796426503168375,0.005433497711550858,-0.020555703052399812,200,200,223.25165152549744
siglip_b,dtd,18,47,80,0.095071846836476,0.0002004873633842009,0.11945192290741613,0.005379841469898949,-0.024380076070940115,200,200,222.76526355743408
siglip_b,dtd,19,47,80,0.09598402736479493,0.0002662518763194436,0.1186133705118841,0.005480187822915935,-0.022629343147089184,200,200,223.37259817123413
siglip_b,dtd,20,47,80,0.09556969075262724,0.0001576434495046658,0.1193588175378477,0.005456160339005564,-0.02378912678522045,200,200,216.12991046905518
siglip_b,dtd,21,47,80,0.0955485715821668,0.0003018857914146311,0.1192487390316154,0.005428630094289955,-0.023700167449448584,200,200,223.5483160018921
siglip_b,dtd,22,47,80,0.0943104032345382,0.00029967592757212605,0.11965712552230545,0.00536555571912319,-0.025346722287767243,200,200,219.1151392459869
siglip_b,dtd,23,47,80,0.0939983846982895,0.0002219670108543436,0.11907107380193115,0.005386010623074861,-0.025072689103641646,200,200,218.4110288619995
siglip_b,dtd,24,47,80,0.09421809256349008,0.0005037489346010739,0.11831186345426666,0.005504563910548914,-0.024093770890776574,200,200,216.57245635986328
siglip_b,dtd,25,47,80,0.0964486539002788,0.0003569103580862262,0.1189093560493482,0.00542887854092506,-0.02246070214906941,200,200,225.51950669288638
siglip_b,dtd,26,47,80,0.09572377415127377,0.0002853531010010793,0.11936224198776099,0.005480418850326406,-0.02363846783648724,200,200,221.7808005809784
siglip_b,dtd,27,47,80,0.09432713847166402,0.00030472055833518215,0.11798456284212135,0.005406531812519396,-0.02365742437045734,200,200,220.5559651851654
siglip_b,dtd,28,47,80,0.09519623277229776,0.0004148116773461456,0.11785910398177725,0.005465528282243842,-0.02266287120947949,200,200,215.17127084732056
siglip_b,dtd,29,47,80,0.09453751928633887,0.0001798565523686629,0.11876302735252815,0.005444445288236253,-0.024225508066189252,200,200,134.88569688796994
