model,dataset,b,n,delta_999,delta_sd,null_mean,null_sd,excess,r_above,p_left,n_rep,time_s
clip_b,cifar10,-1,10,0.10510009138196408,0.0,0.12884328256785818,0.01385812923353387,-0.023743191185894102,48,0.05882352941176471,50,43.29021859169006
clip_b,cifar10,0,10,0.10516029416914192,0.0,0.12918039169947218,0.013933588868976748,-0.024020097530330256,49,0.0392156862745098,50,47.84894728660584
clip_b,cifar10,1,10,0.10568098678711507,1.3877787807814454e-17,0.1291555925534656,0.013955477216063052,-0.023474605766350503,49,0.0392156862745098,50,48.60403800010681
clip_b,cifar10,2,10,0.10532035945176492,1.3877787807814454e-17,0.1286403795022565,0.013891775823267258,-0.023320020050491597,48,0.05882352941176471,50,47.81221199035645
clip_b,cifar10,3,10,0.10428858090207692,0.0,0.12834025735834512,0.013839437492607909,-0.024051676456268184,49,0.0392156862745098,50,45.20782279968262
clip_b,cifar10,4,10,0.10597461769702146,1.3877787807814454e-17,0.1287336692540397,0.013869692631177792,-0.02275905155701824,48,0.05882352941176471,50,53.75409126281738
clip_b,cifar10,5,10,0.10535789063751624,0.0,0.1294347779490704,0.013860804338480649,-0.024076887311554163,49,0.0392156862745098,50,57.72678899765015
clip_b,cifar10,6,10,0.10531281181966072,1.3877787807814454e-17,0.12828279682234514,0.013781464496697834,-0.02296998500268442,48,0.05882352941176471,50,46.687357902526855
clip_b,cifar10,7,10,0.10421989285880323,1.3877787807814454e-17,0.1289561242344856,0.01383044506939402,-0.024736231375682385,49,0.0392156862745098,50,52.42807936668396
clip_b,cifar10,8,10,0.10622366656669938,0.0,0.12901544028552472,0.013851310696289849,-0.022791773718825348,48,0.05882352941176471,50,67.99252843856812
clip_b,cifar10,9,10,0.1068285930769011,1.3877787807814454e-17,0.1287512689035537,0.013931389961492254,-0.02192267582665261,48,0.05882352941176471,50,53.21365427970886
clip_b,cifar10,10,10,0.10371827663293967,1.3877787807814454e-17,0.12880256241759352,0.013839292813789546,-0.02508428578465384,49,0.0392156862745098,50,39.30438256263733
clip_b,cifar10,11,10,0.10520630408178958,1.3877787807814454e-17,0.12939731209533226,0.01399580570845515,-0.024191008013542653,49,0.0392156862745098,50,64.82821035385132
clip_b,cifar10,12,10,0.10580287348844272,0.0,0.12938376237426527,0.013953716928690964,-0.02358088888582255,49,0.0392156862745098,50,72.7674927711487
clip_b,cifar10,13,10,0.10710619040978693,0.0,0.1289037173786334,0.013859615288507942,-0.021797526968846476,48,0.05882352941176471,50,63.88782095909119
clip_b,cifar10,14,10,0.1044830384392362,1.3877787807814454e-17,0.12867300012208452,0.013780014842601702,-0.024189961682848315,49,0.0392156862745098,50,78.96465229988098
clip_b,cifar10,15,10,0.1055030929564097,0.0,0.12872190204682787,0.01382739204339824,-0.02321880909041818,48,0.05882352941176471,50,113.81793189048769
clip_b,cifar10,16,10,0.10479647448536733,0.0,0.12876553177649472,0.013805476594916074,-0.023969057291127388,49,0.0392156862745098,50,63.59964084625244
clip_b,cifar10,17,10,0.10637930721864604,1.3877787807814454e-17,0.12858110242987994,0.013946749788156809,-0.02220179521123393,48,0.05882352941176471,50,66.056174993515
clip_b,cifar10,18,10,0.10395740503333467,1.3877787807814454e-17,0.12901625582526066,0.013903512296084952,-0.02505885079192595,49,0.0392156862745098,50,64.57362055778503
clip_b,cifar10,19,10,0.10248801373995882,0.0,0.1287656211281412,0.013878220314551493,-0.02627760738818237,49,0.0392156862745098,50,58.89438438415527
clip_b,cifar10,20,10,0.10545076360869132,0.0,0.12880879573745635,0.013897032155968663,-0.023358032128765027,48,0.05882352941176471,50,71.84532880783081
clip_b,cifar10,21,10,0.10404990957194496,0.0,0.12868045962367736,0.013855700779032549,-0.0246305500517324,49,0.0392156862745098,50,62.84977579116821
clip_b,cifar10,22,10,0.10784883301594377,1.3877787807814454e-17,0.1291587876108533,0.013869822020920977,-0.021309954594909558,47,0.0784313725490196,50,64.96256351470947
clip_b,cifar10,23,10,0.10458245774452088,1.3877787807814454e-17,0.1290435132003719,0.013846890732504872,-0.024461055455851036,49,0.0392156862745098,50,60.68207120895386
clip_b,cifar10,24,10,0.10364213561345356,0.0,0.12922180574391526,0.013965552201080294,-0.025579670130461668,49,0.0392156862745098,50,61.79109406471253
clip_b,cifar10,25,10,0.10636878621503144,0.0,0.12823356480817824,0.013760788648928414,-0.02186477859314681,48,0.05882352941176471,50,72.4863336086273
clip_b,cifar10,26,10,0.1064473594207212,0.0,0.12883398051936726,0.013802361301057726,-0.022386621098646045,48,0.05882352941176471,50,67.04768133163452
clip_b,cifar10,27,10,0.10462056929502457,0.0,0.1283385482802919,0.013902088076803213,-0.023717978985267316,48,0.05882352941176471,50,63.83376884460449
clip_b,cifar10,28,10,0.10630869634615957,1.3877787807814454e-17,0.12899245723638578,0.013814942161634518,-0.022683760890226223,48,0.05882352941176471,50,66.15303421020508
clip_b,cifar10,29,10,0.10481846607557868,1.3877787807814454e-17,0.1289988295865412,0.01385054211075038,-0.024180363510962533,49,0.0392156862745098,50,61.831027507781975
clip_l,cifar10,-1,10,0.09893099602982093,0.0,0.12035753949265922,0.013673462376616648,-0.021426543462838274,46,0.09803921568627452,50,71.70237827301025
clip_l,cifar10,0,10,0.10085422207350893,0.0,0.12014485497620105,0.013572697726499612,-0.019290632902692145,45,0.1176470588235294,50,76.44802784919739
clip_l,cifar10,1,10,0.09984739947171063,0.0,0.120563144566138,0.013754923752133531,-0.02071574509442736,45,0.1176470588235294,50,73.26795744895934
clip_l,cifar10,2,10,0.10067391642630837,1.3877787807814454e-17,0.12081534686696532,0.013796792748944698,-0.020141430440656943,45,0.1176470588235294,50,79.16533422470094
clip_l,cifar10,3,10,0.09811963379200436,1.3877787807814454e-17,0.12011965208366092,0.013694561551736732,-0.02200001829165656,46,0.09803921568627452,50,74.91774868965148
clip_l,cifar10,4,10,0.10077266773026057,1.3877787807814454e-17,0.12021122069254316,0.013778608099458843,-0.019438552962282567,45,0.1176470588235294,50,82.29496979713441
clip_l,cifar10,5,10,0.09646551330010136,0.0,0.1206987074260372,0.013828084660129036,-0.02423319412593583,49,0.0392156862745098,50,84.63720202445985
clip_l,cifar10,6,10,0.10096541134154198,1.3877787807814454e-17,0.1203296640004182,0.013651657697946669,-0.0193642526588762,45,0.1176470588235294,50,106.25417256355286
clip_l,cifar10,7,10,0.09809434586771618,1.3877787807814454e-17,0.12011104049365327,0.013672404359364856,-0.02201669462593711,46,0.09803921568627452,50,80.69355726242065
clip_l,cifar10,8,10,0.09823297485716033,0.0,0.12038447206744295,0.013579936408585836,-0.02215149721028266,46,0.09803921568627452,50,113.28290295600893
clip_l,cifar10,9,10,0.0976908823056499,1.3877787807814454e-17,0.11982056391365915,0.013602484392977352,-0.022129681608009242,47,0.0784313725490196,50,115.8382728099823
clip_l,cifar10,10,10,0.0983483278981967,0.0,0.12050590758404417,0.013649543840335043,-0.022157579685847487,46,0.09803921568627452,50,92.56469249725342
clip_l,cifar10,11,10,0.09901982699077784,0.0,0.12076360172125293,0.013674996601805066,-0.02174377473047508,46,0.09803921568627452,50,76.9951193332672
clip_l,cifar10,12,10,0.10038284712569703,1.3877787807814454e-17,0.1211499303759372,0.01380276900739127,-0.02076708325024018,45,0.1176470588235294,50,86.24988555908203
clip_l,cifar10,13,10,0.0998422445591857,1.3877787807814454e-17,0.12047085289348272,0.013556439784881193,-0.020628608334297027,45,0.1176470588235294,50,98.14621019363405
clip_l,cifar10,14,10,0.0993152559881608,0.0,0.12073537789845087,0.013753733194760993,-0.021420121910290062,46,0.09803921568627452,50,88.73911094665527
clip_l,cifar10,15,10,0.09866454936900228,1.3877787807814454e-17,0.11999331870500808,0.013610577552946614,-0.021328769336005776,46,0.09803921568627452,50,95.5766453742981
clip_l,cifar10,16,10,0.09825256816948004,0.0,0.12064810006629105,0.013827974229771237,-0.022395531896811,46,0.09803921568627452,50,70.41949129104614
clip_l,cifar10,17,10,0.09823068523478404,0.0,0.1206143182704754,0.013711108807934318,-0.022383633035691356,46,0.09803921568627452,50,61.73317384719849
clip_l,cifar10,18,10,0.09870947298457908,0.0,0.12041089407998914,0.013721358206698156,-0.02170142109541009,46,0.09803921568627452,50,74.1160249710083
clip_l,cifar10,19,10,0.09946001632118216,1.3877787807814454e-17,0.12052111746162575,0.013710274761468908,-0.0210611011404436,45,0.1176470588235294,50,75.36659145355225
clip_l,cifar10,20,10,0.09883538905796303,1.3877787807814454e-17,0.1202008446904758,0.013715913365299556,-0.021365455632512742,46,0.09803921568627452,50,63.61857533454895
clip_l,cifar10,21,10,0.09870757026050396,0.0,0.12025777440221795,0.013679900746793877,-0.02155020414171402,46,0.09803921568627452,50,67.60547304153442
clip_l,cifar10,22,10,0.09796126458660796,1.3877787807814454e-17,0.12050380631666402,0.01357984875892104,-0.02254254173005607,47,0.0784313725490196,50,74.67592263221741
clip_l,cifar10,23,10,0.0984871411384104,0.0,0.12043323209904605,0.013751692845494651,-0.02194609096063567,46,0.09803921568627452,50,132.6922755241394
clip_l,cifar10,24,10,0.09745451377648713,1.3877787807814454e-17,0.1204888827138035,0.01366615681098075,-0.02303436893731635,47,0.0784313725490196,50,149.84643363952637
clip_l,cifar10,25,10,0.09815583789054397,1.3877787807814454e-17,0.11981184544914827,0.01365549919639641,-0.02165600755860432,46,0.09803921568627452,50,137.59247255325315
clip_l,cifar10,26,10,0.10094133812776716,1.3877787807814454e-17,0.12058277871745375,0.01371433311327827,-0.019641440589686587,45,0.1176470588235294,50,131.02340412139893
clip_l,cifar10,27,10,0.09814601447938284,0.0,0.1196328328310205,0.013454580942569709,-0.021486818351637654,47,0.0784313725490196,50,131.04312896728516
clip_l,cifar10,28,10,0.10031683921604558,0.0,0.12054890724533256,0.013647659268342854,-0.020232068029286995,45,0.1176470588235294,50,128.2317876815796
clip_l,cifar10,29,10,0.09774553581556697,0.0,0.120307232374981,0.013564552024332256,-0.02256169655941401,47,0.0784313725490196,50,151.15746092796326
dinov1_b,cifar10,-1,10,0.08839522628605256,0.0,0.13082615616661808,0.015606636736902909,-0.042430929880565516,50,0.0196078431372549,50,85.3080577850342
dinov1_b,cifar10,0,10,0.08626563424448262,0.0,0.13124971827955778,0.015589077709580445,-0.044984084035075166,50,0.0196078431372549,50,82.38484835624696
dinov1_b,cifar10,1,10,0.0876502118212236,0.0,0.13042220517892142,0.01569727366885033,-0.042771993357697824,50,0.0196078431372549,50,80.74000716209413
dinov1_b,cifar10,2,10,0.08763490298495348,0.0,0.13119647668760093,0.01569137706380621,-0.04356157370264746,50,0.0196078431372549,50,78.5429995059967
dinov1_b,cifar10,3,10,0.08860356274873275,1.3877787807814454e-17,0.13059639265438705,0.015268757023568537,-0.0419928299056543,50,0.0196078431372549,50,85.59732580184938
dinov1_b,cifar10,4,10,0.08826689710212497,0.0,0.1309092524168958,0.01569063110017414,-0.042642355314770834,50,0.0196078431372549,50,77.17080116271974
dinov1_b,cifar10,5,10,0.08702834845385013,0.0,0.1311261485907303,0.0157027246406382,-0.04409780013688018,50,0.0196078431372549,50,77.79781222343446
dinov1_b,cifar10,6,10,0.08972115556985051,0.0,0.1303236213011177,0.015182846093518831,-0.040602465731267176,50,0.0196078431372549,50,79.00833559036255
dinov1_b,cifar10,7,10,0.0897072996710285,1.3877787807814454e-17,0.1305859905807746,0.01551923026068854,-0.040878690909746114,50,0.0196078431372549,50,82.17745900154114
dinov1_b,cifar10,8,10,0.09036103125023644,0.0,0.13080245787931682,0.01557335218837711,-0.04044142662908037,50,0.0196078431372549,50,75.81363558769227
dinov1_b,cifar10,9,10,0.08710909565587521,0.0,0.1306524123311339,0.015498714549153138,-0.04354331667525868,50,0.0196078431372549,50,64.82922887802124
dinov1_b,cifar10,10,10,0.08889244703475299,1.3877787807814454e-17,0.13033625699789467,0.015537647925219453,-0.04144380996314168,50,0.0196078431372549,50,61.1745433807373
dinov1_b,cifar10,11,10,0.08922374661770653,1.3877787807814454e-17,0.1317099259824992,0.015857490517182632,-0.04248617936479268,50,0.0196078431372549,50,74.7295744419098
dinov1_b,cifar10,12,10,0.08824846764986724,1.3877787807814454e-17,0.13142894726547713,0.015837388844018658,-0.04318047961560989,50,0.0196078431372549,50,77.39813446998595
dinov1_b,cifar10,13,10,0.0873104458885913,0.0,0.13050652944734106,0.01565748304860612,-0.04319608355874977,50,0.0196078431372549,50,77.70103287696837
dinov1_b,cifar10,14,10,0.0878245208523919,0.0,0.13077179581836154,0.01579622984024719,-0.04294727496596965,50,0.0196078431372549,50,81.16115045547484
dinov1_b,cifar10,15,10,0.08948226322645393,0.0,0.13062976997308165,0.015447944806798591,-0.04114750674662773,50,0.0196078431372549,50,89.53770303726195
dinov1_b,cifar10,16,10,0.0893993028089982,0.0,0.13074342878975584,0.015631692733885497,-0.04134412598075764,50,0.0196078431372549,50,72.42908310890199
dinov1_b,cifar10,17,10,0.08782457024139942,1.3877787807814454e-17,0.13082860145184033,0.015580031395440369,-0.04300403121044091,50,0.0196078431372549,50,87.0692389011383
dinov1_b,cifar10,18,10,0.08649692435262338,0.0,0.1308358489436292,0.01561642416375336,-0.04433892459100583,50,0.0196078431372549,50,95.4331395626068
dinov1_b,cifar10,19,10,0.08739813913042603,0.0,0.13117603497823224,0.015784870788506662,-0.04377789584780621,50,0.0196078431372549,50,82.39415431022644
dinov1_b,cifar10,20,10,0.08904651968773028,0.0,0.1305524514665463,0.015552796830825612,-0.041505931778816015,50,0.0196078431372549,50,78.6955292224884
dinov1_b,cifar10,21,10,0.08750489722398487,0.0,0.13070753583225828,0.015698033524738114,-0.043202638608273385,50,0.0196078431372549,50,76.55572581291199
dinov1_b,cifar10,22,10,0.08689857850184479,0.0,0.13156459222137898,0.015681584985726568,-0.04466601371953419,50,0.0196078431372549,50,86.32999944686891
dinov1_b,cifar10,23,10,0.0886845941307777,1.3877787807814454e-17,0.1304972366120679,0.015595268932532762,-0.04181264248129021,50,0.0196078431372549,50,80.37488579750061
dinov1_b,cifar10,24,10,0.08725389630048963,0.0,0.13065994024449756,0.01583411684218074,-0.04340604394400793,50,0.0196078431372549,50,60.11824774742127
dinov1_b,cifar10,25,10,0.0874848434248049,0.0,0.13017572822687373,0.01548613196118509,-0.042690884802068826,50,0.0196078431372549,50,65.99680399894714
dinov1_b,cifar10,26,10,0.08836260709021418,1.3877787807814454e-17,0.13080536745137006,0.015698841352839478,-0.04244276036115588,50,0.0196078431372549,50,56.37436461448669
dinov1_b,cifar10,27,10,0.08851906621845983,0.0,0.13030531121390396,0.015513387149109463,-0.04178624499544413,50,0.0196078431372549,50,62.596131324768066
dinov1_b,cifar10,28,10,0.0880565868342296,0.0,0.13126343438603946,0.015401057409217309,-0.04320684755180987,50,0.0196078431372549,50,69.38653945922853
dinov1_b,cifar10,29,10,0.08752099462445194,0.0,0.1314924440967738,0.015506817671110397,-0.043971449472321865,50,0.0196078431372549,50,68.04506087303162
dinov2_b,cifar10,-1,10,0.045766195304774486,0.0,0.11057091551015133,0.012719896197552712,-0.06480472020537682,50,0.0196078431372549,50,50.988685607910156
dinov2_b,cifar10,0,10,0.045219208060132965,0.0,0.11090678928214544,0.012558368189863906,-0.06568758122201249,50,0.0196078431372549,50,50.397879123687744
dinov2_b,cifar10,1,10,0.046019648197613054,0.0,0.11080353402205473,0.012793878487204351,-0.06478388582444168,50,0.0196078431372549,50,62.33701801300049
dinov2_b,cifar10,2,10,0.046028007259519735,6.938893903907227e-18,0.10999322159257392,0.01264752159982098,-0.06396521433305419,50,0.0196078431372549,50,68.65224480628967
dinov2_b,cifar10,3,10,0.04596027812239272,0.0,0.10994321869895726,0.012669285318106098,-0.06398294057656455,50,0.0196078431372549,50,70.58911442756653
dinov2_b,cifar10,4,10,0.04528809808064958,6.938893903907227e-18,0.11013854646705633,0.0126627774252428,-0.06485044838640673,50,0.0196078431372549,50,62.75746178627014
dinov2_b,cifar10,5,10,0.04568520972528084,0.0,0.11168325559259897,0.012766035055397609,-0.06599804586731813,50,0.0196078431372549,50,59.9129593372345
dinov2_b,cifar10,6,10,0.04528430848602083,0.0,0.11124589740369248,0.012720961855844787,-0.06596158891767166,50,0.0196078431372549,50,56.627157926559455
dinov2_b,cifar10,7,10,0.045546292787778594,6.938893903907227e-18,0.11121517934400643,0.012876137853510959,-0.06566888655622784,50,0.0196078431372549,50,59.32805347442627
dinov2_b,cifar10,8,10,0.04577145380123262,6.938893903907227e-18,0.11070833781842722,0.012700883358556068,-0.06493688401719461,50,0.0196078431372549,50,68.20805978775024
dinov2_b,cifar10,9,10,0.04549055235526416,6.938893903907227e-18,0.11021516645160613,0.012674680464341748,-0.06472461409634198,50,0.0196078431372549,50,52.15398597717285
dinov2_b,cifar10,10,10,0.0459488132427597,6.938893903907227e-18,0.10969995836650567,0.01262561006333484,-0.063751145123746,50,0.0196078431372549,50,50.34030270576477
dinov2_b,cifar10,11,10,0.04512205525179884,0.0,0.11097813068749346,0.012795022124479465,-0.06585607543569462,50,0.0196078431372549,50,36.887060880661004
dinov2_b,cifar10,12,10,0.044860020740306816,0.0,0.10997682179897712,0.012590219973345126,-0.06511680105867029,50,0.0196078431372549,50,33.45431923866272
dinov2_b,cifar10,13,10,0.045694632250060034,6.938893903907227e-18,0.10972727409057316,0.012671959012869716,-0.06403264184051312,50,0.0196078431372549,50,37.98926997184753
dinov2_b,cifar10,14,10,0.04569544513568197,0.0,0.11120252172571073,0.012722341623531029,-0.06550707659002875,50,0.0196078431372549,50,66.23312544822693
dinov2_b,cifar10,15,10,0.04571571696609318,6.938893903907227e-18,0.11028254036770584,0.012694838831047548,-0.06456682340161267,50,0.0196078431372549,50,73.6346833705902
dinov2_b,cifar10,16,10,0.04619439024003024,6.938893903907227e-18,0.11078852710003352,0.012748785641541485,-0.06459413686000329,50,0.0196078431372549,50,61.807888746261604
dinov2_b,cifar10,17,10,0.045319072188726134,6.938893903907227e-18,0.10960879912547393,0.01263031734770857,-0.06428972693674781,50,0.0196078431372549,50,69.5552122592926
dinov2_b,cifar10,18,10,0.046555953543780317,6.938893903907227e-18,0.10984965419253573,0.012776248244989614,-0.06329370064875539,50,0.0196078431372549,50,50.44393229484558
dinov2_b,cifar10,19,10,0.04561394355993871,6.938893903907227e-18,0.1107924492450859,0.01253640752414435,-0.06517850568514719,50,0.0196078431372549,50,56.50573444366455
dinov2_b,cifar10,20,10,0.046610964396109414,0.0,0.11051546504434803,0.012637757987528454,-0.06390450064823862,50,0.0196078431372549,50,57.08301901817322
dinov2_b,cifar10,21,10,0.045111025622856966,0.0,0.10900940221532426,0.012508397250348541,-0.0638983765924673,50,0.0196078431372549,50,60.32506990432739
dinov2_b,cifar10,22,10,0.044732293656318825,0.0,0.11202051627493204,0.012805628822520818,-0.06728822261861321,50,0.0196078431372549,50,59.18964266777039
dinov2_b,cifar10,23,10,0.045912399173662966,0.0,0.10960382617469268,0.01268963363803221,-0.06369142700102973,50,0.0196078431372549,50,68.14333367347717
dinov2_b,cifar10,24,10,0.04577674735537248,0.0,0.1100412151777988,0.012670413022804227,-0.06426446782242631,50,0.0196078431372549,50,63.58828687667847
dinov2_b,cifar10,25,10,0.04575181219005143,0.0,0.11019684303308366,0.01275301458583075,-0.06444503084303224,50,0.0196078431372549,50,47.85820293426514
dinov2_b,cifar10,26,10,0.04532272988397747,6.938893903907227e-18,0.11005588611278627,0.01274596438911855,-0.06473315622880882,50,0.0196078431372549,50,68.46383213996886
dinov2_b,cifar10,27,10,0.04557735939739972,0.0,0.10930319121373587,0.01267469437509761,-0.06372583181633615,50,0.0196078431372549,50,69.86941456794739
dinov2_b,cifar10,28,10,0.045022897664037685,6.938893903907227e-18,0.11194353114188013,0.012805762396780166,-0.06692063347784244,50,0.0196078431372549,50,64.6742627620697
dinov2_b,cifar10,29,10,0.04520645841076869,0.0,0.11075492156046858,0.01262004291766086,-0.06554846314969989,50,0.0196078431372549,50,68.44691967964171
dinov2_g,cifar10,-1,10,0.02540740300216212,0.0,0.10277870410514728,0.010751803400491464,-0.07737130110298518,50,0.0196078431372549,50,47.291261196136475
dinov2_g,cifar10,0,10,0.02531064330340522,0.0,0.10283521075735434,0.010777790808461479,-0.07752456745394913,50,0.0196078431372549,50,46.3760724067688
dinov2_g,cifar10,1,10,0.025705016339757383,0.0,0.10282434641225968,0.010808419186989738,-0.0771193300725023,50,0.0196078431372549,50,48.33221411705017
dinov2_g,cifar10,2,10,0.02558397057979164,0.0,0.10192948098800254,0.010721205931124746,-0.07634551040821091,50,0.0196078431372549,50,46.42575168609619
dinov2_g,cifar10,3,10,0.025540876941294127,3.4694469519536134e-18,0.10235564122948054,0.010788310724153257,-0.07681476428818643,50,0.0196078431372549,50,45.741826295852654
dinov2_g,cifar10,4,10,0.02539702480538498,3.4694469519536134e-18,0.10336343512636446,0.010807681484811177,-0.07796641032097948,50,0.0196078431372549,50,46.82768225669861
dinov2_g,cifar10,5,10,0.02512756143909418,3.4694469519536134e-18,0.10279824021947513,0.01088096395672396,-0.07767067878038095,50,0.0196078431372549,50,45.16302537918091
dinov2_g,cifar10,6,10,0.026258710229286563,3.4694469519536134e-18,0.10416485880863867,0.01079395632251248,-0.07790614857935209,50,0.0196078431372549,50,45.46753573417664
dinov2_g,cifar10,7,10,0.02591033105683225,3.4694469519536134e-18,0.10285741967687463,0.01080501360789414,-0.07694708862004238,50,0.0196078431372549,50,46.72778725624085
dinov2_g,cifar10,8,10,0.025794745333923026,0.0,0.10307823083932993,0.010835765464784524,-0.0772834855054069,50,0.0196078431372549,50,45.30031490325928
dinov2_g,cifar10,9,10,0.026099888167860484,3.4694469519536134e-18,0.103635231946323,0.010811954110097022,-0.0775353437784625,50,0.0196078431372549,50,47.69312596321106
dinov2_g,cifar10,10,10,0.02524246591522929,0.0,0.10129250725925353,0.01048596271760702,-0.07605004134402422,50,0.0196078431372549,50,49.62911891937256
dinov2_g,cifar10,11,10,0.025690647161495682,0.0,0.10354851361935667,0.01087148515362286,-0.07785786645786101,50,0.0196078431372549,50,48.69293737411499
dinov2_g,cifar10,12,10,0.025719135579771516,0.0,0.10282219951145397,0.010578172229920751,-0.07710306393168245,50,0.0196078431372549,50,48.41920137405396
dinov2_g,cifar10,13,10,0.02570675823740181,3.4694469519536134e-18,0.10141311713939274,0.010687308194603687,-0.07570635890199093,50,0.0196078431372549,50,44.04333806037903
dinov2_g,cifar10,14,10,0.025671092317304068,3.4694469519536134e-18,0.1031445274685018,0.01082585250115487,-0.07747343515119774,50,0.0196078431372549,50,44.36261248588562
dinov2_g,cifar10,15,10,0.025371189264246957,3.4694469519536134e-18,0.10214123747359853,0.01078091005474927,-0.07677004820935157,50,0.0196078431372549,50,43.11009073257446
dinov2_g,cifar10,16,10,0.025507987089209042,0.0,0.10194997158938968,0.010643820147511543,-0.07644198450018064,50,0.0196078431372549,50,47.539942979812615
dinov2_g,cifar10,17,10,0.02577958685775894,0.0,0.1025308876476934,0.010728075707227159,-0.07675130078993446,50,0.0196078431372549,50,41.224313259124756
dinov2_g,cifar10,18,10,0.02584523020523814,0.0,0.10272834404510782,0.010733631112904023,-0.07688311383986968,50,0.0196078431372549,50,46.412205457687385
dinov2_g,cifar10,19,10,0.025903678578132458,3.4694469519536134e-18,0.10336235641252756,0.010712775837598,-0.0774586778343951,50,0.0196078431372549,50,44.177619457244866
dinov2_g,cifar10,20,10,0.025224443981763496,0.0,0.1021423253080382,0.010748033026587334,-0.07691788132627472,50,0.0196078431372549,50,43.98935174942017
dinov2_g,cifar10,21,10,0.024995985662129967,0.0,0.10165441516614608,0.010632467007042278,-0.0766584295040161,50,0.0196078431372549,50,42.81812500953674
dinov2_g,cifar10,22,10,0.02612708219529865,0.0,0.10340991196850348,0.010748093680694288,-0.0772828297732048,50,0.0196078431372549,50,45.46358704566956
dinov2_g,cifar10,23,10,0.02551009707325575,3.4694469519536134e-18,0.10194658797259823,0.010660393035525444,-0.07643649089934246,50,0.0196078431372549,50,45.43317842483521
dinov2_g,cifar10,24,10,0.025585577174652086,0.0,0.1024049262856719,0.010763122146230744,-0.07681934911101981,50,0.0196078431372549,50,44.23646903038025
dinov2_g,cifar10,25,10,0.02545098716574184,0.0,0.10299619683559244,0.010734392597856544,-0.0775452096698506,50,0.0196078431372549,50,44.79131007194519
dinov2_g,cifar10,26,10,0.0254443848799119,0.0,0.1026080530175284,0.010727138220333846,-0.07716366813761652,50,0.0196078431372549,50,44.064968585968025
dinov2_g,cifar10,27,10,0.02539010806501119,3.4694469519536134e-18,0.1018675058515496,0.010607306540148569,-0.07647739778653842,50,0.0196078431372549,50,45.628463983535774
dinov2_g,cifar10,28,10,0.025750091592931245,3.4694469519536134e-18,0.10296770182088932,0.010850966259468416,-0.07721761022795806,50,0.0196078431372549,50,44.08588671684265
dinov2_g,cifar10,29,10,0.02592842286253936,0.0,0.10336335146890993,0.010806382385074602,-0.07743492860637055,50,0.0196078431372549,50,43.712294578552246
dinov2_l,cifar10,-1,10,0.02745945866246001,0.0,0.11182482381056932,0.012590662122145765,-0.08436536514810931,50,0.0196078431372549,50,64.68250441551207
dinov2_l,cifar10,0,10,0.028227548973328364,0.0,0.11163898133240363,0.012234788615414835,-0.08341143235907526,50,0.0196078431372549,50,42.672994136810296
dinov2_l,cifar10,1,10,0.027900532330993683,6.938893903907227e-18,0.11201105392763752,0.012660478107672462,-0.08411052159664384,50,0.0196078431372549,50,52.76644396781922
dinov2_l,cifar10,2,10,0.0277402852535107,3.4694469519536134e-18,0.11146281023293704,0.012562637535030776,-0.08372252497942635,50,0.0196078431372549,50,60.783188104629524
dinov2_l,cifar10,3,10,0.026811738265007545,0.0,0.11106077197790162,0.012479562346271874,-0.08424903371289408,50,0.0196078431372549,50,54.25678372383118
dinov2_l,cifar10,4,10,0.027886616575972262,0.0,0.11189133046486302,0.01252997020103475,-0.08400471388889075,50,0.0196078431372549,50,55.68115019798279
dinov2_l,cifar10,5,10,0.0279942189258054,0.0,0.1123589108101354,0.01284526773368554,-0.08436469188433,50,0.0196078431372549,50,54.00767469406128
dinov2_l,cifar10,6,10,0.02735526909566947,0.0,0.11257205479528334,0.012662230337937414,-0.08521678569961387,50,0.0196078431372549,50,56.5099401473999
dinov2_l,cifar10,7,10,0.026986746769361657,0.0,0.11209770662523094,0.012710357380262634,-0.08511095985586928,50,0.0196078431372549,50,43.864075899124146
dinov2_l,cifar10,8,10,0.027642314244900164,3.4694469519536134e-18,0.1124062497688486,0.012772715214682564,-0.08476393552394845,50,0.0196078431372549,50,53.0564296245575
dinov2_l,cifar10,9,10,0.02836494909843738,3.4694469519536134e-18,0.1120909919561856,0.012567922269005131,-0.08372604285774822,50,0.0196078431372549,50,51.57275438308716
dinov2_l,cifar10,10,10,0.02733744485301782,3.4694469519536134e-18,0.11085773052772076,0.012501032352228,-0.08352028567470292,50,0.0196078431372549,50,64.03347873687744
dinov2_l,cifar10,11,10,0.028274125213247694,3.4694469519536134e-18,0.11207740506222078,0.012627533414551344,-0.08380327984897308,50,0.0196078431372549,50,45.817361116409295
dinov2_l,cifar10,12,10,0.02787659940183491,0.0,0.11178661562158604,0.012345102637544398,-0.08391001621975114,50,0.0196078431372549,50,50.669902086257935
dinov2_l,cifar10,13,10,0.027520955066270714,3.4694469519536134e-18,0.11116584382277178,0.012722527167458728,-0.08364488875650107,50,0.0196078431372549,50,55.22081279754639
dinov2_l,cifar10,14,10,0.028355022673164518,3.4694469519536134e-18,0.11208245456593556,0.012555968868201834,-0.08372743189277104,50,0.0196078431372549,50,53.138461351394646
dinov2_l,cifar10,15,10,0.02727191924117609,0.0,0.11175794345236184,0.012642285995854662,-0.08448602421118574,50,0.0196078431372549,50,53.6856803894043
dinov2_l,cifar10,16,10,0.02751753464302941,0.0,0.1111523028852666,0.012739769698166904,-0.0836347682422372,50,0.0196078431372549,50,52.65470886230469
dinov2_l,cifar10,17,10,0.027549617575344198,0.0,0.11159750390988424,0.01265624066165555,-0.08404788633454005,50,0.0196078431372549,50,39.26728081703186
dinov2_l,cifar10,18,10,0.02759974030853441,0.0,0.11126784627309763,0.012603761463306004,-0.08366810596456323,50,0.0196078431372549,50,62.253072261810296
dinov2_l,cifar10,19,10,0.027033781851989114,0.0,0.111704967550294,0.012333178870812748,-0.0846711856983049,50,0.0196078431372549,50,48.191365480422974
dinov2_l,cifar10,20,10,0.027277571276334758,0.0,0.11164294258339884,0.012690295248914563,-0.08436537130706409,50,0.0196078431372549,50,39.32827615737915
dinov2_l,cifar10,21,10,0.027307251916340043,3.4694469519536134e-18,0.11079298566986144,0.0123314355070871,-0.08348573375352139,50,0.0196078431372549,50,41.229906797409065
dinov2_l,cifar10,22,10,0.027759272038727238,3.4694469519536134e-18,0.11268544689020528,0.012729671785629849,-0.08492617485147806,50,0.0196078431372549,50,55.05585026741028
dinov2_l,cifar10,23,10,0.028465288793872882,3.4694469519536134e-18,0.1108047343624234,0.01268427639493055,-0.08233944556855052,50,0.0196078431372549,50,39.84889125823975
dinov2_l,cifar10,24,10,0.02779056753526622,0.0,0.11129609272130753,0.012683890082032426,-0.0835055251860413,50,0.0196078431372549,50,48.64633822441101
dinov2_l,cifar10,25,10,0.02785175840807607,3.4694469519536134e-18,0.1119658380620286,0.012567470831291071,-0.08411407965395251,50,0.0196078431372549,50,43.31129837036133
dinov2_l,cifar10,26,10,0.029019011068541118,0.0,0.11161415206713697,0.012632252769837213,-0.08259514099859587,50,0.0196078431372549,50,33.951098680496216
dinov2_l,cifar10,27,10,0.028002912033972004,6.938893903907227e-18,0.1109486244838088,0.012598842756259896,-0.08294571244983677,50,0.0196078431372549,50,38.0038583278656
dinov2_l,cifar10,28,10,0.026646340917623003,0.0,0.11272541083592955,0.012856458514750252,-0.08607906991830655,50,0.0196078431372549,50,51.68003106117249
dinov2_l,cifar10,29,10,0.027685860133709043,3.4694469519536134e-18,0.11205934804217438,0.012624899390730335,-0.08437348790846533,50,0.0196078431372549,50,55.25874757766724
dinov2_s,cifar10,-1,10,0.08393180116410727,0.0,0.11647103026414253,0.013982860122393465,-0.03253922910003523,50,0.0196078431372549,50,55.6549460887909
dinov2_s,cifar10,0,10,0.08352599014724095,0.0,0.11650300076729528,0.014035757972573658,-0.032977010620054335,50,0.0196078431372549,50,56.59955286979675
dinov2_s,cifar10,1,10,0.0818700243564231,0.0,0.11650389966277808,0.01395212824106142,-0.034633875306354985,50,0.0196078431372549,50,59.09784698486328
dinov2_s,cifar10,2,10,0.08274231186466273,0.0,0.11602675520190572,0.013905068733174548,-0.033284443337242994,50,0.0196078431372549,50,65.97424483299254
dinov2_s,cifar10,3,10,0.08232387361601709,0.0,0.11537444457789585,0.013912106722916456,-0.033050570961878765,50,0.0196078431372549,50,66.46347379684447
dinov2_s,cifar10,4,10,0.08277297935621297,0.0,0.11606875793207608,0.01396878351451515,-0.03329577857586312,50,0.0196078431372549,50,56.59708142280578
dinov2_s,cifar10,5,10,0.08463682179416346,1.3877787807814454e-17,0.11820824456867,0.014035440422628538,-0.03357142277450653,50,0.0196078431372549,50,44.36612296104431
dinov2_s,cifar10,6,10,0.08091463230218718,0.0,0.1165341679775376,0.013950148004097012,-0.035619535675350436,50,0.0196078431372549,50,58.38591480255127
dinov2_s,cifar10,7,10,0.08484628784249336,0.0,0.11725617245381788,0.01398742921385507,-0.03240988461132453,50,0.0196078431372549,50,57.072845220565796
dinov2_s,cifar10,8,10,0.08409915201286956,0.0,0.11716085564783095,0.013933263054963377,-0.03306170363496139,50,0.0196078431372549,50,67.78544592857361
dinov2_s,cifar10,9,10,0.08317051304605583,0.0,0.11595406808762572,0.013993489255368008,-0.032783555041569885,50,0.0196078431372549,50,43.98416328430176
dinov2_s,cifar10,10,10,0.08495895024678783,1.3877787807814454e-17,0.11575329955894535,0.0140222405810062,-0.03079434931215755,50,0.0196078431372549,50,76.61842703819275
dinov2_s,cifar10,11,10,0.08357513357294534,0.0,0.11687404314431095,0.013978036163878318,-0.033298909571365595,50,0.0196078431372549,50,73.88962507247925
dinov2_s,cifar10,12,10,0.08313349520449168,1.3877787807814454e-17,0.11640677573617846,0.014060390843914415,-0.03327328053168678,50,0.0196078431372549,50,53.49196648597717
dinov2_s,cifar10,13,10,0.08531926491406773,0.0,0.1157378224117254,0.013948209030795621,-0.030418557497657688,50,0.0196078431372549,50,68.889972448349
dinov2_s,cifar10,14,10,0.08577198893832698,1.3877787807814454e-17,0.11750527440212293,0.01414789902991232,-0.031733285463795946,50,0.0196078431372549,50,71.58993864059448
dinov2_s,cifar10,15,10,0.0841277084520076,1.3877787807814454e-17,0.11589882564493514,0.014026201072802598,-0.03177111719292755,50,0.0196078431372549,50,74.9860954284668
dinov2_s,cifar10,16,10,0.0837324267086272,1.3877787807814454e-17,0.11669132833520066,0.013934969208892176,-0.03295890162657343,50,0.0196078431372549,50,39.522820949554436
dinov2_s,cifar10,17,10,0.08188568345050065,1.3877787807814454e-17,0.11537200884287413,0.013991621764229193,-0.03348632539237348,50,0.0196078431372549,50,37.24328660964966
dinov2_s,cifar10,18,10,0.08505583049588096,0.0,0.1161155849186846,0.014017202805991802,-0.03105975442280365,50,0.0196078431372549,50,52.40317916870117
dinov2_s,cifar10,19,10,0.08124512029974265,0.0,0.116133577928125,0.013913284966338028,-0.034888457628382365,50,0.0196078431372549,50,48.51476502418518
dinov2_s,cifar10,20,10,0.08467667598791442,1.3877787807814454e-17,0.11628220630166552,0.013879252149831465,-0.0316055303137511,50,0.0196078431372549,50,40.67635488510132
dinov2_s,cifar10,21,10,0.08334703907425021,0.0,0.11560754881581772,0.013974432320893059,-0.032260509741567495,50,0.0196078431372549,50,66.90502166748047
dinov2_s,cifar10,22,10,0.0862444506509904,0.0,0.11800325701558464,0.014011856419771346,-0.03175880636459423,50,0.0196078431372549,50,57.01043653488159
dinov2_s,cifar10,23,10,0.08561757666698099,0.0,0.1158016962971294,0.013869456900984336,-0.0301841196301484,50,0.0196078431372549,50,63.71312355995178
dinov2_s,cifar10,24,10,0.08361823123728504,1.3877787807814454e-17,0.11607777405057144,0.014133021122006557,-0.03245954281328642,50,0.0196078431372549,50,71.51437139511107
dinov2_s,cifar10,25,10,0.08172594815221287,1.3877787807814454e-17,0.11582757433204928,0.014060296698616371,-0.034101626179836385,50,0.0196078431372549,50,68.77999138832092
dinov2_s,cifar10,26,10,0.08418294350042843,0.0,0.11631920350391076,0.014056250547137685,-0.032136260003482325,50,0.0196078431372549,50,76.01001691818237
dinov2_s,cifar10,27,10,0.08390756294001146,0.0,0.11520808789778135,0.013881171049485944,-0.03130052495776989,50,0.0196078431372549,50,67.75158882141113
dinov2_s,cifar10,28,10,0.0842685559820654,0.0,0.1178475188879672,0.01380823729862228,-0.033578962905901816,50,0.0196078431372549,50,51.084351778030396
dinov2_s,cifar10,29,10,0.08299015684394671,0.0,0.11728047943388985,0.01400280479265495,-0.03429032258994315,50,0.0196078431372549,50,44.2955687046051
i21k_b,cifar10,-1,10,0.08912335947310047,0.0,0.1283266999844188,0.015150399960266556,-0.03920334051131831,49,0.0392156862745098,50,102.14156603813171
i21k_b,cifar10,0,10,0.0889508616494448,0.0,0.12896228494470222,0.015259688615427846,-0.04001142329525742,49,0.0392156862745098,50,108.24233102798462
i21k_b,cifar10,1,10,0.08967272383789496,1.3877787807814454e-17,0.12807247694414794,0.0150613947370104,-0.03839975310625302,49,0.0392156862745098,50,120.9660940170288
i21k_b,cifar10,2,10,0.08996665185539424,1.3877787807814454e-17,0.12833254905452227,0.01508201380916951,-0.03836589719912803,49,0.0392156862745098,50,111.3056423664093
i21k_b,cifar10,3,10,0.0871019899255113,1.3877787807814454e-17,0.12865942860708354,0.015429097499053772,-0.041557438681572266,49,0.0392156862745098,50,124.2625608444214
i21k_b,cifar10,4,10,0.08946975271360033,0.0,0.12830381201366955,0.015103735512580974,-0.03883405930006922,49,0.0392156862745098,50,85.28034234046936
i21k_b,cifar10,5,10,0.08775880922384849,0.0,0.12862431030710522,0.015159571431176657,-0.04086550108325673,49,0.0392156862745098,50,132.81080651283264
i21k_b,cifar10,6,10,0.08989475959813345,1.3877787807814454e-17,0.12821982341892926,0.015111277658410825,-0.03832506382079578,49,0.0392156862745098,50,121.339928150177
i21k_b,cifar10,7,10,0.09033478016068423,1.3877787807814454e-17,0.12848054872165085,0.015148225901486097,-0.03814576856096662,49,0.0392156862745098,50,131.8591961860657
i21k_b,cifar10,8,10,0.08758540645231938,0.0,0.12883997190162247,0.01532101671392327,-0.0412545654493031,49,0.0392156862745098,50,131.22443270683286
i21k_b,cifar10,9,10,0.08858928137482723,0.0,0.1280227641214668,0.015111219834306104,-0.03943348274663956,49,0.0392156862745098,50,118.99029159545898
i21k_b,cifar10,10,10,0.09124345277077864,1.3877787807814454e-17,0.1275793791579114,0.014940877356794337,-0.03633592638713276,49,0.0392156862745098,50,144.26565527915957
i21k_b,cifar10,11,10,0.08737464746266775,0.0,0.12876123581452822,0.015153117724627775,-0.041386588351860466,50,0.0196078431372549,50,138.32933020591736
i21k_b,cifar10,12,10,0.08774198211473756,1.3877787807814454e-17,0.12843098191020552,0.015308756188833962,-0.040688999795467966,49,0.0392156862745098,50,134.27096176147458
i21k_b,cifar10,13,10,0.08957691366956183,1.3877787807814454e-17,0.12804469531798346,0.015085471169402313,-0.03846778164842162,49,0.0392156862745098,50,136.70626068115234
i21k_b,cifar10,14,10,0.08963432110371472,0.0,0.12823808184802898,0.0150929889134001,-0.03860376074431425,49,0.0392156862745098,50,129.4351658821106
i21k_b,cifar10,15,10,0.09069813132869144,0.0,0.1279763342189489,0.015152870869903025,-0.03727820289025748,49,0.0392156862745098,50,99.48691511154176
i21k_b,cifar10,16,10,0.08904853407153186,1.3877787807814454e-17,0.12842879019354686,0.01521457744807072,-0.039380256122015,49,0.0392156862745098,50,130.36204624176023
i21k_b,cifar10,17,10,0.08912478316859042,1.3877787807814454e-17,0.12865162190911078,0.01524401417604091,-0.03952683874052035,49,0.0392156862745098,50,102.58199238777159
i21k_b,cifar10,18,10,0.0886539261168713,0.0,0.12832478264026265,0.015213800643037578,-0.03967085652339135,49,0.0392156862745098,50,131.38919162750244
i21k_b,cifar10,19,10,0.09067118527903063,0.0,0.1282357557577579,0.015235371715213754,-0.03756457047872725,49,0.0392156862745098,50,133.3950424194336
i21k_b,cifar10,20,10,0.089351929872086,1.3877787807814454e-17,0.1285368633484735,0.015215507274004197,-0.039184933476387504,49,0.0392156862745098,50,123.94817090034485
i21k_b,cifar10,21,10,0.08758322721492738,0.0,0.12834626684443715,0.01520271893230515,-0.040763039629509806,49,0.0392156862745098,50,143.18239927291867
i21k_b,cifar10,22,10,0.08868567987108945,0.0,0.1287238838203277,0.015284184305313624,-0.04003820394923825,49,0.0392156862745098,50,111.50107073783876
i21k_b,cifar10,23,10,0.08884713807593594,0.0,0.12785639303325735,0.015008430022184157,-0.03900925495732141,49,0.0392156862745098,50,129.47118401527405
i21k_b,cifar10,24,10,0.08802154456041511,0.0,0.128514192380156,0.015177086510483578,-0.04049264781974088,49,0.0392156862745098,50,132.8110587596893
i21k_b,cifar10,25,10,0.09106066716387083,0.0,0.12819502160837534,0.015135799837992278,-0.03713435444450454,49,0.0392156862745098,50,129.6695785522461
i21k_b,cifar10,26,10,0.08997540450821769,1.3877787807814454e-17,0.12834357390577136,0.015202707365359603,-0.03836816939755368,49,0.0392156862745098,50,138.07921171188354
i21k_b,cifar10,27,10,0.0891799768673954,0.0,0.1280145261197108,0.014988432715645124,-0.03883454925231539,49,0.0392156862745098,50,127.74054265022278
i21k_b,cifar10,28,10,0.09003671877902228,1.3877787807814454e-17,0.12895414252082882,0.015232922242005209,-0.03891742374180654,49,0.0392156862745098,50,136.2770221233368
i21k_b,cifar10,29,10,0.08810516787687153,0.0,0.1284870012254644,0.01512144665929224,-0.040381833348592855,49,0.0392156862745098,50,125.50669574737549
i21k_l,cifar10,-1,10,0.08357815749110106,1.3877787807814454e-17,0.12155602936659253,0.012532601102797507,-0.03797787187549147,50,0.0196078431372549,50,131.6453289985657
i21k_l,cifar10,0,10,0.08279869085617461,1.3877787807814454e-17,0.12175164924192633,0.012582491306567264,-0.03895295838575172,50,0.0196078431372549,50,128.1062111854553
i21k_l,cifar10,1,10,0.08443129242005709,0.0,0.12167047807655455,0.012540614737206041,-0.03723918565649748,50,0.0196078431372549,50,116.0612678527832
i21k_l,cifar10,2,10,0.08280241868651418,0.0,0.12146504341742767,0.012547381693726392,-0.0386626247309135,50,0.0196078431372549,50,105.6669557094574
i21k_l,cifar10,3,10,0.08403016249215647,0.0,0.12185635086086152,0.012565033625746128,-0.037826188368705035,50,0.0196078431372549,50,128.17878031730652
i21k_l,cifar10,4,10,0.08452173299224572,0.0,0.12168123264965995,0.012529575445825027,-0.037159499657414205,50,0.0196078431372549,50,110.47957086563109
i21k_l,cifar10,5,10,0.08219817111496197,0.0,0.12192416521793342,0.012513222356467188,-0.03972599410297145,50,0.0196078431372549,50,76.85556745529175
i21k_l,cifar10,6,10,0.08414513414036295,0.0,0.12183493894284453,0.012546263554702348,-0.03768980480248156,50,0.0196078431372549,50,85.67842745780946
i21k_l,cifar10,7,10,0.08363603353257867,1.3877787807814454e-17,0.12161338082801801,0.01249290010282266,-0.03797734729543932,50,0.0196078431372549,50,117.61592340469359
i21k_l,cifar10,8,10,0.08377944676868973,0.0,0.12158233673700727,0.012583399939084885,-0.037802889968317564,50,0.0196078431372549,50,104.5938847064972
i21k_l,cifar10,9,10,0.08245734524173019,0.0,0.12176226296348525,0.012536610520890378,-0.03930491772175505,50,0.0196078431372549,50,83.00376415252686
i21k_l,cifar10,10,10,0.0836905359682111,0.0,0.12125382051705128,0.01250815877571253,-0.03756328454884018,50,0.0196078431372549,50,109.02915620803832
i21k_l,cifar10,11,10,0.08261932161414856,0.0,0.1217428595208395,0.01252673799923945,-0.039123537906690944,50,0.0196078431372549,50,90.87937211990356
i21k_l,cifar10,12,10,0.0823275080460403,1.3877787807814454e-17,0.121360811509257,0.012554846233862936,-0.039033303463216686,50,0.0196078431372549,50,107.16582441329956
i21k_l,cifar10,13,10,0.0843787232845047,0.0,0.1212806246818902,0.012491507924946728,-0.036901901397385486,50,0.0196078431372549,50,101.6946382522583
i21k_l,cifar10,14,10,0.08301352660068391,1.3877787807814454e-17,0.12152404631492222,0.012496977321890429,-0.03851051971423832,50,0.0196078431372549,50,83.14744091033936
i21k_l,cifar10,15,10,0.08506488890270078,1.3877787807814454e-17,0.12143835085351848,0.012606725101609552,-0.036373461950817726,50,0.0196078431372549,50,105.68310546875
i21k_l,cifar10,16,10,0.08292668881714951,0.0,0.12155220311472913,0.01252869213781293,-0.03862551429757961,50,0.0196078431372549,50,80.38156175613403
i21k_l,cifar10,17,10,0.08471433835022056,0.0,0.12171623864755465,0.012531340851003386,-0.037001900297334064,50,0.0196078431372549,50,112.16094422340393
i21k_l,cifar10,18,10,0.08408620504272858,0.0,0.12136336551687366,0.012504347373069252,-0.03727716047414506,50,0.0196078431372549,50,107.26362133026123
i21k_l,cifar10,19,10,0.0833430654533194,1.3877787807814454e-17,0.12149262668063215,0.012568775820333528,-0.03814956122731275,50,0.0196078431372549,50,115.47448825836182
i21k_l,cifar10,20,10,0.08429500558958017,1.3877787807814454e-17,0.12191922738000795,0.01255285400052019,-0.037624221790427785,50,0.0196078431372549,50,104.19963502883913
i21k_l,cifar10,21,10,0.0820348614391728,0.0,0.12145425939764465,0.012515350723017526,-0.03941939795847184,50,0.0196078431372549,50,100.66671586036682
i21k_l,cifar10,22,10,0.08245958391961715,0.0,0.12171786363546422,0.012535065743066443,-0.03925827971584707,50,0.0196078431372549,50,104.16932511329651
i21k_l,cifar10,23,10,0.08123514137042866,0.0,0.12135653738517575,0.012506757806003271,-0.04012139601474711,50,0.0196078431372549,50,87.1062343120575
i21k_l,cifar10,24,10,0.08219135624150073,0.0,0.12160298574769605,0.012531557640875957,-0.039411629506195325,50,0.0196078431372549,50,66.21072316169739
i21k_l,cifar10,25,10,0.08431449320482234,1.3877787807814454e-17,0.12101947119189507,0.01251788986308394,-0.03670497798707273,50,0.0196078431372549,50,90.38219356536864
i21k_l,cifar10,26,10,0.0845624215319831,1.3877787807814454e-17,0.12172845912784015,0.012635177299964042,-0.037166037595857036,50,0.0196078431372549,50,69.95671463012695
i21k_l,cifar10,27,10,0.08339453224493308,0.0,0.12101717951506223,0.012503665574923287,-0.03762264727012915,50,0.0196078431372549,50,59.58365893363953
i21k_l,cifar10,28,10,0.08432906342191783,0.0,0.1221735087546151,0.012578670668118151,-0.03784444533269729,50,0.0196078431372549,50,96.45567178726195
i21k_l,cifar10,29,10,0.08357787565208953,1.3877787807814454e-17,0.12195377459931685,0.012562116711818932,-0.03837589894722729,50,0.0196078431372549,50,78.8833270072937
i21k_s,cifar10,-1,10,0.0859252978448907,1.3877787807814454e-17,0.1292645135779743,0.014356282118889209,-0.043339215733083615,50,0.0196078431372549,50,150.9568448066711
i21k_s,cifar10,0,10,0.08634030856328292,1.3877787807814454e-17,0.12993876041207236,0.01444790449174149,-0.04359845184878944,50,0.0196078431372549,50,158.75843954086304
i21k_s,cifar10,1,10,0.0854700438362022,1.3877787807814454e-17,0.1290842861862444,0.014263864292987863,-0.0436142423500422,50,0.0196078431372549,50,166.18457150459292
i21k_s,cifar10,2,10,0.08585145398215419,0.0,0.12937945232953013,0.014472681995642176,-0.043527998347375946,50,0.0196078431372549,50,137.0302095413208
i21k_s,cifar10,3,10,0.08684367681774018,0.0,0.12932067322907748,0.014466948828512884,-0.0424769964113373,50,0.0196078431372549,50,148.18316197395325
i21k_s,cifar10,4,10,0.08825366114597875,0.0,0.1290220581425908,0.01434695012180651,-0.040768396996612034,50,0.0196078431372549,50,158.5608465671539
i21k_s,cifar10,5,10,0.08415478927293983,1.3877787807814454e-17,0.12928135702528248,0.014255976773155413,-0.04512656775234267,50,0.0196078431372549,50,82.82814455032349
i21k_s,cifar10,6,10,0.08809725803911707,1.3877787807814454e-17,0.12900507030130973,0.014371806065885184,-0.04090781226219264,49,0.0392156862745098,50,116.54053235054016
i21k_s,cifar10,7,10,0.08603097478029917,0.0,0.1288579995344045,0.014235284151287194,-0.04282702475410531,50,0.0196078431372549,50,144.23653841018674
i21k_s,cifar10,8,10,0.0855351221379579,0.0,0.1295479968744197,0.014323181784846081,-0.0440128747364618,50,0.0196078431372549,50,127.76986169815063
i21k_s,cifar10,9,10,0.0845453059335667,0.0,0.12919463836792042,0.014273154170127403,-0.04464933243435372,50,0.0196078431372549,50,139.02204847335815
i21k_s,cifar10,10,10,0.0864962331806557,0.0,0.12883260632143054,0.01430646528468456,-0.04233637314077483,50,0.0196078431372549,50,125.68845748901369
i21k_s,cifar10,11,10,0.08410881540955137,0.0,0.1296435817338205,0.014273725517539075,-0.04553476632426913,50,0.0196078431372549,50,124.71507430076599
i21k_s,cifar10,12,10,0.08445745803885063,0.0,0.1295660770893429,0.014395500662721616,-0.045108619050492266,50,0.0196078431372549,50,133.80912613868713
i21k_s,cifar10,13,10,0.08571391828032858,1.3877787807814454e-17,0.12912522289125278,0.01437701849632941,-0.04341130461092421,50,0.0196078431372549,50,139.73082947731018
i21k_s,cifar10,14,10,0.08648758989633637,1.3877787807814454e-17,0.12912166409011594,0.014345149587564719,-0.04263407419377956,50,0.0196078431372549,50,132.6466763019562
i21k_s,cifar10,15,10,0.08653016292300761,1.3877787807814454e-17,0.12867563353146685,0.014349564987793691,-0.04214547060845922,50,0.0196078431372549,50,74.35135030746459
i21k_s,cifar10,16,10,0.0866812652434473,1.3877787807814454e-17,0.1294124932346981,0.014461216428622815,-0.04273122799125082,50,0.0196078431372549,50,138.28120446205142
i21k_s,cifar10,17,10,0.08705656496941107,0.0,0.12959561572146114,0.014402235606359897,-0.04253905075205007,50,0.0196078431372549,50,122.03031086921692
i21k_s,cifar10,18,10,0.08650399889883728,0.0,0.1291092810126925,0.014324667805183985,-0.042605282113855225,50,0.0196078431372549,50,91.76280355453493
i21k_s,cifar10,19,10,0.08618448668475294,1.3877787807814454e-17,0.1291836880294303,0.014340506866718313,-0.04299920134467737,50,0.0196078431372549,50,131.56789302825928
i21k_s,cifar10,20,10,0.08553727798976171,0.0,0.12898171622910753,0.014221479976602171,-0.043444438239345816,50,0.0196078431372549,50,112.61445093154907
i21k_s,cifar10,21,10,0.08550288038865035,1.3877787807814454e-17,0.1296158276552877,0.014467059940402887,-0.04411294726663735,50,0.0196078431372549,50,134.7331759929657
i21k_s,cifar10,22,10,0.0844403593020168,0.0,0.12969895062597175,0.0144620256696613,-0.04525859132395496,50,0.0196078431372549,50,126.86408519744872
i21k_s,cifar10,23,10,0.08624482733996723,1.3877787807814454e-17,0.12909367706091682,0.01437701841797566,-0.04284884972094959,50,0.0196078431372549,50,128.50890469551086
i21k_s,cifar10,24,10,0.084868602121461,0.0,0.12917073409638993,0.014259931247127182,-0.04430213197492894,50,0.0196078431372549,50,124.72269248962402
i21k_s,cifar10,25,10,0.08554363250418581,1.3877787807814454e-17,0.1292381437390301,0.014436971563444657,-0.043694511234844274,50,0.0196078431372549,50,127.27138686180115
i21k_s,cifar10,26,10,0.08582973725798647,0.0,0.12909472583959306,0.014291870176960687,-0.043264988581606566,50,0.0196078431372549,50,114.44487524032593
i21k_s,cifar10,27,10,0.08674595344172277,0.0,0.12925009875673854,0.014419165113395688,-0.042504145315015764,50,0.0196078431372549,50,126.28810954093932
i21k_s,cifar10,28,10,0.08527281564344255,0.0,0.129512573281107,0.014383057430545531,-0.04423975763766444,50,0.0196078431372549,50,129.78462243080142
i21k_s,cifar10,29,10,0.08654486038408091,0.0,0.12996913049496445,0.014515831551485815,-0.04342427011088354,50,0.0196078431372549,50,128.73520755767822
i21k_t,cifar10,-1,10,0.12219879620197655,0.0,0.13629095248650575,0.015698214254374933,-0.014092156284529173,40,0.21568627450980396,50,66.54600763320923
i21k_t,cifar10,0,10,0.1211674245289485,1.3877787807814454e-17,0.13669834010758675,0.015769187929240862,-0.01553091557863824,42,0.17647058823529413,50,70.89461922645569
i21k_t,cifar10,1,10,0.1224961609517092,0.0,0.13623146271195824,0.01565811518513125,-0.01373530176024905,40,0.21568627450980396,50,78.1456606388092
i21k_t,cifar10,2,10,0.11917855662043245,0.0,0.13621545972615054,0.015631485598546796,-0.01703690310571809,42,0.17647058823529413,50,64.32520079612732
i21k_t,cifar10,3,10,0.12209787012272225,0.0,0.13627172817646352,0.015605098618744487,-0.014173858053741271,40,0.21568627450980396,50,102.3664128780365
i21k_t,cifar10,4,10,0.12084243466103485,1.3877787807814454e-17,0.13615972151804015,0.01572373800496061,-0.015317286857005287,40,0.21568627450980396,50,139.05759716033936
i21k_t,cifar10,5,10,0.12303685816124114,0.0,0.13664971052934158,0.015826737997724553,-0.013612852368100406,40,0.21568627450980396,50,172.28352665901184
i21k_t,cifar10,6,10,0.12014173568104165,0.0,0.13602699676533805,0.015453028720649447,-0.0158852610842964,41,0.19607843137254904,50,147.0129060745239
i21k_t,cifar10,7,10,0.12268349516098018,1.3877787807814454e-17,0.1362988974598178,0.01570182436353209,-0.01361540229883762,40,0.21568627450980396,50,145.7525112628937
i21k_t,cifar10,8,10,0.12109934278233465,0.0,0.1362109215765852,0.01554214703291158,-0.015111578794250556,40,0.21568627450980396,50,135.47520804405212
i21k_t,cifar10,9,10,0.12498271361554608,0.0,0.1362920022491334,0.015730980641480232,-0.011309288633587336,40,0.21568627450980396,50,150.03839373588562
i21k_t,cifar10,10,10,0.12245433775822692,2.7755575615628914e-17,0.1359925483342097,0.015642155186788128,-0.013538210575982784,40,0.21568627450980396,50,157.3906440734863
i21k_t,cifar10,11,10,0.1213352239194054,0.0,0.13648629866013795,0.015841667495842756,-0.015151074740732543,40,0.21568627450980396,50,174.8374319076538
i21k_t,cifar10,12,10,0.12504928070307694,0.0,0.13709455157568387,0.01601793356924231,-0.012045270872606928,40,0.21568627450980396,50,164.3016309738159
i21k_t,cifar10,13,10,0.1218140518536632,0.0,0.1361799931455576,0.015716619563648056,-0.01436594129189439,40,0.21568627450980396,50,158.4360876083374
i21k_t,cifar10,14,10,0.1217795292759584,1.3877787807814454e-17,0.1361440419021687,0.015656060767015253,-0.014364512626210288,40,0.21568627450980396,50,143.18166089057922
i21k_t,cifar10,15,10,0.12013405772779275,1.3877787807814454e-17,0.13579526117390994,0.015527466019884457,-0.015661203446117197,41,0.19607843137254904,50,151.02962589263916
i21k_t,cifar10,16,10,0.12135145694081363,0.0,0.1359977372006579,0.01567392242681546,-0.014646280259844269,40,0.21568627450980396,50,170.29570770263672
i21k_t,cifar10,17,10,0.12276101370317985,1.3877787807814454e-17,0.13651961886444192,0.01574088283990201,-0.013758605161262066,40,0.21568627450980396,50,163.72327613830566
i21k_t,cifar10,18,10,0.12385024698450872,0.0,0.13641828540453133,0.01578431971483201,-0.01256803842002262,40,0.21568627450980396,50,152.79691457748413
i21k_t,cifar10,19,10,0.12089230597926084,1.3877787807814454e-17,0.13608207452422014,0.015715856893384946,-0.015189768544959306,40,0.21568627450980396,50,148.37395429611206
i21k_t,cifar10,20,10,0.12161568247000935,1.3877787807814454e-17,0.13594942865293372,0.015769976497225106,-0.014333746182924363,40,0.21568627450980396,50,132.89993262290957
i21k_t,cifar10,21,10,0.12066490043560432,1.3877787807814454e-17,0.1361233910759009,0.015562308594080775,-0.015458490640296585,41,0.19607843137254904,50,109.95341610908508
i21k_t,cifar10,22,10,0.12040022321569745,2.7755575615628914e-17,0.1367496157288089,0.01580798282015107,-0.016349392513111433,42,0.17647058823529413,50,144.05210304260254
i21k_t,cifar10,23,10,0.12071056670316735,1.3877787807814454e-17,0.13591316705922746,0.01573799491927305,-0.015202600356060109,40,0.21568627450980396,50,135.14187526702878
i21k_t,cifar10,24,10,0.1223560516311644,0.0,0.13643115745429785,0.01581504015207005,-0.014075105823133456,40,0.21568627450980396,50,147.96173810958862
i21k_t,cifar10,25,10,0.1220385436836606,1.3877787807814454e-17,0.13618108616461974,0.015668392894213255,-0.01414254248095917,40,0.21568627450980396,50,134.86775684356692
i21k_t,cifar10,26,10,0.1249951365981958,0.0,0.13637209714544138,0.015798439390357896,-0.011376960547245588,40,0.21568627450980396,50,153.15953731536862
i21k_t,cifar10,27,10,0.12118219384634403,0.0,0.1359220490300047,0.015458729210914984,-0.014739855183660694,40,0.21568627450980396,50,137.35534071922302
i21k_t,cifar10,28,10,0.12496591005358867,1.3877787807814454e-17,0.13651919937044327,0.015891182943644815,-0.011553289316854592,40,0.21568627450980396,50,141.20209956169128
i21k_t,cifar10,29,10,0.12300649873218925,0.0,0.13703323108171245,0.015763685948263582,-0.014026732349523202,40,0.21568627450980396,50,140.38562512397766
siglip_b,cifar10,-1,10,0.08738363341151585,1.3877787807814454e-17,0.11582880544827524,0.012387509848505998,-0.028445172036759395,50,0.0196078431372549,50,152.11860227584842
siglip_b,cifar10,0,10,0.08841830524559229,1.3877787807814454e-17,0.115950087563149,0.012375559774563795,-0.027531782317556708,50,0.0196078431372549,50,153.61039137840268
siglip_b,cifar10,1,10,0.08761829903372065,0.0,0.11602083866374514,0.01228544702891631,-0.028402539630024527,50,0.0196078431372549,50,125.55354475975037
siglip_b,cifar10,2,10,0.087430868080602,1.3877787807814454e-17,0.11596753059536215,0.012375210100597191,-0.028536662514760155,50,0.0196078431372549,50,177.10412764549255
siglip_b,cifar10,3,10,0.08763073298313229,0.0,0.11592566897459855,0.012429100483331979,-0.028294935991466263,50,0.0196078431372549,50,162.38300728797913
siglip_b,cifar10,4,10,0.08645403563740807,0.0,0.1156578995331206,0.012371635227951212,-0.029203863895712532,50,0.0196078431372549,50,133.03998470306394
siglip_b,cifar10,5,10,0.0883245571710681,0.0,0.11645364253173468,0.01244905087421602,-0.028129085360666575,50,0.0196078431372549,50,132.1808047294617
siglip_b,cifar10,6,10,0.0860790226351729,1.3877787807814454e-17,0.11555422050094487,0.012461692330833263,-0.029475197865771963,50,0.0196078431372549,50,116.851660490036
siglip_b,cifar10,7,10,0.08765704488416895,1.3877787807814454e-17,0.11599744131807935,0.012399908992592109,-0.0283403964339104,50,0.0196078431372549,50,146.47512388229367
siglip_b,cifar10,8,10,0.08892613064852242,0.0,0.11604219176823626,0.01234694882611418,-0.02711606111971382,50,0.0196078431372549,50,112.94172739982605
siglip_b,cifar10,9,10,0.08739008261756767,1.3877787807814454e-17,0.1155681887683674,0.012388736287086012,-0.028178106150799742,50,0.0196078431372549,50,111.31672978401184
siglip_b,cifar10,10,10,0.08820842952738417,0.0,0.11554811495151332,0.012429301108597756,-0.02733968542412916,50,0.0196078431372549,50,138.53845024108887
siglip_b,cifar10,11,10,0.08792388742801087,1.3877787807814454e-17,0.1163585417807174,0.012377144651916664,-0.02843465435270653,50,0.0196078431372549,50,133.20245146751404
siglip_b,cifar10,12,10,0.08748143172926212,1.3877787807814454e-17,0.11613823847406485,0.012399420533423291,-0.028656806744802726,50,0.0196078431372549,50,112.3757643699646
siglip_b,cifar10,13,10,0.08784183698682371,1.3877787807814454e-17,0.11569461311953315,0.012376672583122578,-0.02785277613270944,50,0.0196078431372549,50,117.70732927322388
siglip_b,cifar10,14,10,0.08857611296621705,0.0,0.11599717823396327,0.012382015177578237,-0.02742106526774624,50,0.0196078431372549,50,113.10166144371031
siglip_b,cifar10,15,10,0.08780430957231354,0.0,0.11547958916639985,0.01237407509578811,-0.02767527959408629,50,0.0196078431372549,50,143.6647479534149
siglip_b,cifar10,16,10,0.08956111008596271,0.0,0.11595479624836358,0.012453921323553831,-0.02639368616240087,49,0.0392156862745098,50,125.2646701335907
siglip_b,cifar10,17,10,0.08804612897946186,0.0,0.1154158372640045,0.012296588656920508,-0.027369708284542646,50,0.0196078431372549,50,132.99017667770386
siglip_b,cifar10,18,10,0.08709921592373522,1.3877787807814454e-17,0.11538656322684128,0.01238522703654958,-0.02828734730310603,50,0.0196078431372549,50,146.12364602088928
siglip_b,cifar10,19,10,0.08692295221771931,0.0,0.11559950498926586,0.01243836668209952,-0.028676552771546543,50,0.0196078431372549,50,151.8411288261414
siglip_b,cifar10,20,10,0.08798165022554008,1.3877787807814454e-17,0.1153751812633226,0.012336920258456494,-0.027393531037782512,50,0.0196078431372549,50,128.13069605827332
siglip_b,cifar10,21,10,0.0865858438723579,0.0,0.1157220835918591,0.012448501267592636,-0.029136239719501206,50,0.0196078431372549,50,142.4812955856323
siglip_b,cifar10,22,10,0.08695288541971605,0.0,0.1167717495540768,0.01246005649297467,-0.029818864134360745,50,0.0196078431372549,50,131.19455766677856
siglip_b,cifar10,23,10,0.08752792255877274,0.0,0.1156788195279839,0.0123699926535741,-0.02815089696921115,50,0.0196078431372549,50,133.4885060787201
siglip_b,cifar10,24,10,0.08721813083414143,0.0,0.11586585395253934,0.012329183970055014,-0.02864772311839793,50,0.0196078431372549,50,126.93779253959656
siglip_b,cifar10,25,10,0.08623208009418018,0.0,0.115516169938189,0.012416013243586748,-0.029284089844008838,50,0.0196078431372549,50,139.88134026527405
siglip_b,cifar10,26,10,0.08796134911533995,1.3877787807814454e-17,0.1157164710131231,0.012444982078660478,-0.027755121897783147,50,0.0196078431372549,50,124.23122763633728
siglip_b,cifar10,27,10,0.08670240444020147,1.3877787807814454e-17,0.11534563108327688,0.012451947809622962,-0.02864322664307542,50,0.0196078431372549,50,131.38176202774048
siglip_b,cifar10,28,10,0.0878205471322477,1.3877787807814454e-17,0.11608026468118116,0.012360891653480456,-0.028259717548933475,50,0.0196078431372549,50,123.08907318115234
siglip_b,cifar10,29,10,0.08622602130280507,1.3877787807814454e-17,0.11616824444008865,0.01246132486994784,-0.029942223137283574,50,0.0196078431372549,50,129.44872498512268
clip_b,cifar100,-1,100,0.1009863390958035,0.00035877607415080425,0.11945416365611483,0.00635054547708648,-0.01846782456031132,50,0.0196078431372549,50,38.97702026367188
clip_b,cifar100,0,100,0.10058215466378476,0.000283456352948024,0.11961569852152765,0.006309612912934329,-0.01903354385774289,50,0.0196078431372549,50,35.84533929824829
clip_b,cifar100,1,100,0.10109510741788824,0.0002510471150497453,0.11938884431385828,0.006347630077081046,-0.01829373689597004,50,0.0196078431372549,50,37.82171416282654
clip_b,cifar100,2,100,0.101243274782809,0.0002465978211404724,0.11936643136047045,0.006325301305853863,-0.01812315657766142,50,0.0196078431372549,50,39.50999379158021
clip_b,cifar100,3,100,0.1007642723267109,0.0002215375411623421,0.11926168108177575,0.006327110824167707,-0.01849740875506486,50,0.0196078431372549,50,36.74435043334961
clip_b,cifar100,4,100,0.10199891226802768,0.0002835865042945955,0.1194081417487115,0.006340245179424622,-0.017409229480683838,50,0.0196078431372549,50,37.8410406112671
clip_b,cifar100,5,100,0.1006093602491828,0.00023265986413009232,0.11927845933460482,0.006317324044518761,-0.018669099085422025,50,0.0196078431372549,50,34.98242950439453
clip_b,cifar100,6,100,0.1017601873175868,0.0002874160809055516,0.11954602798548808,0.006324961187546969,-0.017785840667901287,50,0.0196078431372549,50,36.47942900657654
clip_b,cifar100,7,100,0.10083767830201912,0.00028198288857522063,0.11944247127869274,0.006307583786116098,-0.01860479297667364,50,0.0196078431372549,50,34.325180530548096
clip_b,cifar100,8,100,0.10031547478625982,0.00028113759368639127,0.11912978505257205,0.006334495040199718,-0.01881431026631224,50,0.0196078431372549,50,33.268787384033196
clip_b,cifar100,9,100,0.1001041229275215,0.0003034864123886565,0.1191501300709691,0.006339677722020113,-0.019046007143447605,50,0.0196078431372549,50,34.285619497299194
clip_b,cifar100,10,100,0.10031004652176226,0.00024478718852569023,0.11934628149043952,0.006357892229573227,-0.01903623496867728,50,0.0196078431372549,50,34.76518726348877
clip_b,cifar100,11,100,0.1004717208763507,0.00023877595070433775,0.11905726791118748,0.006344434215453488,-0.01858554703483678,50,0.0196078431372549,50,33.06580138206482
clip_b,cifar100,12,100,0.10101242469067737,0.00023829824670202872,0.11929682239681876,0.00632566755864965,-0.018284397706141403,50,0.0196078431372549,50,35.491406440734856
clip_b,cifar100,13,100,0.10155153167327603,0.00026487568068805163,0.1193631306696658,0.006330649539084281,-0.01781159899638976,50,0.0196078431372549,50,35.09066772460937
clip_b,cifar100,14,100,0.10261474562224107,0.00040861426188282816,0.11947077153906653,0.0063350111292535686,-0.016856025916825446,50,0.0196078431372549,50,35.61312747001647
clip_b,cifar100,15,100,0.10048096815653032,0.0002776580336624899,0.1193193046637206,0.006329299164302213,-0.01883833650719026,50,0.0196078431372549,50,33.06671833992005
clip_b,cifar100,16,100,0.10118744801491268,0.00032065179627244233,0.1192619448297057,0.006330979176526602,-0.01807449681479302,50,0.0196078431372549,50,35.358169078826904
clip_b,cifar100,17,100,0.10105750885897613,0.00032757524581700703,0.1188445020773336,0.006359041793255694,-0.017786993218357458,50,0.0196078431372549,50,35.82640504837036
clip_b,cifar100,18,100,0.1014789629473019,0.00024053802966603292,0.11936308884331685,0.006333213343232713,-0.017884125896014944,50,0.0196078431372549,50,34.766003608703606
clip_b,cifar100,19,100,0.10247490806063513,0.0002785549612106156,0.1193132729984454,0.00632575364628315,-0.016838364937810282,50,0.0196078431372549,50,34.58005428314209
clip_b,cifar100,20,100,0.10004707515424656,0.00021559318182922229,0.1193843625083156,0.006323357422966326,-0.019337287354069036,50,0.0196078431372549,50,32.04669451713562
clip_b,cifar100,21,100,0.10154526827850667,0.00028767603258061827,0.11911104289457762,0.006363822340224513,-0.01756577461607095,50,0.0196078431372549,50,31.858290195465088
clip_b,cifar100,22,100,0.09994803682796644,0.00036397877313429177,0.11941590182780905,0.006344760855397678,-0.019467864999842627,50,0.0196078431372549,50,33.520927667617805
clip_b,cifar100,23,100,0.1023327957973316,0.0002525520867937085,0.11927460041556832,0.006326340301999094,-0.016941804618236703,50,0.0196078431372549,50,31.88118934631348
clip_b,cifar100,24,100,0.1008373632571696,0.00022296823469775302,0.11915458285879907,0.006354088993003338,-0.01831721960162948,50,0.0196078431372549,50,31.163650035858154
clip_b,cifar100,25,100,0.10060237100763808,0.00026761375776348996,0.11917573554880605,0.006314455281133096,-0.018573364541167998,50,0.0196078431372549,50,29.72073984146118
clip_b,cifar100,26,100,0.10141908615000902,0.0003036487168266368,0.11932596669009347,0.006320359105951278,-0.017906880540084463,50,0.0196078431372549,50,32.26345777511597
clip_b,cifar100,27,100,0.10213551458431873,0.00034414917446901094,0.11928384535729394,0.006334423900319457,-0.017148330772975232,50,0.0196078431372549,50,33.35346150398255
clip_b,cifar100,28,100,0.1010316884982484,0.00024592080564031813,0.11918615882387815,0.006359222848926875,-0.018154470325629782,50,0.0196078431372549,50,34.28082275390625
clip_b,cifar100,29,100,0.10151540176115233,0.00025843474451851274,0.1192369203616299,0.006327888044571643,-0.017721518600477576,50,0.0196078431372549,50,32.49222469329834
clip_l,cifar100,-1,100,0.09706439934187908,0.0005306858483585809,0.11443024488334025,0.005248890896786984,-0.01736584554146116,50,0.0196078431372549,50,60.74623131752014
clip_l,cifar100,0,100,0.09594568982976732,0.0004887732846577429,0.11442948240281413,0.005224656608215504,-0.018483792573046803,50,0.0196078431372549,50,61.41179609298706
clip_l,cifar100,1,100,0.09684757058731172,0.00048009360617630193,0.11425695925996328,0.005273684542608897,-0.017409388672651557,50,0.0196078431372549,50,59.374024629592896
clip_l,cifar100,2,100,0.09807818996832736,0.0005719625051515613,0.11443576001294507,0.005249320288208504,-0.0163575700446177,50,0.0196078431372549,50,58.043715238571174
clip_l,cifar100,3,100,0.0968779842682112,0.0004186018599646861,0.11432704776588146,0.005251423116011881,-0.017449063497670253,50,0.0196078431372549,50,58.67731189727783
clip_l,cifar100,4,100,0.0963816843870142,0.00041067329324105103,0.1144520969855499,0.005187875348656315,-0.018070412598535687,50,0.0196078431372549,50,62.47659349441528
clip_l,cifar100,5,100,0.09928556073554258,0.0005215563284387394,0.11444167105563588,0.005192168448774325,-0.015156110320093287,50,0.0196078431372549,50,64.63872909545897
clip_l,cifar100,6,100,0.09680036075663402,0.00047673941015477685,0.11429489423281247,0.005264408607238212,-0.01749453347617845,50,0.0196078431372549,50,64.50637173652649
clip_l,cifar100,7,100,0.09686478007218263,0.0006460744311506902,0.11400291820805075,0.005224466023562967,-0.01713813813586813,50,0.0196078431372549,50,65.25114846229553
clip_l,cifar100,8,100,0.09552372108980013,0.0005009225781830943,0.11408163103056827,0.0052128018026391405,-0.018557909940768155,50,0.0196078431372549,50,64.15074038505554
clip_l,cifar100,9,100,0.09785463231932498,0.00046647761757802195,0.11437933512544594,0.0052357542050949476,-0.016524702806120978,50,0.0196078431372549,50,59.0919029712677
clip_l,cifar100,10,100,0.0956372494665456,0.00047169337121275663,0.11437287702564265,0.005235017319141737,-0.01873562755909705,50,0.0196078431372549,50,60.658180952072144
clip_l,cifar100,11,100,0.09609232312432472,0.0006654233498542665,0.11414116671137765,0.00522020547613794,-0.018048843587052915,50,0.0196078431372549,50,59.92038822174072
clip_l,cifar100,12,100,0.0969638127410851,0.0005573445870555565,0.1142936730004013,0.005207450778084076,-0.017329860259316196,50,0.0196078431372549,50,58.558071851730354
clip_l,cifar100,13,100,0.0975898388758318,0.0004213572726778183,0.11419986775649205,0.005256786097255118,-0.016610028880660238,50,0.0196078431372549,50,55.63485813140869
clip_l,cifar100,14,100,0.0976555333847436,0.00058202740374041,0.11431437473965014,0.005219675679871224,-0.016658841354906532,50,0.0196078431372549,50,58.6680371761322
clip_l,cifar100,15,100,0.0952017698171312,0.0005186896223794778,0.1142282044881798,0.005229258212457787,-0.0190264346710486,50,0.0196078431372549,50,57.68081283569336
clip_l,cifar100,16,100,0.09609022124455698,0.0004877236154751368,0.11421100848043905,0.0051681435441693745,-0.018120787235882063,50,0.0196078431372549,50,58.06285691261292
clip_l,cifar100,17,100,0.0967582151593826,0.0005102786319961453,0.11414288558164365,0.005231801150280528,-0.017384670422261037,50,0.0196078431372549,50,59.67666888237
clip_l,cifar100,18,100,0.09563111930890142,0.0004819766266306993,0.1142880878114542,0.005196420370068633,-0.018656968502552773,50,0.0196078431372549,50,56.92297554016113
clip_l,cifar100,19,100,0.09602889631332262,0.0006159420470848204,0.11412906255883508,0.005253407605755345,-0.01810016624551246,50,0.0196078431372549,50,56.34635734558106
clip_l,cifar100,20,100,0.09733562120322804,0.00048354718376503164,0.11432348527779038,0.0052582369279583355,-0.016987864074562334,50,0.0196078431372549,50,57.95741105079651
clip_l,cifar100,21,100,0.09656051278225522,0.0005093401337388876,0.11410641393018728,0.00523170313846681,-0.017545901147932072,50,0.0196078431372549,50,58.54879331588745
clip_l,cifar100,22,100,0.09755853823742547,0.0006028193941997801,0.11432557524556093,0.005192322111014753,-0.01676703700813545,50,0.0196078431372549,50,57.15203261375427
clip_l,cifar100,23,100,0.0966301428267146,0.0004304587538860021,0.11423768632318068,0.005275889643326772,-0.01760754349646608,50,0.0196078431372549,50,62.3893883228302
clip_l,cifar100,24,100,0.09713204458500067,0.0005516895706329245,0.1143499994759388,0.005220832041099512,-0.017217954890938122,50,0.0196078431372549,50,59.67792797088623
clip_l,cifar100,25,100,0.0961073993568025,0.0006091955467057931,0.11404434441305696,0.005288109046508979,-0.01793694505625444,50,0.0196078431372549,50,64.25893497467041
clip_l,cifar100,26,100,0.0956912373337538,0.00039627685330370253,0.11420916666005672,0.0052115399922273535,-0.018517929326302904,50,0.0196078431372549,50,57.34779453277588
clip_l,cifar100,27,100,0.09714882714427923,0.0005553563249614415,0.1141625535812238,0.00522128271732389,-0.017013726436944543,50,0.0196078431372549,50,68.8082857131958
clip_l,cifar100,28,100,0.09569457186268668,0.0005527006674850964,0.11419587282067173,0.0052493413219817315,-0.01850130095798505,50,0.0196078431372549,50,73.1202414035797
clip_l,cifar100,29,100,0.09717920263909287,0.000545569246090852,0.11430835540534945,0.005204310764909475,-0.017129152766256553,50,0.0196078431372549,50,77.86735510826111
dinov1_b,cifar100,-1,100,0.08217579478434547,0.00020743078514805192,0.1132188855019729,0.004132204452937347,-0.031043090717627425,50,0.0196078431372549,50,159.32479858398438
dinov1_b,cifar100,0,100,0.08196132044505527,0.00028923183913483923,0.11291660793225987,0.00408055795772095,-0.030955287487204594,50,0.0196078431372549,50,141.16239213943481
dinov1_b,cifar100,1,100,0.08232118568216516,0.00030824613177468966,0.1132482145617487,0.004116660958402174,-0.030927028879583537,50,0.0196078431372549,50,155.43156862258908
dinov1_b,cifar100,2,100,0.08183723265113832,0.00026388488733176897,0.11294723665669995,0.004090105299751011,-0.03111000400556163,50,0.0196078431372549,50,168.96558022499084
dinov1_b,cifar100,3,100,0.08151006666433236,0.00025643436241212146,0.11307528649169013,0.004104266651216949,-0.03156521982735777,50,0.0196078431372549,50,144.6993443965912
dinov1_b,cifar100,4,100,0.08229150170016164,0.00020498031813944657,0.11300625855623952,0.0041011349907512954,-0.03071475685607788,50,0.0196078431372549,50,180.5601315498352
dinov1_b,cifar100,5,100,0.08241355378639463,0.0002784260584542245,0.11307300802979416,0.004125529491270116,-0.03065945424339951,50,0.0196078431372549,50,141.8945579528809
dinov1_b,cifar100,6,100,0.08265355027334867,0.00021490612871169316,0.11295204390843397,0.004082342094937298,-0.030298493635085324,50,0.0196078431372549,50,152.37418389320376
dinov1_b,cifar100,7,100,0.08099207458805238,0.0002886823820610285,0.11292558726298994,0.004124113383887396,-0.031933512674937575,50,0.0196078431372549,50,183.566511631012
dinov1_b,cifar100,8,100,0.08103845506215968,0.00021168485709682644,0.1129138809628678,0.004090634374014213,-0.03187542590070812,50,0.0196078431372549,50,165.33740639686584
dinov1_b,cifar100,9,100,0.08274687280615793,0.00020386153348860323,0.11289499776321454,0.004086339418245506,-0.030148124957056623,50,0.0196078431372549,50,169.50210666656494
dinov1_b,cifar100,10,100,0.08227412225734296,0.0002050692761939689,0.11311280273403065,0.0040957256271950395,-0.030838680476687683,50,0.0196078431372549,50,143.96624612808228
dinov1_b,cifar100,11,100,0.08205061076340607,0.00022192881645612968,0.11301703976075725,0.004125378148851826,-0.03096642899735115,50,0.0196078431372549,50,159.9199118614197
dinov1_b,cifar100,12,100,0.08183296362877251,0.00022764173127143907,0.11287088176193034,0.004118732718373319,-0.031037918133157844,50,0.0196078431372549,50,158.71022319793698
dinov1_b,cifar100,13,100,0.08193583880192898,0.0002024611429003718,0.11296464665565485,0.004103692016020905,-0.031028807853725877,50,0.0196078431372549,50,155.55694699287417
dinov1_b,cifar100,14,100,0.0812834496468071,0.00022743876951447246,0.11291588445457768,0.00414001727093183,-0.031632434807770574,50,0.0196078431372549,50,148.32468104362488
dinov1_b,cifar100,15,100,0.08216471281178041,0.00024466739972525773,0.11301004324268613,0.004102043387852502,-0.030845330430905718,50,0.0196078431372549,50,157.89929318428042
dinov1_b,cifar100,16,100,0.08226705350948385,0.0002637794765417794,0.11304564144620252,0.0041190133004928,-0.030778587936718657,50,0.0196078431372549,50,156.26275444030762
dinov1_b,cifar100,17,100,0.08277831089947094,0.0002551284631798264,0.1130110719629455,0.0041190674620312714,-0.03023276106347457,50,0.0196078431372549,50,158.14847803115842
dinov1_b,cifar100,18,100,0.08392041689191035,0.00023854434187030985,0.11286125914163547,0.004072596502210238,-0.028940842249725124,50,0.0196078431372549,50,152.53761887550354
dinov1_b,cifar100,19,100,0.08235940315021281,0.00023870607840720595,0.11300892274527807,0.0041146312535392734,-0.03064951959506526,50,0.0196078431372549,50,144.1651906967163
dinov1_b,cifar100,20,100,0.08172935353020197,0.00028386196959198737,0.11299209468186094,0.004089123672776765,-0.03126274115165896,50,0.0196078431372549,50,96.73719382286072
dinov1_b,cifar100,21,100,0.08233847045910969,0.0001971258696010132,0.11298155280597405,0.004139100498661812,-0.030643082346864362,50,0.0196078431372549,50,131.165048122406
dinov1_b,cifar100,22,100,0.08164473191230429,0.00021169516785015004,0.11302562359429852,0.004114738649432255,-0.03138089168199423,50,0.0196078431372549,50,150.4074890613556
dinov1_b,cifar100,23,100,0.08127251976723185,0.00023592761239207334,0.11302042690287965,0.00409303869091216,-0.031747907135647804,50,0.0196078431372549,50,133.82004141807556
dinov1_b,cifar100,24,100,0.08207351300737993,0.00017418839239849549,0.1130201622418518,0.004098753527289043,-0.030946649234471862,50,0.0196078431372549,50,117.00380301475523
dinov1_b,cifar100,25,100,0.08165634652642575,0.00021975735477786223,0.11303219684091025,0.004144630097218185,-0.031375850314484505,50,0.0196078431372549,50,110.81450891494751
dinov1_b,cifar100,26,100,0.08231881162303566,0.0001611372920819517,0.11282127281107746,0.004057053376432614,-0.03050246118804178,50,0.0196078431372549,50,131.6352858543396
dinov1_b,cifar100,27,100,0.08179990207137057,0.0002765179008301958,0.11294082705545593,0.004089517164451917,-0.031140924984085338,50,0.0196078431372549,50,135.39597153663635
dinov1_b,cifar100,28,100,0.08209285649272915,0.0002589208058961483,0.11300379621970935,0.00413324596356206,-0.0309109397269802,50,0.0196078431372549,50,130.6002426147461
dinov1_b,cifar100,29,100,0.08222530261975565,0.0001580931315436443,0.11290403545920445,0.004077648040300125,-0.03067873283944879,50,0.0196078431372549,50,120.57430839538574
dinov2_b,cifar100,-1,100,0.049220013861640696,0.00022545167916675392,0.0799105248817097,0.0021531066664252406,-0.030690511020069006,50,0.0196078431372549,50,77.2525773048401
dinov2_b,cifar100,0,100,0.04964893656314191,0.00020146750565576304,0.0797184792522595,0.00213170335628464,-0.030069542689117587,50,0.0196078431372549,50,72.80874967575073
dinov2_b,cifar100,1,100,0.049024095586005186,0.0002521482526307934,0.07991002662874977,0.002148412045515807,-0.030885931042744588,50,0.0196078431372549,50,81.99693632125854
dinov2_b,cifar100,2,100,0.04846824148277213,0.00015800864512862626,0.0799131760135457,0.0021440053664334127,-0.031444934530773565,50,0.0196078431372549,50,86.5329270362854
dinov2_b,cifar100,3,100,0.04913400531070968,0.00022400347321346504,0.07949255117907965,0.0021436782347526427,-0.030358545868369974,50,0.0196078431372549,50,90.6753442287445
dinov2_b,cifar100,4,100,0.04901814668121555,0.0002374432858259273,0.07973801638677451,0.0021500693092684,-0.030719869705558962,50,0.0196078431372549,50,96.51019501686096
dinov2_b,cifar100,5,100,0.04864804161783017,0.00013597463165178326,0.07968564635259216,0.00213562159931412,-0.031037604734761987,50,0.0196078431372549,50,83.61013865470886
dinov2_b,cifar100,6,100,0.04924127101044494,0.0002132924601176994,0.07985424950582769,0.0021474392468647133,-0.03061297849538275,50,0.0196078431372549,50,88.7168071269989
dinov2_b,cifar100,7,100,0.049094379163126235,0.00016539691873844922,0.07982001951327031,0.002151961605979928,-0.03072564035014406,50,0.0196078431372549,50,85.13240265846251
dinov2_b,cifar100,8,100,0.0492414673320021,0.000260412508342867,0.0796759453104319,0.0021343811392444552,-0.0304344779784298,50,0.0196078431372549,50,98.87975978851318
dinov2_b,cifar100,9,100,0.049258221383881036,0.000213329659938672,0.07970953406798753,0.0021456039180211143,-0.030451312684106488,50,0.0196078431372549,50,73.27683186531067
dinov2_b,cifar100,10,100,0.050057595873574584,0.00020646612494254317,0.07978454782857973,0.0021444318523256454,-0.029726951955005156,50,0.0196078431372549,50,89.34025335311891
dinov2_b,cifar100,11,100,0.049017496819130896,0.0002252620361651667,0.07994027607495804,0.002157681537273916,-0.03092277925582715,50,0.0196078431372549,50,89.57191610336305
dinov2_b,cifar100,12,100,0.0496107534888748,0.0001930364780295275,0.07977935677152416,0.0021354730418995647,-0.03016860328264936,50,0.0196078431372549,50,95.2816390991211
dinov2_b,cifar100,13,100,0.04945828968000149,0.0001571508860789306,0.07986885611320754,0.0021466878792534205,-0.03041056643320605,50,0.0196078431372549,50,84.01307415962218
dinov2_b,cifar100,14,100,0.04909551155928391,0.00029174648655103965,0.07973331217125817,0.002135191357703694,-0.03063780061197427,50,0.0196078431372549,50,78.67132258415222
dinov2_b,cifar100,15,100,0.049124816751090934,0.0002311200237521856,0.07978692577556537,0.002136642680120012,-0.030662109024474443,50,0.0196078431372549,50,85.52090048789978
dinov2_b,cifar100,16,100,0.04932624138013201,0.00011550370111106392,0.07977810636310033,0.0021534766076923995,-0.030451864982968306,50,0.0196078431372549,50,91.65735983848572
dinov2_b,cifar100,17,100,0.048626840581625225,0.0002064140150359991,0.0797084823967954,0.0021386393046089348,-0.031081641815170175,50,0.0196078431372549,50,89.12069797515869
dinov2_b,cifar100,18,100,0.048950568635128665,0.00024332505493739718,0.07974961384282632,0.0021328715796126254,-0.03079904520769767,50,0.0196078431372549,50,75.4325017929077
dinov2_b,cifar100,19,100,0.04910512443766109,0.00018791256165157888,0.07978063356167002,0.0021353225060718856,-0.03067550912400893,50,0.0196078431372549,50,82.87182950973511
dinov2_b,cifar100,20,100,0.0496435804916713,0.0002034817716629501,0.07959747834295862,0.002131523252310502,-0.02995389785128732,50,0.0196078431372549,50,85.40543913841249
dinov2_b,cifar100,21,100,0.04889077937992593,0.00017905312861445636,0.07970278405665987,0.002133549544598441,-0.03081200467673395,50,0.0196078431372549,50,91.04686212539671
dinov2_b,cifar100,22,100,0.048854808681419414,0.00023417800716100484,0.07979243647721923,0.002131089230724095,-0.030937627795799814,50,0.0196078431372549,50,105.39053440093994
dinov2_b,cifar100,23,100,0.04893440738542948,0.0002534450126347962,0.07963024155987025,0.002132425654368017,-0.030695834174440776,50,0.0196078431372549,50,84.65540981292725
dinov2_b,cifar100,24,100,0.049794490573961916,0.0002135570312241304,0.07996012754616931,0.002145514693617732,-0.030165636972207387,50,0.0196078431372549,50,95.68774604797363
dinov2_b,cifar100,25,100,0.04888848768445127,0.0002305914486853744,0.07977918129530308,0.0021381337305539892,-0.030890693610851814,50,0.0196078431372549,50,90.37469029426576
dinov2_b,cifar100,26,100,0.04870383185187508,0.0001913705879231768,0.07962084143869412,0.0021321006953833725,-0.03091700958681905,50,0.0196078431372549,50,88.75216913223267
dinov2_b,cifar100,27,100,0.04920223013328171,0.0001527086910642171,0.0797209891219301,0.002152001809130579,-0.030518758988648382,50,0.0196078431372549,50,94.05756402015686
dinov2_b,cifar100,28,100,0.0493288569512522,0.00021559640351371496,0.07987078275017821,0.002146773886282232,-0.030541925798926013,50,0.0196078431372549,50,91.19338631629944
dinov2_b,cifar100,29,100,0.04876728036626915,0.0001956785114220839,0.07979582549436974,0.00214429471906073,-0.031028545128100587,50,0.0196078431372549,50,71.44885754585265
dinov2_g,cifar100,-1,100,0.030008624669895567,0.00014585741071636364,0.06883994098479165,0.0014231367607727456,-0.038831316314896086,50,0.0196078431372549,50,67.7084321975708
dinov2_g,cifar100,0,100,0.029905454853401525,0.00012131422508047468,0.06857366030476253,0.0014082773532515054,-0.038668205451361,50,0.0196078431372549,50,65.43194317817688
dinov2_g,cifar100,1,100,0.029711115606557908,0.00015350150323308577,0.0686498887214631,0.0014305462671005454,-0.0389387731149052,50,0.0196078431372549,50,56.3865327835083
dinov2_g,cifar100,2,100,0.0298010047525016,0.0001962618488703764,0.06885313900198356,0.0014159098023414315,-0.039052134249481965,50,0.0196078431372549,50,55.81657338142395
dinov2_g,cifar100,3,100,0.029816840756647145,0.00016870273634970613,0.06851264068615169,0.0014085363661366086,-0.03869579992950455,50,0.0196078431372549,50,50.31813883781433
dinov2_g,cifar100,4,100,0.029920944158062724,0.00016186673893196202,0.0686303137281309,0.0014088919728212706,-0.03870936957006818,50,0.0196078431372549,50,55.521109819412224
dinov2_g,cifar100,5,100,0.030100584226413762,0.0001907846815502732,0.06861617628664284,0.0014101147453574009,-0.038515592060229066,50,0.0196078431372549,50,42.905661582946784
dinov2_g,cifar100,6,100,0.02945347043884685,0.00015047640342800612,0.0688408983472527,0.0014159465408573207,-0.03938742790840585,50,0.0196078431372549,50,51.03907227516174
dinov2_g,cifar100,7,100,0.030018486044201962,0.00018351462958398476,0.06881171152755941,0.0014127222919198786,-0.03879322548335745,50,0.0196078431372549,50,48.374526739120476
dinov2_g,cifar100,8,100,0.029953442526264275,0.00017452505612703222,0.06857616971759689,0.0014162948494135664,-0.03862272719133262,50,0.0196078431372549,50,54.53384804725647
dinov2_g,cifar100,9,100,0.029830153920503987,0.00019095573257300863,0.0686209872818744,0.0014071000403505895,-0.0387908333613704,50,0.0196078431372549,50,58.41779732704162
dinov2_g,cifar100,10,100,0.029862962873420763,0.00020001880045443783,0.06873530899587653,0.00141273964354347,-0.03887234612245577,50,0.0196078431372549,50,56.19550132751465
dinov2_g,cifar100,11,100,0.030011360038610494,0.0002029292444979112,0.06891545984158147,0.0014159887778590235,-0.03890409980297097,50,0.0196078431372549,50,53.16655611991882
dinov2_g,cifar100,12,100,0.030031085692843882,0.00017297067336713258,0.06847494396284451,0.001407797235480317,-0.038443858270000617,50,0.0196078431372549,50,42.72857403755189
dinov2_g,cifar100,13,100,0.029955702696714395,0.0002186059303809635,0.06886958642827044,0.0014055304711889985,-0.03891388373155605,50,0.0196078431372549,50,43.93615174293518
dinov2_g,cifar100,14,100,0.029904858493281932,0.00018330865045599308,0.0687313586518633,0.0014039677733340705,-0.038826500158581384,50,0.0196078431372549,50,39.80828213691712
dinov2_g,cifar100,15,100,0.02997850700990852,0.0001466212993953321,0.06893752279384885,0.0014174555072684108,-0.03895901578394033,50,0.0196078431372549,50,41.05075240135193
dinov2_g,cifar100,16,100,0.029810731606005787,0.0001831728526703353,0.06881920808257422,0.0014159220531219572,-0.03900847647656844,50,0.0196078431372549,50,41.741789817810066
dinov2_g,cifar100,17,100,0.0301664339612058,0.00018703561019492432,0.06864904795502907,0.0014181452519910786,-0.038482613993823266,50,0.0196078431372549,50,42.315666675567634
dinov2_g,cifar100,18,100,0.030045383976011364,0.00017317279599901134,0.06876227617361688,0.0014239360670402785,-0.038716892197605504,50,0.0196078431372549,50,42.304589033126824
dinov2_g,cifar100,19,100,0.029611982722672382,0.00013474186680430313,0.06889690880648458,0.0014118914652549864,-0.039284926083812184,50,0.0196078431372549,50,40.19638848304749
dinov2_g,cifar100,20,100,0.029929270149467682,0.00018334058354695985,0.06852615305445771,0.0014009542288473578,-0.038596882904990026,50,0.0196078431372549,50,38.163369417190545
dinov2_g,cifar100,21,100,0.02984649678301472,0.00015394847964576562,0.06864681308636092,0.0014171614188492913,-0.038800316303346204,50,0.0196078431372549,50,35.67158126831055
dinov2_g,cifar100,22,100,0.030088912374594257,0.0001746777325432565,0.06880903468637366,0.0014077223587809155,-0.038720122311779404,50,0.0196078431372549,50,44.860838174819946
dinov2_g,cifar100,23,100,0.02996292519397482,0.00018549169917700002,0.06871657530296492,0.0014125028356609835,-0.038753650108990095,50,0.0196078431372549,50,42.8351640701294
dinov2_g,cifar100,24,100,0.029857372280176438,0.00015681054626671118,0.06893592318978799,0.0014074331208584106,-0.039078550909611535,50,0.0196078431372549,50,41.894209861755364
dinov2_g,cifar100,25,100,0.02971090012830224,0.00011956351728402312,0.06884171183424245,0.0014169240351067328,-0.03913081170594021,50,0.0196078431372549,50,41.945883512496955
dinov2_g,cifar100,26,100,0.02984645057503595,0.0001661043987888444,0.06853118795800117,0.0014076388703752505,-0.038684737382965226,50,0.0196078431372549,50,40.334243535995476
dinov2_g,cifar100,27,100,0.029968488098273044,0.0001902184791028341,0.068599215001034,0.0014070241589063325,-0.03863072690276095,50,0.0196078431372549,50,45.32732224464417
dinov2_g,cifar100,28,100,0.030008321737843888,0.00017432997159872235,0.06846533173393195,0.0014077606360793462,-0.03845700999608806,50,0.0196078431372549,50,42.20125198364258
dinov2_g,cifar100,29,100,0.02983666723487345,0.00012069367265439294,0.06882222982517945,0.0014114742700100911,-0.038985562590306,50,0.0196078431372549,50,43.825981855392456
dinov2_l,cifar100,-1,100,0.036464683107390115,0.00016461804818072786,0.07055160812190699,0.0016082465379698187,-0.034086925014516864,50,0.0196078431372549,50,84.5714433193207
dinov2_l,cifar100,0,100,0.03646411740039734,0.00015856984105130936,0.0701276972048929,0.0015883842298954132,-0.03366357980449556,50,0.0196078431372549,50,93.23678255081177
dinov2_l,cifar100,1,100,0.03632705841784584,0.0001268838401554444,0.07055377779883512,0.001622124723093442,-0.034226719380989284,50,0.0196078431372549,50,93.605961561203
dinov2_l,cifar100,2,100,0.03626437925872388,0.000116266164388365,0.07071059899103417,0.00161664461233386,-0.034446219732310296,50,0.0196078431372549,50,91.65679311752321
dinov2_l,cifar100,3,100,0.03643341026613374,0.00011737284770928948,0.07019284083411534,0.0015924868756857645,-0.0337594305679816,50,0.0196078431372549,50,81.60565400123595
dinov2_l,cifar100,4,100,0.036305028448944614,0.00013522790125462396,0.07030726111597196,0.0015971667888904685,-0.034002232667027364,50,0.0196078431372549,50,94.03458094596864
dinov2_l,cifar100,5,100,0.036294169788734426,0.00015419467988135268,0.07024153915692115,0.0016011117299242312,-0.033947369368186715,50,0.0196078431372549,50,85.83984851837158
dinov2_l,cifar100,6,100,0.03575787151089259,0.00014412570124591967,0.07055983010172957,0.0016217104828151155,-0.034801958590836984,50,0.0196078431372549,50,85.56277918815613
dinov2_l,cifar100,7,100,0.03656416664327696,0.00011212748412556047,0.0704100929744165,0.0015910485706790384,-0.033845926331139545,50,0.0196078431372549,50,95.65973949432372
dinov2_l,cifar100,8,100,0.03644583194978497,0.0001658519364013654,0.07031455519906821,0.0015952825008152796,-0.033868723249283236,50,0.0196078431372549,50,74.0946319103241
dinov2_l,cifar100,9,100,0.03603927926089177,0.0001637453886716671,0.07040136725475707,0.0016058644395610185,-0.03436208799386529,50,0.0196078431372549,50,83.65559005737305
dinov2_l,cifar100,10,100,0.036230071281502636,0.0001394852367899449,0.07029298102783939,0.0015884712262151759,-0.034062909746336745,50,0.0196078431372549,50,65.3275580406189
dinov2_l,cifar100,11,100,0.03618714824675905,0.00010929629987199565,0.0706358443144094,0.0015945057437548053,-0.034448696067650365,50,0.0196078431372549,50,79.3897430896759
dinov2_l,cifar100,12,100,0.036688735219820086,0.00014670074808141944,0.07020124218391904,0.0015991529653969295,-0.03351250696409895,50,0.0196078431372549,50,78.17114996910095
dinov2_l,cifar100,13,100,0.03650802886573841,0.00015120889980673596,0.07056633961907482,0.0016015135625976876,-0.034058310753336415,50,0.0196078431372549,50,54.1569926738739
dinov2_l,cifar100,14,100,0.0360147298444843,0.00013349757364723914,0.07027607552268017,0.0015839964708496991,-0.03426134567819589,50,0.0196078431372549,50,77.84553575515747
dinov2_l,cifar100,15,100,0.036355915124286896,0.00011043931948376811,0.07059481110219835,0.0016118881763413744,-0.034238895977911465,50,0.0196078431372549,50,75.10630059242249
dinov2_l,cifar100,16,100,0.03618576771224536,0.0001771318859014409,0.07038991621036406,0.0015951662667054913,-0.0342041484981187,50,0.0196078431372549,50,77.53484010696411
dinov2_l,cifar100,17,100,0.0361180596214367,0.00013647110550844672,0.07034858503257531,0.0015946733775556382,-0.034230525411138614,50,0.0196078431372549,50,70.06676268577576
dinov2_l,cifar100,18,100,0.03646482701775237,0.00017534989675875326,0.07045913601474763,0.0015971206891408007,-0.03399430899699525,50,0.0196078431372549,50,63.264461278915405
dinov2_l,cifar100,19,100,0.03593003044538014,0.00014838495282848283,0.07058881027440163,0.0016092887629805385,-0.034658779829021484,50,0.0196078431372549,50,75.09367418289185
dinov2_l,cifar100,20,100,0.03652208236544367,0.00017059523509241274,0.07031274124298294,0.001589166520666667,-0.03379065887753927,50,0.0196078431372549,50,62.81996893882752
dinov2_l,cifar100,21,100,0.036615207051885576,0.00010788505415073847,0.07041326703878756,0.001590538174365278,-0.03379805998690198,50,0.0196078431372549,50,57.95188164710999
dinov2_l,cifar100,22,100,0.036213192881123374,0.00013713339063021156,0.07041372927126054,0.0016052490605932153,-0.03420053639013716,50,0.0196078431372549,50,60.27598214149475
dinov2_l,cifar100,23,100,0.03645404974649672,0.00012233823868531692,0.070291651516196,0.0015897631220837946,-0.03383760176969928,50,0.0196078431372549,50,59.607789039611816
dinov2_l,cifar100,24,100,0.03626462372068251,0.0001258132899706513,0.07061216849733844,0.0015934232460496054,-0.034347544776655935,50,0.0196078431372549,50,61.68608474731445
dinov2_l,cifar100,25,100,0.03622445991643164,0.000111134703420969,0.07044026652179147,0.0016061412299064573,-0.03421580660535983,50,0.0196078431372549,50,53.417580842971795
dinov2_l,cifar100,26,100,0.0361787164192662,0.00013929376162221898,0.07030515645077183,0.0016032953421963132,-0.03412644003150562,50,0.0196078431372549,50,72.21352815628052
dinov2_l,cifar100,27,100,0.036290324058001436,0.00015083371103438042,0.07040633507672618,0.0016014515121768045,-0.03411601101872473,50,0.0196078431372549,50,65.84102082252502
dinov2_l,cifar100,28,100,0.03685992979146401,0.00012778138804003773,0.07022764546629569,0.001603802066249585,-0.03336771567483168,50,0.0196078431372549,50,67.6272633075714
dinov2_l,cifar100,29,100,0.03616891289003641,0.00013847690232489732,0.0704626400323033,0.0016012618830114015,-0.034293727142266896,50,0.0196078431372549,50,58.73465085029602
dinov2_s,cifar100,-1,100,0.0672418727517851,0.00028089798370294533,0.09733327849059294,0.0032787558875600697,-0.030091405738807836,50,0.0196078431372549,50,124.69252467155457
dinov2_s,cifar100,0,100,0.06742352041209372,0.0002914892558503457,0.09717506877974642,0.0032523757962046648,-0.029751548367652706,50,0.0196078431372549,50,154.84993839263916
dinov2_s,cifar100,1,100,0.0673596049722708,0.0003557533199545125,0.0972477768989807,0.00329494116450197,-0.029888171926709912,50,0.0196078431372549,50,142.2662308216095
dinov2_s,cifar100,2,100,0.06679740246672013,0.0002539030881797499,0.09719056964743622,0.0032438201606766488,-0.030393167180716094,50,0.0196078431372549,50,107.78034257888794
dinov2_s,cifar100,3,100,0.06740401962368195,0.0002486087998831567,0.09703355151753704,0.003264272110445668,-0.0296295318938551,50,0.0196078431372549,50,112.53705310821532
dinov2_s,cifar100,4,100,0.06714312563644788,0.0002281073108252712,0.0971941430350865,0.00327592326857809,-0.030051017398638618,50,0.0196078431372549,50,89.18504762649536
dinov2_s,cifar100,5,100,0.067323463418593,0.00020285819627284516,0.09706263195780006,0.003258954146382807,-0.02973916853920706,50,0.0196078431372549,50,102.69756865501404
dinov2_s,cifar100,6,100,0.06666903691161069,0.0002753017438965958,0.0971740537689204,0.0032740080446477357,-0.03050501685730972,50,0.0196078431372549,50,113.70194888114928
dinov2_s,cifar100,7,100,0.06726660746951771,0.00029103927665372347,0.09716972998121624,0.003243330857499511,-0.02990312251169853,50,0.0196078431372549,50,117.63697409629822
dinov2_s,cifar100,8,100,0.06698261377807088,0.0003043553477081002,0.09708428629279102,0.00325476045575806,-0.03010167251472015,50,0.0196078431372549,50,121.77783298492432
dinov2_s,cifar100,9,100,0.06695140969058819,0.00030470072919549064,0.09705126945010006,0.003253875402740064,-0.03009985975951188,50,0.0196078431372549,50,104.60800623893738
dinov2_s,cifar100,10,100,0.06803586029706643,0.00035870375704769286,0.09724936791982444,0.0032595790120071412,-0.029213507622758,50,0.0196078431372549,50,112.87734150886536
dinov2_s,cifar100,11,100,0.06708877160937134,0.0003137392877187149,0.09741108779770548,0.003283068737956319,-0.030322316188334163,50,0.0196078431372549,50,104.82364797592165
dinov2_s,cifar100,12,100,0.06704578821505561,0.00017863219735070072,0.09713757799108848,0.0032752646133237893,-0.03009178977603288,50,0.0196078431372549,50,109.16404628753662
dinov2_s,cifar100,13,100,0.06776838732441849,0.00026692277009467553,0.09730189521814238,0.003261158173129525,-0.029533507893723887,50,0.0196078431372549,50,97.40120458602905
dinov2_s,cifar100,14,100,0.068052220850195,0.00034985968497507015,0.097227836813432,0.0032407084300646377,-0.02917561596323702,50,0.0196078431372549,50,107.00753021240234
dinov2_s,cifar100,15,100,0.06672908895020616,0.0003154228410306797,0.0971568865956956,0.0032554546015510465,-0.03042779764548945,50,0.0196078431372549,50,105.86570119857788
dinov2_s,cifar100,16,100,0.06754125600423642,0.00037439074035013867,0.09719052863274356,0.003272118503475709,-0.029649272628507136,50,0.0196078431372549,50,106.93087697029114
dinov2_s,cifar100,17,100,0.06668922125459859,0.00027233926294432145,0.09708262895643786,0.003275073037821969,-0.030393407701839282,50,0.0196078431372549,50,103.12867498397829
dinov2_s,cifar100,18,100,0.06652176083573343,0.00027141688094407265,0.09721233473937137,0.003246623287882467,-0.030690573903637938,50,0.0196078431372549,50,112.90379571914671
dinov2_s,cifar100,19,100,0.06715145347351767,0.00033866526899840866,0.09718691697759237,0.0032686041306386627,-0.030035463504074694,50,0.0196078431372549,50,95.12021231651306
dinov2_s,cifar100,20,100,0.06699778128180581,0.0002714866295867767,0.09711176379556867,0.003270509580949538,-0.03011398251376288,50,0.0196078431372549,50,117.68710613250731
dinov2_s,cifar100,21,100,0.06699060301379113,0.00026363692479401034,0.09720106901653146,0.003275631549586507,-0.030210466002740324,50,0.0196078431372549,50,114.47143459320068
dinov2_s,cifar100,22,100,0.06716460958623878,0.0002184330405553939,0.09718377306159494,0.0032720140820898147,-0.030019163475356162,50,0.0196078431372549,50,103.63270926475523
dinov2_s,cifar100,23,100,0.06681174377931724,0.00026976069983110503,0.09698365955257766,0.003258947157164868,-0.030171915773260418,50,0.0196078431372549,50,122.06942296028136
dinov2_s,cifar100,24,100,0.06707462077155225,0.0002560306502881114,0.0972570853954836,0.0032603994245235714,-0.030182464623931364,50,0.0196078431372549,50,78.30725574493408
dinov2_s,cifar100,25,100,0.06650681099669395,0.0002942902504618688,0.0970730160121394,0.003267052111256807,-0.030566205015445463,50,0.0196078431372549,50,91.74956226348877
dinov2_s,cifar100,26,100,0.06634251898669571,0.00027534104820369203,0.09689637262544816,0.0032574630322401107,-0.030553853638752463,50,0.0196078431372549,50,85.30463314056395
dinov2_s,cifar100,27,100,0.06676184228385235,0.00027877834151343383,0.09720892309061667,0.003289284889248693,-0.030447080806764337,50,0.0196078431372549,50,83.66706204414369
dinov2_s,cifar100,28,100,0.0668792969962962,0.0002947482926899023,0.09719409473324016,0.003269981301239669,-0.03031479773694397,50,0.0196078431372549,50,86.91850805282594
dinov2_s,cifar100,29,100,0.06635160706555923,0.00029345985461367853,0.09721146112248256,0.0032679776453558612,-0.03085985405692333,50,0.0196078431372549,50,79.1152410507202
i21k_b,cifar100,-1,100,0.12592955120900734,0.00041531548991135056,0.11921276760260455,0.007237702910500233,0.006716783606402779,8,0.8431372549019608,50,101.14678573608398
i21k_b,cifar100,0,100,0.12672882730907106,0.00028303475542742525,0.11921972581457313,0.0071874855226291764,0.007509101494497933,4,0.9215686274509804,50,96.87478518486023
i21k_b,cifar100,1,100,0.12598267126235796,0.0004242193901332362,0.11924806427720125,0.007206068367052328,0.00673460698515671,7,0.8627450980392157,50,86.60519909858705
i21k_b,cifar100,2,100,0.12415087156649733,0.00034054258276614664,0.11893325024066308,0.007239482447042059,0.005217621325834254,13,0.7450980392156863,50,97.18534374237059
i21k_b,cifar100,3,100,0.12637755328667094,0.00041889802086488817,0.1193090766618804,0.007211973677011811,0.007068476624790556,7,0.8627450980392157,50,92.83297848701477
i21k_b,cifar100,4,100,0.12528973860765014,0.00041432290168283474,0.11940553740412793,0.007211245211392678,0.005884201203522232,10,0.8039215686274509,50,114.56521701812744
i21k_b,cifar100,5,100,0.12732542523507145,0.0004631197403881071,0.11924251530847198,0.007169996898683411,0.008082909926599477,4,0.9215686274509804,50,165.08936071395877
i21k_b,cifar100,6,100,0.1278801502141424,0.0004706485865807856,0.1192662259338486,0.007249297563213387,0.008613924280293783,3,0.9411764705882352,50,167.6762983798981
i21k_b,cifar100,7,100,0.12485086579336015,0.0003786260467824233,0.11897282672926912,0.007229941732359675,0.00587803906409104,10,0.8039215686274509,50,190.6658751964569
i21k_b,cifar100,8,100,0.1239641965921738,0.0004052787399533767,0.11906985767432805,0.0072051957978128125,0.0048943389178457706,15,0.7058823529411765,50,169.55847954750058
i21k_b,cifar100,9,100,0.1238540380246088,0.0004917900519470597,0.11906554530471432,0.007228365025250157,0.004788492719894469,15,0.7058823529411765,50,200.15517854690552
i21k_b,cifar100,10,100,0.12490006188988488,0.00034147942972187245,0.11934327643473587,0.007193578844196559,0.0055567854551489965,11,0.7843137254901961,50,188.23634934425357
i21k_b,cifar100,11,100,0.12538718820255434,0.0004722042170065241,0.11894461968416385,0.007222576891357959,0.006442568518390507,8,0.8431372549019608,50,199.19348120689392
i21k_b,cifar100,12,100,0.12595310982369404,0.0004110229046130139,0.11893036818216222,0.007237806120980945,0.0070227416415318406,6,0.8823529411764706,50,184.39483880996704
i21k_b,cifar100,13,100,0.1253500070865234,0.0002818213360807158,0.11892367670015465,0.007205441722923998,0.006426330386368778,8,0.8431372549019608,50,181.3814401626587
i21k_b,cifar100,14,100,0.12653329765740445,0.00041656407530318965,0.11907208637564178,0.007231834858951875,0.007461211281762678,4,0.9215686274509804,50,210.98988270759583
i21k_b,cifar100,15,100,0.125061280275446,0.00044726624557620204,0.11925576061942653,0.007229565232172949,0.005805519656019485,10,0.8039215686274509,50,177.60682463645938
i21k_b,cifar100,16,100,0.12357964398904628,0.0003209188955191508,0.1192091377150799,0.0072016738002742406,0.0043705062739663745,16,0.6862745098039216,50,175.8910231590271
i21k_b,cifar100,17,100,0.12631223336104186,0.000395757813773348,0.11901645951306465,0.007225395658976465,0.00729577384797718,4,0.9215686274509804,50,187.79961466789246
i21k_b,cifar100,18,100,0.125796410021741,0.00043687206343462283,0.11932884176120938,0.007183658304172045,0.006467568260531617,9,0.8235294117647058,50,187.44036650657654
i21k_b,cifar100,19,100,0.12397110090532586,0.00040089551605001003,0.11885055744340615,0.007215204079299524,0.005120543461919674,13,0.7450980392156863,50,177.7546648979187
i21k_b,cifar100,20,100,0.12585155207673165,0.00034542774947359884,0.11920488125503567,0.007206801934656144,0.006646670821695969,8,0.8431372549019608,50,154.29920220375058
i21k_b,cifar100,21,100,0.1266188276762465,0.0004220939488082064,0.11881791926782467,0.007230757996493776,0.007800908408421805,4,0.9215686274509804,50,179.88010787963867
i21k_b,cifar100,22,100,0.12516435398308884,0.00036263292048174296,0.11918080233762307,0.007165967297182181,0.005983551645465754,10,0.8039215686274509,50,199.1869068145752
i21k_b,cifar100,23,100,0.12497243692732285,0.0003937395604325617,0.11900806309992598,0.007238688959808237,0.005964373827396868,10,0.8039215686274509,50,172.9955461025238
i21k_b,cifar100,24,100,0.12442734088443265,0.00033068724816664113,0.11875867896063183,0.00722380268437476,0.005668661923800847,10,0.8039215686274509,50,176.6418375968933
i21k_b,cifar100,25,100,0.12674685966757618,0.00042797411665097736,0.11879588994258228,0.0072374895639742845,0.007950969724993888,4,0.9215686274509804,50,194.31860065460202
i21k_b,cifar100,26,100,0.12563600654172574,0.0004958148076301996,0.11903140762820845,0.007182955987572513,0.006604598913517321,8,0.8431372549019608,50,167.19120049476626
i21k_b,cifar100,27,100,0.12543734894464525,0.0003299851914121938,0.11909897790764155,0.0072029924372448,0.006338371037003686,9,0.8235294117647058,50,183.8509612083435
i21k_b,cifar100,28,100,0.12637603263930686,0.0005285028923904772,0.1188780492260572,0.00724872453708657,0.007497983413249616,4,0.9215686274509804,50,174.12256383895874
i21k_b,cifar100,29,100,0.1268104173054215,0.0003898396318492672,0.11914802351894285,0.007175590443426688,0.0076623937864786626,4,0.9215686274509804,50,194.39107418060303
i21k_l,cifar100,-1,100,0.09395713512929824,0.0002113500247731973,0.1136319103103137,0.0052059030378756345,-0.019674775181015455,50,0.0196078431372549,50,174.434903383255
i21k_l,cifar100,0,100,0.09377959816284284,0.00026592162314750096,0.11341370553260817,0.005125009172014942,-0.019634107369765355,50,0.0196078431372549,50,153.83013343811038
i21k_l,cifar100,1,100,0.09408261630441683,0.00025740205557234555,0.11354937078963165,0.005139369396885085,-0.019466754485214816,50,0.0196078431372549,50,124.82279419898987
i21k_l,cifar100,2,100,0.09358833191068223,0.0002780749049658023,0.11354916117849273,0.005202877529189649,-0.01996082926781048,50,0.0196078431372549,50,171.7219846248627
i21k_l,cifar100,3,100,0.09468711780735108,0.0002172819364590141,0.1134441466638726,0.005160900981729437,-0.0187570288565215,50,0.0196078431372549,50,147.00996494293213
i21k_l,cifar100,4,100,0.09346752545974094,0.00023337584061425932,0.11351571765865147,0.00513605325983245,-0.02004819219891053,50,0.0196078431372549,50,174.39722180366516
i21k_l,cifar100,5,100,0.09361275605784967,0.00020466742249988502,0.11339435024621207,0.005122476293004603,-0.019781594188362398,50,0.0196078431372549,50,154.2702569961548
i21k_l,cifar100,6,100,0.0937118129802941,0.00027784545380937585,0.11342473619156156,0.0051501484319079775,-0.01971292321126744,50,0.0196078431372549,50,170.21577954292297
i21k_l,cifar100,7,100,0.09366551770679653,0.0002746582779449523,0.11323664099389895,0.005170116731581808,-0.019571123287102418,50,0.0196078431372549,50,142.31620597839355
i21k_l,cifar100,8,100,0.09379456167216972,0.000244343551267938,0.1133006851752646,0.005163441021634864,-0.019506123503094885,50,0.0196078431372549,50,164.53658962249756
i21k_l,cifar100,9,100,0.093983568761304,0.00024302611693650478,0.1133870708739489,0.005155778465653359,-0.019403502112644896,50,0.0196078431372549,50,154.41852927207947
i21k_l,cifar100,10,100,0.093375907606612,0.00026126902421368044,0.11347589278078972,0.0051082301020599075,-0.020099985174177732,50,0.0196078431372549,50,125.10306406021118
i21k_l,cifar100,11,100,0.09230043364033816,0.00022069159584457728,0.11344416195267425,0.005187299018035832,-0.021143728312336074,50,0.0196078431372549,50,143.5907745361328
i21k_l,cifar100,12,100,0.09478921150472727,0.0002343299679605522,0.11332268939982365,0.005177587109924988,-0.01853347789509636,50,0.0196078431372549,50,159.00932550430295
i21k_l,cifar100,13,100,0.09381936622195004,0.0002698905200355061,0.11338211640415433,0.005159374894080523,-0.019562750182204297,50,0.0196078431372549,50,165.3179776668549
i21k_l,cifar100,14,100,0.09396055600090022,0.0002693385970300101,0.11363468030417705,0.005201696195478684,-0.019674124303276818,50,0.0196078431372549,50,146.1434602737427
i21k_l,cifar100,15,100,0.09359091143168888,0.000293895356675899,0.11349389699338425,0.0051929643119267965,-0.019902985561695383,50,0.0196078431372549,50,162.01797604560855
i21k_l,cifar100,16,100,0.09350672083824448,0.00020525353915643396,0.1134105848101801,0.005172357696712593,-0.01990386397193561,50,0.0196078431372549,50,159.22826075553894
i21k_l,cifar100,17,100,0.0938206596013745,0.0002530550819799333,0.11318898163658613,0.005192864120123465,-0.019368322035211605,50,0.0196078431372549,50,132.8140594959259
i21k_l,cifar100,18,100,0.0943066545778302,0.00029432044004276675,0.11332532857704168,0.005183371547383901,-0.01901867399921148,50,0.0196078431372549,50,135.59112238883972
i21k_l,cifar100,19,100,0.09340450619110112,0.0001671636002626434,0.11339967821428493,0.005168587100170097,-0.01999517202318381,50,0.0196078431372549,50,153.97006869316098
i21k_l,cifar100,20,100,0.09334188724950032,0.0003413328109335328,0.11341859211173605,0.00515929477204732,-0.020076704862235728,50,0.0196078431372549,50,153.88072299957275
i21k_l,cifar100,21,100,0.09286180000769494,0.00015874280813111703,0.1132737652163476,0.005202067119443376,-0.020411965208652655,50,0.0196078431372549,50,142.9964287281036
i21k_l,cifar100,22,100,0.0937612050537812,0.00026130962333859964,0.11327833260851113,0.005143855144248572,-0.019517127554729924,50,0.0196078431372549,50,128.3149573802948
i21k_l,cifar100,23,100,0.09436447920686172,0.0002261208480905358,0.11336170411222765,0.005190141372904549,-0.018997224905365945,50,0.0196078431372549,50,155.42266559600833
i21k_l,cifar100,24,100,0.09353383124707916,0.00020209284559908564,0.1132152312457808,0.005196042623844566,-0.01968139999870164,50,0.0196078431372549,50,153.9590330123901
i21k_l,cifar100,25,100,0.09437264402085756,0.00019619939349726625,0.113285713915836,0.005212904866891327,-0.018913069894978443,50,0.0196078431372549,50,145.025454044342
i21k_l,cifar100,26,100,0.09276808065973184,0.00031632037918847053,0.11342752815039547,0.0051577036427147725,-0.020659447490663646,50,0.0196078431372549,50,170.78897547721863
i21k_l,cifar100,27,100,0.09267929396594583,0.00026392462441722763,0.11333161738876565,0.005219964368060093,-0.02065232342281981,50,0.0196078431372549,50,153.93089747428894
i21k_l,cifar100,28,100,0.09447507550106078,0.00018312968091879905,0.11338975634733275,0.005167016585951986,-0.018914680846271983,50,0.0196078431372549,50,155.59126925468442
i21k_l,cifar100,29,100,0.09375977090490356,0.00029123088166158083,0.11340811391568845,0.0051322640775014906,-0.019648343010784868,50,0.0196078431372549,50,154.78712010383606
i21k_s,cifar100,-1,100,0.122018838875406,0.00031181699995200686,0.1213426229821934,0.007000039019008668,0.0006762158932125811,27,0.4705882352941176,50,61.20720291137695
i21k_s,cifar100,0,100,0.1218571920933453,0.00022187732360091905,0.1210835541309356,0.006962110029036993,0.000773637962409715,26,0.4901960784313725,50,73.21176266670226
i21k_s,cifar100,1,100,0.12317156176653125,0.00038537489977634085,0.12107073491198896,0.007019615476715042,0.0021008268545422704,24,0.5294117647058824,50,56.45563912391663
i21k_s,cifar100,2,100,0.12041120208256413,0.0002782102601116691,0.12146187538324504,0.006955119850197872,-0.0010506733006809127,31,0.392156862745098,50,72.49162435531615
i21k_s,cifar100,3,100,0.12252728995419107,0.00026403155381189046,0.12132448727421954,0.006971937260833522,0.0012028026799715125,26,0.4901960784313725,50,75.76014709472656
i21k_s,cifar100,4,100,0.12137511753566788,0.0003023389175788686,0.12149224413286143,0.00698864907531865,-0.0001171265971935398,29,0.4313725490196079,50,83.76375579833984
i21k_s,cifar100,5,100,0.12356542416544987,0.00031455165220243213,0.12130332120719026,0.006923266916059426,0.0022621029582596537,22,0.5686274509803921,50,165.37405729293826
i21k_s,cifar100,6,100,0.12392119618832267,0.00028344864053641525,0.12134858345913364,0.006980684951957844,0.0025726127291890587,20,0.6078431372549019,50,100.65757346153259
i21k_s,cifar100,7,100,0.1210067103805859,0.00034212154967238907,0.12106584078142807,0.0069926992977140095,-5.913040084216947e-05,29,0.4313725490196079,50,89.64964437484741
i21k_s,cifar100,8,100,0.12102506645789385,0.00019944842627138854,0.12098179147120247,0.0069873358204281385,4.32749866913773e-05,28,0.4509803921568628,50,72.91364455223082
i21k_s,cifar100,9,100,0.12058394430968535,0.00029833439208891345,0.12120318934784002,0.006993380866367929,-0.0006192450381546505,31,0.392156862745098,50,78.35611867904662
i21k_s,cifar100,10,100,0.1214085522587743,0.00022940623744793228,0.12105352203746353,0.006992029732615541,0.00035503022131078144,27,0.4705882352941176,50,86.76891779899597
i21k_s,cifar100,11,100,0.12133431470044033,0.0003124178699710936,0.12146511656999465,0.006934391048669461,-0.00013080186955433115,28,0.4509803921568628,50,77.06254792213441
i21k_s,cifar100,12,100,0.12285844896682767,0.00016586466775454282,0.12135957111131017,0.006961132201268483,0.0014988778555174859,26,0.4901960784313725,50,76.95943880081177
i21k_s,cifar100,13,100,0.12155982420753213,0.0003438625138233411,0.1209996171947808,0.007005477182630621,0.000560207012751307,27,0.4705882352941176,50,90.29019355773926
i21k_s,cifar100,14,100,0.1224842948555626,0.0002835923776201285,0.1210781395324972,0.006991960325414028,0.0014061553230654141,26,0.4901960784313725,50,77.93432354927062
i21k_s,cifar100,15,100,0.12086373864115693,0.0002408492637377168,0.1212138855089454,0.007003919808065511,-0.0003501468677884895,29,0.4313725490196079,50,97.22255730628969
i21k_s,cifar100,16,100,0.11900503920530454,0.0002851600831559758,0.12130733445546366,0.0069225879343626714,-0.0023022952501590976,32,0.3725490196078432,50,94.42586922645569
i21k_s,cifar100,17,100,0.12191416100225065,0.00032156422787357904,0.1212799534685389,0.006986929872694095,0.0006342075337117531,27,0.4705882352941176,50,98.57192373275757
i21k_s,cifar100,18,100,0.1231932712539756,0.00026947447102798605,0.12119202030945625,0.006959332794769487,0.002001250944519348,23,0.5490196078431373,50,91.7848663330078
i21k_s,cifar100,19,100,0.12196487477758125,0.0003641886920440816,0.1209542324562772,0.006984617573177738,0.0010106423213040588,26,0.4901960784313725,50,106.31039500236513
i21k_s,cifar100,20,100,0.12165389751581833,0.0003840453639070708,0.1214496367587023,0.006958269721079854,0.00020426075711602043,28,0.4509803921568628,50,96.58681631088257
i21k_s,cifar100,21,100,0.12432870807561858,0.0005357751573555173,0.1211801799636039,0.006976950833295686,0.003148528112014673,18,0.6470588235294118,50,96.48925900459291
i21k_s,cifar100,22,100,0.12044838793114986,0.00027718896898144146,0.12118619435020203,0.00691468315434253,-0.0007378064190521894,31,0.392156862745098,50,111.1778597831726
i21k_s,cifar100,23,100,0.12110109251085345,0.00036200357780174456,0.12101542157812605,0.006989943844143401,8.567093272740522e-05,28,0.4509803921568628,50,144.03352522850037
i21k_s,cifar100,24,100,0.1206142751091034,0.00046165698729033945,0.12110216856235442,0.0069815527086846746,-0.0004878934532510093,30,0.4117647058823529,50,142.8310878276825
i21k_s,cifar100,25,100,0.12257087535337595,0.00043747142129570117,0.12096618587857436,0.006988723741576193,0.0016046894748015794,26,0.4901960784313725,50,131.2297203540802
i21k_s,cifar100,26,100,0.12219374039526612,0.0002525380691538043,0.12120986344728653,0.006940778070865947,0.0009838769479796061,26,0.4901960784313725,50,116.11772227287292
i21k_s,cifar100,27,100,0.12149665117147382,0.00029655352172924137,0.12107819601241655,0.006957516900068892,0.0004184551590572655,27,0.4705882352941176,50,112.8705632686615
i21k_s,cifar100,28,100,0.12195203126810646,0.00035536189220968667,0.12095626070290875,0.0070161220804005105,0.000995770565197715,26,0.4901960784313725,50,103.20661926269531
i21k_s,cifar100,29,100,0.1225723501919278,0.00029825352951713555,0.12122001788963604,0.006957854715041986,0.001352332302291745,26,0.4901960784313725,50,91.06286573410034
i21k_t,cifar100,-1,100,0.13091116037629616,0.00018946347045129994,0.13563279272595336,0.008146534210880758,-0.004721632349657196,36,0.29411764705882354,50,61.102394580841064
i21k_t,cifar100,0,100,0.12802733126834198,0.00025901970961437896,0.13518502995043608,0.00812916729144593,-0.007157698682094066,40,0.21568627450980396,50,64.69241714477539
i21k_t,cifar100,1,100,0.13110238236564753,0.0004141580394931629,0.1355927659647765,0.008055009127088283,-0.004490383599128983,36,0.29411764705882354,50,57.39983487129211
i21k_t,cifar100,2,100,0.13140714778213708,0.00038099989087615266,0.13558837422072173,0.008101161841375508,-0.004181226438584651,35,0.3137254901960784,50,62.70200777053833
i21k_t,cifar100,3,100,0.13196703341962207,0.00041604295585024524,0.1356777648724445,0.0081172426096853,-0.0037107314528224407,34,0.3333333333333333,50,60.47730231285095
i21k_t,cifar100,4,100,0.13270806614192854,0.0002567274654606951,0.1351292984856718,0.0081748378191916,-0.0024212323437432515,32,0.3725490196078432,50,59.788865566253655
i21k_t,cifar100,5,100,0.13327667336915788,0.0003155303706951488,0.13562069932409754,0.008098849227365472,-0.0023440259549396825,30,0.4117647058823529,50,60.094270944595344
i21k_t,cifar100,6,100,0.1307218974458739,0.00025576268080910764,0.1354731972665946,0.008107293791695388,-0.0047512998207207,36,0.29411764705882354,50,61.6542706489563
i21k_t,cifar100,7,100,0.13132139840524865,0.00036662848166770553,0.1352589750055597,0.008141352604175972,-0.003937576600311049,34,0.3333333333333333,50,57.15460658073425
i21k_t,cifar100,8,100,0.13186582558444707,0.00038693592013977403,0.13499342943157924,0.00814069452269712,-0.0031276038471321765,33,0.35294117647058826,50,56.34853029251098
i21k_t,cifar100,9,100,0.13049467859361036,0.0002100597285840099,0.1356659235422845,0.008126724067544852,-0.005171244948674132,37,0.27450980392156865,50,62.2583384513855
i21k_t,cifar100,10,100,0.13125513561664465,0.00037581127341282383,0.13515421637288566,0.008162408733033855,-0.0038990807562409853,34,0.3333333333333333,50,54.2293107509613
i21k_t,cifar100,11,100,0.12665441795354565,0.0003410496822135811,0.13546028903245458,0.008106978918019805,-0.008805871078908928,42,0.17647058823529413,50,58.008763790130615
i21k_t,cifar100,12,100,0.1308995335586904,0.0005794899942972932,0.13531766903826994,0.008095016478660406,-0.00441813547957956,35,0.3137254901960784,50,55.90184235572815
i21k_t,cifar100,13,100,0.12985690811649034,0.0002920033090256558,0.13522712154544128,0.008092422835273592,-0.005370213428950915,38,0.2549019607843137,50,53.3600594997406
i21k_t,cifar100,14,100,0.13429897975274746,0.0002618023735047252,0.13512332923832804,0.008161130846178867,-0.0008243494855805777,26,0.4901960784313725,50,57.626189947128296
i21k_t,cifar100,15,100,0.1307085638788136,0.00027663422407673584,0.1349162960996444,0.00815973181883217,-0.00420773222083079,34,0.3333333333333333,50,54.42008304595947
i21k_t,cifar100,16,100,0.13043085384252034,0.00034783782281551574,0.1354918464637865,0.008106587914489012,-0.005060992621266164,37,0.27450980392156865,50,59.003566026687615
i21k_t,cifar100,17,100,0.13309394702712649,0.00020535295095973246,0.1352876404816576,0.008161136219800141,-0.0021936934545311038,30,0.4117647058823529,50,55.53083300590515
i21k_t,cifar100,18,100,0.13199625542302953,0.0003380786912789528,0.13547423494955782,0.008136943555747634,-0.0034779795265282853,34,0.3333333333333333,50,54.352208375930786
i21k_t,cifar100,19,100,0.13109620575666547,0.000288746581776123,0.13539579190424225,0.008119855615735614,-0.004299586147576778,35,0.3137254901960784,50,58.019965171813965
i21k_t,cifar100,20,100,0.13135947781204024,0.00024558939913397787,0.13582122270349378,0.008014700592769264,-0.00446174489145354,36,0.29411764705882354,50,56.32527780532837
i21k_t,cifar100,21,100,0.13126766826106415,0.00035208654069509047,0.13535561383215533,0.008093324057251845,-0.004087945571091156,34,0.3333333333333333,50,54.23534774780274
i21k_t,cifar100,22,100,0.13192556373433167,0.00035458462560954336,0.13499138439965128,0.008160219156995066,-0.003065820665319602,32,0.3725490196078432,50,54.93976354598999
i21k_t,cifar100,23,100,0.13066675208369533,0.0002998549182118348,0.13550125495941576,0.00810591480165268,-0.004834502875720431,36,0.29411764705882354,50,58.92063021659851
i21k_t,cifar100,24,100,0.1325827222718239,0.0002860477997598629,0.1353020299152139,0.00811141303454796,-0.0027193076433899843,32,0.3725490196078432,50,57.618770360946655
i21k_t,cifar100,25,100,0.1276197683855914,0.0003444139282175168,0.13519752078294905,0.008138909148475537,-0.007577752397357669,41,0.19607843137254904,50,58.71537160873413
i21k_t,cifar100,26,100,0.12899132808577776,0.0003900117882266527,0.1355910810103304,0.008081998742932545,-0.006599752924552643,38,0.2549019607843137,50,60.39254093170166
i21k_t,cifar100,27,100,0.1342433579100021,0.00036493858113585047,0.13520486062156162,0.008110968084115384,-0.0009615027115595088,26,0.4901960784313725,50,59.734936475753784
i21k_t,cifar100,28,100,0.13101389459620388,0.00029993654549162143,0.13534057429222662,0.008120386071858431,-0.004326679696022739,35,0.3137254901960784,50,70.72475361824036
i21k_t,cifar100,29,100,0.13323932131877214,0.00022782936224287567,0.13541750174657458,0.008127672164606768,-0.002178180427802434,30,0.4117647058823529,50,57.15526270866394
siglip_b,cifar100,-1,100,0.09781604158699787,0.0005469030512733434,0.1190383343660694,0.005064560933029144,-0.02122229277907152,50,0.0196078431372549,50,69.02508306503296
siglip_b,cifar100,0,100,0.0989944379315238,0.0005784680217680524,0.11896061699539325,0.0050370470853519575,-0.01996617906386944,50,0.0196078431372549,50,75.14673161506653
siglip_b,cifar100,1,100,0.09815463176842958,0.0004928837731501596,0.11892075652821978,0.005092781873510717,-0.0207661247597902,50,0.0196078431372549,50,91.4982409477234
siglip_b,cifar100,2,100,0.09796308482898436,0.0005266765215523083,0.11897895696092753,0.005030696404242755,-0.02101587213194316,50,0.0196078431372549,50,80.73576974868773
siglip_b,cifar100,3,100,0.0976463778080633,0.0006715737228208245,0.11886079620432748,0.005043659284967298,-0.021214418396264187,50,0.0196078431372549,50,143.3558533191681
siglip_b,cifar100,4,100,0.09809840143436777,0.0005709292221729325,0.11903829669550745,0.005053865554672553,-0.020939895261139662,50,0.0196078431372549,50,109.86327409744264
siglip_b,cifar100,5,100,0.09712360595270947,0.0005209769536491243,0.11897212641621295,0.005025927861356311,-0.021848520463503468,50,0.0196078431372549,50,85.04913473129271
siglip_b,cifar100,6,100,0.09921332931580902,0.0004933466581514056,0.11896484070282902,0.005057213430965469,-0.01975151138702,50,0.0196078431372549,50,89.60711979866028
siglip_b,cifar100,7,100,0.09859817275522198,0.0005452067413600645,0.1188963563463696,0.005033046721673254,-0.02029818359114761,50,0.0196078431372549,50,96.71964502334595
siglip_b,cifar100,8,100,0.098702188096262,0.0005082735276994098,0.11874905745952193,0.005084603611121345,-0.02004686936325993,50,0.0196078431372549,50,85.41352128982544
siglip_b,cifar100,9,100,0.0980743021827183,0.0005336847460859894,0.11876851085414245,0.005106834979446807,-0.02069420867142413,50,0.0196078431372549,50,81.49441957473755
siglip_b,cifar100,10,100,0.0980349272469519,0.0005615719537557255,0.1189377138506406,0.005035171399710792,-0.02090278660368869,50,0.0196078431372549,50,82.81754302978516
siglip_b,cifar100,11,100,0.09878691473314144,0.0005392611671968215,0.11896805818383123,0.005050273399710728,-0.02018114345068976,50,0.0196078431372549,50,84.39934039115907
siglip_b,cifar100,12,100,0.09830248150675423,0.0004988563925229199,0.11888331289805487,0.005053893460222248,-0.020580831391300642,50,0.0196078431372549,50,83.89179873466493
siglip_b,cifar100,13,100,0.0983803274737376,0.000628787425608481,0.1190214734933575,0.005050931154859328,-0.020641146019619888,50,0.0196078431372549,50,98.63976120948792
siglip_b,cifar100,14,100,0.09869831185531004,0.0005538829192604048,0.11892105705269022,0.005076966530345146,-0.0202227451973802,50,0.0196078431372549,50,102.6261134147644
siglip_b,cifar100,15,100,0.09792178130563542,0.0005859469929806095,0.11900200481937645,0.005006997230357815,-0.021080223513741045,50,0.0196078431372549,50,87.84400820732117
siglip_b,cifar100,16,100,0.0974881847622208,0.0005000078857907205,0.11892435883223294,0.00500848812756551,-0.02143617407001215,50,0.0196078431372549,50,91.0233428478241
siglip_b,cifar100,17,100,0.09686621017596922,0.000520298115728431,0.11882405342569373,0.0051069487467170155,-0.02195784324972451,50,0.0196078431372549,50,104.61080360412598
siglip_b,cifar100,18,100,0.0981019350600613,0.0005019324266571174,0.11889694764954653,0.005048869326460028,-0.02079501258948521,50,0.0196078431372549,50,104.41225624084473
siglip_b,cifar100,19,100,0.09691313440866396,0.0005822641122360513,0.11883831402843008,0.005072915187861308,-0.021925179619766144,50,0.0196078431372549,50,113.5219099521637
siglip_b,cifar100,20,100,0.09750580961579963,0.00042465955232676947,0.11899565625889115,0.005019766974245544,-0.021489846643091504,50,0.0196078431372549,50,129.56578373908994
siglip_b,cifar100,21,100,0.0981537285678418,0.00042541089937245686,0.11887508195758907,0.00507371715258069,-0.020721353389747288,50,0.0196078431372549,50,113.67049407958984
siglip_b,cifar100,22,100,0.0977967661314678,0.0005660355287408666,0.11895678753018114,0.0050415026541340046,-0.02116002139871337,50,0.0196078431372549,50,150.58849310874942
siglip_b,cifar100,23,100,0.0983162930373699,0.0005411108241912334,0.11894047683295615,0.0050522001908482475,-0.02062418379558624,50,0.0196078431372549,50,125.11969637870787
siglip_b,cifar100,24,100,0.09775284845025606,0.0005921432085555286,0.1189025590278452,0.005056871753966985,-0.021149710577589145,50,0.0196078431372549,50,122.02350926399231
siglip_b,cifar100,25,100,0.09837803105340756,0.0005855671048818343,0.11879755953839485,0.005073994045972325,-0.02041952848498729,50,0.0196078431372549,50,106.51770520210266
siglip_b,cifar100,26,100,0.09613270406533676,0.0005834254692421982,0.1188317309611376,0.004969667416766978,-0.022699026895800837,50,0.0196078431372549,50,130.0810623168945
siglip_b,cifar100,27,100,0.09678775388621466,0.000546704497412593,0.11887244043501095,0.0050374084299351606,-0.02208468654879629,50,0.0196078431372549,50,102.59130907058716
siglip_b,cifar100,28,100,0.09783734594462126,0.0006316048208177704,0.11871457339131936,0.005123995656478636,-0.02087722744669809,50,0.0196078431372549,50,96.70416283607484
siglip_b,cifar100,29,100,0.0958269939359994,0.0005865238389579935,0.11879780291484625,0.005094341407576346,-0.02297080897884686,50,0.0196078431372549,50,82.37348127365112
clip_b,dtd,-1,47,0.09882658147110926,0.00018551046647280768,0.12187414587628224,0.0071665557335860155,-0.023047564405173,50,0.0196078431372549,50,143.45632886886597
clip_b,dtd,0,47,0.09750347867205557,0.00044824790000737785,0.12111884683237566,0.007025097393785165,-0.02361536816032006,50,0.0196078431372549,50,166.08036780357358
clip_b,dtd,1,47,0.09882500056815832,0.00028664068355159354,0.12164470408756882,0.007079216321487102,-0.022819703519410497,50,0.0196078431372549,50,133.71043229103088
clip_b,dtd,2,47,0.0967427746468621,0.00016914230444044332,0.1223135213506806,0.007140655305961734,-0.02557074670381849,50,0.0196078431372549,50,179.48912024497986
clip_b,dtd,3,47,0.0984740894697638,0.00040030951421185534,0.12045308421537247,0.006930551060100771,-0.021978994745608688,50,0.0196078431372549,50,156.0172164440155
clip_b,dtd,4,47,0.0968126292733268,0.00028932800115535803,0.1202792539422824,0.007139210142335163,-0.02346662466895562,50,0.0196078431372549,50,153.08217072486875
clip_b,dtd,5,47,0.10198211583460262,0.0003088251586127517,0.12104623204321215,0.006994861484743333,-0.019064116208609524,50,0.0196078431372549,50,138.43595957756042
clip_b,dtd,6,47,0.09590871160341656,0.00030292582807612466,0.1199773694560143,0.006941048957405223,-0.02406865785259775,50,0.0196078431372549,50,167.74572873115542
clip_b,dtd,7,47,0.09929102684954938,0.00040496334367397767,0.12149476025414485,0.007009641200775197,-0.022203733404595468,50,0.0196078431372549,50,141.06394910812378
clip_b,dtd,8,47,0.09922474755684914,0.000249484684404276,0.12082628883119235,0.007001561210776314,-0.021601541274343203,50,0.0196078431372549,50,142.95613813400269
clip_b,dtd,9,47,0.10014812157546217,0.00035194448461131584,0.12101931865020647,0.007049218403049074,-0.020871197074744302,50,0.0196078431372549,50,119.59891939163208
clip_b,dtd,10,47,0.0978846431114552,0.000380816343996557,0.12104275625515867,0.007032727352638905,-0.023158113143703488,50,0.0196078431372549,50,123.45417475700378
clip_b,dtd,11,47,0.09501394988893598,0.0002588717377197625,0.1209638625246926,0.006963694868084996,-0.02594991263575662,50,0.0196078431372549,50,147.22176361083984
clip_b,dtd,12,47,0.09729370229227544,0.00014401558505073266,0.1212693282171785,0.0070834576949422206,-0.023975625924903057,50,0.0196078431372549,50,126.4258177280426
clip_b,dtd,13,47,0.09914852367582637,0.0003431528488834123,0.1211275305211286,0.006989417148957647,-0.021979006845302254,50,0.0196078431372549,50,139.78985857963562
clip_b,dtd,14,47,0.10124356190331699,0.0003266778846464621,0.12145090384940385,0.007094728548364394,-0.02020734194608685,50,0.0196078431372549,50,136.15155649185178
clip_b,dtd,15,47,0.09538704889071292,0.000265130358392948,0.1212324134529839,0.006939722230002852,-0.025845364562270972,50,0.0196078431372549,50,132.93464350700378
clip_b,dtd,16,47,0.09651682387000464,0.0002220585171300356,0.12007904775228193,0.00692467296846059,-0.023562223882277272,50,0.0196078431372549,50,134.99812269210815
clip_b,dtd,17,47,0.10060747180285272,0.0002345675877799041,0.12086264653221353,0.00693364754619989,-0.020255174729360798,50,0.0196078431372549,50,147.66135811805725
clip_b,dtd,18,47,0.09619785163132884,0.0001787747402373444,0.1225408924436707,0.007114643628566337,-0.02634304081234186,50,0.0196078431372549,50,116.97708249092102
clip_b,dtd,19,47,0.0999462638853262,0.00035916901929186444,0.1214457367354367,0.007092336423459405,-0.021499472850110488,50,0.0196078431372549,50,137.85481643676758
clip_b,dtd,20,47,0.0956935198793086,0.00014840144646347157,0.12224679272103288,0.0070375803068364485,-0.02655327284172429,50,0.0196078431372549,50,137.606214761734
clip_b,dtd,21,47,0.09696133075254706,0.0004324875369461028,0.12224332541853568,0.0071268764390431715,-0.025281994665988627,50,0.0196078431372549,50,152.88534951210022
clip_b,dtd,22,47,0.09406529183079934,0.00027829535339130154,0.1215046942142606,0.007041354676213236,-0.02743940238346125,50,0.0196078431372549,50,144.64470529556274
clip_b,dtd,23,47,0.09545893454228001,0.000245345743165164,0.12191512204153387,0.007115653590938748,-0.02645618749925389,50,0.0196078431372549,50,122.9787700176239
clip_b,dtd,24,47,0.09788531567097206,0.0002700860190666742,0.12029366547869748,0.006971858816948419,-0.022408349807725426,50,0.0196078431372549,50,126.19528317451477
clip_b,dtd,25,47,0.09711768818682462,0.00016814181039222461,0.12126757994249322,0.007094369135070489,-0.024149891755668604,50,0.0196078431372549,50,156.91596221923828
clip_b,dtd,26,47,0.0996866272964137,0.0003555643619991316,0.1221458848942926,0.0071717884110836455,-0.02245925759787891,50,0.0196078431372549,50,140.51266551017758
clip_b,dtd,27,47,0.09724155675624163,0.0003435041329264345,0.12081352791201505,0.006939335573849544,-0.02357197115577342,50,0.0196078431372549,50,152.73330259323117
clip_b,dtd,28,47,0.0990454923147032,0.00037971872844659685,0.12011743956694106,0.006955627871420698,-0.021071947252237818,50,0.0196078431372549,50,129.146324634552
clip_b,dtd,29,47,0.09979139886390884,0.00040962972297501363,0.12108048908967553,0.00696049904689972,-0.021289090225766662,50,0.0196078431372549,50,141.27117729187012
clip_l,dtd,-1,47,0.09791602685789023,0.0002366032967465189,0.12355017888374957,0.006382338316678081,-0.025634152025859336,50,0.0196078431372549,50,93.21605348587036
clip_l,dtd,0,47,0.09561615057479307,0.00016255982183120538,0.12225715038325966,0.0062507190616978865,-0.026640999808466584,50,0.0196078431372549,50,119.83125925064087
clip_l,dtd,1,47,0.09608508727025053,0.0003674846432493165,0.12191899280317485,0.0061725269511036405,-0.025833905532924303,50,0.0196078431372549,50,139.56083440780642
clip_l,dtd,2,47,0.09453915889748377,0.00028332025438904834,0.12299838274171515,0.006166108803580996,-0.0284592238442314,50,0.0196078431372549,50,133.70911908149722
clip_l,dtd,3,47,0.0975705918676175,0.00030877112817722513,0.12233674392591933,0.00615904129713421,-0.024766152058301818,50,0.0196078431372549,50,128.95041608810422
clip_l,dtd,4,47,0.09759279153596548,0.00019756328044134028,0.1221437513628973,0.006308072139849632,-0.02455095982693181,50,0.0196078431372549,50,125.81146812438965
clip_l,dtd,5,47,0.09768199566139267,0.0002992087572358227,0.1216926158106661,0.00617258564457016,-0.024010620149273423,50,0.0196078431372549,50,107.27022314071657
clip_l,dtd,6,47,0.09750223345394156,0.00022073422176493106,0.12165928615698868,0.006169258060670061,-0.0241570527030471,50,0.0196078431372549,50,128.10477757453918
clip_l,dtd,7,47,0.09870922710628924,0.0001847065529220651,0.12258586603128906,0.0060743142474191615,-0.02387663892499982,50,0.0196078431372549,50,115.2836527824402
clip_l,dtd,8,47,0.09796813021306744,0.0002143195350320317,0.12182432504811486,0.006169044152787594,-0.02385619483504743,50,0.0196078431372549,50,103.59305596351624
clip_l,dtd,9,47,0.0988566959574084,0.00024297237884085765,0.12228499729092925,0.0062476059340963,-0.023428301333520862,50,0.0196078431372549,50,106.93623542785645
clip_l,dtd,10,47,0.0960276115158952,0.00015878429062119654,0.1223941403157243,0.0063445981102708635,-0.02636652879982912,50,0.0196078431372549,50,140.34758877754214
clip_l,dtd,11,47,0.09531966162943753,0.00026789010202802184,0.12200570388078427,0.006207446030611021,-0.02668604225134676,50,0.0196078431372549,50,143.12299394607544
clip_l,dtd,12,47,0.09413341765436596,0.0001801458946846933,0.12188965727079305,0.006313771894299954,-0.027756239616427064,50,0.0196078431372549,50,134.41715836524963
clip_l,dtd,13,47,0.09699693277001484,0.00015681656832440628,0.12246994793897235,0.0061689343773989385,-0.02547301516895752,50,0.0196078431372549,50,99.38556480407715
clip_l,dtd,14,47,0.09891965303454893,0.00027767632875071803,0.12215097860670045,0.006231739569453563,-0.023231325572151545,50,0.0196078431372549,50,111.76324772834778
clip_l,dtd,15,47,0.0936426967513833,0.000345952347370518,0.12174575161772112,0.006247906353737947,-0.02810305486633781,50,0.0196078431372549,50,135.70734739303592
clip_l,dtd,16,47,0.09621701410915474,0.0003064332269634274,0.12158177599068765,0.00616866535294881,-0.02536476188153292,50,0.0196078431372549,50,135.74507689476013
clip_l,dtd,17,47,0.09756859961322324,0.00022506055772361582,0.12183479574600667,0.0061780400356861356,-0.02426619613278344,50,0.0196078431372549,50,152.34369492530826
clip_l,dtd,18,47,0.0946022964398433,0.00020965186307442903,0.12384749156601878,0.006235631712040946,-0.029245195126175474,50,0.0196078431372549,50,134.06828284263608
clip_l,dtd,19,47,0.0979210918113688,0.00019356606098053832,0.12227768698086533,0.006322169122797777,-0.02435659516949651,50,0.0196078431372549,50,125.36429858207704
clip_l,dtd,20,47,0.09411391740920363,0.0002141181910072509,0.1235266905481458,0.006258102134726219,-0.02941277313894218,50,0.0196078431372549,50,143.56990551948547
clip_l,dtd,21,47,0.09515514948992516,0.0001968897858154536,0.12278744973878407,0.0062036905330207425,-0.027632300248858918,50,0.0196078431372549,50,122.7356948852539
clip_l,dtd,22,47,0.09164113587472776,0.00016504084196652098,0.12336689424192993,0.006049241302404868,-0.031725758367202164,50,0.0196078431372549,50,135.3034751415253
clip_l,dtd,23,47,0.09373953670367748,0.0003823205696235108,0.12321044685689893,0.006161038946349356,-0.02947091015322144,50,0.0196078431372549,50,106.73873591423036
clip_l,dtd,24,47,0.09820419621780876,0.00029458144085280395,0.12145632746000715,0.00614482854576298,-0.02325213124219841,50,0.0196078431372549,50,112.58010530471802
clip_l,dtd,25,47,0.09550980765700136,0.00022989904719574966,0.12212897390090223,0.006169428894845545,-0.026619166243900858,50,0.0196078431372549,50,124.68982052803041
clip_l,dtd,26,47,0.09772009992530853,0.00023337879199059186,0.12318085353856195,0.006227118627113227,-0.025460753613253426,50,0.0196078431372549,50,92.13077783584595
clip_l,dtd,27,47,0.0964088074074584,0.0001776149070876096,0.1217881940088063,0.006253249835109555,-0.02537938660134792,50,0.0196078431372549,50,143.18710207939145
clip_l,dtd,28,47,0.09630841718111996,0.00013122939597550858,0.1221652465008624,0.0062151415390184536,-0.025856829319742463,50,0.0196078431372549,50,121.68180322647095
clip_l,dtd,29,47,0.09779497225747097,0.0002093328801446149,0.12210106011200016,0.006140491137462371,-0.02430608785452916,50,0.0196078431372549,50,123.70500135421752
dinov1_b,dtd,-1,47,0.095200424225416,0.0003949681991277883,0.12122174133119143,0.00602931050384806,-0.02602131710577542,50,0.0196078431372549,50,62.00167202949524
dinov1_b,dtd,0,47,0.09133590829045997,0.00036244331882316383,0.1197659297482952,0.005862526779003478,-0.028430021457835224,50,0.0196078431372549,50,71.48814129829405
dinov1_b,dtd,1,47,0.0949690159685192,0.0004638955283411137,0.11934949530331765,0.00558951163937719,-0.02438047933479844,50,0.0196078431372549,50,70.58188724517822
dinov1_b,dtd,2,47,0.09433671794520268,0.00040007889944767444,0.11929532665642005,0.0058814842804818,-0.02495860871121737,50,0.0196078431372549,50,72.70444464683533
dinov1_b,dtd,3,47,0.09473351950236636,0.0002641714314340422,0.11925903821161345,0.005732493418078582,-0.024525518709247074,50,0.0196078431372549,50,82.44542264938354
dinov1_b,dtd,4,47,0.09452158426057916,0.0002912135635049461,0.1194224308273515,0.005879044968675272,-0.02490084656677234,50,0.0196078431372549,50,85.71825838088989
dinov1_b,dtd,5,47,0.09405398898969136,0.00043765050780966496,0.11942774997882698,0.005805284670546911,-0.025373760989135616,50,0.0196078431372549,50,75.00623440742494
dinov1_b,dtd,6,47,0.09395759442677183,0.0002831333799640638,0.11878495899925012,0.00567733619631157,-0.02482736457247828,50,0.0196078431372549,50,81.03179574012756
dinov1_b,dtd,7,47,0.08931526060061787,0.00035564327315180776,0.11933794183385325,0.005686150987648783,-0.030022681233235367,50,0.0196078431372549,50,78.37599587440491
dinov1_b,dtd,8,47,0.09468876078048913,0.00043812541501908055,0.11997288653094458,0.005853012917353437,-0.025284125750455445,50,0.0196078431372549,50,84.31303858757019
dinov1_b,dtd,9,47,0.0921077824420117,0.0003175207243242856,0.11980325347864786,0.005879021752161566,-0.027695471036636138,50,0.0196078431372549,50,90.67638921737672
dinov1_b,dtd,10,47,0.09560946948859736,0.00029542990991979326,0.1202256885570975,0.005793803432741465,-0.024616219068500145,50,0.0196078431372549,50,84.2206461429596
dinov1_b,dtd,11,47,0.0947094099412984,0.0004739487533474145,0.11936868587493665,0.005882697257208631,-0.024659275933638217,50,0.0196078431372549,50,81.63325023651123
dinov1_b,dtd,12,47,0.09549972858469946,0.000321726309935279,0.11935808352568995,0.005868102325234981,-0.02385835494099049,50,0.0196078431372549,50,95.78968334197998
dinov1_b,dtd,13,47,0.0946949113292828,0.00033803773129804265,0.1188952141489934,0.00581795346752285,-0.02420030281971061,50,0.0196078431372549,50,85.74790215492249
dinov1_b,dtd,14,47,0.09247890448918417,0.00030243668737213816,0.11927048044664965,0.005893005816220835,-0.02679157595746549,50,0.0196078431372549,50,89.9210512638092
dinov1_b,dtd,15,47,0.09413466933404427,0.00023257886558093345,0.11945409431233668,0.0057541459304000135,-0.0253194249782924,50,0.0196078431372549,50,98.3495364189148
dinov1_b,dtd,16,47,0.09455555449275484,0.0003187811574669209,0.11836837694540245,0.005739548190051238,-0.023812822452647583,50,0.0196078431372549,50,84.51382660865785
dinov1_b,dtd,17,47,0.09294532358852188,0.00035389614158479226,0.11995291195191485,0.005771265146547813,-0.02700758836339298,50,0.0196078431372549,50,88.25135064125061
dinov1_b,dtd,18,47,0.0934730936967797,0.00036209093362607817,0.11971634148608465,0.005780351360946748,-0.026243247789304938,50,0.0196078431372549,50,76.74355363845825
dinov1_b,dtd,19,47,0.09445911283136066,0.0002679575448142565,0.11899125949850888,0.0057990322209750785,-0.02453214666714823,50,0.0196078431372549,50,87.44647002220154
dinov1_b,dtd,20,47,0.09189915014002034,0.00041693533311094465,0.12028708231166275,0.005874757260794884,-0.028387932171642424,50,0.0196078431372549,50,91.74300479888916
dinov1_b,dtd,21,47,0.09167023333004784,0.00022661033172106454,0.11937008140721025,0.0058386947779080645,-0.0276998480771624,50,0.0196078431372549,50,90.54390192031859
dinov1_b,dtd,22,47,0.08908296407323996,0.0002654116194335626,0.11971433674940155,0.005678500420794694,-0.03063137267616159,50,0.0196078431372549,50,63.076613426208496
dinov1_b,dtd,23,47,0.09117588706162123,0.00026796216178040787,0.12094982948696414,0.00566560638093802,-0.02977394242534291,50,0.0196078431372549,50,80.95451593399049
dinov1_b,dtd,24,47,0.09390651867738634,0.000240172770176102,0.11860554153218472,0.005885714683379846,-0.02469902285479837,50,0.0196078431372549,50,60.92572355270386
dinov1_b,dtd,25,47,0.09591531326482214,0.00028888639800336803,0.11946863998530925,0.005805106530821616,-0.0235533267204871,50,0.0196078431372549,50,66.97979879379271
dinov1_b,dtd,26,47,0.09764827676761384,0.0002327661744083791,0.11982092745087222,0.00580122162664517,-0.0221726506832584,50,0.0196078431372549,50,85.11763787269592
dinov1_b,dtd,27,47,0.0977994055002577,0.0005352341684221863,0.11888586839152634,0.005728852949399751,-0.021086462891268656,50,0.0196078431372549,50,65.89504861831665
dinov1_b,dtd,28,47,0.0969589356952689,0.00034851296471891336,0.11846867049032532,0.005884490030418024,-0.021509734795056426,50,0.0196078431372549,50,62.15760326385498
dinov1_b,dtd,29,47,0.09542405401776982,0.000233243750172562,0.1196263796465992,0.005668162815298561,-0.024202325628829388,50,0.0196078431372549,50,65.67710161209106
dinov2_b,dtd,-1,47,0.07665548771119285,0.00038836079159903727,0.1100386422615624,0.004109187159845499,-0.03338315455036954,50,0.0196078431372549,50,58.959439516067505
dinov2_b,dtd,0,47,0.07783304668889122,0.0003286796422015761,0.10885507650013901,0.004041564153331061,-0.03102202981124777,50,0.0196078431372549,50,59.65373468399048
dinov2_b,dtd,1,47,0.07489640278558661,0.000418658203068448,0.10843433068189506,0.003859325382250143,-0.03353792789630845,50,0.0196078431372549,50,57.80265378952026
dinov2_b,dtd,2,47,0.07590590332838358,0.0004827232886990209,0.10795798011103763,0.0041931347422035975,-0.03205207678265408,50,0.0196078431372549,50,55.88121581077576
dinov2_b,dtd,3,47,0.0733621050151806,0.00031431970110332635,0.10815443331420636,0.003893674379566924,-0.034792328299025746,50,0.0196078431372549,50,58.39424681663513
dinov2_b,dtd,4,47,0.07892010937978032,0.00038796865858675917,0.10845169075097434,0.004021766169913115,-0.029531581371194018,50,0.0196078431372549,50,54.147366285324104
dinov2_b,dtd,5,47,0.0750379334702367,0.000314504360576071,0.10927768166436584,0.004169233897263357,-0.03423974819412913,50,0.0196078431372549,50,55.91164422035217
dinov2_b,dtd,6,47,0.0741321084583287,0.000347362691493814,0.10791023555086772,0.0038500181218124475,-0.033778127092539016,50,0.0196078431372549,50,61.60427165031433
dinov2_b,dtd,7,47,0.07484972281801908,0.00028102039094864617,0.10876066940075266,0.0038600623464227295,-0.03391094658273358,50,0.0196078431372549,50,57.30775690078735
dinov2_b,dtd,8,47,0.07597822152995795,0.0003680790699645227,0.10833732068161796,0.004004624787124961,-0.032359099151660006,50,0.0196078431372549,50,60.2080864906311
dinov2_b,dtd,9,47,0.07676041217977032,0.0002988051827696267,0.10920520183407548,0.0041029215720740425,-0.03244478965430517,50,0.0196078431372549,50,60.29889440536499
dinov2_b,dtd,10,47,0.07726994972961337,0.0004614069695910041,0.10936958591774268,0.004081479327408126,-0.032099636188129305,50,0.0196078431372549,50,55.66280770301819
dinov2_b,dtd,11,47,0.07626802701680649,0.0003117971083997351,0.10927005687640066,0.004021048711579933,-0.033002029859594176,50,0.0196078431372549,50,53.499979972839355
dinov2_b,dtd,12,47,0.07562929945228845,0.0002769921098671603,0.109614197428182,0.003917607699411515,-0.03398489797589356,50,0.0196078431372549,50,53.70121598243714
dinov2_b,dtd,13,47,0.07610643429572303,0.00026944945540945906,0.1085149253084978,0.004044208772299603,-0.03240849101277478,50,0.0196078431372549,50,57.40552067756653
dinov2_b,dtd,14,47,0.07417161428010118,0.0002999886351207262,0.10828934193159033,0.00401356621310525,-0.03411772765148914,50,0.0196078431372549,50,58.258958339691155
dinov2_b,dtd,15,47,0.07364514332043237,0.00027947986624259964,0.10883842500807828,0.003966369616753068,-0.03519328168764592,50,0.0196078431372549,50,54.88400316238403
dinov2_b,dtd,16,47,0.0752589294932634,0.00041800477014776086,0.1067475893161702,0.003962657165551462,-0.0314886598229068,50,0.0196078431372549,50,57.956345558166504
dinov2_b,dtd,17,47,0.0784686081633271,0.0003306270379843727,0.10781108003470123,0.0040251209079236565,-0.02934247187137415,50,0.0196078431372549,50,50.995638847351074
dinov2_b,dtd,18,47,0.07493157916761756,0.0002567113965515368,0.10951323753996564,0.004037591159657926,-0.0345816583723481,50,0.0196078431372549,50,51.67081117630005
dinov2_b,dtd,19,47,0.07628073559090395,0.00030675344716309284,0.10822566378627277,0.004066309025010741,-0.031944928195368816,50,0.0196078431372549,50,56.57163810729981
dinov2_b,dtd,20,47,0.0778829953429109,0.00019793510621587618,0.10993033534340704,0.004202999466051553,-0.03204734000049614,50,0.0196078431372549,50,55.08276414871216
dinov2_b,dtd,21,47,0.07656065467738417,0.0005110474738095592,0.1097474195805098,0.003995764970597189,-0.033186764903125616,50,0.0196078431372549,50,58.96406722068786
dinov2_b,dtd,22,47,0.0748909574776802,0.00037169449394176487,0.1095727399841254,0.0038942497864890477,-0.0346817825064452,50,0.0196078431372549,50,56.32014536857605
dinov2_b,dtd,23,47,0.0766101754183356,0.00024013715635862046,0.10920598197330454,0.003911161165559243,-0.03259580655496894,50,0.0196078431372549,50,54.383723974227905
dinov2_b,dtd,24,47,0.07391413444536933,0.0003194308832174678,0.10768019085624173,0.004120312580281873,-0.033766056410872394,50,0.0196078431372549,50,52.73180985450745
dinov2_b,dtd,25,47,0.07610909921010525,0.0003889582508887794,0.1080218119103255,0.003933445143506067,-0.03191271270022025,50,0.0196078431372549,50,52.72600245475769
dinov2_b,dtd,26,47,0.07380848690210053,0.0003018830295033401,0.10874387947354563,0.0040840983792513495,-0.034935392571445116,50,0.0196078431372549,50,56.920037031173706
dinov2_b,dtd,27,47,0.07648572182511666,0.00045652906590630283,0.10809795742125276,0.0041312435155706545,-0.0316122355961361,50,0.0196078431372549,50,60.19996929168701
dinov2_b,dtd,28,47,0.07856183671849883,0.00040035171336648596,0.10797515524637928,0.004123211634672527,-0.02941331852788045,50,0.0196078431372549,50,58.33486557006836
dinov2_b,dtd,29,47,0.07481747144543244,0.0003995147227596041,0.10774661183188253,0.003958820703917193,-0.03292914038645009,50,0.0196078431372549,50,67.57450985908507
dinov2_g,dtd,-1,47,0.07308887946938485,0.0002303184640741918,0.11003606709413573,0.003924302221251997,-0.03694718762475087,50,0.0196078431372549,50,120.9527633190155
dinov2_g,dtd,0,47,0.0729167503033483,0.0002561208905232589,0.10861689005852072,0.003774203137865715,-0.035700139755172416,50,0.0196078431372549,50,93.7743923664093
dinov2_g,dtd,1,47,0.06830069095426347,0.0002225048801640488,0.10931999499318998,0.0036599457952730618,-0.041019304038926514,50,0.0196078431372549,50,93.70977163314821
dinov2_g,dtd,2,47,0.07171054775601524,0.00026758159170552347,0.10755437641129477,0.0038188765660329455,-0.03584382865527952,50,0.0196078431372549,50,86.73232913017273
dinov2_g,dtd,3,47,0.06964223175331287,0.000323232327344512,0.10824490163904048,0.0036442654614965006,-0.038602669885727615,50,0.0196078431372549,50,78.53181791305542
dinov2_g,dtd,4,47,0.07138991475251305,0.00015837987620015553,0.10776985617084092,0.0037974112892120854,-0.03637994141832787,50,0.0196078431372549,50,86.57611799240112
dinov2_g,dtd,5,47,0.06822971157353354,0.0003229422500575678,0.10902439528419686,0.0038225372935276523,-0.04079468371066332,50,0.0196078431372549,50,80.63527965545654
dinov2_g,dtd,6,47,0.07005190270249655,0.00036189890373675214,0.1078297863621619,0.003663670752652985,-0.03777788365966535,50,0.0196078431372549,50,134.48219084739685
dinov2_g,dtd,7,47,0.0702972043863778,0.0002521435531233868,0.10818844451244099,0.0037011469795329376,-0.0378912401260632,50,0.0196078431372549,50,156.29225206375122
dinov2_g,dtd,8,47,0.07225539211424767,0.0004516472556909618,0.10823325213758976,0.0036632738898248023,-0.035977860023342086,50,0.0196078431372549,50,183.8847200870514
dinov2_g,dtd,9,47,0.07418523553642828,0.0004917668737127797,0.10829436380674336,0.003750296148583763,-0.03410912827031508,50,0.0196078431372549,50,166.53311252593994
dinov2_g,dtd,10,47,0.07173039157469357,0.00017396492531186698,0.10920149167308736,0.0038097163944423185,-0.03747110009839378,50,0.0196078431372549,50,194.1236796379089
dinov2_g,dtd,11,47,0.07091320357120304,0.00017591625402515928,0.1093719672198652,0.003767167445287273,-0.038458763648662166,50,0.0196078431372549,50,192.7019944190979
dinov2_g,dtd,12,47,0.07190935874798775,0.0003487042773150558,0.1091242380902888,0.003670154902393921,-0.037214879342301055,50,0.0196078431372549,50,197.70427942276
dinov2_g,dtd,13,47,0.07324951141020744,0.0003429713639477056,0.10806338818296256,0.0037445137602802963,-0.03481387677275513,50,0.0196078431372549,50,159.85763883590695
dinov2_g,dtd,14,47,0.07041829436887463,0.0003173825667530308,0.10803692357669073,0.003771543139863322,-0.03761862920781611,50,0.0196078431372549,50,199.9292380809784
dinov2_g,dtd,15,47,0.06942219914979902,0.0002355729461524697,0.1087531208644088,0.003675680678487991,-0.03933092171460978,50,0.0196078431372549,50,204.36018228530884
dinov2_g,dtd,16,47,0.07328172095007457,0.0001978316400916083,0.10648366906538473,0.003596343093383222,-0.03320194811531013,50,0.0196078431372549,50,166.31480717658997
dinov2_g,dtd,17,47,0.07609810013665945,0.0002788962286300499,0.10731848128129466,0.003744075962796668,-0.031220381144635205,50,0.0196078431372549,50,154.06777954101562
dinov2_g,dtd,18,47,0.06984968658318369,0.0003925202852525384,0.1092304954905293,0.0038011194177284,-0.039380808907345605,50,0.0196078431372549,50,177.13289046287537
dinov2_g,dtd,19,47,0.07108928252110727,0.0002497998585112305,0.10815305337196927,0.003708399146935479,-0.037063770850862,50,0.0196078431372549,50,168.61938309669497
dinov2_g,dtd,20,47,0.07269628341459224,0.00025457935448220005,0.11006208331783196,0.003942874662457885,-0.03736579990323974,50,0.0196078431372549,50,157.4883944988251
dinov2_g,dtd,21,47,0.07010231653598561,0.0003529230039369596,0.10950200513925924,0.0037323877073165476,-0.039399688603273635,50,0.0196078431372549,50,169.366938829422
dinov2_g,dtd,22,47,0.06874821428331182,0.0005108291717343352,0.1092289899918707,0.0037688325088397158,-0.04048077570855888,50,0.0196078431372549,50,181.68806910514832
dinov2_g,dtd,23,47,0.07090683003980347,0.0004889359616537685,0.10891034364656944,0.0037186794167289295,-0.03800351360676596,50,0.0196078431372549,50,151.23428964614868
dinov2_g,dtd,24,47,0.0746545577680247,0.0004295230789859346,0.10736743600419699,0.003967082686135285,-0.032712878236172305,50,0.0196078431372549,50,175.44086384773254
dinov2_g,dtd,25,47,0.06857562025336955,0.0004540130203041882,0.10789361287952172,0.0036392319318826007,-0.03931799262615218,50,0.0196078431372549,50,182.19621801376343
dinov2_g,dtd,26,47,0.07051135597198174,0.00022272825681406215,0.10887607453564156,0.003873420277642837,-0.03836471856365982,50,0.0196078431372549,50,165.5065324306488
dinov2_g,dtd,27,47,0.07120593343665088,0.00039506223375395733,0.10796332785895088,0.0039005771738801352,-0.0367573944223,50,0.0196078431372549,50,175.02824807167053
dinov2_g,dtd,28,47,0.07637672067887155,0.00019934048390541509,0.10719838650136428,0.003827229295275954,-0.03082166582249274,50,0.0196078431372549,50,173.97918438911438
dinov2_g,dtd,29,47,0.07252226251016589,0.0002509025187015189,0.10720684477553387,0.003721996630406349,-0.03468458226536798,50,0.0196078431372549,50,158.7279539108276
dinov2_l,dtd,-1,47,0.06926402629604357,0.0003943455218830268,0.10944166831149138,0.0035837354362393587,-0.0401776420154478,50,0.0196078431372549,50,63.30088400840759
dinov2_l,dtd,0,47,0.06926564460313869,0.00030951529573745585,0.10752201259802023,0.00350545121291842,-0.03825636799488152,50,0.0196078431372549,50,70.34124970436096
dinov2_l,dtd,1,47,0.0666069948507908,0.00017528825423612082,0.10823928032302313,0.003354909194392035,-0.041632285472232335,50,0.0196078431372549,50,74.04158687591553
dinov2_l,dtd,2,47,0.06763874206606173,0.00032546246957221975,0.10664757645894808,0.003460657758776904,-0.03900883439288636,50,0.0196078431372549,50,70.39919376373291
dinov2_l,dtd,3,47,0.06630785585206556,0.0003304003406105524,0.10697461188813844,0.003356854843226104,-0.04066675603607288,50,0.0196078431372549,50,86.50795030593872
dinov2_l,dtd,4,47,0.06895481213319796,0.00021277620001612164,0.1073375129202316,0.0035051902489812267,-0.03838270078703365,50,0.0196078431372549,50,86.24226355552673
dinov2_l,dtd,5,47,0.065908779300373,0.00033777076683730935,0.10814543229946633,0.0035707727724444273,-0.042236652999093315,50,0.0196078431372549,50,101.61443996429443
dinov2_l,dtd,6,47,0.06630396312989284,0.00034248174306312324,0.1070831805996001,0.0032963441479299787,-0.04077921746970727,50,0.0196078431372549,50,134.60006642341614
dinov2_l,dtd,7,47,0.06685794708550867,0.0004179430975366852,0.10702405099077512,0.003393722944271326,-0.04016610390526645,50,0.0196078431372549,50,88.87083792686462
dinov2_l,dtd,8,47,0.06699755506465194,0.00048382809977804314,0.106915784060739,0.003357344683859858,-0.03991822899608706,50,0.0196078431372549,50,83.2339973449707
dinov2_l,dtd,9,47,0.06811502735740843,0.000420734892386009,0.10775399602644327,0.00349966205841665,-0.03963896866903484,50,0.0196078431372549,50,83.48667311668395
dinov2_l,dtd,10,47,0.06871885563023948,0.00028991758378363607,0.10794777369350336,0.003530946731354621,-0.039228918063263896,50,0.0196078431372549,50,77.17278599739075
dinov2_l,dtd,11,47,0.06755956653079573,0.00025774293404078475,0.10806319966504499,0.003497044521462593,-0.04050363313424928,50,0.0196078431372549,50,82.05557322502136
dinov2_l,dtd,12,47,0.06713583875736104,0.0002563964435016915,0.10879920646062702,0.0033755257099811692,-0.04166336770326598,50,0.0196078431372549,50,78.58129858970642
dinov2_l,dtd,13,47,0.068218722132289,0.0003237724736769355,0.1071498148862558,0.0035102840374360085,-0.038931092753966806,50,0.0196078431372549,50,84.05298733711244
dinov2_l,dtd,14,47,0.06645406364148543,0.00021564368413413702,0.10721006369135144,0.003365415261353456,-0.040756000049865994,50,0.0196078431372549,50,78.16556477546692
dinov2_l,dtd,15,47,0.0666697183361653,0.00020074171979269536,0.1082391487669413,0.0033598379449573373,-0.04156943043077599,50,0.0196078431372549,50,83.8468177318573
dinov2_l,dtd,16,47,0.06728156761088669,0.0005245291892375896,0.10597969013885487,0.0033129240498267613,-0.038698122527968185,50,0.0196078431372549,50,89.6637740135193
dinov2_l,dtd,17,47,0.06915559176613065,0.0004737402103979169,0.10633774635710884,0.003433514720311584,-0.03718215459097818,50,0.0196078431372549,50,84.75980925559999
dinov2_l,dtd,18,47,0.0678327636571506,0.0002744473477495191,0.10862790046952092,0.0034454166345434896,-0.04079513681237032,50,0.0196078431372549,50,88.87355375289917
dinov2_l,dtd,19,47,0.06493671183244157,0.0004079984235961252,0.10675694532741126,0.0033436994408013393,-0.04182023349496969,50,0.0196078431372549,50,93.54891180992126
dinov2_l,dtd,20,47,0.06871535442444343,0.0005140385322843139,0.10922797789205252,0.0035764495345799985,-0.04051262346760909,50,0.0196078431372549,50,104.31157302856444
dinov2_l,dtd,21,47,0.06708924216227828,0.00031495419574241505,0.1086902674592736,0.003412308552860873,-0.04160102529699535,50,0.0196078431372549,50,101.89397644996643
dinov2_l,dtd,22,47,0.06622553594591142,0.00031531122179363964,0.10858767579853036,0.0034395100862904147,-0.04236213985261891,50,0.0196078431372549,50,94.27689552307129
dinov2_l,dtd,23,47,0.067989007501192,0.00035835871564017757,0.10798654486545073,0.0033704625488834906,-0.03999753736425874,50,0.0196078431372549,50,93.68286895751952
dinov2_l,dtd,24,47,0.06844449967022698,0.00025908767405251825,0.10677923805890964,0.0036371797653938173,-0.03833473838868265,50,0.0196078431372549,50,132.51916432380676
dinov2_l,dtd,25,47,0.06885384483151888,0.0004153877348691009,0.10698649326643406,0.0033385519470657266,-0.03813264843491518,50,0.0196078431372549,50,121.0960819721222
dinov2_l,dtd,26,47,0.06761930853371284,0.0003139090466846208,0.1078320583818508,0.0034411224045418783,-0.04021274984813796,50,0.0196078431372549,50,126.15511918067932
dinov2_l,dtd,27,47,0.0682861442449493,0.0002719739838916332,0.1075310240984702,0.003455589278576289,-0.03924487985352089,50,0.0196078431372549,50,126.7956929206848
dinov2_l,dtd,28,47,0.07081519860974636,0.000270137516755224,0.10645309392631466,0.0035284822549604407,-0.0356378953165683,50,0.0196078431372549,50,108.84554886817932
dinov2_l,dtd,29,47,0.06877800049893801,0.000546917346745081,0.10636907347391286,0.0033925874879454448,-0.03759107297497485,50,0.0196078431372549,50,112.46535611152649
dinov2_s,dtd,-1,47,0.10531931977064338,0.00042696525002554325,0.12185894452419704,0.0051445114231137325,-0.016539624753553653,50,0.0196078431372549,50,68.40734601020813
dinov2_s,dtd,0,47,0.10469751915214368,0.00032778970563854243,0.12087493431042652,0.005105295293488075,-0.016177415158282846,50,0.0196078431372549,50,64.00148963928223
dinov2_s,dtd,1,47,0.1041078891955434,0.00033017028048162585,0.12063733312416998,0.004941750882946989,-0.01652944392862657,50,0.0196078431372549,50,69.32441854476929
dinov2_s,dtd,2,47,0.1058420416418627,0.0005255475796450544,0.12024094154928415,0.005202604567183003,-0.014398899907421438,50,0.0196078431372549,50,66.67131495475769
dinov2_s,dtd,3,47,0.10591565264375484,0.0005595999142580057,0.12067716610062533,0.005013923134345669,-0.01476151345687049,50,0.0196078431372549,50,74.43386793136597
dinov2_s,dtd,4,47,0.10565536523863063,0.0006147218538091363,0.12064786911656493,0.005205423762998192,-0.014992503877934313,50,0.0196078431372549,50,71.15359783172606
dinov2_s,dtd,5,47,0.1072974793368214,0.0005063733457364874,0.1211563248669181,0.0051137961818619815,-0.013858845530096713,50,0.0196078431372549,50,63.551942110061646
dinov2_s,dtd,6,47,0.10425028127474154,0.0005668437671082396,0.11983128455048545,0.004983073530448574,-0.015581003275743925,50,0.0196078431372549,50,60.43673634529114
dinov2_s,dtd,7,47,0.09803509496270893,0.0004307297666005466,0.12088444349328205,0.0049218863860177285,-0.02284934853057312,50,0.0196078431372549,50,60.30104327201843
dinov2_s,dtd,8,47,0.10511849055671216,0.00027333352020448724,0.12038476865481143,0.005104636025722265,-0.015266278098099259,50,0.0196078431372549,50,50.030558824539185
dinov2_s,dtd,9,47,0.10654364890165398,0.00044194328674285985,0.1213678030346584,0.00504814543132005,-0.014824154133004431,50,0.0196078431372549,50,64.40815997123718
dinov2_s,dtd,10,47,0.10589850038686167,0.000578591456779174,0.12112610063468232,0.0050829445195524296,-0.015227600247820647,50,0.0196078431372549,50,62.53392314910889
dinov2_s,dtd,11,47,0.10674771203552832,0.0004087893161790367,0.1210951965975062,0.0050593837664745095,-0.014347484561977875,50,0.0196078431372549,50,64.00861883163452
dinov2_s,dtd,12,47,0.10560223407265612,0.0005293205395329151,0.12129572141765467,0.004898108971287979,-0.015693487344998563,50,0.0196078431372549,50,58.79788184165954
dinov2_s,dtd,13,47,0.10568367176326476,0.0004088107882962728,0.12091448431260872,0.00505242181151146,-0.015230812549343956,50,0.0196078431372549,50,68.87064099311829
dinov2_s,dtd,14,47,0.1052776039461178,0.0007084706172329466,0.12065518684364962,0.0051048525392431345,-0.015377582897531812,50,0.0196078431372549,50,49.08034634590149
dinov2_s,dtd,15,47,0.10275904136716572,0.00047402027182931103,0.12079243984938755,0.004959557024048295,-0.01803339848222185,50,0.0196078431372549,50,49.07666301727295
dinov2_s,dtd,16,47,0.10617866593940103,0.0004667403260019545,0.11988651951748715,0.0049941539530457225,-0.013707853578086113,50,0.0196078431372549,50,61.103990077972405
dinov2_s,dtd,17,47,0.10618024342760668,0.0005727206693726342,0.1206290501551734,0.005087606748312691,-0.01444880672756671,50,0.0196078431372549,50,69.4043083190918
dinov2_s,dtd,18,47,0.10483034261599014,0.00044312566503345305,0.12173454879496325,0.005088529821105973,-0.0169042061789731,50,0.0196078431372549,50,59.198492527008064
dinov2_s,dtd,19,47,0.1081044606350016,0.0003706725508054842,0.12046530419761912,0.005026241923920422,-0.01236084356261753,50,0.0196078431372549,50,44.72113204002381
dinov2_s,dtd,20,47,0.1059570622010484,0.00025452820639600067,0.1220498115359007,0.005124437253252834,-0.016092749334852316,50,0.0196078431372549,50,50.87869787216186
dinov2_s,dtd,21,47,0.10330368666087883,0.0004474410636930999,0.12191376053212352,0.004985977024363807,-0.018610073871244703,50,0.0196078431372549,50,38.52404451370239
dinov2_s,dtd,22,47,0.09911969611371138,0.00036470701857457664,0.12117257093435592,0.00490229710137075,-0.022052874820644542,50,0.0196078431372549,50,44.07233691215515
dinov2_s,dtd,23,47,0.10174685866971253,0.0005199609688196712,0.1213015211435376,0.004848382541515476,-0.01955466247382508,50,0.0196078431372549,50,47.13759756088257
dinov2_s,dtd,24,47,0.1033763915440792,0.000423805484049334,0.11978000069888027,0.0051235635045703285,-0.01640360915480106,50,0.0196078431372549,50,55.46413588523865
dinov2_s,dtd,25,47,0.1081934180636001,0.0006321799718216009,0.12053479258714868,0.005035012324187841,-0.012341374523548582,50,0.0196078431372549,50,53.55644750595093
dinov2_s,dtd,26,47,0.10547184244635052,0.0003711965724223128,0.1206666957791896,0.0050554574815979405,-0.015194853332839068,50,0.0196078431372549,50,53.01641798019409
dinov2_s,dtd,27,47,0.10822287995007587,0.0005352754624504575,0.12088969507833128,0.005020164016429082,-0.012666815128255404,50,0.0196078431372549,50,59.103230953216546
dinov2_s,dtd,28,47,0.10744191750614844,0.0002815843188732438,0.12035282558309718,0.005238798330855134,-0.012910908076948738,50,0.0196078431372549,50,45.75572872161865
dinov2_s,dtd,29,47,0.10282645071038107,0.00037984004031479783,0.12009618565318662,0.004998046999677075,-0.01726973494280555,50,0.0196078431372549,50,45.52532911300659
i21k_b,dtd,-1,47,0.08885700661181575,0.0004494266024590538,0.1085839924332024,0.005200821305230815,-0.019726985821386656,50,0.0196078431372549,50,121.71307516098022
i21k_b,dtd,0,47,0.08641279903012553,0.00027690968880649447,0.10690968851370757,0.004950251901351119,-0.02049688948358204,50,0.0196078431372549,50,142.17871594429016
i21k_b,dtd,1,47,0.08778874060124768,0.0004958568021188782,0.10723994026718776,0.004961499093650186,-0.019451199665940083,50,0.0196078431372549,50,118.0096356868744
i21k_b,dtd,2,47,0.08651056963908861,0.0003933664542275917,0.10683619813207744,0.00492863044509935,-0.02032562849298881,50,0.0196078431372549,50,130.32688546180722
i21k_b,dtd,3,47,0.08826178264430322,0.00021783083028040204,0.10715057661634952,0.004932026074283891,-0.018888793972046302,50,0.0196078431372549,50,122.9138834476471
i21k_b,dtd,4,47,0.08775361198249107,0.00027985791925329046,0.10736667067720776,0.004989531666503715,-0.01961305869471669,50,0.0196078431372549,50,122.97843647003174
i21k_b,dtd,5,47,0.08675815197480932,0.0001742206271438432,0.10754898781405817,0.0050140752323097615,-0.02079083583924883,50,0.0196078431372549,50,97.65514516830444
i21k_b,dtd,6,47,0.08524914964618817,0.0004266611402714888,0.1062801638536126,0.004925538409130997,-0.021031014207424426,50,0.0196078431372549,50,97.24229550361632
i21k_b,dtd,7,47,0.088334040704746,0.00023457655608020097,0.10693737849297123,0.0048746401440549715,-0.018603337788225236,50,0.0196078431372549,50,89.31711912155151
i21k_b,dtd,8,47,0.0903151822710918,0.0003201802215519042,0.10787817419257123,0.0050236665082663045,-0.017562991921479417,50,0.0196078431372549,50,61.04815626144409
i21k_b,dtd,9,47,0.08566005228984833,0.0003012502079885668,0.1069458678746878,0.004952652437303725,-0.021285815584839468,50,0.0196078431372549,50,117.92149519920349
i21k_b,dtd,10,47,0.08808446638462371,0.00029274597944159897,0.10821556780525723,0.005064231857410169,-0.020131101420633526,50,0.0196078431372549,50,73.08053040504457
i21k_b,dtd,11,47,0.08514770121889967,0.00024686314890541697,0.10648063613970216,0.004992247766836429,-0.0213329349208025,50,0.0196078431372549,50,84.01215696334839
i21k_b,dtd,12,47,0.0852343554190094,0.00024070679481253936,0.10694341760324473,0.0049933820478763255,-0.02170906218423535,50,0.0196078431372549,50,106.98666596412659
i21k_b,dtd,13,47,0.08749573987432213,0.0003314104896146939,0.10767848630312543,0.00496668538393755,-0.020182746428803328,50,0.0196078431372549,50,97.56514716148376
i21k_b,dtd,14,47,0.08857643857423406,0.00025858533106188286,0.1070655805280218,0.0049556704701580094,-0.018489141953787758,50,0.0196078431372549,50,81.95131301879883
i21k_b,dtd,15,47,0.08671623787677447,0.0002154593341719789,0.10719083312440088,0.004992885784711346,-0.020474595247626404,50,0.0196078431372549,50,88.0639750957489
i21k_b,dtd,16,47,0.08563950763867371,0.0005387246546163834,0.10666865413983848,0.004925996296947574,-0.02102914650116477,50,0.0196078431372549,50,70.19239783287047
i21k_b,dtd,17,47,0.08510566261248573,0.000286738849660516,0.105898067212396,0.0048714370915347634,-0.02079240459991026,50,0.0196078431372549,50,94.00731062889099
i21k_b,dtd,18,47,0.08556718992208695,0.0003130620537649463,0.10818221492837587,0.004968765356598306,-0.022615025006288942,50,0.0196078431372549,50,97.73113918304443
i21k_b,dtd,19,47,0.08989060430775045,0.00018240262068892367,0.10591974362258832,0.004859896172464059,-0.016029139314837862,50,0.0196078431372549,50,91.45370101928712
i21k_b,dtd,20,47,0.08590116485334312,0.00014112281024410392,0.10773287406320023,0.005007357842591436,-0.02183170920985709,50,0.0196078431372549,50,88.46266031265259
i21k_b,dtd,21,47,0.08587571923336076,0.000178943427168329,0.1078785603172509,0.004972714758865105,-0.02200284108389014,50,0.0196078431372549,50,99.8860161304474
i21k_b,dtd,22,47,0.08385164634178442,0.00027141600894951275,0.10718980032367602,0.004891974067982083,-0.0233381539818916,50,0.0196078431372549,50,77.20375943183898
i21k_b,dtd,23,47,0.0890947908616562,0.0004232850948121893,0.10742392025917097,0.005027138844174499,-0.01832912939751476,50,0.0196078431372549,50,80.97242259979248
i21k_b,dtd,24,47,0.08639286341050183,0.0003090791232623844,0.10704618928058147,0.005004571810081154,-0.020653325870079658,50,0.0196078431372549,50,89.65057301521301
i21k_b,dtd,25,47,0.0846058871300458,0.00026739600878967747,0.10672812395635656,0.004955884319622948,-0.02212223682631076,50,0.0196078431372549,50,76.28996515274049
i21k_b,dtd,26,47,0.0901240122507021,0.00016929365321838134,0.10802974607761308,0.005088805792828504,-0.01790573382691099,50,0.0196078431372549,50,98.7964723110199
i21k_b,dtd,27,47,0.08740526707117346,0.00029110032638499426,0.10697452386541766,0.004956407564295703,-0.01956925679424419,50,0.0196078431372549,50,66.16513943672179
i21k_b,dtd,28,47,0.08872672346237231,0.0005025200505881522,0.106346099149361,0.004943842079203981,-0.017619375686988698,50,0.0196078431372549,50,79.81607961654662
i21k_b,dtd,29,47,0.08764638230364126,0.0002969129162873391,0.10685553019923437,0.0048983553985847755,-0.019209147895593096,50,0.0196078431372549,50,88.21615958213806
i21k_l,dtd,-1,47,0.07733017339604878,0.0003670979005732898,0.10725229480072997,0.0047545088202422025,-0.029922121404681173,50,0.0196078431372549,50,99.1819908618927
i21k_l,dtd,0,47,0.07469493023293683,0.00018948094030269154,0.10443145982633516,0.00449424230384021,-0.029736529593398325,50,0.0196078431372549,50,86.51263856887817
i21k_l,dtd,1,47,0.0770310928212048,0.00039526915460804264,0.1050343350713934,0.004482328088229531,-0.028003242250188604,50,0.0196078431372549,50,82.85305619239806
i21k_l,dtd,2,47,0.07676472176107076,0.00042793240120815763,0.10473015280946396,0.004497631457530126,-0.02796543104839322,50,0.0196078431372549,50,83.47741103172301
i21k_l,dtd,3,47,0.07625909173418569,0.0003020309389265564,0.10499901630140833,0.004404038343321611,-0.02873992456722263,50,0.0196078431372549,50,83.02291822433472
i21k_l,dtd,4,47,0.07845291686063355,0.00034792969835209633,0.10488209478643548,0.004545657272185782,-0.02642917792580192,50,0.0196078431372549,50,67.90747880935669
i21k_l,dtd,5,47,0.07462927583655281,0.00018767333617830383,0.1050437670718944,0.004507113350029426,-0.03041449123534158,50,0.0196078431372549,50,68.280375957489
i21k_l,dtd,6,47,0.0733887437289983,0.0001989433838326737,0.1046063768188663,0.0044684263693199255,-0.031217633089868,50,0.0196078431372549,50,69.55086278915404
i21k_l,dtd,7,47,0.07698802998513901,0.00017773381881313227,0.10453936340301116,0.004416404609129871,-0.02755133341787215,50,0.0196078431372549,50,80.84995031356813
i21k_l,dtd,8,47,0.07781016454437313,0.00024232540872330352,0.10584602035834208,0.004558231441020258,-0.02803585581396896,50,0.0196078431372549,50,66.81521940231322
i21k_l,dtd,9,47,0.07608282242408186,0.00027267530036180536,0.10517271103904324,0.004502591329971722,-0.02908988861496138,50,0.0196078431372549,50,62.451939821243286
i21k_l,dtd,10,47,0.07757143148740743,0.00034985784739628733,0.10559943403426587,0.004578349919464996,-0.028028002546858458,50,0.0196078431372549,50,53.881125688552856
i21k_l,dtd,11,47,0.07538671021997734,0.00034791209019628927,0.1045489307929837,0.0044702474026843365,-0.029162220573006367,50,0.0196078431372549,50,69.00362205505371
i21k_l,dtd,12,47,0.07398540848366568,0.00032982467863898777,0.1054806620560989,0.004512034642251189,-0.03149525357243324,50,0.0196078431372549,50,68.57348155975342
i21k_l,dtd,13,47,0.07661570379768935,0.0003301996582324431,0.1052765377878853,0.00453946610356556,-0.02866083399019595,50,0.0196078431372549,50,67.62944531440735
i21k_l,dtd,14,47,0.07933901935082534,0.00039762099057241837,0.10498494659734484,0.004508352794060496,-0.025645927246519498,50,0.0196078431372549,50,77.95814752578734
i21k_l,dtd,15,47,0.07635851293444693,0.00016650504331573154,0.10447443894135157,0.004455093773587991,-0.028115926006904657,50,0.0196078431372549,50,54.81508708000183
i21k_l,dtd,16,47,0.07380025147231048,0.00039801369483167366,0.1048992755351266,0.00448651256030641,-0.03109902406281612,50,0.0196078431372549,50,61.582518339157104
i21k_l,dtd,17,47,0.07659512900783469,0.0002461135306615743,0.10467731754466264,0.004395015227773743,-0.02808218853682796,50,0.0196078431372549,50,82.96435046195985
i21k_l,dtd,18,47,0.0749939470970676,0.0002561350135217652,0.10657001920815108,0.004525074025153489,-0.031576072111083466,50,0.0196078431372549,50,78.01565074920654
i21k_l,dtd,19,47,0.07637231980570405,0.00012781642708060607,0.10433587774081733,0.004434824052519843,-0.027963557935113282,50,0.0196078431372549,50,86.85286593437195
i21k_l,dtd,20,47,0.07398281833354514,6.868858312481176e-05,0.1058024854651166,0.004533375813430504,-0.03181966713157147,50,0.0196078431372549,50,64.8765766620636
i21k_l,dtd,21,47,0.07566238799818789,0.00024781060773652506,0.10571916905963777,0.0045466765316743716,-0.030056781061449864,50,0.0196078431372549,50,77.55458235740663
i21k_l,dtd,22,47,0.07613611161677368,0.0002879300033927119,0.10591507939358344,0.004549946376218225,-0.029778967776809762,50,0.0196078431372549,50,46.04307198524475
i21k_l,dtd,23,47,0.07449596505300002,0.00015780863947437268,0.1058807098744634,0.004494496837594409,-0.031384744821463376,50,0.0196078431372549,50,46.278355360031135
i21k_l,dtd,24,47,0.07388148181596557,0.0003705528422725281,0.10417418650889937,0.004451073581719768,-0.03029270469293378,50,0.0196078431372549,50,85.24604678153993
i21k_l,dtd,25,47,0.07515659927454432,0.00029199908506380456,0.1049999402262764,0.0045009890627280644,-0.02984334095173208,50,0.0196078431372549,50,79.8812518119812
i21k_l,dtd,26,47,0.07789387227590583,0.0002867544149257265,0.10617811360649586,0.004644626700400936,-0.028284241330590033,50,0.0196078431372549,50,67.15629529953003
i21k_l,dtd,27,47,0.07783906918216113,0.0003080645635450393,0.10475703819761714,0.0044469624353067816,-0.026917969015456025,50,0.0196078431372549,50,79.50831103324892
i21k_l,dtd,28,47,0.07850393884670677,0.00037347696388069924,0.10385085957063324,0.004454198030335568,-0.02534692072392647,50,0.0196078431372549,50,79.4605016708374
i21k_l,dtd,29,47,0.07591152956767863,0.00018943463308784806,0.10465714135942468,0.004451516631774694,-0.028745611791746038,50,0.0196078431372549,50,62.23061442375183
i21k_s,dtd,-1,47,0.09584507552385388,0.0003461725965027012,0.11338091662201286,0.0059608735995729896,-0.017535841098158964,50,0.0196078431372549,50,131.35926103591922
i21k_s,dtd,0,47,0.09625939781361134,0.0002803657344602614,0.11249759635465573,0.005814620195743833,-0.016238198541044385,50,0.0196078431372549,50,132.46687006950378
i21k_s,dtd,1,47,0.09261873171414252,0.00025298695118652827,0.11315176170635352,0.005781312782164507,-0.020533029992210988,50,0.0196078431372549,50,110.97851228713988
i21k_s,dtd,2,47,0.09363856133639488,0.000338318981572816,0.11197862259482186,0.005781959048863328,-0.018340061258426996,50,0.0196078431372549,50,125.1573841571808
i21k_s,dtd,3,47,0.09238255204299292,0.00011766200056805171,0.11256446981645477,0.0057628329083984275,-0.020181917773461844,50,0.0196078431372549,50,112.9886634349823
i21k_s,dtd,4,47,0.09525449660808767,0.00036487652343328926,0.11158058574657996,0.005773250344469607,-0.01632608913849229,50,0.0196078431372549,50,143.5050938129425
i21k_s,dtd,5,47,0.0964972402376401,0.0003557853161764552,0.11261848968187076,0.005879267753471279,-0.016121249444230643,50,0.0196078431372549,50,151.95154523849487
i21k_s,dtd,6,47,0.09507284164161084,0.000202359721948784,0.11231778222764527,0.005755059894683004,-0.01724494058603443,50,0.0196078431372549,50,151.01370429992676
i21k_s,dtd,7,47,0.09406687429395867,0.00011957668978137405,0.11223045052445732,0.005763915490065976,-0.018163576230498663,50,0.0196078431372549,50,83.71624207496644
i21k_s,dtd,8,47,0.096322634768535,0.0002296791896992459,0.11241139640354457,0.005842037425063771,-0.01608876163500958,50,0.0196078431372549,50,116.86506032943727
i21k_s,dtd,9,47,0.09583666100065416,0.0003961845429080443,0.11190233156442693,0.005782450742445561,-0.01606567056377274,50,0.0196078431372549,50,104.91593074798584
i21k_s,dtd,10,47,0.09598549438318688,0.00032165019573075445,0.11367943386437193,0.005878672941466022,-0.017693939481185042,50,0.0196078431372549,50,146.25268697738647
i21k_s,dtd,11,47,0.0951892085400905,0.0001409268928774883,0.11140101856822188,0.005751812186292169,-0.016211810028131383,50,0.0196078431372549,50,129.47414207458496
i21k_s,dtd,12,47,0.09204976244069073,0.0003017536110277458,0.11286565381180168,0.005833869141693753,-0.02081589137111096,50,0.0196078431372549,50,115.06032371520996
i21k_s,dtd,13,47,0.09738800270272026,0.00034695387785588244,0.11249125964707887,0.005774744696331585,-0.015103256944358628,50,0.0196078431372549,50,139.87698912620544
i21k_s,dtd,14,47,0.09390978626167032,0.00034532225681593577,0.11194446581326956,0.0057423913760918845,-0.018034679551599226,50,0.0196078431372549,50,121.9012007713318
i21k_s,dtd,15,47,0.09460301686374258,0.00042478338307922885,0.1130456294380181,0.005889981702243675,-0.018442612574275527,50,0.0196078431372549,50,130.42099332809448
i21k_s,dtd,16,47,0.09425958922651803,0.0002183109326978933,0.1126184582965852,0.005739673574877115,-0.01835886907006716,50,0.0196078431372549,50,130.43973565101624
i21k_s,dtd,17,47,0.09344059160523388,0.000418692223681357,0.11132997884092337,0.005704130204610827,-0.017889387235689502,50,0.0196078431372549,50,129.2787892818451
i21k_s,dtd,18,47,0.09023094397885416,0.00024280724691544785,0.11342378932042298,0.005858509489517323,-0.023192845341568805,50,0.0196078431372549,50,154.9604601860046
i21k_s,dtd,19,47,0.09504490683546084,0.00018994401449272987,0.11070137966118394,0.00570120430635061,-0.015656472825723106,50,0.0196078431372549,50,84.7829566001892
i21k_s,dtd,20,47,0.09326921870169164,0.0002817991932675742,0.11329480695640033,0.0058759861525094345,-0.020025588254708696,50,0.0196078431372549,50,112.11856651306152
i21k_s,dtd,21,47,0.09326740389752204,0.000262354699856434,0.11290931380473343,0.005816796518190897,-0.019641909907211392,50,0.0196078431372549,50,117.91707372665405
i21k_s,dtd,22,47,0.09625670231860607,0.00012246632610892285,0.11267325516180668,0.00573860521867107,-0.016416552843200594,50,0.0196078431372549,50,131.5686981678009
i21k_s,dtd,23,47,0.09604284671216433,0.0002575159587367066,0.11205158095966013,0.005785922175594923,-0.0160087342474958,50,0.0196078431372549,50,136.64523410797122
i21k_s,dtd,24,47,0.09334049689632264,0.00032396032727699737,0.11157975534136394,0.005770666757639959,-0.01823925844504129,50,0.0196078431372549,50,141.0613684654236
i21k_s,dtd,25,47,0.09193136180133724,0.00023276566062845787,0.1127535792259631,0.005819695351548184,-0.020822217424625863,50,0.0196078431372549,50,122.61599540710449
i21k_s,dtd,26,47,0.09714360293615903,0.00028272565184490715,0.1129679241498684,0.005887873934062078,-0.015824321213709358,50,0.0196078431372549,50,101.1698362827301
i21k_s,dtd,27,47,0.09129598887408516,0.00021744125978049217,0.11184535015239136,0.00576330202718118,-0.0205493612783062,50,0.0196078431372549,50,130.86505579948422
i21k_s,dtd,28,47,0.09448621761490347,0.00022516300981198183,0.11171134579650237,0.0057553076192558535,-0.01722512818159888,50,0.0196078431372549,50,116.61484575271606
i21k_s,dtd,29,47,0.09680734504101372,0.00017538372648592267,0.1121013026932252,0.005704626550375382,-0.01529395765221149,50,0.0196078431372549,50,124.17912864685059
i21k_t,dtd,-1,47,0.1105465467483246,0.0002472334637240465,0.12391255699645418,0.0078035103341585,-0.01336601024812957,49,0.0392156862745098,50,150.37038445472714
i21k_t,dtd,0,47,0.10661943810341024,0.0002877826914033278,0.12370193971747975,0.007722536770790978,-0.01708250161406953,50,0.0196078431372549,50,154.57071900367737
i21k_t,dtd,1,47,0.1114948772151532,0.00030260136855395883,0.1242609621019728,0.007610443969232624,-0.0127660848868196,49,0.0392156862745098,50,165.23031616210938
i21k_t,dtd,2,47,0.10948173523534946,0.00033494897354275363,0.1225534348131635,0.007545054806871929,-0.01307169957781404,49,0.0392156862745098,50,127.42991638183594
i21k_t,dtd,3,47,0.11026090903816436,0.00047924690913213135,0.12336080795281418,0.007651696504140994,-0.013099898914649829,49,0.0392156862745098,50,166.6295320987701
i21k_t,dtd,4,47,0.11116254753614734,0.0003362199115617397,0.12311479391775762,0.007694566243181155,-0.011952246381610285,46,0.09803921568627452,50,130.15483474731442
i21k_t,dtd,5,47,0.10934207528320694,0.0003339884543520118,0.12290043185454087,0.007541716434989279,-0.013558356571333946,49,0.0392156862745098,50,143.3302524089813
i21k_t,dtd,6,47,0.10800127314135648,0.00014454878188820304,0.12284163374592565,0.007614613915738418,-0.01484036060456917,50,0.0196078431372549,50,151.4698753356934
i21k_t,dtd,7,47,0.11132050023228306,0.00028665800792985314,0.12397961652246008,0.0076060889592946875,-0.012659116290177031,49,0.0392156862745098,50,144.29386377334598
i21k_t,dtd,8,47,0.1076006931693874,0.0004258882256349081,0.12300424323314856,0.007736422373716608,-0.015403550063761153,50,0.0196078431372549,50,154.61495876312256
i21k_t,dtd,9,47,0.1116442039854382,0.0006171442855327255,0.1232358208912522,0.007757021144067809,-0.011591616905813992,45,0.1176470588235294,50,145.8246960639954
i21k_t,dtd,10,47,0.10999568299324118,0.00019189372942507609,0.1241784982229923,0.0077306509407789065,-0.014182815229751122,50,0.0196078431372549,50,131.0656225681305
i21k_t,dtd,11,47,0.10889797135912486,0.0003523439087357502,0.12292141282110453,0.007628491926903592,-0.014023441461979659,50,0.0196078431372549,50,149.03844356536862
i21k_t,dtd,12,47,0.11169481726481,0.00035903204392902596,0.12431432442080448,0.0077657684243258845,-0.012619507155994485,48,0.05882352941176471,50,135.40092539787292
i21k_t,dtd,13,47,0.10989517317045636,0.0004197912072494189,0.12414050833008602,0.007704959791270349,-0.014245335159629668,50,0.0196078431372549,50,147.9088604450226
i21k_t,dtd,14,47,0.11031172687250246,0.000419021142749522,0.12265564530680965,0.007671845387600458,-0.012343918434307195,48,0.05882352941176471,50,165.75555706024167
i21k_t,dtd,15,47,0.1118406287386574,0.0005184228536142428,0.12338120752257438,0.007659038032444341,-0.011540578783916969,45,0.1176470588235294,50,140.7878456115723
i21k_t,dtd,16,47,0.11099745041670596,0.0004102796480833876,0.12335897377146447,0.007675863308792095,-0.0123615233547585,49,0.0392156862745098,50,138.76061487197876
i21k_t,dtd,17,47,0.11080103165414487,0.0002518387743262383,0.12232195750449926,0.007560848748243006,-0.011520925850354384,45,0.1176470588235294,50,159.04861831665042
i21k_t,dtd,18,47,0.10954719980153367,0.0002751276983400956,0.1239726415181348,0.00764821700755676,-0.014425441716601137,50,0.0196078431372549,50,157.48083329200745
i21k_t,dtd,19,47,0.1111427385483132,0.0002809960868884292,0.12173900735114235,0.007554996653071411,-0.010596268802829142,45,0.1176470588235294,50,136.52827024459842
i21k_t,dtd,20,47,0.11031217771844352,0.00035346067103610233,0.1242335509529426,0.0077394125696941705,-0.013921373234499088,50,0.0196078431372549,50,134.05830931663513
i21k_t,dtd,21,47,0.10796780405660863,0.0002807190483949015,0.12388970421984752,0.0076470782957589875,-0.015921900163238883,50,0.0196078431372549,50,151.63101744651794
i21k_t,dtd,22,47,0.10817028562337004,0.00033216567349977715,0.12304014849639056,0.007482435736039904,-0.014869862873020516,50,0.0196078431372549,50,152.92743062973022
i21k_t,dtd,23,47,0.11136854665513678,0.000329051926031286,0.1236543418507988,0.00770768758547056,-0.012285795195662015,46,0.09803921568627452,50,161.11660933494568
i21k_t,dtd,24,47,0.10800708911629273,0.00034512719475055155,0.1225702046431596,0.007609750547543033,-0.0145631155268669,50,0.0196078431372549,50,158.98522901535034
i21k_t,dtd,25,47,0.10944828569338834,0.00036382269354627946,0.12336219223197847,0.0077032431159910625,-0.013913906538590134,50,0.0196078431372549,50,131.09164309501648
i21k_t,dtd,26,47,0.11082901854253137,0.0003649589920872091,0.12370166962027468,0.0076360947593398934,-0.012872651077743323,49,0.0392156862745098,50,147.1063470840454
i21k_t,dtd,27,47,0.1123115750005457,0.0001970159363513295,0.12344093914965842,0.007581524525007156,-0.011129364149112723,45,0.1176470588235294,50,165.58677983283997
i21k_t,dtd,28,47,0.11037154426314792,0.0003889936902392228,0.12223297271679905,0.007600460103353598,-0.011861428453651124,46,0.09803921568627452,50,161.5897958278656
i21k_t,dtd,29,47,0.11245736404806997,0.0005609383733547965,0.12340672354572214,0.0076871189620622985,-0.010949359497652177,45,0.1176470588235294,50,158.53988218307498
siglip_b,dtd,-1,47,0.0961696797036115,0.00023303961698772178,0.11850190681324492,0.0059723037243219436,-0.022332227109633424,50,0.0196078431372549,50,152.02870082855225
siglip_b,dtd,0,47,0.09544225998330427,0.00022253410443183295,0.11759049842506733,0.0058543200034879795,-0.022148238441763043,50,0.0196078431372549,50,116.24153590202332
siglip_b,dtd,1,47,0.09733960095628287,0.00021745805013166593,0.1176737926302529,0.005746803685985581,-0.02033419167397002,50,0.0196078431372549,50,124.7182047367096
siglip_b,dtd,2,47,0.0954957304015505,0.00036273546821111863,0.1175643496141366,0.005727630561579086,-0.022068619212586085,50,0.0196078431372549,50,127.96144795417786
siglip_b,dtd,3,47,0.09444212981142,0.0003291878907882437,0.11790991607897272,0.005702664175372235,-0.02346778626755273,50,0.0196078431372549,50,140.789235830307
siglip_b,dtd,4,47,0.09477411945073648,0.00023005315323806582,0.11691389504020247,0.005816442087019521,-0.022139775589466004,50,0.0196078431372549,50,137.53666353225708
siglip_b,dtd,5,47,0.09797243159416802,0.0001544449374764179,0.11769017107935273,0.005931454157657918,-0.01971773948518471,50,0.0196078431372549,50,129.6716513633728
siglip_b,dtd,6,47,0.09223942641079437,0.00022849547341251283,0.11706541636139095,0.005764753293471183,-0.024825989950596556,50,0.0196078431372549,50,141.35133934020996
siglip_b,dtd,7,47,0.09495958124450712,0.0003266709930760368,0.11813688361424972,0.005776526184200226,-0.02317730236974261,50,0.0196078431372549,50,132.77379083633423
siglip_b,dtd,8,47,0.09596881178339403,0.00022087168395678369,0.11788355507286165,0.005730128374095997,-0.02191474328946763,50,0.0196078431372549,50,130.32870888710022
siglip_b,dtd,9,47,0.09642618320957187,0.00029392200646082375,0.11746116779554018,0.005791402803857106,-0.02103498458596829,50,0.0196078431372549,50,134.8905200958252
siglip_b,dtd,10,47,0.0949790639603026,0.00047015013429555906,0.11778137859368368,0.005927748514408629,-0.022802314633381088,50,0.0196078431372549,50,129.7197892665863
siglip_b,dtd,11,47,0.09255205001675136,0.0002657504894477066,0.1173289564623823,0.005930971512213406,-0.024776906445630936,50,0.0196078431372549,50,124.94207739830016
siglip_b,dtd,12,47,0.09354362668180118,8.543626687877094e-05,0.11787642857204884,0.005780628851336478,-0.02433280189024767,50,0.0196078431372549,50,141.84485554695132
siglip_b,dtd,13,47,0.09640797176807844,0.00026790027788318397,0.11835782132098716,0.005851157355533778,-0.021949849552908712,50,0.0196078431372549,50,114.82427763938904
siglip_b,dtd,14,47,0.09637497416776412,0.0003016612828092306,0.11739369174304096,0.005880552781841791,-0.02101871757527682,50,0.0196078431372549,50,94.2865059375763
siglip_b,dtd,15,47,0.09436210506376304,0.00016449611582906778,0.11699601375545925,0.0058279178758909155,-0.02263390869169618,50,0.0196078431372549,50,92.73617434501648
siglip_b,dtd,16,47,0.09563948978006556,0.00017681534873555878,0.11675594534635905,0.005753441231204608,-0.02111645556629349,50,0.0196078431372549,50,117.89088773727416
siglip_b,dtd,17,47,0.09740856197928394,0.00014769818759469006,0.1169312861759485,0.005868132244655197,-0.01952272419666456,50,0.0196078431372549,50,95.857976436615
siglip_b,dtd,18,47,0.095071846836476,0.0002004873633842009,0.11835717777317685,0.005730680872501409,-0.02328533093670084,50,0.0196078431372549,50,103.70242524147034
siglip_b,dtd,19,47,0.09598402736479493,0.0002662518763194436,0.11764459998314315,0.0059071566549269575,-0.02166057261834825,50,0.0196078431372549,50,82.57245039939879
siglip_b,dtd,20,47,0.09556969075262724,0.0001576434495046658,0.11835269787906405,0.005830265056560553,-0.0227830071264368,50,0.0196078431372549,50,100.76428341865541
siglip_b,dtd,21,47,0.0955485715821668,0.0003018857914146311,0.11822075987486334,0.00587238076754421,-0.02267218829269653,50,0.0196078431372549,50,110.92658185958862
siglip_b,dtd,22,47,0.0943104032345382,0.00029967592757212605,0.11860906421090585,0.005767821522559113,-0.024298660976367625,50,0.0196078431372549,50,100.3698570728302
siglip_b,dtd,23,47,0.0939983846982895,0.0002219670108543436,0.11803058208367895,0.005781156934464376,-0.024032197385389448,50,0.0196078431372549,50,103.30825471878052
siglip_b,dtd,24,47,0.09421809256349008,0.0005037489346010739,0.1173622661741954,0.005868534075122702,-0.023144173610705324,50,0.0196078431372549,50,112.6357877254486
siglip_b,dtd,25,47,0.0964486539002788,0.0003569103580862262,0.11787084974774245,0.005785026664071332,-0.021422195847463632,50,0.0196078431372549,50,102.55211901664734
siglip_b,dtd,26,47,0.09572377415127377,0.0002853531010010793,0.11842312796825034,0.0059324270953063475,-0.022699353816976603,50,0.0196078431372549,50,99.8258216381073
siglip_b,dtd,27,47,0.09432713847166402,0.00030472055833518215,0.1169743007418471,0.005857428204804762,-0.022647162270183083,50,0.0196078431372549,50,121.04684591293336
siglip_b,dtd,28,47,0.09519623277229776,0.0004148116773461456,0.11681878923083358,0.005886872725743717,-0.021622556458535818,50,0.0196078431372549,50,107.96757102012634
siglip_b,dtd,29,47,0.09453751928633887,0.0001798565523686629,0.11778589708217925,0.005799620302439951,-0.023248377795840356,50,0.0196078431372549,50,109.43493580818176
clip_b,fashionmnist,-1,10,0.13816459551684931,0.0,0.1718186528930166,0.022158679238697587,-0.03365405737616728,46,0.09803921568627452,50,133.41272473335266
clip_b,fashionmnist,0,10,0.13956064947031938,2.7755575615628914e-17,0.1717487025125799,0.022133511170278217,-0.032188053042260516,46,0.09803921568627452,50,129.4594452381134
clip_b,fashionmnist,1,10,0.1386050627787465,0.0,0.17149884775318064,0.022049423395502563,-0.032893784974434126,46,0.09803921568627452,50,75.27601742744444
clip_b,fashionmnist,2,10,0.1371623915590292,0.0,0.17162283627209088,0.02203356254261573,-0.03446044471306167,46,0.09803921568627452,50,102.68866515159607
clip_b,fashionmnist,3,10,0.13697303272105876,0.0,0.1712110792112513,0.022040219250658445,-0.03423804649019255,46,0.09803921568627452,50,101.0300235748291
clip_b,fashionmnist,4,10,0.13865591050811735,0.0,0.17166250040798586,0.02206413219649038,-0.03300658989986849,46,0.09803921568627452,50,88.17549896240234
clip_b,fashionmnist,5,10,0.13831514893861135,2.7755575615628914e-17,0.1716485534226447,0.02227336332920866,-0.03333340448403335,46,0.09803921568627452,50,113.24484300613405
clip_b,fashionmnist,6,10,0.13690804511446072,2.7755575615628914e-17,0.1715520344182938,0.02203685648957864,-0.034643989303833084,46,0.09803921568627452,50,103.781391620636
clip_b,fashionmnist,7,10,0.13771935456626647,0.0,0.17225765907841825,0.022237293813080396,-0.03453830451215178,46,0.09803921568627452,50,80.08690977096558
clip_b,fashionmnist,8,10,0.13841927415479804,0.0,0.17187788499069614,0.022079311347042288,-0.0334586108358981,46,0.09803921568627452,50,134.3838772773743
clip_b,fashionmnist,9,10,0.13706477450536764,2.7755575615628914e-17,0.1717384542750094,0.022114325640553698,-0.03467367976964175,46,0.09803921568627452,50,124.82296109199524
clip_b,fashionmnist,10,10,0.13618237898685687,0.0,0.17154205766330194,0.02207653586807686,-0.03535967867644507,46,0.09803921568627452,50,126.90798306465149
clip_b,fashionmnist,11,10,0.13730587579317186,2.7755575615628914e-17,0.1712179258109977,0.02202334317544069,-0.03391205001782588,46,0.09803921568627452,50,132.19677233695984
clip_b,fashionmnist,12,10,0.13817467763888222,2.7755575615628914e-17,0.17180501929992192,0.022176618392899014,-0.0336303416610397,46,0.09803921568627452,50,121.09019660949707
clip_b,fashionmnist,13,10,0.13631612383851127,2.7755575615628914e-17,0.1718849892629217,0.0222133000703838,-0.03556886542441043,46,0.09803921568627452,50,107.79775595664978
clip_b,fashionmnist,14,10,0.14005171821098522,0.0,0.17144684644122898,0.021919020722690304,-0.03139512823024379,46,0.09803921568627452,50,101.5406653881073
clip_b,fashionmnist,15,10,0.13834693976358456,0.0,0.17175315079128844,0.02210401310032126,-0.033406211027703886,46,0.09803921568627452,50,83.08765530586244
clip_b,fashionmnist,16,10,0.13803583215481244,2.7755575615628914e-17,0.17187092735578638,0.02226331728093233,-0.033835095200973934,46,0.09803921568627452,50,103.06812572479248
clip_b,fashionmnist,17,10,0.13948013265089235,2.7755575615628914e-17,0.1722533064203878,0.022549765569164028,-0.03277317376949543,46,0.09803921568627452,50,92.34706711769104
clip_b,fashionmnist,18,10,0.1377456223469265,2.7755575615628914e-17,0.17170085958692616,0.02206976427709061,-0.033955237239999665,46,0.09803921568627452,50,96.52863144874573
clip_b,fashionmnist,19,10,0.13597626689610953,0.0,0.17160547777019114,0.02219033013238893,-0.035629210874081614,46,0.09803921568627452,50,119.65651392936708
clip_b,fashionmnist,20,10,0.1390662533638623,0.0,0.1712658240129196,0.022043178267238683,-0.03219957064905729,46,0.09803921568627452,50,118.25935173034668
clip_b,fashionmnist,21,10,0.13670031366633098,2.7755575615628914e-17,0.1722004384039105,0.022187494002708592,-0.035500124737579485,46,0.09803921568627452,50,127.54155826568605
clip_b,fashionmnist,22,10,0.1384954239686354,0.0,0.17199468909465793,0.022127601262652303,-0.033499265126022526,46,0.09803921568627452,50,130.1001467704773
clip_b,fashionmnist,23,10,0.13759923356810108,0.0,0.1721630562094952,0.022253889488347552,-0.034563822641394126,46,0.09803921568627452,50,120.31599736213684
clip_b,fashionmnist,24,10,0.1368738161190484,0.0,0.17222979899239274,0.022276310309805918,-0.03535598287334435,46,0.09803921568627452,50,100.59490871429443
clip_b,fashionmnist,25,10,0.13583348374192214,0.0,0.17216517147193106,0.02212926535405382,-0.03633168773000886,47,0.0784313725490196,50,117.36126232147215
clip_b,fashionmnist,26,10,0.13811838520913386,2.7755575615628914e-17,0.1720434564456196,0.02225114609822129,-0.033925071236485776,46,0.09803921568627452,50,113.22471284866332
clip_b,fashionmnist,27,10,0.13812130883647838,2.7755575615628914e-17,0.17175216104530575,0.022120356264441168,-0.03363085220882736,46,0.09803921568627452,50,77.04809927940369
clip_b,fashionmnist,28,10,0.1378258736849904,0.0,0.1721690610745404,0.02220777288364552,-0.03434318738955003,46,0.09803921568627452,50,120.70806503295898
clip_b,fashionmnist,29,10,0.13884790315475934,0.0,0.17181307552386815,0.022200662709097124,-0.032965172369108814,46,0.09803921568627452,50,119.18954849243164
clip_l,fashionmnist,-1,10,0.11607822501778645,1.3877787807814454e-17,0.15055611294065815,0.018932984327613617,-0.034477887922871694,48,0.05882352941176471,50,99.7406702041626
clip_l,fashionmnist,0,10,0.1153855515850386,0.0,0.15048526079916708,0.018834909366294582,-0.03509970921412847,48,0.05882352941176471,50,105.38817501068115
clip_l,fashionmnist,1,10,0.11720884602765665,1.3877787807814454e-17,0.1502091953579352,0.018743816720277456,-0.03300034933027855,48,0.05882352941176471,50,87.45656442642212
clip_l,fashionmnist,2,10,0.11573349912799485,0.0,0.14996956058706895,0.018807909886899364,-0.03423606145907411,48,0.05882352941176471,50,110.66582655906677
clip_l,fashionmnist,3,10,0.11565370693835313,1.3877787807814454e-17,0.1501210543751986,0.01882132677404052,-0.034467347436845486,48,0.05882352941176471,50,117.3421893119812
clip_l,fashionmnist,4,10,0.11738726608174503,1.3877787807814454e-17,0.14980587647329702,0.01885514320688216,-0.032418610391552,48,0.05882352941176471,50,73.84151887893677
clip_l,fashionmnist,5,10,0.11667622455844676,1.3877787807814454e-17,0.15045065503835825,0.0189328670095138,-0.033774430479911494,48,0.05882352941176471,50,113.92949819564821
clip_l,fashionmnist,6,10,0.11489316051571093,1.3877787807814454e-17,0.1504024874279246,0.018874413924128784,-0.03550932691221369,48,0.05882352941176471,50,79.48432302474977
clip_l,fashionmnist,7,10,0.11563683202908286,0.0,0.15038829892176478,0.01895395904631615,-0.03475146689268194,48,0.05882352941176471,50,104.70126938819885
clip_l,fashionmnist,8,10,0.1164863403713667,1.3877787807814454e-17,0.15018704764234625,0.01877028100750017,-0.033700707270979555,48,0.05882352941176471,50,111.9791178703308
clip_l,fashionmnist,9,10,0.11675296305295292,1.3877787807814454e-17,0.15085614457955987,0.01906957202336292,-0.03410318152660693,48,0.05882352941176471,50,88.99169063568115
clip_l,fashionmnist,10,10,0.1146687290407666,1.3877787807814454e-17,0.15055523408895824,0.01891582124858544,-0.03588650504819163,48,0.05882352941176471,50,95.43497824668884
clip_l,fashionmnist,11,10,0.11617151368450687,0.0,0.15061974008746842,0.018954357187310276,-0.03444822640296154,48,0.05882352941176471,50,92.24205589294434
clip_l,fashionmnist,12,10,0.11526970022478772,0.0,0.1503767112348737,0.01878222977226306,-0.03510701101008597,48,0.05882352941176471,50,121.42476081848145
clip_l,fashionmnist,13,10,0.11666499711832876,1.3877787807814454e-17,0.15026444288450044,0.0189169928427534,-0.0335994457661717,48,0.05882352941176471,50,82.03034973144531
clip_l,fashionmnist,14,10,0.11597360779329625,0.0,0.14978363269226866,0.018637486735606938,-0.03381002489897242,48,0.05882352941176471,50,117.55015897750854
clip_l,fashionmnist,15,10,0.11638945034136924,1.3877787807814454e-17,0.1505497506284817,0.018921614527573592,-0.03416030028711246,48,0.05882352941176471,50,101.71306228637695
clip_l,fashionmnist,16,10,0.11656696614849907,0.0,0.15033167257296312,0.018937164985578986,-0.03376470642446404,48,0.05882352941176471,50,103.01951956748962
clip_l,fashionmnist,17,10,0.11609431065496892,1.3877787807814454e-17,0.1511044471668024,0.0192845864849518,-0.03501013651183349,48,0.05882352941176471,50,66.3247594833374
clip_l,fashionmnist,18,10,0.11713303317314025,2.7755575615628914e-17,0.15041142737718805,0.01900736588278992,-0.033278394204047795,48,0.05882352941176471,50,76.8545699119568
clip_l,fashionmnist,19,10,0.11528523851169545,1.3877787807814454e-17,0.15078197497743615,0.019130855870032017,-0.03549673646574074,48,0.05882352941176471,50,91.8450162410736
clip_l,fashionmnist,20,10,0.11607124137510795,0.0,0.1502486578441511,0.01878601552827817,-0.034177416469043154,48,0.05882352941176471,50,69.7273359298706
clip_l,fashionmnist,21,10,0.116849169157667,1.3877787807814454e-17,0.15053983114244324,0.018966917541296927,-0.033690661984776264,48,0.05882352941176471,50,27.21900081634521
clip_l,fashionmnist,22,10,0.1150881148864704,0.0,0.15114575272728742,0.019240708226790932,-0.03605763784081703,48,0.05882352941176471,50,63.70840811729431
clip_l,fashionmnist,23,10,0.11633080092908316,0.0,0.1503705527181462,0.01899220661309403,-0.034039751789063065,48,0.05882352941176471,50,74.51682019233705
clip_l,fashionmnist,24,10,0.11447048538479185,1.3877787807814454e-17,0.15070930608651034,0.018953603869996047,-0.036238820701718535,48,0.05882352941176471,50,48.71484756469727
clip_l,fashionmnist,25,10,0.11482003232817604,1.3877787807814454e-17,0.1509842082165067,0.019137324221094185,-0.03616417588833068,48,0.05882352941176471,50,58.147616386413574
clip_l,fashionmnist,26,10,0.11477426789589798,1.3877787807814454e-17,0.1504093820935953,0.018924017658518123,-0.035635114197697326,48,0.05882352941176471,50,78.187828540802
clip_l,fashionmnist,27,10,0.11411025499361767,1.3877787807814454e-17,0.1507038650072079,0.018820808585493527,-0.03659361001359021,48,0.05882352941176471,50,79.04541635513307
clip_l,fashionmnist,28,10,0.115022395496671,0.0,0.15113742284875165,0.0190153252798378,-0.03611502735208065,48,0.05882352941176471,50,94.94624805450441
clip_l,fashionmnist,29,10,0.116271379407155,0.0,0.15025947111984791,0.018706053715290646,-0.0339880917126929,48,0.05882352941176471,50,85.37444257736206
dinov1_b,fashionmnist,-1,10,0.13503588484727033,0.0,0.138777797640601,0.015343908182706981,-0.0037419127933306646,33,0.35294117647058826,50,44.975141763687134
dinov1_b,fashionmnist,0,10,0.13589384416139172,0.0,0.13876835046578154,0.01525660421485562,-0.002874506304389845,32,0.3725490196078432,50,50.96774101257324
dinov1_b,fashionmnist,1,10,0.1344530449997766,2.7755575615628914e-17,0.1389051790856496,0.015372985906001184,-0.004452134085873,35,0.3137254901960784,50,49.43520498275757
dinov1_b,fashionmnist,2,10,0.1349936551194248,0.0,0.1384593448319104,0.01535804574159664,-0.00346568971248562,32,0.3725490196078432,50,49.91748332977295
dinov1_b,fashionmnist,3,10,0.13463535439039914,2.7755575615628914e-17,0.13850434999438493,0.015280035682299666,-0.003868995603985792,33,0.35294117647058826,50,48.852919101715095
dinov1_b,fashionmnist,4,10,0.1340365515982098,0.0,0.138534980859823,0.015219019999661375,-0.0044984292616132016,35,0.3137254901960784,50,51.55621361732483
dinov1_b,fashionmnist,5,10,0.13367924430645542,0.0,0.13849467986516692,0.015388941275664324,-0.0048154355587115005,36,0.29411764705882354,50,49.57342481613159
dinov1_b,fashionmnist,6,10,0.13542818528889036,0.0,0.13911964898734047,0.015264094158120618,-0.0036914636984501092,33,0.35294117647058826,50,47.51822447776794
dinov1_b,fashionmnist,7,10,0.13400300092413167,2.7755575615628914e-17,0.1387123179436605,0.015346044013591973,-0.0047093170195288405,36,0.29411764705882354,50,51.223986864089966
dinov1_b,fashionmnist,8,10,0.13427946274906175,0.0,0.13865676097302904,0.0153459212327904,-0.004377298223967291,35,0.3137254901960784,50,53.87112331390381
dinov1_b,fashionmnist,9,10,0.13564224719069198,0.0,0.13911905479633185,0.015402266781322655,-0.0034768076056398427,33,0.35294117647058826,50,52.16934633255005
dinov1_b,fashionmnist,10,10,0.13458951101144592,0.0,0.1389199574852535,0.015372601991922996,-0.004330446473807564,34,0.3333333333333333,50,55.77644634246826
dinov1_b,fashionmnist,11,10,0.134908902468949,0.0,0.13865419318735064,0.015362084729833187,-0.0037452907184016564,34,0.3333333333333333,50,50.62475633621216
dinov1_b,fashionmnist,12,10,0.13552927614433918,0.0,0.1388944325200298,0.015308251430711312,-0.003365156375690625,33,0.35294117647058826,50,48.64937829971314
dinov1_b,fashionmnist,13,10,0.13462978694512162,0.0,0.13876860152110085,0.015373890958376903,-0.004138814575979227,35,0.3137254901960784,50,45.76614379882813
dinov1_b,fashionmnist,14,10,0.135187423686366,0.0,0.1388242074608982,0.01533269845143226,-0.003636783774532193,32,0.3725490196078432,50,48.05362415313721
dinov1_b,fashionmnist,15,10,0.13448028906837511,2.7755575615628914e-17,0.1390247570727604,0.015425696008162074,-0.004544468004385294,35,0.3137254901960784,50,47.25712513923645
dinov1_b,fashionmnist,16,10,0.13449516836793102,0.0,0.13878927532140822,0.015302285442045491,-0.004294106953477206,36,0.29411764705882354,50,46.66840887069702
dinov1_b,fashionmnist,17,10,0.13547488103193614,0.0,0.1391492895620446,0.015386329065986653,-0.003674408530108447,33,0.35294117647058826,50,47.44191122055054
dinov1_b,fashionmnist,18,10,0.13408895422176986,0.0,0.1385050428817406,0.015326286104879785,-0.004416088659970757,35,0.3137254901960784,50,48.30044960975647
dinov1_b,fashionmnist,19,10,0.13398526787524395,0.0,0.13852146831830076,0.01525545457875334,-0.004536200443056804,36,0.29411764705882354,50,48.16086435317993
dinov1_b,fashionmnist,20,10,0.13661976673193255,2.7755575615628914e-17,0.138625963610758,0.015392733858500944,-0.002006196878825417,31,0.392156862745098,50,44.69450616836548
dinov1_b,fashionmnist,21,10,0.13499820059994588,2.7755575615628914e-17,0.13888175141150153,0.015426644189842185,-0.003883550811555641,33,0.35294117647058826,50,50.53751516342163
dinov1_b,fashionmnist,22,10,0.13437975510492967,0.0,0.13900892046331192,0.015417950464299448,-0.004629165358382259,36,0.29411764705882354,50,46.39493942260742
dinov1_b,fashionmnist,23,10,0.13461764607581955,2.7755575615628914e-17,0.13847649045460694,0.015373667829754753,-0.0038588443787873905,34,0.3333333333333333,50,48.76934790611267
dinov1_b,fashionmnist,24,10,0.13426139464593947,0.0,0.13856024746514126,0.015358909568335953,-0.004298852819201754,36,0.29411764705882354,50,48.71165204048157
dinov1_b,fashionmnist,25,10,0.13514484524503326,0.0,0.13901270912277236,0.015384164135620904,-0.0038678638777391305,33,0.35294117647058826,50,48.280491590499885
dinov1_b,fashionmnist,26,10,0.13515978864681782,2.7755575615628914e-17,0.1388025236422468,0.015453840215822088,-0.0036427349954289705,33,0.35294117647058826,50,48.80860137939453
dinov1_b,fashionmnist,27,10,0.13302660107908032,2.7755575615628914e-17,0.13830810893673692,0.015347025079459115,-0.005281507857656603,36,0.29411764705882354,50,48.43094801902771
dinov1_b,fashionmnist,28,10,0.13607915241314933,0.0,0.1389179031946451,0.015344867864804781,-0.002838750781495758,32,0.3725490196078432,50,45.67072629928589
dinov1_b,fashionmnist,29,10,0.1340549151695753,2.7755575615628914e-17,0.13891151614698158,0.015317516636890538,-0.004856600977406284,36,0.29411764705882354,50,51.134597063064575
dinov2_b,fashionmnist,-1,10,0.08306454514354546,0.0,0.14070347662879987,0.01663474376286381,-0.05763893148525441,50,0.0196078431372549,50,84.83354640007019
dinov2_b,fashionmnist,0,10,0.08106346604909488,0.0,0.1407262574108993,0.01674425928499446,-0.05966279136180444,50,0.0196078431372549,50,78.05411505699158
dinov2_b,fashionmnist,1,10,0.08372284303513443,0.0,0.1407888371732272,0.01666445193561808,-0.057065994138092775,50,0.0196078431372549,50,82.71571183204652
dinov2_b,fashionmnist,2,10,0.0850437265837318,0.0,0.1406688194156103,0.01663898236851786,-0.0556250928318785,50,0.0196078431372549,50,77.59671092033386
dinov2_b,fashionmnist,3,10,0.08390284227512826,0.0,0.14071194523986008,0.016596364057033828,-0.05680910296473182,50,0.0196078431372549,50,82.25907850265503
dinov2_b,fashionmnist,4,10,0.08308719949348795,0.0,0.1405618910150857,0.016678726626807815,-0.05747469152159776,50,0.0196078431372549,50,105.69625020027159
dinov2_b,fashionmnist,5,10,0.08439485845318165,1.3877787807814454e-17,0.14044326884481373,0.016604003247774696,-0.05604841039163208,50,0.0196078431372549,50,112.82148051261902
dinov2_b,fashionmnist,6,10,0.08357952464496522,0.0,0.1407648801299571,0.016600375501773568,-0.05718535548499189,50,0.0196078431372549,50,128.03069829940796
dinov2_b,fashionmnist,7,10,0.0836899299528444,0.0,0.1407030727304773,0.016647702398152622,-0.0570131427776329,50,0.0196078431372549,50,82.7398543357849
dinov2_b,fashionmnist,8,10,0.08219362514434167,0.0,0.14063931279959635,0.01653916942912902,-0.05844568765525466,50,0.0196078431372549,50,97.02180933952332
dinov2_b,fashionmnist,9,10,0.08426039245084391,0.0,0.14097239113956125,0.016734076002873386,-0.056711998688717326,50,0.0196078431372549,50,82.69408321380615
dinov2_b,fashionmnist,10,10,0.08353382858266913,0.0,0.14100294429284194,0.016714273519552153,-0.05746911571017284,50,0.0196078431372549,50,84.99938774108888
dinov2_b,fashionmnist,11,10,0.08598074337331171,0.0,0.1402190992125227,0.016503399087408974,-0.054238355839210994,50,0.0196078431372549,50,83.58913373947144
dinov2_b,fashionmnist,12,10,0.07994807413514551,1.3877787807814454e-17,0.14086393778753795,0.016668153983347266,-0.06091586365239246,50,0.0196078431372549,50,90.30481576919556
dinov2_b,fashionmnist,13,10,0.07926967063622116,0.0,0.14108737025560253,0.016750603729543196,-0.061817699619381376,50,0.0196078431372549,50,82.05670046806334
dinov2_b,fashionmnist,14,10,0.08377357798764846,1.3877787807814454e-17,0.14043762173776092,0.01641232073494269,-0.05666404375011245,50,0.0196078431372549,50,67.76565432548523
dinov2_b,fashionmnist,15,10,0.08191711632459854,0.0,0.1410246962218336,0.01678702567539461,-0.05910757989723508,50,0.0196078431372549,50,74.37650060653688
dinov2_b,fashionmnist,16,10,0.08065603300430432,1.3877787807814454e-17,0.14080942581571826,0.016737827125112213,-0.060153392811413915,50,0.0196078431372549,50,62.63511085510254
dinov2_b,fashionmnist,17,10,0.08265125939886189,0.0,0.14069620208023434,0.016779529056978926,-0.05804494268137245,50,0.0196078431372549,50,62.77365469932556
dinov2_b,fashionmnist,18,10,0.08290818177305659,0.0,0.14053385968825094,0.016477449017966134,-0.05762567791519435,50,0.0196078431372549,50,75.4253659248352
dinov2_b,fashionmnist,19,10,0.08334220375886306,1.3877787807814454e-17,0.14061841942116635,0.016662279517551788,-0.05727621566230329,50,0.0196078431372549,50,74.7593080997467
dinov2_b,fashionmnist,20,10,0.0836606787483373,0.0,0.14032829054760104,0.016493089808235186,-0.05666761179926375,50,0.0196078431372549,50,107.85734081268309
dinov2_b,fashionmnist,21,10,0.08318436904838107,0.0,0.14083114900255198,0.016707972073211324,-0.05764677995417089,50,0.0196078431372549,50,115.16175436973572
dinov2_b,fashionmnist,22,10,0.08332956192131526,0.0,0.1410243469304312,0.016862551429904706,-0.057694785009115936,50,0.0196078431372549,50,151.0002110004425
dinov2_b,fashionmnist,23,10,0.08209702670467467,0.0,0.1403959348167741,0.016586320015661796,-0.058298908112099423,50,0.0196078431372549,50,154.64665985107422
dinov2_b,fashionmnist,24,10,0.0820704361881346,0.0,0.14080711446096614,0.01673216693276439,-0.058736678272831536,50,0.0196078431372549,50,115.19032168388368
dinov2_b,fashionmnist,25,10,0.08399968347901746,1.3877787807814454e-17,0.1406537733818915,0.01663149761422718,-0.05665408990287405,50,0.0196078431372549,50,144.80487370491028
dinov2_b,fashionmnist,26,10,0.08606518085577286,0.0,0.14070054226994844,0.016569188518967385,-0.054635361414175576,50,0.0196078431372549,50,149.671639919281
dinov2_b,fashionmnist,27,10,0.0847833369545311,0.0,0.14079762116527328,0.016566200764544126,-0.05601428421074218,50,0.0196078431372549,50,158.35490608215332
dinov2_b,fashionmnist,28,10,0.08340274032222612,1.3877787807814454e-17,0.14073067497887226,0.016671157324062453,-0.05732793465664614,50,0.0196078431372549,50,163.23511052131653
dinov2_b,fashionmnist,29,10,0.08199221171601809,1.3877787807814454e-17,0.1409090472433594,0.016609286913331776,-0.05891683552734131,50,0.0196078431372549,50,144.09169101715088
dinov2_g,fashionmnist,-1,10,0.10173915569675243,1.3877787807814454e-17,0.13875092689910346,0.016694068654304187,-0.03701177120235101,50,0.0196078431372549,50,122.231609582901
dinov2_g,fashionmnist,0,10,0.09865151374044236,0.0,0.13878836764454544,0.01667344521974005,-0.04013685390410307,50,0.0196078431372549,50,127.78391695022584
dinov2_g,fashionmnist,1,10,0.1042717130352244,1.3877787807814454e-17,0.13916226538568632,0.016713078014620388,-0.03489055235046193,49,0.0392156862745098,50,106.1611864566803
dinov2_g,fashionmnist,2,10,0.1020990702837985,0.0,0.13858185383160693,0.016734227560087262,-0.03648278354780843,50,0.0196078431372549,50,110.2578375339508
dinov2_g,fashionmnist,3,10,0.10097045692754572,1.3877787807814454e-17,0.13895836855473953,0.016666312595435526,-0.03798791162719381,50,0.0196078431372549,50,89.71322441101074
dinov2_g,fashionmnist,4,10,0.10417094855779917,0.0,0.13848034241944138,0.016740355215921234,-0.034309393861642216,49,0.0392156862745098,50,105.75285863876344
dinov2_g,fashionmnist,5,10,0.10308193248204192,0.0,0.1385729705720934,0.016655527738376346,-0.03549103809005147,49,0.0392156862745098,50,111.83107852935792
dinov2_g,fashionmnist,6,10,0.10127106177267013,1.3877787807814454e-17,0.13869348130453052,0.01664123626881889,-0.0374224195318604,50,0.0196078431372549,50,123.51917791366577
dinov2_g,fashionmnist,7,10,0.10215004151574616,0.0,0.13900559618505512,0.01680810552391684,-0.03685555466930896,50,0.0196078431372549,50,121.52526879310608
dinov2_g,fashionmnist,8,10,0.1020578658203621,1.3877787807814454e-17,0.13868827106632114,0.016685776756164544,-0.03663040524595905,50,0.0196078431372549,50,107.03037524223328
dinov2_g,fashionmnist,9,10,0.10187716619598022,1.3877787807814454e-17,0.13910857472957786,0.016798536188686028,-0.03723140853359763,50,0.0196078431372549,50,65.95913934707643
dinov2_g,fashionmnist,10,10,0.10124377702029476,1.3877787807814454e-17,0.13873151783665552,0.01672393775027963,-0.03748774081636075,50,0.0196078431372549,50,124.3070604801178
dinov2_g,fashionmnist,11,10,0.10278057334971087,0.0,0.13856749901524218,0.01678434699349841,-0.035786925665531294,49,0.0392156862745098,50,134.5768518447876
dinov2_g,fashionmnist,12,10,0.10020527393989888,1.3877787807814454e-17,0.1389355913057101,0.016677241691283543,-0.0387303173658112,50,0.0196078431372549,50,108.2947645187378
dinov2_g,fashionmnist,13,10,0.09753846899840048,1.3877787807814454e-17,0.13935301702126388,0.016814882308951284,-0.04181454802286338,50,0.0196078431372549,50,119.69872856140137
dinov2_g,fashionmnist,14,10,0.1015629728404252,0.0,0.13848565852464753,0.01655547526583736,-0.036922685684222335,50,0.0196078431372549,50,129.52921056747437
dinov2_g,fashionmnist,15,10,0.10109229648755567,0.0,0.13886628254006145,0.016646365461098562,-0.03777398605250576,50,0.0196078431372549,50,82.87305402755737
dinov2_g,fashionmnist,16,10,0.10015417710000954,0.0,0.1389088080221411,0.01672194741584929,-0.03875463092213155,50,0.0196078431372549,50,98.10663199424744
dinov2_g,fashionmnist,17,10,0.1029823006242749,1.3877787807814454e-17,0.1384928885460648,0.016694984408620172,-0.03551058792178989,49,0.0392156862745098,50,112.87717866897584
dinov2_g,fashionmnist,18,10,0.1030720292929602,1.3877787807814454e-17,0.1390038391431503,0.01671800051554319,-0.035931809850190094,50,0.0196078431372549,50,87.10725688934326
dinov2_g,fashionmnist,19,10,0.10255059871194863,1.3877787807814454e-17,0.13859219179785268,0.016671868343717196,-0.03604159308590405,50,0.0196078431372549,50,125.21753168106079
dinov2_g,fashionmnist,20,10,0.10031523974167182,0.0,0.13875604599626948,0.016668666188150816,-0.038440806254597656,50,0.0196078431372549,50,105.3428852558136
dinov2_g,fashionmnist,21,10,0.10113580189120183,1.3877787807814454e-17,0.13904455326763032,0.016714416812503338,-0.03790875137642849,50,0.0196078431372549,50,121.75068402290344
dinov2_g,fashionmnist,22,10,0.10263248611160557,1.3877787807814454e-17,0.13857658614915255,0.016814513829429792,-0.03594410003754701,49,0.0392156862745098,50,127.30516505241394
dinov2_g,fashionmnist,23,10,0.09975216386166623,0.0,0.13831291623202924,0.01661476023593634,-0.03856075237036302,50,0.0196078431372549,50,126.19638109207152
dinov2_g,fashionmnist,24,10,0.10031971302371036,0.0,0.13876443232717758,0.016742548035016482,-0.03844471930346721,50,0.0196078431372549,50,126.30832839012146
dinov2_g,fashionmnist,25,10,0.10085651825174406,0.0,0.13881250118046226,0.016796579964215536,-0.0379559829287182,50,0.0196078431372549,50,116.51249742507936
dinov2_g,fashionmnist,26,10,0.105242419202155,1.3877787807814454e-17,0.13847119806766894,0.016563645577003766,-0.03322877886551397,48,0.05882352941176471,50,105.88407707214355
dinov2_g,fashionmnist,27,10,0.10301056787492566,0.0,0.1390396835434217,0.016731384868410238,-0.03602911566849604,50,0.0196078431372549,50,72.36370491981506
dinov2_g,fashionmnist,28,10,0.10364525699740587,1.3877787807814454e-17,0.13881822284579026,0.01672686913830222,-0.035172965848384384,50,0.0196078431372549,50,139.43112635612488
dinov2_g,fashionmnist,29,10,0.10133765573443472,1.3877787807814454e-17,0.1389407887070043,0.016668184583645794,-0.03760313297256957,50,0.0196078431372549,50,121.54350233078004
dinov2_l,fashionmnist,-1,10,0.10601734515806413,0.0,0.13278852496986174,0.014055093823965456,-0.02677117981179761,50,0.0196078431372549,50,134.54730129241943
dinov2_l,fashionmnist,0,10,0.10649425161592356,1.3877787807814454e-17,0.13300367078602038,0.014136956574524696,-0.026509419170096814,50,0.0196078431372549,50,157.31261420249942
dinov2_l,fashionmnist,1,10,0.1047323108944038,0.0,0.13303122267801162,0.014130318059279045,-0.028298911783607824,50,0.0196078431372549,50,123.271404504776
dinov2_l,fashionmnist,2,10,0.1050575269100851,0.0,0.13273909620541147,0.014052938128917706,-0.027681569295326364,50,0.0196078431372549,50,132.79725408554077
dinov2_l,fashionmnist,3,10,0.10724122519949708,0.0,0.13295755752404453,0.014158519757545488,-0.025716332324547453,50,0.0196078431372549,50,126.59573435783386
dinov2_l,fashionmnist,4,10,0.10730629457693668,0.0,0.1326045875749874,0.014002436867701062,-0.02529829299805074,50,0.0196078431372549,50,99.97448539733887
dinov2_l,fashionmnist,5,10,0.10621447488065563,1.3877787807814454e-17,0.13253869465172127,0.01396730894254013,-0.02632421977106564,50,0.0196078431372549,50,147.3897364139557
dinov2_l,fashionmnist,6,10,0.1057762053613098,0.0,0.1329653080397493,0.014096844184230137,-0.02718910267843949,50,0.0196078431372549,50,144.8754692077637
dinov2_l,fashionmnist,7,10,0.10693490751783148,0.0,0.13300496841735987,0.014055911455533084,-0.026070060899528392,50,0.0196078431372549,50,130.42537164688108
dinov2_l,fashionmnist,8,10,0.10450819860944,1.3877787807814454e-17,0.13270383320852733,0.01402291571046412,-0.02819563459908732,50,0.0196078431372549,50,135.81658267974856
dinov2_l,fashionmnist,9,10,0.10546865275523684,0.0,0.1329203143104836,0.014126279327314325,-0.027451661555246767,50,0.0196078431372549,50,149.0143539905548
dinov2_l,fashionmnist,10,10,0.10544118160519883,0.0,0.13287593910794407,0.014052863516211366,-0.027434757502745245,50,0.0196078431372549,50,144.91286182403562
dinov2_l,fashionmnist,11,10,0.10611495899317984,0.0,0.13228547775525348,0.013954405120869665,-0.026170518762073644,50,0.0196078431372549,50,149.95759248733518
dinov2_l,fashionmnist,12,10,0.10729274849951734,0.0,0.1329065256542344,0.014025630922661259,-0.02561377715471705,50,0.0196078431372549,50,167.65804505348206
dinov2_l,fashionmnist,13,10,0.10761040170395024,0.0,0.13351503314012328,0.014062235727140843,-0.025904631436173053,50,0.0196078431372549,50,136.52094554901123
dinov2_l,fashionmnist,14,10,0.10642242370231884,1.3877787807814454e-17,0.13252122543439582,0.014042586429884542,-0.026098801732076973,50,0.0196078431372549,50,140.27989292144778
dinov2_l,fashionmnist,15,10,0.10620452236364801,0.0,0.13292527393146347,0.014015212996194059,-0.02672075156781548,50,0.0196078431372549,50,153.23308157920837
dinov2_l,fashionmnist,16,10,0.10758743726133498,0.0,0.13268832487217894,0.01401656466522218,-0.025100887610843992,50,0.0196078431372549,50,111.84577751159668
dinov2_l,fashionmnist,17,10,0.10834231440392272,0.0,0.13232031744760273,0.013947180351385265,-0.02397800304368,50,0.0196078431372549,50,119.66383385658264
dinov2_l,fashionmnist,18,10,0.10562887342186723,0.0,0.13325895232419094,0.01411438678833514,-0.027630078902323718,50,0.0196078431372549,50,154.15331530570984
dinov2_l,fashionmnist,19,10,0.1062026627820909,0.0,0.13243851845704818,0.013984360833253013,-0.026235855674957287,50,0.0196078431372549,50,146.63813471794128
dinov2_l,fashionmnist,20,10,0.10562195962859372,0.0,0.1325853469571911,0.013996229729317387,-0.026963387328597363,50,0.0196078431372549,50,112.12473225593568
dinov2_l,fashionmnist,21,10,0.10583050135832524,1.3877787807814454e-17,0.1327289157122512,0.014023501331792991,-0.026898414353925957,50,0.0196078431372549,50,150.78790402412417
dinov2_l,fashionmnist,22,10,0.10621375025260016,0.0,0.13261292564103155,0.01391708713201296,-0.0263991753884314,50,0.0196078431372549,50,140.8475811481476
dinov2_l,fashionmnist,23,10,0.1058580456880863,0.0,0.13244756683453754,0.014006471432263062,-0.026589521146451276,50,0.0196078431372549,50,117.95031428337096
dinov2_l,fashionmnist,24,10,0.10645348834883346,1.3877787807814454e-17,0.13270755745506554,0.013939960338688256,-0.026254069106232084,50,0.0196078431372549,50,123.02937173843384
dinov2_l,fashionmnist,25,10,0.10570383484309068,0.0,0.13269500215096405,0.014036256822714166,-0.02699116730787333,50,0.0196078431372549,50,121.99883270263672
dinov2_l,fashionmnist,26,10,0.10443942341709186,0.0,0.13241823530671326,0.014069777786192013,-0.0279788118896214,50,0.0196078431372549,50,67.54728531837463
dinov2_l,fashionmnist,27,10,0.10692684818013036,0.0,0.13303365782359164,0.014146133894583137,-0.02610680964346129,50,0.0196078431372549,50,75.69219040870668
dinov2_l,fashionmnist,28,10,0.10589390693509744,0.0,0.1331478369500496,0.014099247451802691,-0.02725393001495217,50,0.0196078431372549,50,123.0271270275116
dinov2_l,fashionmnist,29,10,0.10656481029665783,0.0,0.13306582695810185,0.014089815103901372,-0.026501016661444013,50,0.0196078431372549,50,118.93383502960205
dinov2_s,fashionmnist,-1,10,0.10671717081770522,1.3877787807814454e-17,0.13438314484217398,0.014319017063954245,-0.02766597402446876,49,0.0392156862745098,50,46.99861145019531
dinov2_s,fashionmnist,0,10,0.10590383837650237,1.3877787807814454e-17,0.1343984101051306,0.014310312750655602,-0.028494571728628213,49,0.0392156862745098,50,49.01670455932617
dinov2_s,fashionmnist,1,10,0.10659782507933682,1.3877787807814454e-17,0.1345010579090697,0.014360880809369803,-0.027903232829732862,49,0.0392156862745098,50,46.05953979492188
dinov2_s,fashionmnist,2,10,0.10783957000703766,0.0,0.13428683604601935,0.014258121143508003,-0.02644726603898169,49,0.0392156862745098,50,57.24655795097351
dinov2_s,fashionmnist,3,10,0.10438522934470283,0.0,0.13451343149676032,0.014370624942469344,-0.0301282021520575,49,0.0392156862745098,50,45.18364429473877
dinov2_s,fashionmnist,4,10,0.10503196139044067,0.0,0.13452823021151986,0.014286714335965026,-0.029496268821079138,49,0.0392156862745098,50,59.55229425430298
dinov2_s,fashionmnist,5,10,0.10767314171181604,0.0,0.13423368772152927,0.01427753574367565,-0.026560546009713238,49,0.0392156862745098,50,58.68697023391724
dinov2_s,fashionmnist,6,10,0.10609372978304568,0.0,0.13447973603958782,0.0143444399442726,-0.028386006256542137,49,0.0392156862745098,50,53.48398470878601
dinov2_s,fashionmnist,7,10,0.10706782673764717,0.0,0.13412934898761442,0.014309355389938888,-0.027061522249967232,49,0.0392156862745098,50,48.093282222747796
dinov2_s,fashionmnist,8,10,0.10818553219882997,0.0,0.13444830188721468,0.014315510575260029,-0.026262769688384733,49,0.0392156862745098,50,58.3106255531311
dinov2_s,fashionmnist,9,10,0.10712796523022472,0.0,0.1345085978041281,0.014365702710249338,-0.027380632573903385,49,0.0392156862745098,50,78.34295606613159
dinov2_s,fashionmnist,10,10,0.10838107092688257,0.0,0.13469148122782795,0.014350730763745554,-0.026310410300945386,49,0.0392156862745098,50,65.87150430679321
dinov2_s,fashionmnist,11,10,0.10552416208725716,0.0,0.13400704726625728,0.014319663165473671,-0.02848288517900012,49,0.0392156862745098,50,63.10686087608338
dinov2_s,fashionmnist,12,10,0.10615227058696013,0.0,0.13439366826264298,0.014354530774531388,-0.028241397675682876,49,0.0392156862745098,50,139.40435194969177
dinov2_s,fashionmnist,13,10,0.10544498846464873,0.0,0.1344992928498436,0.014356342436084218,-0.029054304385194893,49,0.0392156862745098,50,72.04067182540894
dinov2_s,fashionmnist,14,10,0.10644758423704397,0.0,0.1344241957730528,0.014297135071392556,-0.027976611536008847,49,0.0392156862745098,50,69.51358199119568
dinov2_s,fashionmnist,15,10,0.106355942566041,0.0,0.13478935399672218,0.014354900175269518,-0.028433411430681173,49,0.0392156862745098,50,63.64206910133362
dinov2_s,fashionmnist,16,10,0.10614993359524982,0.0,0.13444779097468654,0.014387306577837397,-0.028297857379436717,49,0.0392156862745098,50,68.46628308296204
dinov2_s,fashionmnist,17,10,0.1067109131393968,1.3877787807814454e-17,0.1342866807061422,0.014310878922950653,-0.027575767566745388,49,0.0392156862745098,50,60.97736740112305
dinov2_s,fashionmnist,18,10,0.1069545762426773,1.3877787807814454e-17,0.1341628372282395,0.014376472454029263,-0.027208260985562185,49,0.0392156862745098,50,57.8784556388855
dinov2_s,fashionmnist,19,10,0.10468258074754293,0.0,0.13423980504299865,0.014309668636240155,-0.029557224295455736,49,0.0392156862745098,50,65.69976282119751
dinov2_s,fashionmnist,20,10,0.1065728902644781,0.0,0.13451395229048732,0.01433201930386304,-0.027941062026009225,49,0.0392156862745098,50,73.11262893676758
dinov2_s,fashionmnist,21,10,0.10701485099568196,1.3877787807814454e-17,0.13418309228554745,0.014361182488618257,-0.027168241289865502,49,0.0392156862745098,50,56.49618363380432
dinov2_s,fashionmnist,22,10,0.10756376702421393,1.3877787807814454e-17,0.13418697267485924,0.014323685813444944,-0.02662320565064533,49,0.0392156862745098,50,51.9302978515625
dinov2_s,fashionmnist,23,10,0.10693533308740172,0.0,0.13421164068612731,0.014308385644460415,-0.027276307598725586,49,0.0392156862745098,50,53.244484424591064
dinov2_s,fashionmnist,24,10,0.10707857830071844,0.0,0.13426171015763294,0.014326100784981834,-0.027183131856914542,49,0.0392156862745098,50,68.67008876800537
dinov2_s,fashionmnist,25,10,0.10760385761959224,0.0,0.13451563917691967,0.01428419905456108,-0.02691178155732743,49,0.0392156862745098,50,68.19748735427856
dinov2_s,fashionmnist,26,10,0.10769773532254036,0.0,0.13413705275473187,0.014327867742948391,-0.02643931743219149,49,0.0392156862745098,50,78.29407143592834
dinov2_s,fashionmnist,27,10,0.10833167111404092,1.3877787807814454e-17,0.1339398404231516,0.014284982199326637,-0.025608169309110668,49,0.0392156862745098,50,78.86103534698486
dinov2_s,fashionmnist,28,10,0.10458397159692652,0.0,0.13453250797205718,0.014291971336381448,-0.029948536375130664,49,0.0392156862745098,50,70.21647930145264
dinov2_s,fashionmnist,29,10,0.10526342921189066,0.0,0.1347815475691035,0.014279104869403012,-0.029518118357212825,49,0.0392156862745098,50,62.38451504707336
i21k_b,fashionmnist,-1,10,0.09840654422505626,0.0,0.13592798232175402,0.014557717638317463,-0.037521438096697717,50,0.0196078431372549,50,66.49933838844301
i21k_b,fashionmnist,0,10,0.09824236752901326,0.0,0.13599629903182245,0.014587627235129894,-0.03775393150280919,50,0.0196078431372549,50,66.07039761543274
i21k_b,fashionmnist,1,10,0.0966699150206769,0.0,0.13577753241052615,0.014545931402229269,-0.03910761738984925,50,0.0196078431372549,50,65.10805511474611
i21k_b,fashionmnist,2,10,0.09848609546902233,0.0,0.13565386052696365,0.014556126602499926,-0.03716776505794131,50,0.0196078431372549,50,68.46283411979675
i21k_b,fashionmnist,3,10,0.09860941494679296,0.0,0.13576927535558433,0.014551041016337004,-0.03715986040879138,50,0.0196078431372549,50,66.72367930412292
i21k_b,fashionmnist,4,10,0.09755373953270642,0.0,0.1355915420753907,0.0145109965271283,-0.03803780254268428,50,0.0196078431372549,50,75.60497641563416
i21k_b,fashionmnist,5,10,0.0991456344711359,0.0,0.13534828379074673,0.014512395188640025,-0.036202649319610834,50,0.0196078431372549,50,54.36998176574707
i21k_b,fashionmnist,6,10,0.09848692818180514,0.0,0.1363719452869575,0.01459639664283767,-0.037885017105152366,50,0.0196078431372549,50,60.956094026565545
i21k_b,fashionmnist,7,10,0.10044200756387676,0.0,0.13589227176679966,0.014596239787717768,-0.03545026420292291,50,0.0196078431372549,50,62.60065579414368
i21k_b,fashionmnist,8,10,0.09722090030231208,1.3877787807814454e-17,0.13593786907327776,0.01457296538639519,-0.03871696877096567,50,0.0196078431372549,50,58.0909194946289
i21k_b,fashionmnist,9,10,0.09924441347236353,1.3877787807814454e-17,0.13603870459915682,0.01461721115503688,-0.03679429112679329,50,0.0196078431372549,50,70.80498647689821
i21k_b,fashionmnist,10,10,0.10042950250775423,0.0,0.13602122259123153,0.01460090027124594,-0.03559172008347729,50,0.0196078431372549,50,42.5089099407196
i21k_b,fashionmnist,11,10,0.09830342872692308,0.0,0.1355045854663247,0.014517038515361038,-0.037201156739401636,50,0.0196078431372549,50,72.13895535469054
i21k_b,fashionmnist,12,10,0.09735995266971356,1.3877787807814454e-17,0.13622391959141286,0.01455649732460375,-0.038863966921699265,50,0.0196078431372549,50,63.45906901359558
i21k_b,fashionmnist,13,10,0.09982205269165398,0.0,0.13599434231870194,0.014668841064105369,-0.036172289627047965,50,0.0196078431372549,50,56.90829396247864
i21k_b,fashionmnist,14,10,0.09785520825855773,1.3877787807814454e-17,0.1356338725341512,0.014563690985959443,-0.037778664275593496,50,0.0196078431372549,50,61.244302034378045
i21k_b,fashionmnist,15,10,0.09767327596329543,0.0,0.1360043060732834,0.014560279246369375,-0.03833103010998795,50,0.0196078431372549,50,63.214038133621216
i21k_b,fashionmnist,16,10,0.09839980929805793,0.0,0.13592163822305814,0.014613206428620644,-0.03752182892500025,50,0.0196078431372549,50,66.5206732749939
i21k_b,fashionmnist,17,10,0.09696849451336337,1.3877787807814454e-17,0.1359325540585186,0.014466159332769369,-0.038964059545155236,50,0.0196078431372549,50,32.713913202285774
i21k_b,fashionmnist,18,10,0.09888346974559928,1.3877787807814454e-17,0.1357307180742021,0.014573949485155727,-0.03684724832860281,50,0.0196078431372549,50,39.462127447128296
i21k_b,fashionmnist,19,10,0.0973427976522385,0.0,0.135855405498546,0.014510691178209863,-0.0385126078463075,50,0.0196078431372549,50,44.074117183685296
i21k_b,fashionmnist,20,10,0.0968103656581283,0.0,0.13592675457922754,0.014521951415191218,-0.03911638892109927,50,0.0196078431372549,50,48.6619770526886
i21k_b,fashionmnist,21,10,0.10038664030919664,0.0,0.13560149961844048,0.014614130132179394,-0.03521485930924384,50,0.0196078431372549,50,57.08578658103943
i21k_b,fashionmnist,22,10,0.09990842756079213,0.0,0.13602392381776265,0.014547714431906663,-0.0361154962569705,50,0.0196078431372549,50,36.509809732437134
i21k_b,fashionmnist,23,10,0.09883698017457497,0.0,0.13574425675652466,0.014523217241453881,-0.03690727658194965,50,0.0196078431372549,50,43.63689279556274
i21k_b,fashionmnist,24,10,0.09845087616318096,1.3877787807814454e-17,0.1356022908593957,0.014523378748958012,-0.037151414696214746,50,0.0196078431372549,50,54.00258278846741
i21k_b,fashionmnist,25,10,0.10088766226243708,1.3877787807814454e-17,0.1358504651998416,0.01457829387296604,-0.0349628029374045,50,0.0196078431372549,50,49.590611219406135
i21k_b,fashionmnist,26,10,0.09836100656664096,1.3877787807814454e-17,0.13585242682006654,0.014508765745063884,-0.0374914202534256,50,0.0196078431372549,50,60.79252195358277
i21k_b,fashionmnist,27,10,0.09993434042183423,0.0,0.13559647350299328,0.014542256168153966,-0.035662133081159036,50,0.0196078431372549,50,47.40156102180481
i21k_b,fashionmnist,28,10,0.09980908085568216,1.3877787807814454e-17,0.13609561624553235,0.014574525570541563,-0.03628653538985019,50,0.0196078431372549,50,52.80709886550903
i21k_b,fashionmnist,29,10,0.09928263452202957,0.0,0.13625357106211666,0.014599116246092834,-0.03697093654008707,50,0.0196078431372549,50,55.674736976623535
i21k_l,fashionmnist,-1,10,0.09336748126687247,1.3877787807814454e-17,0.1380287481666013,0.014007632734163273,-0.04466126689972882,50,0.0196078431372549,50,38.686430931091316
i21k_l,fashionmnist,0,10,0.0928511739874532,0.0,0.13792810637036035,0.01401096298601069,-0.04507693238290714,50,0.0196078431372549,50,30.21101498603821
i21k_l,fashionmnist,1,10,0.09366059737141304,0.0,0.13787560464927145,0.01402353517004452,-0.044215007277858376,50,0.0196078431372549,50,34.682333946228034
i21k_l,fashionmnist,2,10,0.09507353412681938,0.0,0.13760071049516318,0.013918350851645332,-0.0425271763683438,50,0.0196078431372549,50,48.967694997787476
i21k_l,fashionmnist,3,10,0.0941872757361922,0.0,0.13785185736506705,0.014025674230586009,-0.04366458162887485,50,0.0196078431372549,50,39.844066858291626
i21k_l,fashionmnist,4,10,0.09217363168044014,0.0,0.1378653770937571,0.014024876455389976,-0.04569174541331696,50,0.0196078431372549,50,51.48804593086243
i21k_l,fashionmnist,5,10,0.0917381749513094,0.0,0.13740715896566902,0.013903337236838616,-0.045668984014359607,50,0.0196078431372549,50,54.962137699127204
i21k_l,fashionmnist,6,10,0.09092478795216044,0.0,0.13843372136792856,0.014135202657246075,-0.04750893341576813,50,0.0196078431372549,50,34.34508514404297
i21k_l,fashionmnist,7,10,0.09364778261499318,0.0,0.13795573411208714,0.013962808414302169,-0.04430795149709399,50,0.0196078431372549,50,37.9909405708313
i21k_l,fashionmnist,8,10,0.09432441567179124,1.3877787807814454e-17,0.13761621238610106,0.013993119117091094,-0.04329179671430981,50,0.0196078431372549,50,48.32849645614624
i21k_l,fashionmnist,9,10,0.0940216748708869,1.3877787807814454e-17,0.1383359217247976,0.014076054489382612,-0.044314246853910715,50,0.0196078431372549,50,45.05426549911499
i21k_l,fashionmnist,10,10,0.09411678889639943,1.3877787807814454e-17,0.1382954378817872,0.014048231630640015,-0.04417864898538775,50,0.0196078431372549,50,49.25293779373169
i21k_l,fashionmnist,11,10,0.09441385536564686,1.3877787807814454e-17,0.13775132027067388,0.0139740619524967,-0.04333746490502702,50,0.0196078431372549,50,33.19368600845337
i21k_l,fashionmnist,12,10,0.09264719476461024,0.0,0.1386710858105074,0.01415288166621839,-0.046023891045897165,50,0.0196078431372549,50,37.549383640289314
i21k_l,fashionmnist,13,10,0.09468742644660856,1.3877787807814454e-17,0.13830847269583896,0.014047113666155369,-0.04362104624923038,50,0.0196078431372549,50,44.023709297180176
i21k_l,fashionmnist,14,10,0.0916964193812525,0.0,0.13787467105285714,0.014061813279817531,-0.04617825167160466,50,0.0196078431372549,50,49.40651249885559
i21k_l,fashionmnist,15,10,0.09626381119795466,1.3877787807814454e-17,0.13814820633086758,0.013984165942492128,-0.04188439513291292,50,0.0196078431372549,50,40.827876567840576
i21k_l,fashionmnist,16,10,0.09297725754345028,0.0,0.13773044635242265,0.013952474207558541,-0.04475318880897236,50,0.0196078431372549,50,47.358573198318474
i21k_l,fashionmnist,17,10,0.09041509205731244,1.3877787807814454e-17,0.13823645910990934,0.014027165860265504,-0.04782136705259693,50,0.0196078431372549,50,51.0732855796814
i21k_l,fashionmnist,18,10,0.09180454283380288,1.3877787807814454e-17,0.13776640260632425,0.013985661827008552,-0.045961859772521374,50,0.0196078431372549,50,54.21893310546875
i21k_l,fashionmnist,19,10,0.09073399555668016,0.0,0.13814241887578085,0.01402772464589478,-0.047408423319100695,50,0.0196078431372549,50,42.33088135719299
i21k_l,fashionmnist,20,10,0.09520528576403932,1.3877787807814454e-17,0.13804799484184832,0.013991257143613956,-0.04284270907780899,50,0.0196078431372549,50,42.39341926574707
i21k_l,fashionmnist,21,10,0.09515057911728518,0.0,0.1379771012855783,0.013916849552798436,-0.04282652216829312,50,0.0196078431372549,50,50.765135526657104
i21k_l,fashionmnist,22,10,0.0931931407031032,1.3877787807814454e-17,0.13795523666200013,0.013979177582383165,-0.04476209595889692,50,0.0196078431372549,50,36.828453540802
i21k_l,fashionmnist,23,10,0.0912025335087507,1.3877787807814454e-17,0.13768906110407567,0.013943857168961118,-0.04648652759532497,50,0.0196078431372549,50,30.075538158416748
i21k_l,fashionmnist,24,10,0.090577181366026,0.0,0.13795801963103385,0.013988289362497604,-0.047380838265007864,50,0.0196078431372549,50,42.83880567550659
i21k_l,fashionmnist,25,10,0.09104632270814543,0.0,0.13812810668255018,0.014032384241335526,-0.04708178397440477,50,0.0196078431372549,50,46.56141591072082
i21k_l,fashionmnist,26,10,0.0917879843647735,1.3877787807814454e-17,0.1381785813817791,0.014017891519563777,-0.0463905970170056,50,0.0196078431372549,50,36.119629621505744
i21k_l,fashionmnist,27,10,0.09304107259224648,0.0,0.13798190319859038,0.014011621331184405,-0.044940830606343886,50,0.0196078431372549,50,33.099632978439324
i21k_l,fashionmnist,28,10,0.09483928133133816,1.3877787807814454e-17,0.1383109050095086,0.01407634728916109,-0.04347162367817045,50,0.0196078431372549,50,29.066993474960327
i21k_l,fashionmnist,29,10,0.09530165368090672,1.3877787807814454e-17,0.13821909367682436,0.014074081858664904,-0.04291743999591763,50,0.0196078431372549,50,42.8677794933319
i21k_s,fashionmnist,-1,10,0.10164670080883054,0.0,0.13184968623317034,0.015256605976464553,-0.0302029854243398,50,0.0196078431372549,50,68.43419122695923
i21k_s,fashionmnist,0,10,0.10245293472646973,1.3877787807814454e-17,0.1317616532005639,0.015240640420016143,-0.029308718474094175,50,0.0196078431372549,50,47.09701728820801
i21k_s,fashionmnist,1,10,0.101421089449681,1.3877787807814454e-17,0.13185276514446184,0.015250511685747382,-0.03043167569478084,50,0.0196078431372549,50,67.70491909980774
i21k_s,fashionmnist,2,10,0.10287030802312894,1.3877787807814454e-17,0.1317894157248406,0.015209149483905412,-0.028919107701711664,50,0.0196078431372549,50,69.26573514938353
i21k_s,fashionmnist,3,10,0.10036277880687874,0.0,0.13202935999790924,0.015297849560356624,-0.031666581191030496,50,0.0196078431372549,50,62.565837144851685
i21k_s,fashionmnist,4,10,0.10046697330421576,0.0,0.1316647211322843,0.015316252252896904,-0.031197747828068542,50,0.0196078431372549,50,61.17829418182373
i21k_s,fashionmnist,5,10,0.10162475835975372,0.0,0.1314807846732102,0.015180759989069712,-0.029856026313456487,50,0.0196078431372549,50,36.341304779052734
i21k_s,fashionmnist,6,10,0.10072179513316916,1.3877787807814454e-17,0.1322083939227974,0.015296654879553931,-0.03148659878962823,50,0.0196078431372549,50,60.519034624099724
i21k_s,fashionmnist,7,10,0.10081628994762687,0.0,0.13176051942491795,0.015272285295857878,-0.030944229477291068,50,0.0196078431372549,50,53.087782382965095
i21k_s,fashionmnist,8,10,0.10223164033359916,0.0,0.1317334328256026,0.015214827004939969,-0.029501792492003426,50,0.0196078431372549,50,53.847111940383904
i21k_s,fashionmnist,9,10,0.10230740401442663,1.3877787807814454e-17,0.13221545428098172,0.015258164423489227,-0.029908050266555075,50,0.0196078431372549,50,46.20063281059265
i21k_s,fashionmnist,10,10,0.10238958181297594,0.0,0.13182631073816484,0.01527517246009272,-0.029436728925188893,50,0.0196078431372549,50,76.95424556732178
i21k_s,fashionmnist,11,10,0.09944331434545292,1.3877787807814454e-17,0.13172956689997084,0.01530873729456215,-0.03228625255451792,50,0.0196078431372549,50,61.09070825576782
i21k_s,fashionmnist,12,10,0.1015176165932862,1.3877787807814454e-17,0.13213756653478387,0.015232894089072609,-0.03061994994149766,50,0.0196078431372549,50,67.58063077926636
i21k_s,fashionmnist,13,10,0.1015000977823535,1.3877787807814454e-17,0.1318774874553975,0.01529335961466559,-0.030377389673044014,50,0.0196078431372549,50,38.102391004562385
i21k_s,fashionmnist,14,10,0.10256270054718088,0.0,0.1317158305466294,0.015195146778683938,-0.029153129999448524,50,0.0196078431372549,50,63.077488660812385
i21k_s,fashionmnist,15,10,0.10166823387159947,1.3877787807814454e-17,0.1321002074255654,0.015276227321511102,-0.030431973553965944,50,0.0196078431372549,50,68.06226468086243
i21k_s,fashionmnist,16,10,0.10112721610282303,0.0,0.13172059568904662,0.015324426740602894,-0.030593379586223574,50,0.0196078431372549,50,73.87835359573364
i21k_s,fashionmnist,17,10,0.10310636738740628,0.0,0.13176951234603762,0.015286388049431481,-0.028663144958631342,50,0.0196078431372549,50,69.15097761154175
i21k_s,fashionmnist,18,10,0.10258517279459173,0.0,0.13185115572189351,0.015222754184476791,-0.0292659829273018,50,0.0196078431372549,50,46.31736636161804
i21k_s,fashionmnist,19,10,0.10041797574802787,0.0,0.13174590827743662,0.01529631237402498,-0.031327932529408735,50,0.0196078431372549,50,69.12355947494507
i21k_s,fashionmnist,20,10,0.10200004201811186,0.0,0.13175623435033024,0.015208561138385071,-0.029756192332218382,50,0.0196078431372549,50,36.686172246932976
i21k_s,fashionmnist,21,10,0.10222016734078618,0.0,0.13153467057978172,0.015299183216814768,-0.029314503238995537,50,0.0196078431372549,50,68.65257549285889
i21k_s,fashionmnist,22,10,0.10345320557075002,1.3877787807814454e-17,0.13177508260391504,0.015126465562065738,-0.028321877033165018,50,0.0196078431372549,50,66.23676300048828
i21k_s,fashionmnist,23,10,0.1017883297216674,0.0,0.13151428224909156,0.015282907566243197,-0.029725952527424125,50,0.0196078431372549,50,70.02146387100221
i21k_s,fashionmnist,24,10,0.10310701885801196,1.3877787807814454e-17,0.13167926939878327,0.015191481485431544,-0.028572250540771314,50,0.0196078431372549,50,51.1279661655426
i21k_s,fashionmnist,25,10,0.10384145620679666,0.0,0.13177437935741526,0.015231390851121003,-0.027932923150618568,50,0.0196078431372549,50,43.95892190933228
i21k_s,fashionmnist,26,10,0.10262638674921867,0.0,0.1315724899840192,0.015270371405898224,-0.0289461032348005,50,0.0196078431372549,50,50.34022545814514
i21k_s,fashionmnist,27,10,0.10300067192278883,0.0,0.13143795284847046,0.015268585951484176,-0.0284372809256816,50,0.0196078431372549,50,45.47283673286438
i21k_s,fashionmnist,28,10,0.09956470572829576,1.3877787807814454e-17,0.13207089968465488,0.015189462267545762,-0.03250619395635912,50,0.0196078431372549,50,64.94776391983032
i21k_s,fashionmnist,29,10,0.10115354152438,1.3877787807814454e-17,0.1322791522193049,0.015294922451530654,-0.03112561069492488,50,0.0196078431372549,50,68.96373081207275
i21k_t,fashionmnist,-1,10,0.1533356490177405,0.0,0.13161497679789558,0.015240700784312106,0.02172067221984492,4,0.9215686274509804,50,38.21865606307984
i21k_t,fashionmnist,0,10,0.15308974329974606,0.0,0.13147841940048002,0.015225855873692616,0.02161132389926601,4,0.9215686274509804,50,85.47820115089418
i21k_t,fashionmnist,1,10,0.15337733305320428,2.7755575615628914e-17,0.13189009345267855,0.015262914045612471,0.02148723960052573,4,0.9215686274509804,50,63.02513480186462
i21k_t,fashionmnist,2,10,0.1527042124123159,0.0,0.13152964932292516,0.015263635087386809,0.021174563089390752,4,0.9215686274509804,50,61.37957453727722
i21k_t,fashionmnist,3,10,0.1537786475566208,2.7755575615628914e-17,0.1316141015741588,0.015295804633710981,0.02216454598246201,3,0.9411764705882352,50,66.5575053691864
i21k_t,fashionmnist,4,10,0.15371814774026188,2.7755575615628914e-17,0.13144340944902544,0.015211521220408844,0.02227473829123644,3,0.9411764705882352,50,82.47164845466614
i21k_t,fashionmnist,5,10,0.15182129734301264,0.0,0.1313387631199242,0.015251058938864071,0.020482534223088437,4,0.9215686274509804,50,87.2928421497345
i21k_t,fashionmnist,6,10,0.1535741385387001,0.0,0.1318778891808723,0.015201653251296804,0.021696249357827824,4,0.9215686274509804,50,53.13210439682007
i21k_t,fashionmnist,7,10,0.1527300025942497,0.0,0.13141344664917487,0.015224377542617103,0.021316555945074842,4,0.9215686274509804,50,85.73637175559999
i21k_t,fashionmnist,8,10,0.15316180017140985,0.0,0.13169082711787802,0.015251762284252,0.02147097305353185,4,0.9215686274509804,50,65.64170932769775
i21k_t,fashionmnist,9,10,0.1536697648986205,0.0,0.132016817970357,0.015283683946877116,0.0216529469282635,4,0.9215686274509804,50,69.66411066055298
i21k_t,fashionmnist,10,10,0.1533092438687002,2.7755575615628914e-17,0.13171490724984067,0.01529016985771129,0.021594336618859542,4,0.9215686274509804,50,80.0576524734497
i21k_t,fashionmnist,11,10,0.1534603962608804,2.7755575615628914e-17,0.13120565381225568,0.015298165985998556,0.022254742448624715,3,0.9411764705882352,50,72.37323832511902
i21k_t,fashionmnist,12,10,0.1535074239195608,2.7755575615628914e-17,0.13160000168535166,0.015158245826370037,0.02190742223420916,4,0.9215686274509804,50,72.10531330108644
i21k_t,fashionmnist,13,10,0.15357117113963442,0.0,0.13175637881991809,0.015238065354386448,0.021814792319716336,4,0.9215686274509804,50,58.08481693267822
i21k_t,fashionmnist,14,10,0.15342804087201092,2.7755575615628914e-17,0.13142903886397947,0.015170580004521716,0.021999002008031454,3,0.9411764705882352,50,61.35733819007874
i21k_t,fashionmnist,15,10,0.15345661114688186,0.0,0.13210807484028975,0.015335738236172368,0.021348536306592086,4,0.9215686274509804,50,66.76051211357118
i21k_t,fashionmnist,16,10,0.15256203346267114,0.0,0.131342614324808,0.015193421174269837,0.021219419137863155,4,0.9215686274509804,50,63.94748187065125
i21k_t,fashionmnist,17,10,0.1542466728849638,2.7755575615628914e-17,0.13182835505434082,0.01522756318207458,0.02241831783062298,3,0.9411764705882352,50,50.787413835525506
i21k_t,fashionmnist,18,10,0.15369044710584095,0.0,0.1317159319450707,0.015243309206388956,0.021974515160770255,4,0.9215686274509804,50,63.60505080223084
i21k_t,fashionmnist,19,10,0.1521148442116556,2.7755575615628914e-17,0.13153281040420206,0.01518083357383176,0.020582033807453548,4,0.9215686274509804,50,59.9970281124115
i21k_t,fashionmnist,20,10,0.15193763826685805,0.0,0.1317500231759456,0.015307387218503532,0.020187615090912464,4,0.9215686274509804,50,66.16093015670775
i21k_t,fashionmnist,21,10,0.15307430616895262,0.0,0.13159972194233874,0.015351573475809304,0.021474584226613885,4,0.9215686274509804,50,57.70921039581299
i21k_t,fashionmnist,22,10,0.15312565942299147,0.0,0.1314565352516698,0.015238727358072088,0.021669124171321663,4,0.9215686274509804,50,62.6174259185791
i21k_t,fashionmnist,23,10,0.15335648322673828,2.7755575615628914e-17,0.13116833821837434,0.01521402501349023,0.022188145008363917,3,0.9411764705882352,50,66.79358553886415
i21k_t,fashionmnist,24,10,0.1538112191841968,2.7755575615628914e-17,0.1314169623213598,0.015167281925963219,0.022394256862837,3,0.9411764705882352,50,59.140319108963006
i21k_t,fashionmnist,25,10,0.15370286045614634,0.0,0.13170152831798604,0.015290790583991331,0.022001332138160332,3,0.9411764705882352,50,67.18440985679625
i21k_t,fashionmnist,26,10,0.15331360904017005,2.7755575615628914e-17,0.13120491696816314,0.015164102188133743,0.022108692072006886,3,0.9411764705882352,50,44.13025879859924
i21k_t,fashionmnist,27,10,0.15269882573678226,2.7755575615628914e-17,0.1311461602790485,0.015287812447568768,0.021552665457733742,4,0.9215686274509804,50,71.6284203529358
i21k_t,fashionmnist,28,10,0.15312698017194745,0.0,0.13182028020178696,0.015354918772948388,0.02130669997016049,4,0.9215686274509804,50,71.55842900276184
i21k_t,fashionmnist,29,10,0.15213546869644584,2.7755575615628914e-17,0.13152801664145908,0.015260929827392182,0.020607452054986763,4,0.9215686274509804,50,68.76028847694397
siglip_b,fashionmnist,-1,10,0.11203997664263372,0.0,0.14978213198687468,0.016139798486422517,-0.03774215534424096,50,0.0196078431372549,50,72.59717845916748
siglip_b,fashionmnist,0,10,0.11261827176348685,1.3877787807814454e-17,0.1495695803877877,0.016152788044412187,-0.036951308624300835,50,0.0196078431372549,50,94.68578481674194
siglip_b,fashionmnist,1,10,0.11097924083147027,0.0,0.14999611869288654,0.016234556420334497,-0.039016877861416284,50,0.0196078431372549,50,73.38924860954285
siglip_b,fashionmnist,2,10,0.11178084210404153,0.0,0.14976324842553532,0.01612791150984019,-0.03798240632149378,50,0.0196078431372549,50,62.86727499961853
siglip_b,fashionmnist,3,10,0.1111375897771986,0.0,0.14969697056548806,0.016207143668185098,-0.03855938078828945,50,0.0196078431372549,50,73.12977385520934
siglip_b,fashionmnist,4,10,0.112502628753776,1.3877787807814454e-17,0.14943768449039266,0.016151960238001296,-0.03693505573661665,50,0.0196078431372549,50,82.79002714157104
siglip_b,fashionmnist,5,10,0.1115436205355049,0.0,0.14909250786309114,0.01610992233406142,-0.03754888732758627,50,0.0196078431372549,50,73.53833341598511
siglip_b,fashionmnist,6,10,0.11244536406734187,1.3877787807814454e-17,0.14991931071730785,0.01614045580752871,-0.03747394664996597,50,0.0196078431372549,50,71.43879485130309
siglip_b,fashionmnist,7,10,0.11390668176667022,0.0,0.1498204683088653,0.0161280018407983,-0.035913786542195084,50,0.0196078431372549,50,74.03614449501038
siglip_b,fashionmnist,8,10,0.11050503466801842,0.0,0.149547937652042,0.016147104874306675,-0.039042902984023575,50,0.0196078431372549,50,67.05090522766113
siglip_b,fashionmnist,9,10,0.11249168176665084,0.0,0.14977688123301888,0.016122397915571858,-0.03728519946636805,50,0.0196078431372549,50,59.715237855911255
siglip_b,fashionmnist,10,10,0.11197939887305601,0.0,0.1495842039897867,0.0161012044409036,-0.0376048051167307,50,0.0196078431372549,50,77.49777960777283
siglip_b,fashionmnist,11,10,0.11050339080350056,1.3877787807814454e-17,0.1495488570062002,0.01609040291483461,-0.039045466202699636,50,0.0196078431372549,50,76.32013416290283
siglip_b,fashionmnist,12,10,0.11142488517555968,0.0,0.15002586053207442,0.01620019433114604,-0.038600975356514765,50,0.0196078431372549,50,76.69570589065552
siglip_b,fashionmnist,13,10,0.11451292368641305,0.0,0.1500863817591304,0.01618696087954609,-0.035573458072717334,50,0.0196078431372549,50,59.01110315322876
siglip_b,fashionmnist,14,10,0.11082486145773893,1.3877787807814454e-17,0.14954488357454968,0.016202319287534718,-0.03872002211681075,50,0.0196078431372549,50,59.694995403289795
siglip_b,fashionmnist,15,10,0.1124295395426374,1.3877787807814454e-17,0.1496876423217586,0.01613325184191477,-0.03725810277912121,50,0.0196078431372549,50,80.23199415206909
siglip_b,fashionmnist,16,10,0.11137797543198194,1.3877787807814454e-17,0.1498507799439234,0.01617728983166988,-0.03847280451194146,50,0.0196078431372549,50,64.94586133956909
siglip_b,fashionmnist,17,10,0.1110308512717447,0.0,0.1494856094244283,0.01600636682990875,-0.0384547581526836,50,0.0196078431372549,50,74.83547019958495
siglip_b,fashionmnist,18,10,0.1131908087743346,0.0,0.1497100459847149,0.016100121088689585,-0.03651923721038032,50,0.0196078431372549,50,76.9346024990082
siglip_b,fashionmnist,19,10,0.11192470340336036,0.0,0.14949912104684365,0.016048348077162784,-0.037574417643483286,50,0.0196078431372549,50,65.76542854309082
siglip_b,fashionmnist,20,10,0.10983863215090467,0.0,0.1497818513920522,0.016177819432924696,-0.039943219241147535,50,0.0196078431372549,50,77.44439435005187
siglip_b,fashionmnist,21,10,0.11381854803831976,0.0,0.14988966501913295,0.016167243943906718,-0.036071116980813216,50,0.0196078431372549,50,64.93973016738893
siglip_b,fashionmnist,22,10,0.11247958470476734,0.0,0.14986637424349122,0.016069974464339998,-0.03738678953872389,50,0.0196078431372549,50,71.316890001297
siglip_b,fashionmnist,23,10,0.11324241787727715,0.0,0.1496346405200918,0.016094312284100264,-0.03639222264281465,50,0.0196078431372549,50,67.13345074653624
siglip_b,fashionmnist,24,10,0.11232352141080452,1.3877787807814454e-17,0.14995623986161152,0.016111724959911537,-0.03763271845080701,50,0.0196078431372549,50,68.15090870857239
siglip_b,fashionmnist,25,10,0.11375699144718618,2.7755575615628914e-17,0.14979886951935548,0.01606952303784134,-0.0360418780721693,50,0.0196078431372549,50,63.942458152770996
siglip_b,fashionmnist,26,10,0.11106439452399093,0.0,0.14989123406387705,0.01606612763799407,-0.03882683953988608,50,0.0196078431372549,50,58.78014922142029
siglip_b,fashionmnist,27,10,0.11321709169083173,0.0,0.1498465389845082,0.01611246235178047,-0.03662944729367648,50,0.0196078431372549,50,56.44063353538513
siglip_b,fashionmnist,28,10,0.11301161029498975,1.3877787807814454e-17,0.14981111294869975,0.016090196769048246,-0.03679950265370999,50,0.0196078431372549,50,68.30399060249329
siglip_b,fashionmnist,29,10,0.11143294726645553,0.0,0.14998498087496348,0.016271311770606676,-0.038552033608507966,50,0.0196078431372549,50,53.49582767486572
clip_b,imagenet,-1,1000,0.08431129786955477,0.00026180391642323636,0.09099088605226488,0.004783005739045649,-0.006679588182710097,45,0.1176470588235294,50,198.2932372093201
clip_b,imagenet,0,1000,0.08395078879033326,0.00029498436874472766,0.09058384138258356,0.004740302588149265,-0.006633052592250319,45,0.1176470588235294,50,175.02646684646606
clip_b,imagenet,1,1000,0.08279874061158046,0.000315683610638361,0.09062022056687316,0.004737438917444617,-0.007821479955292712,46,0.09803921568627452,50,127.10276770591736
clip_b,imagenet,2,1000,0.08499448010560441,0.0001703059278001779,0.0905544125419398,0.0047385336274465145,-0.005559932436335388,44,0.13725490196078433,50,124.42416977882385
clip_b,imagenet,3,1000,0.08428441575753425,0.00029965968025851176,0.09055247533743953,0.00474654942746804,-0.006268059579905269,44,0.13725490196078433,50,131.4941713809967
clip_b,imagenet,4,1000,0.08395868243240348,0.00026045715964027546,0.09072812355183177,0.0047387713186533426,-0.0067694411194283025,45,0.1176470588235294,50,129.39858174324036
clip_b,imagenet,5,1000,0.08482309867243491,0.0001796203128590923,0.09073781759332901,0.0047416899962739205,-0.005914718920894083,44,0.13725490196078433,50,127.2862105369568
clip_b,imagenet,6,1000,0.08277778764649177,0.00017860361313217881,0.09066544343236843,0.004745492062941708,-0.007887655785876663,46,0.09803921568627452,50,128.92387127876282
clip_b,imagenet,7,1000,0.08249612503201299,0.00026592999945558186,0.09068433645416392,0.004738042829327708,-0.00818821142215094,48,0.05882352941176471,50,126.68359422683716
clip_b,imagenet,8,1000,0.08457191468786572,0.00028847411019773775,0.09069073641367993,0.004737273180612822,-0.006118821725814197,44,0.13725490196078433,50,131.41103601455686
clip_b,imagenet,9,1000,0.08349579088487451,0.0002627785003218018,0.09072802138896788,0.004737839542507219,-0.007232230504093384,45,0.1176470588235294,50,118.77779293060304
clip_b,imagenet,10,1000,0.08362290223175937,0.00025143631434596935,0.09058300464240172,0.004743984849744345,-0.006960102410642335,45,0.1176470588235294,50,114.57160425186156
clip_b,imagenet,11,1000,0.08409075422944776,0.0002099140957293966,0.09070375627251544,0.004734833164791161,-0.006613002043067681,45,0.1176470588235294,50,109.43241786956787
clip_b,imagenet,12,1000,0.08477385392058967,0.0002424596376616256,0.0906319079903855,0.004746468337593997,-0.00585805406979581,44,0.13725490196078433,50,107.09155058860779
clip_b,imagenet,13,1000,0.0818551433993707,0.00022060190215322047,0.09066039249005632,0.00474281214203706,-0.008805249090685627,48,0.05882352941176471,50,112.14849829673769
clip_b,imagenet,14,1000,0.08321853240277431,0.000302820165224053,0.09065497237899668,0.004740237588639752,-0.007436439976222371,46,0.09803921568627452,50,110.17717432975769
clip_b,imagenet,15,1000,0.08434709628428769,0.00021510175406913126,0.09062197680490612,0.0047419544114407205,-0.006274880520618435,44,0.13725490196078433,50,111.9447090625763
clip_b,imagenet,16,1000,0.08532525459934402,0.0001799270541928651,0.09056984793422057,0.004738026383299543,-0.005244593334876564,44,0.13725490196078433,50,97.09194660186769
clip_b,imagenet,17,1000,0.08426851733773101,0.0002570030565633017,0.09072127423094824,0.004731799488533971,-0.0064527568932172255,45,0.1176470588235294,50,92.28677010536194
clip_b,imagenet,18,1000,0.08530173524500863,0.0001447929917100307,0.09061076266488316,0.004747682860188634,-0.005309027419874546,44,0.13725490196078433,50,97.62571716308594
clip_b,imagenet,19,1000,0.08296730285198388,0.0002726819613957624,0.09072290103645526,0.004741870746201593,-0.007755598184471384,46,0.09803921568627452,50,88.46447610855103
clip_b,imagenet,20,1000,0.08442106099094332,0.00018673465293378333,0.09069988826441627,0.00473306935550285,-0.0062788272734729395,44,0.13725490196078433,50,72.38725352287292
clip_b,imagenet,21,1000,0.0842266114619353,0.00028855596851520707,0.09071605911840548,0.004730465787598949,-0.006489447656470179,45,0.1176470588235294,50,58.93134713172913
clip_b,imagenet,22,1000,0.08282658007721556,0.00018155040877183736,0.09062475111945556,0.004735211288685715,-0.007798171042239981,46,0.09803921568627452,50,61.125609159469604
clip_b,imagenet,23,1000,0.08309915367704608,0.00025134701474253875,0.09068092052783863,0.0047383236528686186,-0.007581766850792551,46,0.09803921568627452,50,58.63195824623108
clip_b,imagenet,24,1000,0.08354829942543418,0.0002771701169928108,0.090500403821338,0.004748165019880674,-0.006952104395903824,45,0.1176470588235294,50,57.682777404785156
clip_b,imagenet,25,1000,0.08378765883453368,0.00025547649126606107,0.0905773008829888,0.004753213547120803,-0.006789642048455127,45,0.1176470588235294,50,58.33498907089234
clip_b,imagenet,26,1000,0.08423839863502916,0.00033343349135648453,0.09065172396378626,0.004740038651425507,-0.006413325328757102,44,0.13725490196078433,50,59.5496666431427
clip_b,imagenet,27,1000,0.08534336234049969,0.00025649039277096897,0.09063478834579383,0.0047382520323160275,-0.005291426005294156,44,0.13725490196078433,50,62.59603333473206
clip_b,imagenet,28,1000,0.08345069392684103,0.0002471186622134019,0.09064973091936723,0.004744300180060191,-0.007199036992526206,45,0.1176470588235294,50,60.75906372070313
clip_b,imagenet,29,1000,0.08366998330296226,0.00024388944607876484,0.09068573669134766,0.004739893126099421,-0.007015753388385407,45,0.1176470588235294,50,61.00776338577271
clip_l,imagenet,-1,1000,0.07603490956647023,0.00028942422421858796,0.08529945993521704,0.004037968890727319,-0.009264550368746821,49,0.0392156862745098,50,288.9932568073272
clip_l,imagenet,0,1000,0.07612748420335655,0.0002735207491709243,0.0848703590670833,0.004005416347858688,-0.008742874863726754,49,0.0392156862745098,50,296.12375640869135
clip_l,imagenet,1,1000,0.07586884129302943,0.00032813067503891934,0.08494688371511289,0.003998728423672199,-0.00907804242208346,49,0.0392156862745098,50,283.15797781944275
clip_l,imagenet,2,1000,0.07581908427341763,0.0003142568460535452,0.08493598388337903,0.003998153476998684,-0.009116899609961412,49,0.0392156862745098,50,260.22177720069885
clip_l,imagenet,3,1000,0.07537642261022856,0.0003057227018055659,0.0849021459587912,0.004003588936056629,-0.009525723348562635,49,0.0392156862745098,50,271.1589014530182
clip_l,imagenet,4,1000,0.07530780258927723,0.0003359300431479185,0.08498530682564016,0.004000266607707418,-0.009677504236362931,50,0.0196078431372549,50,291.0889356136322
clip_l,imagenet,5,1000,0.07533445563149348,0.00035518380013779913,0.08500322454498377,0.004004048107031466,-0.009668768913490292,50,0.0196078431372549,50,362.39611983299255
clip_l,imagenet,6,1000,0.07536350561291043,0.00028945367714882346,0.08497697521450004,0.004003420360430216,-0.009613469601589613,50,0.0196078431372549,50,465.9091899394989
clip_l,imagenet,7,1000,0.07503492578210699,0.0002889977794960912,0.08498112058094802,0.0039984093551520645,-0.009946194798841028,50,0.0196078431372549,50,389.1314597129822
clip_l,imagenet,8,1000,0.07568305041708212,0.00035796129898325564,0.08498768450096231,0.003998385012926061,-0.009304634083880187,49,0.0392156862745098,50,418.449999332428
clip_l,imagenet,9,1000,0.07622487185432894,0.00030205937485123206,0.08499122817914362,0.003995039141780015,-0.008766356324814692,49,0.0392156862745098,50,471.3909637928009
clip_l,imagenet,10,1000,0.07428300830110843,0.00020071788095712569,0.08493133785953466,0.004003200359048031,-0.010648329558426234,50,0.0196078431372549,50,567.0863168239594
clip_l,imagenet,11,1000,0.07598825437616494,0.0003493641151065467,0.0849142770388277,0.003996757779730879,-0.008926022662662764,49,0.0392156862745098,50,506.94400715827936
clip_l,imagenet,12,1000,0.07573401433481873,0.00037563771682051154,0.0849414702732334,0.004006358916074087,-0.009207455938414669,49,0.0392156862745098,50,424.90026378631586
clip_l,imagenet,13,1000,0.0755700952756619,0.00037745416523919217,0.0849550434379204,0.0040073326806366535,-0.009384948162258502,49,0.0392156862745098,50,792.1737823486328
clip_l,imagenet,14,1000,0.07650267144988124,0.00035995544864142806,0.0849120246687737,0.0040021569771269356,-0.008409353218892468,48,0.05882352941176471,50,908.104250907898
clip_l,imagenet,15,1000,0.07636369322733369,0.000319466708667685,0.08494494052033401,0.004001870799972052,-0.008581247293000305,48,0.05882352941176471,50,802.5651617050171
clip_l,imagenet,16,1000,0.07546094454634958,0.00024633578154969934,0.08485672346320686,0.003999084863392337,-0.009395778916857278,49,0.0392156862745098,50,783.4495174884796
clip_l,imagenet,17,1000,0.07609674348446134,0.0004342918195408708,0.08496809398184613,0.004001337666986385,-0.008871350497384786,49,0.0392156862745098,50,813.1800925731659
clip_l,imagenet,18,1000,0.07602532542665921,0.00024659782130434895,0.08495109316779217,0.004003396433180326,-0.008925767741132962,49,0.0392156862745098,50,836.5495474338531
clip_l,imagenet,19,1000,0.07453686641181588,0.00041844049538674986,0.08497653151652634,0.003993840688497525,-0.010439665104710477,50,0.0196078431372549,50,745.5079400539398
clip_l,imagenet,20,1000,0.0747712378418694,0.00027789468501588044,0.08494372689228538,0.003995077310324194,-0.010172489050415984,50,0.0196078431372549,50,731.3589024543762
clip_l,imagenet,21,1000,0.07427748349496624,0.00029318001601070804,0.08498292993018712,0.003995020059601025,-0.010705446435220879,50,0.0196078431372549,50,693.6504828929901
clip_l,imagenet,22,1000,0.07582083883290325,0.00026477822301969594,0.08492316201980664,0.003997664734198358,-0.009102323186903393,49,0.0392156862745098,50,716.2063255310059
clip_l,imagenet,23,1000,0.07514278619897545,0.00026776480471025734,0.08494959353394424,0.003997189928188633,-0.009806807334968791,50,0.0196078431372549,50,725.1719362735747
clip_l,imagenet,24,1000,0.07571791960291972,0.00036401508387097465,0.08488100475863249,0.004001373807552228,-0.009163085155712763,49,0.0392156862745098,50,690.6852095127106
clip_l,imagenet,25,1000,0.0747093870060314,0.0003851883281516183,0.08495604036767647,0.004003538168133292,-0.01024665336164507,50,0.0196078431372549,50,703.7638280391693
clip_l,imagenet,26,1000,0.07628534037732973,0.0002875593510705198,0.0849104263403105,0.004000984895216765,-0.008625085962980769,48,0.05882352941176471,50,724.3447592258452
clip_l,imagenet,27,1000,0.07613714410220086,0.00039844840250804553,0.08494484118805043,0.003999191833483696,-0.008807697085849553,49,0.0392156862745098,50,680.5610737800597
clip_l,imagenet,28,1000,0.07631367177461437,0.00026868311519234565,0.08496802903348694,0.004002077993478528,-0.008654357258872564,48,0.05882352941176471,50,706.4690132141112
clip_l,imagenet,29,1000,0.07541099104417033,0.00035032155756695773,0.0850345996730301,0.004001099779538967,-0.009623608628859791,50,0.0196078431372549,50,664.4474608898163
dinov1_b,imagenet,-1,1000,0.0552455916591852,0.0003731814462132311,0.07578090719839509,0.0019893506026458408,-0.020535315539209884,50,0.0196078431372549,50,285.50430417060846
dinov1_b,imagenet,0,1000,0.0551614670183103,0.00041008772512891785,0.07541170015483836,0.001980787358744161,-0.02025023313652806,50,0.0196078431372549,50,303.7794947624206
dinov1_b,imagenet,1,1000,0.05521112358032556,0.00036423710377154187,0.07555145675542169,0.0019682212165586014,-0.020340333175096127,50,0.0196078431372549,50,288.5370032787323
dinov1_b,imagenet,2,1000,0.05474361424446837,0.0003122637490824795,0.07551035333778366,0.0019645036297886408,-0.0207667390933153,50,0.0196078431372549,50,279.06900358200073
dinov1_b,imagenet,3,1000,0.0550557432578363,0.0003988898169272276,0.07551437464303007,0.001976263563299993,-0.020458631385193767,50,0.0196078431372549,50,276.04047417640686
dinov1_b,imagenet,4,1000,0.055383747273541735,0.00046315935028303,0.07548249319690066,0.0019696248408464,-0.02009874592335892,50,0.0196078431372549,50,291.26899695396423
dinov1_b,imagenet,5,1000,0.05517139434973034,0.0004188888309990226,0.07538195219061414,0.0019679996371941037,-0.0202105578408838,50,0.0196078431372549,50,343.882297039032
dinov1_b,imagenet,6,1000,0.05534143036715914,0.0004243896084009388,0.07548513929877369,0.001962717967111722,-0.020143708931614556,50,0.0196078431372549,50,456.4006555080414
dinov1_b,imagenet,7,1000,0.05480423431471258,0.00032603529728771703,0.07544950828723873,0.0019672765239652007,-0.02064527397252615,50,0.0196078431372549,50,398.2075166702271
dinov1_b,imagenet,8,1000,0.054583559376016964,0.00035584662282649084,0.0754638410454891,0.0019674710427667547,-0.020880281669472138,50,0.0196078431372549,50,400.34444499015814
dinov1_b,imagenet,9,1000,0.05419739815761608,0.00037251783517072457,0.0754612629712774,0.0019686780414985426,-0.02126386481366133,50,0.0196078431372549,50,462.78646421432495
dinov1_b,imagenet,10,1000,0.05494021101341166,0.00028526621377592616,0.07540648593465679,0.001972201736977947,-0.020466274921245132,50,0.0196078431372549,50,574.5321307182313
dinov1_b,imagenet,11,1000,0.05464090142854215,0.00028503586684785695,0.0754827031294352,0.0019573114250462298,-0.02084180170089305,50,0.0196078431372549,50,509.74215936660767
dinov1_b,imagenet,12,1000,0.05496199885993512,0.000438484177536715,0.07550228097198272,0.001968237800145736,-0.02054028211204761,50,0.0196078431372549,50,425.4111318588257
dinov1_b,imagenet,13,1000,0.05533170751381557,0.0004910906855555228,0.07544407093932792,0.0019704640448813928,-0.02011236342551235,50,0.0196078431372549,50,880.4529752731323
dinov1_b,imagenet,14,1000,0.0549553465406693,0.0005514143113818669,0.07542534618073181,0.001975497850865057,-0.020469999640062502,50,0.0196078431372549,50,818.1387851238251
dinov1_b,imagenet,15,1000,0.05547108713406782,0.0003726365102309416,0.07549989773993765,0.001965080412945291,-0.020028810605869828,50,0.0196078431372549,50,795.1538455486298
dinov1_b,imagenet,16,1000,0.05492100932132403,0.000349672890847066,0.0754800223540505,0.0019663926172941147,-0.020559013032726475,50,0.0196078431372549,50,830.2022485733032
dinov1_b,imagenet,17,1000,0.054809965531404964,0.00035412140673782505,0.07539765655745627,0.0019646415795874037,-0.020587691026051298,50,0.0196078431372549,50,755.6834652423859
dinov1_b,imagenet,18,1000,0.05516450768105336,0.00023228634044870038,0.07542225086712337,0.0019756292178490873,-0.020257743186070033,50,0.0196078431372549,50,802.2528448104857
dinov1_b,imagenet,19,1000,0.055236573826938466,0.0003760688349492326,0.07553837215904982,0.0019693224735019537,-0.020301798332111348,50,0.0196078431372549,50,643.3051066398622
dinov1_b,imagenet,20,1000,0.05514440100022154,0.0004469466504194922,0.07543648146108467,0.001961241833092163,-0.020292080460863143,50,0.0196078431372549,50,714.6034867763519
dinov1_b,imagenet,21,1000,0.055099635638912715,0.0004089222040441092,0.07546229326448041,0.001953975793150813,-0.020362657625567687,50,0.0196078431372549,50,763.891651391983
dinov1_b,imagenet,22,1000,0.05486240904952325,0.00036003884761641176,0.07546690492431518,0.0019579200535081373,-0.020604495874791916,50,0.0196078431372549,50,711.3032102584839
dinov1_b,imagenet,23,1000,0.055179870915575836,0.000402067255035583,0.07549924858689577,0.001953981886258838,-0.02031937767131993,50,0.0196078431372549,50,716.9417452812195
dinov1_b,imagenet,24,1000,0.05512892691857586,0.00032308536060869083,0.07543018542344679,0.001973656109569013,-0.020301258504870925,50,0.0196078431372549,50,755.8533804416656
dinov1_b,imagenet,25,1000,0.0552891840717689,0.0002985417982562245,0.07545637441604798,0.0019594029896288613,-0.02016719034427906,50,0.0196078431372549,50,674.0574715137483
dinov1_b,imagenet,26,1000,0.05522238922451976,0.0004175873081244795,0.07544919857936258,0.0019680762947754424,-0.020226809354842813,50,0.0196078431372549,50,706.436202287674
dinov1_b,imagenet,27,1000,0.05473954584695436,0.00033763135064051334,0.0755136928583548,0.0019529260932167195,-0.02077414701140044,50,0.0196078431372549,50,728.6763877868652
dinov1_b,imagenet,28,1000,0.054878096958344016,0.0004118530895008664,0.07555521847120167,0.0019718018079912,-0.02067712151285766,50,0.0196078431372549,50,710.8180420398712
dinov1_b,imagenet,29,1000,0.0550587376723667,0.00035892515065744345,0.07548505096184516,0.0019722727109389407,-0.020426313289478457,50,0.0196078431372549,50,667.4604527950288
dinov2_b,imagenet,-1,1000,0.033561652366344834,0.00016182450755775234,0.050303745762056665,0.00045932082054983586,-0.01674209339571183,50,0.0196078431372549,50,293.12695908546453
dinov2_b,imagenet,0,1000,0.033876243919441884,0.00018412054779072185,0.050150433599471085,0.0004507620908712258,-0.016274189680029215,50,0.0196078431372549,50,296.63172054290766
dinov2_b,imagenet,1,1000,0.03368734957776416,0.00017764440855971438,0.05019365378323955,0.0004507534837753072,-0.016506304205475386,50,0.0196078431372549,50,285.55684995651245
dinov2_b,imagenet,2,1000,0.033595707657416256,0.0001931898804640453,0.05019325600472263,0.0004576498207885696,-0.016597548347306375,50,0.0196078431372549,50,274.02152967453003
dinov2_b,imagenet,3,1000,0.03340061701323846,0.00021107807179987587,0.050169509990783484,0.0004545693869054667,-0.01676889297754503,50,0.0196078431372549,50,269.58511328697205
dinov2_b,imagenet,4,1000,0.03346259162152985,0.00015455525535546525,0.05016664075800358,0.0004545000745365282,-0.016704049136473727,50,0.0196078431372549,50,286.5172786712646
dinov2_b,imagenet,5,1000,0.03365783580437779,0.00012234286787466103,0.05011809214933932,0.00045659994845746564,-0.01646025634496153,50,0.0196078431372549,50,316.7232449054718
dinov2_b,imagenet,6,1000,0.033952791900199904,0.00017441091089892804,0.0501817756891268,0.0004538202761611495,-0.01622898378892689,50,0.0196078431372549,50,463.94998908042913
dinov2_b,imagenet,7,1000,0.03400013673592367,0.0001656462814871495,0.0501581885325122,0.0004555049200556927,-0.01615805179658853,50,0.0196078431372549,50,415.58367705345154
dinov2_b,imagenet,8,1000,0.03348529013126876,0.00022537068158589828,0.050119598495005885,0.00045671449779995907,-0.01663430836373713,50,0.0196078431372549,50,405.9602921009064
dinov2_b,imagenet,9,1000,0.03391885024454828,0.00022815962450048168,0.05011344228015688,0.00045194272925133916,-0.0161945920356086,50,0.0196078431372549,50,449.9402782917023
dinov2_b,imagenet,10,1000,0.03371750815121318,0.0001952547124807344,0.05012968221496829,0.00045689512535578643,-0.01641217406375511,50,0.0196078431372549,50,579.3062348365784
dinov2_b,imagenet,11,1000,0.03357316652824755,0.0001787827245326861,0.050148747410940935,0.00045027549078188067,-0.016575580882693383,50,0.0196078431372549,50,522.2472245693207
dinov2_b,imagenet,12,1000,0.033846550479007066,0.00021092103390196466,0.05017416554447132,0.0004546808860169407,-0.016327615065464242,50,0.0196078431372549,50,413.257604598999
dinov2_b,imagenet,13,1000,0.033349663462208884,0.00018699308979196796,0.05016578876497897,0.0004585442926054893,-0.016816125302770088,50,0.0196078431372549,50,799.2879281044006
dinov2_b,imagenet,14,1000,0.03356783888691976,0.0001599898176143852,0.05015048610003845,0.0004591694146096667,-0.016582647213118692,50,0.0196078431372549,50,939.238754749298
dinov2_b,imagenet,15,1000,0.033665204373837736,0.0002515597936262973,0.05012102023834413,0.0004528055410033251,-0.016455815864506392,50,0.0196078431372549,50,818.9402234554291
dinov2_b,imagenet,16,1000,0.0337088658348442,0.000204368091313149,0.05010886896034855,0.0004509627954259573,-0.016400003125504353,50,0.0196078431372549,50,823.6718556880951
dinov2_b,imagenet,17,1000,0.03357288423627544,0.0001361630610910044,0.050135995854561466,0.00045816007353625314,-0.016563111618286025,50,0.0196078431372549,50,725.7268471717834
dinov2_b,imagenet,18,1000,0.03395463436653905,0.00017841911385174108,0.050151634890518534,0.0004555545218413978,-0.0161970005239795,50,0.0196078431372549,50,805.9347152709961
dinov2_b,imagenet,19,1000,0.033650993529594136,0.0001675890045749087,0.05016093203190903,0.0004582895585701863,-0.016509938502314886,50,0.0196078431372549,50,800.4020385742188
dinov2_b,imagenet,20,1000,0.03374481697398983,0.00021567085215153347,0.05015586703126977,0.0004592072078224193,-0.01641105005727994,50,0.0196078431372549,50,680.7796754837036
dinov2_b,imagenet,21,1000,0.033712426799240885,0.00015878227380908383,0.050158652828823085,0.0004557124172796874,-0.016446226029582192,50,0.0196078431372549,50,695.3385608196259
dinov2_b,imagenet,22,1000,0.03365345300379274,0.00021632870452675782,0.050129580601306366,0.00045730990021401437,-0.016476127597513636,50,0.0196078431372549,50,788.3793406486511
dinov2_b,imagenet,23,1000,0.0338756468987615,0.0002291553972441953,0.05018923218262273,0.0004574642989353793,-0.01631358528386123,50,0.0196078431372549,50,697.830441236496
dinov2_b,imagenet,24,1000,0.03368860333690495,0.00011964131856835616,0.05013745326900782,0.00045817689143339533,-0.01644884993210287,50,0.0196078431372549,50,739.0239472389221
dinov2_b,imagenet,25,1000,0.033827898554480186,0.00021832241832702562,0.05010873292689357,0.00045211870265746964,-0.016280834372413372,50,0.0196078431372549,50,779.8250668048859
dinov2_b,imagenet,26,1000,0.033326384711014484,0.00020828824848651234,0.05016815969295735,0.0004526834499661091,-0.016841774981942868,50,0.0196078431372549,50,706.0722370147705
dinov2_b,imagenet,27,1000,0.03386896265701538,0.0001807570270581304,0.05015938952946701,0.0004554105028375922,-0.016290426872451632,50,0.0196078431372549,50,686.7202961444855
dinov2_b,imagenet,28,1000,0.033512327601335365,0.00015286014763973618,0.05016371410372485,0.00045136884967604963,-0.016651386502389492,50,0.0196078431372549,50,685.0513286590576
dinov2_b,imagenet,29,1000,0.033604904230133334,0.00015702727561926392,0.05020145875203478,0.0004560720555472662,-0.016596554521901452,50,0.0196078431372549,50,625.9489898681642
dinov2_g,imagenet,-1,1000,0.03264781036605507,0.0004987619777615,0.04070135471691077,0.0003324112980713892,-0.008053544350855701,50,0.0196078431372549,50,536.7783057689667
dinov2_g,imagenet,0,1000,0.03271247545443397,0.00046976834231417014,0.040601406744994135,0.00033121515211885017,-0.007888931290560168,50,0.0196078431372549,50,507.5347983837128
dinov2_g,imagenet,1,1000,0.031754975166555004,0.00041093010113605715,0.0406238142703471,0.00033314773252923166,-0.008868839103792103,50,0.0196078431372549,50,485.9875099658966
dinov2_g,imagenet,2,1000,0.03215874983241615,0.0004319322365882745,0.04062744908924087,0.0003348284877075436,-0.008468699256824717,50,0.0196078431372549,50,627.7820620536803
dinov2_g,imagenet,3,1000,0.03214831934805716,0.00037317326980390337,0.04061612665515685,0.00033188229341855484,-0.008467807307099687,50,0.0196078431372549,50,779.853024482727
dinov2_g,imagenet,4,1000,0.032621175012008015,0.000404006428835645,0.04066171016295838,0.0003340380132791224,-0.008040535150950366,50,0.0196078431372549,50,736.1846737861632
dinov2_g,imagenet,5,1000,0.03201421282155113,0.000426400892370356,0.04057238041330498,0.00033043497324222515,-0.008558167591753846,50,0.0196078431372549,50,981.4129202365876
dinov2_g,imagenet,6,1000,0.03244934036171464,0.0003361221713903696,0.04063718654576332,0.00033199122395048816,-0.008187846184048685,50,0.0196078431372549,50,925.6691787242888
dinov2_g,imagenet,7,1000,0.03212015946686707,0.0003462287104440497,0.04064676473488425,0.00033320086605429926,-0.008526605268017176,50,0.0196078431372549,50,1578.2479202747345
dinov2_g,imagenet,8,1000,0.03228884966271641,0.0003829883498379993,0.04054948246604422,0.0003312488475964441,-0.008260632803327804,50,0.0196078431372549,50,1382.745255947113
dinov2_g,imagenet,9,1000,0.03207797120210327,0.00045124088198570745,0.040564975599597,0.00032868182178791267,-0.008487004397493732,50,0.0196078431372549,50,1401.3080637454987
dinov2_g,imagenet,10,1000,0.03261322741720786,0.0004513987918517088,0.040593673590131565,0.00033416474776121045,-0.007980446172923698,50,0.0196078431372549,50,1292.7980415821075
dinov2_g,imagenet,11,1000,0.032687183963337994,0.00039741455205127184,0.040583524731991706,0.0003305432937924843,-0.007896340768653712,50,0.0196078431372549,50,1268.0277850627901
dinov2_g,imagenet,12,1000,0.03231879665525249,0.0003798033616121228,0.040644550327555366,0.00033131389273470134,-0.008325753672302885,50,0.0196078431372549,50,1224.2676122188568
dinov2_g,imagenet,13,1000,0.03219745883415424,0.0003911667180712328,0.040600698138122435,0.00033184913080160127,-0.008403239303968198,50,0.0196078431372549,50,1219.825242519379
dinov2_g,imagenet,14,1000,0.032183611708360906,0.00035075119304170155,0.0406082957582625,0.00033269439928944577,-0.008424684049901592,50,0.0196078431372549,50,1255.0745046138766
dinov2_g,imagenet,15,1000,0.032129103712728715,0.0004457693641081066,0.04057968767034272,0.0003290845247007528,-0.008450583957614,50,0.0196078431372549,50,1285.8463110923767
dinov2_g,imagenet,16,1000,0.03234246219885056,0.0004342254970139769,0.04060772143551755,0.0003344617324721768,-0.008265259236666989,50,0.0196078431372549,50,1206.0622365474699
dinov2_g,imagenet,17,1000,0.03270523751395322,0.00045560367933018077,0.04060421650847694,0.00033142967438409886,-0.00789897899452372,50,0.0196078431372549,50,1053.4110052585602
dinov2_g,imagenet,18,1000,0.03291478676195618,0.00037733112948500254,0.04063753542349124,0.00033125351018641,-0.0077227486615350565,50,0.0196078431372549,50,896.7290470600128
dinov2_g,imagenet,19,1000,0.03171705337352012,0.0003515439515081512,0.040607699250762914,0.0003364273312500397,-0.008890645877242795,50,0.0196078431372549,50,869.4990644454956
dinov2_g,imagenet,20,1000,0.03271572007439057,0.0005360654112973985,0.040626873811305364,0.00033421815022426467,-0.007911153736914797,50,0.0196078431372549,50,838.1569309234619
dinov2_g,imagenet,21,1000,0.03258397676932863,0.00046188390704839387,0.040566516776360334,0.00033126984203293164,-0.007982540007031705,50,0.0196078431372549,50,682.6785805225372
dinov2_g,imagenet,22,1000,0.03174141405283976,0.0004460582598134512,0.040614434931187625,0.00033051636758600584,-0.008873020878347869,50,0.0196078431372549,50,679.1852569580077
dinov2_g,imagenet,23,1000,0.0321078897029658,0.0004455819302752581,0.04064650052639633,0.000333499157617284,-0.008538610823430534,50,0.0196078431372549,50,692.4908652305603
dinov2_g,imagenet,24,1000,0.03165107177026789,0.0004283664976320836,0.040616575881080766,0.0003301059132796113,-0.008965504110812879,50,0.0196078431372549,50,665.3693532943727
dinov2_g,imagenet,25,1000,0.03259604274775507,0.0004285271616838317,0.04053555576069519,0.0003305297122484647,-0.007939513012940116,50,0.0196078431372549,50,669.327602148056
dinov2_g,imagenet,26,1000,0.03170495755174156,0.00048292138337000526,0.040622374903620966,0.00033065871479175433,-0.008917417351879411,50,0.0196078431372549,50,699.0844438076019
dinov2_g,imagenet,27,1000,0.03244159421573722,0.000391233738689492,0.0405905356244784,0.00033294683365141,-0.00814894140874118,50,0.0196078431372549,50,569.4128620624542
dinov2_g,imagenet,28,1000,0.03174452169783591,0.00043339370129720717,0.040600721620984895,0.0003334166989619875,-0.008856199923148983,50,0.0196078431372549,50,487.6315519809723
dinov2_g,imagenet,29,1000,0.032375843482373316,0.00039304390602686636,0.040667231557717,0.00033103919736302034,-0.008291388075343686,50,0.0196078431372549,50,498.5073716640472
dinov2_l,imagenet,-1,1000,0.029723104229456367,0.00011737536245415696,0.043305935366915384,0.00039003512058614426,-0.013582831137459006,50,0.0196078431372549,50,846.7490317821503
dinov2_l,imagenet,0,1000,0.029771039037916863,0.00012126186535004693,0.04317583285406186,0.00038568782462330314,-0.013404793816144995,50,0.0196078431372549,50,763.1318652629852
dinov2_l,imagenet,1,1000,0.029675494217351512,7.73485082298664e-05,0.043210802267158746,0.0003861454015984778,-0.013535308049807234,50,0.0196078431372549,50,684.2538938522339
dinov2_l,imagenet,2,1000,0.029655875339371588,0.00011271865991470491,0.04321469830921936,0.00038522046189168053,-0.013558822969847764,50,0.0196078431372549,50,599.1168942451478
dinov2_l,imagenet,3,1000,0.02967187807596325,0.0001021284373973816,0.043207611667699146,0.0003896857074480731,-0.01353573359173589,50,0.0196078431372549,50,627.3384096622468
dinov2_l,imagenet,4,1000,0.029594121159985026,0.00010506955443965084,0.043213836208971415,0.00038672926737891007,-0.013619715048986382,50,0.0196078431372549,50,581.375385761261
dinov2_l,imagenet,5,1000,0.02967170005625493,0.00012213090971747298,0.0431569138209544,0.0003877463115636327,-0.013485213764699466,50,0.0196078431372549,50,484.82907605171204
dinov2_l,imagenet,6,1000,0.0298966878819972,0.00011203419849140454,0.04321570772928167,0.0003866472381398689,-0.013319019847284471,50,0.0196078431372549,50,536.2192826271057
dinov2_l,imagenet,7,1000,0.02953805089962942,0.00010447943752903484,0.04320008626743446,0.000385494232327242,-0.013662035367805045,50,0.0196078431372549,50,528.6084306240082
dinov2_l,imagenet,8,1000,0.02966244208764748,0.00011909334433192134,0.04313248937394596,0.00038538962836178386,-0.013470047286298477,50,0.0196078431372549,50,497.5671980381012
dinov2_l,imagenet,9,1000,0.029774443621626533,0.00012201317181845725,0.04317244753122052,0.0003840275864386783,-0.013398003909593982,50,0.0196078431372549,50,483.90283274650574
dinov2_l,imagenet,10,1000,0.029745667444269694,0.00015388507926070472,0.04317085694388786,0.00038647118059422663,-0.013425189499618169,50,0.0196078431372549,50,496.32226085662836
dinov2_l,imagenet,11,1000,0.02975601587428282,0.00013959440206538413,0.04315432366379672,0.0003844946228606853,-0.0133983077895139,50,0.0196078431372549,50,504.6680610179901
dinov2_l,imagenet,12,1000,0.029641211297187664,0.00014758151002182014,0.04320038125415062,0.0003855634290775442,-0.013559169956962956,50,0.0196078431372549,50,519.216281414032
dinov2_l,imagenet,13,1000,0.029844523734454325,0.00013174431827325006,0.043182805851795576,0.0003847351787497092,-0.013338282117341244,50,0.0196078431372549,50,450.20474457740784
dinov2_l,imagenet,14,1000,0.029932596378162743,0.00011514286608002172,0.04319128590836256,0.0003844515758358435,-0.013258689530199808,50,0.0196078431372549,50,362.88225054740906
dinov2_l,imagenet,15,1000,0.029596175348915205,0.00010009300277995104,0.04319672142944868,0.00038490458515288246,-0.013600546080533474,50,0.0196078431372549,50,365.8366720676422
dinov2_l,imagenet,16,1000,0.02967471721986962,0.00011792065990757732,0.0431872058707129,0.0003858127552847194,-0.013512488650843285,50,0.0196078431372549,50,406.7478835582733
dinov2_l,imagenet,17,1000,0.029931550985585413,0.00010717761760904743,0.04319079675885437,0.0003843007951252223,-0.013259245773268962,50,0.0196078431372549,50,342.63326978683466
dinov2_l,imagenet,18,1000,0.0299276779348762,0.00012903070544997678,0.04320036816818207,0.0003872906718864996,-0.013272690233305871,50,0.0196078431372549,50,294.2862331867218
dinov2_l,imagenet,19,1000,0.02971061916025919,8.943171926405429e-05,0.043206156518074544,0.0003864232518042008,-0.013495537357815356,50,0.0196078431372549,50,232.76623749732968
dinov2_l,imagenet,20,1000,0.0299143385902624,0.00011792369250519468,0.04319381835927366,0.0003870714671268183,-0.01327947976901126,50,0.0196078431372549,50,227.4020607471466
dinov2_l,imagenet,21,1000,0.02965854676094835,0.00011670122685197356,0.04315935300111777,0.0003848267515450459,-0.01350080624016942,50,0.0196078431372549,50,236.92561268806458
dinov2_l,imagenet,22,1000,0.02968366089600418,0.00010011482345100652,0.043192695356997685,0.00038711276631328383,-0.013509034460993509,50,0.0196078431372549,50,227.30135822296143
dinov2_l,imagenet,23,1000,0.02983941016286386,9.251255574102671e-05,0.043222588569639266,0.0003864727233295491,-0.013383178406775408,50,0.0196078431372549,50,194.55267214775085
dinov2_l,imagenet,24,1000,0.02955535757518108,9.282897299199432e-05,0.043189175440806735,0.00038548746630273845,-0.013633817865625654,50,0.0196078431372549,50,192.37528657913208
dinov2_l,imagenet,25,1000,0.029873654684623094,0.0001226780568179437,0.0431534628280327,0.0003824518875291387,-0.013279808143409604,50,0.0196078431372549,50,185.29054403305054
dinov2_l,imagenet,26,1000,0.029925224282391926,0.00011407445362148452,0.043195138529384634,0.00038644730840723567,-0.013269914246992715,50,0.0196078431372549,50,191.5542733669281
dinov2_l,imagenet,27,1000,0.02977441368722116,9.885484572280591e-05,0.04317132518720243,0.00038487038055084197,-0.013396911499981273,50,0.0196078431372549,50,167.2515556812286
dinov2_l,imagenet,28,1000,0.02943042137774624,0.00011113245661095515,0.04317468019669758,0.00038650117442140476,-0.013744258818951345,50,0.0196078431372549,50,163.5662264823914
dinov2_l,imagenet,29,1000,0.029653579589520886,0.0001212753409100346,0.043238035117061854,0.0003854456716875579,-0.013584455527540965,50,0.0196078431372549,50,134.43520617485044
dinov2_s,imagenet,-1,1000,0.05293377280502317,0.00023910565046815884,0.06916366924777781,0.0008804262865016603,-0.01622989644275464,50,0.0196078431372549,50,432.7869899272919
dinov2_s,imagenet,0,1000,0.0523034005176897,0.00027699258195578645,0.06888607827049363,0.0008689153887387289,-0.016582677752803927,50,0.0196078431372549,50,437.117743730545
dinov2_s,imagenet,1,1000,0.05291984679386876,0.000312549002501404,0.06891448754103087,0.0008678807300679591,-0.015994640747162128,50,0.0196078431372549,50,443.48227405548096
dinov2_s,imagenet,2,1000,0.0527044264687566,0.00021897238042330424,0.06889990043425591,0.0008591423859457152,-0.01619547396549931,50,0.0196078431372549,50,400.0008511543274
dinov2_s,imagenet,3,1000,0.0528524176967489,0.00024637986919592923,0.06889954135843497,0.000862487308554629,-0.01604712366168607,50,0.0196078431372549,50,325.65247607231134
dinov2_s,imagenet,4,1000,0.05334236559432104,0.00029254694608461584,0.06889426599807798,0.0008688869703365737,-0.015551900403756938,50,0.0196078431372549,50,335.6015121936798
dinov2_s,imagenet,5,1000,0.052776646107383036,0.00027012574720420424,0.06885127659958945,0.0008588291213211015,-0.01607463049220641,50,0.0196078431372549,50,319.9983212947845
dinov2_s,imagenet,6,1000,0.053269920264199376,0.00018706310811761472,0.06893173408607557,0.0008641655684926747,-0.015661813821876196,50,0.0196078431372549,50,337.9506237506866
dinov2_s,imagenet,7,1000,0.052920991999147904,0.00017139588090654922,0.06891735100296513,0.0008662885975141366,-0.015996359003817212,50,0.0196078431372549,50,339.92021560668945
dinov2_s,imagenet,8,1000,0.052186330644487064,0.00017822469407110354,0.06886338457275279,0.0008585749043110883,-0.016677053928265732,50,0.0196078431372549,50,324.4452488422394
dinov2_s,imagenet,9,1000,0.053292485701705285,0.00021840539510854069,0.06886630094111149,0.0008597339751718539,-0.015573815239406194,50,0.0196078431372549,50,299.9528160095215
dinov2_s,imagenet,10,1000,0.052999370465180426,0.00025772938862502815,0.0689000070221969,0.0008619987633882287,-0.01590063655701647,50,0.0196078431372549,50,303.3362901210785
dinov2_s,imagenet,11,1000,0.05247125444537528,0.00023267554935253143,0.06887605302057914,0.00085676140515383,-0.016404798575203862,50,0.0196078431372549,50,206.9737980365753
dinov2_s,imagenet,12,1000,0.052572043292271935,0.0002189044463161487,0.06892478600592239,0.0008567214669589957,-0.016352742713650458,50,0.0196078431372549,50,259.45971155166626
dinov2_s,imagenet,13,1000,0.0528601011529028,0.00030848774872554866,0.06886604579779709,0.0008637971843588258,-0.0160059446448943,50,0.0196078431372549,50,245.2519249916077
dinov2_s,imagenet,14,1000,0.05244760840044577,0.00021668283709845468,0.0688756595385776,0.0008571615901253418,-0.016428051138131842,50,0.0196078431372549,50,245.7241637706757
dinov2_s,imagenet,15,1000,0.05295754085825756,0.00026733974614631033,0.06884294334890248,0.0008578100733365781,-0.01588540249064491,50,0.0196078431372549,50,249.9292688369751
dinov2_s,imagenet,16,1000,0.05280850111127825,0.0002065663068808387,0.06881084639051008,0.0008457802261719014,-0.016002345279231826,50,0.0196078431372549,50,260.53161430358887
dinov2_s,imagenet,17,1000,0.053234234661178784,0.0002834289199314242,0.06885508476055971,0.0008622102392040883,-0.015620850099380926,50,0.0196078431372549,50,268.56909132003784
dinov2_s,imagenet,18,1000,0.052860482113987535,0.00021027895568294104,0.06886680836523755,0.0008534394236948356,-0.016006326251250008,50,0.0196078431372549,50,259.39884376525885
dinov2_s,imagenet,19,1000,0.052578994807592885,0.0002685660819133541,0.06887141046038747,0.0008704632751027003,-0.01629241565279458,50,0.0196078431372549,50,260.8897285461426
dinov2_s,imagenet,20,1000,0.05330418010623776,0.0003364823198228577,0.06884257024527245,0.0008718178256834191,-0.015538390139034691,50,0.0196078431372549,50,247.99971771240237
dinov2_s,imagenet,21,1000,0.05335714627009792,0.00025072749592751933,0.06888171832497504,0.0008633532100442581,-0.015524572054877115,50,0.0196078431372549,50,253.5435860157013
dinov2_s,imagenet,22,1000,0.05268216352382592,0.00023072769610454335,0.0688347902692343,0.0008601349854121075,-0.016152626745408374,50,0.0196078431372549,50,240.011239528656
dinov2_s,imagenet,23,1000,0.05326345633303185,0.0002263166223528543,0.06888498938381778,0.0008653691303258747,-0.015621533050785926,50,0.0196078431372549,50,283.63259530067444
dinov2_s,imagenet,24,1000,0.052164897826851436,0.0002433515607666194,0.06886289662457085,0.000864172112804955,-0.016697998797719403,50,0.0196078431372549,50,246.75663018226624
dinov2_s,imagenet,25,1000,0.05307082976638696,0.0002881759369114076,0.06884837614814522,0.0008543648761393065,-0.015777546381758274,50,0.0196078431372549,50,273.4503095149994
dinov2_s,imagenet,26,1000,0.052460930068660885,0.0002651515589443322,0.06889332387198714,0.0008576198694054378,-0.01643239380332625,50,0.0196078431372549,50,249.434499502182
dinov2_s,imagenet,27,1000,0.05240869201261929,0.0001910932260076448,0.06887023116449903,0.0008694310399842881,-0.016461539151879732,50,0.0196078431372549,50,222.9508938789368
dinov2_s,imagenet,28,1000,0.052442763943217514,0.0002504419156915253,0.06893226521334428,0.0008662658527517713,-0.016489501270126772,50,0.0196078431372549,50,236.3078498840332
dinov2_s,imagenet,29,1000,0.05261994183744545,0.0001954780821365904,0.06889491561159705,0.000869288327331118,-0.016274973774151602,50,0.0196078431372549,50,210.68227458000183
i21k_b,imagenet,-1,1000,0.05393620095877087,0.00019941582908156085,0.07018126842644758,0.0027586625147194275,-0.016245067467676705,50,0.0196078431372549,50,296.61989641189575
i21k_b,imagenet,0,1000,0.054299847910280266,0.0002182070586776435,0.06962162077270748,0.002709844827956266,-0.015321772862427203,50,0.0196078431372549,50,301.11708736419683
i21k_b,imagenet,1,1000,0.05339072147402886,0.00021058767276872268,0.06959780447470053,0.0027129195749273963,-0.016207083000671668,50,0.0196078431372549,50,282.24435138702387
i21k_b,imagenet,2,1000,0.05386366429172272,0.00020140288768406216,0.06968108460343247,0.0027177985126164944,-0.01581742031170976,50,0.0196078431372549,50,275.7319576740265
i21k_b,imagenet,3,1000,0.05453911483457483,0.00023391267278353336,0.06981291341753683,0.002723277683920742,-0.015273798582961996,50,0.0196078431372549,50,273.16071701049805
i21k_b,imagenet,4,1000,0.054773308753762205,0.00021969114331409355,0.06984993031599833,0.0027295810824237,-0.01507662156223611,50,0.0196078431372549,50,285.2509047985077
i21k_b,imagenet,5,1000,0.053908014154263835,0.0001726628476759634,0.06972851963774414,0.0027167130376022012,-0.015820505483480296,50,0.0196078431372549,50,325.14220166206366
i21k_b,imagenet,6,1000,0.05423244716444578,0.00023452380871506162,0.0696583178073822,0.002715090052990693,-0.015425870642936412,50,0.0196078431372549,50,456.88534331321716
i21k_b,imagenet,7,1000,0.05323030714008605,0.00018818384331033522,0.06966996223065039,0.0027157948489711066,-0.016439655090564345,50,0.0196078431372549,50,395.13168001174927
i21k_b,imagenet,8,1000,0.05410606743147986,0.0001916812735419452,0.06979553518809106,0.0027271815130271407,-0.015689467756611196,50,0.0196078431372549,50,395.0636596679688
i21k_b,imagenet,9,1000,0.05406287064469417,0.0001891665501799839,0.06967099910093763,0.002720719930184913,-0.015608128456243459,50,0.0196078431372549,50,458.31148552894587
i21k_b,imagenet,10,1000,0.053922077370548514,0.00019616034415779267,0.06976644458268194,0.002722013968386141,-0.015844367212133427,50,0.0196078431372549,50,572.8393905162811
i21k_b,imagenet,11,1000,0.05440356528581965,0.0002331549756351657,0.06981259020596814,0.0027164310995294355,-0.015409024920148487,50,0.0196078431372549,50,542.5012369155884
i21k_b,imagenet,12,1000,0.05441081119221729,0.00019398177472352424,0.06973955205125715,0.0027194558781104424,-0.015328740859039859,50,0.0196078431372549,50,386.9127135276794
i21k_b,imagenet,13,1000,0.053000488670784704,0.00017128287744713202,0.06970353726535045,0.0027170252908829337,-0.016703048594565742,50,0.0196078431372549,50,769.920170545578
i21k_b,imagenet,14,1000,0.05467606370841208,0.0002463909416713997,0.0697016807337871,0.0027251286122828623,-0.01502561702537502,50,0.0196078431372549,50,943.641312122345
i21k_b,imagenet,15,1000,0.0525192825169154,0.00016298886094705652,0.06986069866733599,0.002723880133721993,-0.0173414161504206,50,0.0196078431372549,50,830.5585608482361
i21k_b,imagenet,16,1000,0.05411391697420757,0.00021876891722393148,0.06975341440104056,0.0027163963549830506,-0.015639497426832998,50,0.0196078431372549,50,790.5500855445862
i21k_b,imagenet,17,1000,0.053480372195075655,0.00019240344542370148,0.06971163658796248,0.0027131600644134555,-0.016231264392886822,50,0.0196078431372549,50,808.1823379993439
i21k_b,imagenet,18,1000,0.054486705657281816,0.00020788797077018692,0.06967403590620297,0.002709305357556549,-0.015187330248921174,50,0.0196078431372549,50,775.059469461441
i21k_b,imagenet,19,1000,0.05469664389201525,0.00021524302834140501,0.06979018340545308,0.0027215036097321945,-0.015093539513437832,50,0.0196078431372549,50,773.8218142986298
i21k_b,imagenet,20,1000,0.05464062521082454,0.00019667034106044868,0.0696983655603388,0.0027173078221669014,-0.015057740349514263,50,0.0196078431372549,50,692.048047542572
i21k_b,imagenet,21,1000,0.0544254432042576,0.00017271295216896978,0.06975887509661181,0.0027180280849497204,-0.015333431892354218,50,0.0196078431372549,50,749.8191571235657
i21k_b,imagenet,22,1000,0.05381623485637689,0.00026002228191914807,0.06967045895694132,0.0027158056597565853,-0.015854224100564432,50,0.0196078431372549,50,666.4065632820128
i21k_b,imagenet,23,1000,0.054354103884394885,0.0002755664981084669,0.06978693369286,0.002722117467454429,-0.015432829808465125,50,0.0196078431372549,50,677.7573280334473
i21k_b,imagenet,24,1000,0.05255134778856886,0.00018338833655082894,0.0696918780959889,0.002721535983859111,-0.01714053030742004,50,0.0196078431372549,50,693.6809861660004
i21k_b,imagenet,25,1000,0.05442838529831898,0.0001967190748293245,0.06973467731665582,0.0027244544800969013,-0.015306292018336838,50,0.0196078431372549,50,727.9035131931305
i21k_b,imagenet,26,1000,0.05379038874225242,0.00020090306826664982,0.06963128232986432,0.002716923640201093,-0.015840893587611902,50,0.0196078431372549,50,684.3404700756072
i21k_b,imagenet,27,1000,0.05355887484990294,0.00017905589271261765,0.06971179704491477,0.0027153590862239395,-0.01615292219501183,50,0.0196078431372549,50,679.7605109214783
i21k_b,imagenet,28,1000,0.053433335678273394,0.00024399496758855716,0.06974886850478948,0.002722675627230961,-0.016315532826516085,50,0.0196078431372549,50,673.8959884643555
i21k_b,imagenet,29,1000,0.05462060856055575,0.00019235113473830792,0.0697997520780686,0.002721810368883933,-0.015179143517512853,50,0.0196078431372549,50,708.1308889389038
i21k_l,imagenet,-1,1000,0.05545452090601352,0.00017080526901697715,0.07126934884056743,0.002837692855463617,-0.015814827934553917,50,0.0196078431372549,50,821.2620797157288
i21k_l,imagenet,0,1000,0.05500449071209298,0.00016055026052825202,0.07065675181398624,0.0027902119321357713,-0.015652261101893262,50,0.0196078431372549,50,835.6966321468352
i21k_l,imagenet,1,1000,0.05475058937278902,0.0001530106571421689,0.0706875618004957,0.002785866509551125,-0.015936972427706676,50,0.0196078431372549,50,634.0974917411803
i21k_l,imagenet,2,1000,0.05501872187493472,0.0001348271306559984,0.07069777563494463,0.002791194876589902,-0.01567905376000991,50,0.0196078431372549,50,614.9116170406343
i21k_l,imagenet,3,1000,0.05514181431840034,0.0001381659044433193,0.07073368985054111,0.0027951115102798985,-0.015591875532140776,50,0.0196078431372549,50,657.9827063083649
i21k_l,imagenet,4,1000,0.05469953915960807,0.00018366403621817933,0.07079419941335964,0.0027984394474310672,-0.016094660253751572,50,0.0196078431372549,50,628.056688785553
i21k_l,imagenet,5,1000,0.0553162938005228,0.0001720031751680701,0.07066774520102441,0.0027790601067654176,-0.015351451400501613,50,0.0196078431372549,50,531.2410271167755
i21k_l,imagenet,6,1000,0.05479142754521865,0.00013823977031245018,0.07070417434410352,0.0027874328712167115,-0.015912746798884866,50,0.0196078431372549,50,534.6193561553955
i21k_l,imagenet,7,1000,0.054452750280631436,0.00013902893015579218,0.07072286684430014,0.002784055742325532,-0.016270116563668703,50,0.0196078431372549,50,471.5079264640808
i21k_l,imagenet,8,1000,0.0548230910717798,0.00024558627893605183,0.07071874841678284,0.002786566290416143,-0.015895657345003048,50,0.0196078431372549,50,515.8058557510376
i21k_l,imagenet,9,1000,0.05436938499847825,0.00020495468801255475,0.07061580596722522,0.002796648698075669,-0.016246420968746983,50,0.0196078431372549,50,509.13530707359314
i21k_l,imagenet,10,1000,0.05538766107861417,0.00019575679094898133,0.07069399689043121,0.0027934617723508826,-0.015306335811817041,50,0.0196078431372549,50,495.61009645462036
i21k_l,imagenet,11,1000,0.0553371972734857,0.0001958999612266718,0.07079885480966247,0.002787511199524094,-0.015461657536176782,50,0.0196078431372549,50,521.7892670631409
i21k_l,imagenet,12,1000,0.0549006099072847,0.00012238173885625989,0.07079731948338568,0.0027957698198712803,-0.015896709576100974,50,0.0196078431372549,50,502.509702205658
i21k_l,imagenet,13,1000,0.05514793507409392,0.00014895582229462216,0.07070277003090489,0.002786719485885731,-0.015554834956810974,50,0.0196078431372549,50,434.2166612148285
i21k_l,imagenet,14,1000,0.05499310237636799,0.00018604648602350268,0.07062436690104835,0.0027896578021645467,-0.015631264524680367,50,0.0196078431372549,50,370.8923900127411
i21k_l,imagenet,15,1000,0.054358406155579866,0.00022497927553335586,0.07073646249851154,0.0028000646797039204,-0.016378056342931664,50,0.0196078431372549,50,362.59781980514526
i21k_l,imagenet,16,1000,0.05516517798182461,0.00015983522008465516,0.07068746791341618,0.0027865366453982856,-0.015522289931591556,50,0.0196078431372549,50,344.3367609977722
i21k_l,imagenet,17,1000,0.055301081381663834,0.00022780273009619301,0.07067930830183843,0.0027775448772469377,-0.015378226920174584,50,0.0196078431372549,50,317.01071023941034
i21k_l,imagenet,18,1000,0.05546231030321045,0.00010784399750762876,0.07067355933093132,0.0027899991884419504,-0.015211249027720884,50,0.0196078431372549,50,315.89357757568365
i21k_l,imagenet,19,1000,0.05550104482197443,0.00019212142209058784,0.07079085696927014,0.00278806484762633,-0.015289812147295703,50,0.0196078431372549,50,257.51515865325933
i21k_l,imagenet,20,1000,0.053922810589910684,0.0001977516898897944,0.07069189633116571,0.002784337398741732,-0.016769085741255026,50,0.0196078431372549,50,230.9809353351593
i21k_l,imagenet,21,1000,0.05409233153122113,0.0002273156722426585,0.07067238252214751,0.0027847290468316914,-0.01658005099092638,50,0.0196078431372549,50,237.2063910961151
i21k_l,imagenet,22,1000,0.05575660048382549,0.00011861004888000508,0.07070304181179969,0.002789318306157636,-0.0149464413279742,50,0.0196078431372549,50,214.7231547832489
i21k_l,imagenet,23,1000,0.05508813866337477,0.00012546656359670337,0.07077812600790143,0.0027933031720793803,-0.015689987344526653,50,0.0196078431372549,50,213.06635451316836
i21k_l,imagenet,24,1000,0.05500416406507468,0.00018412243800010583,0.07072630488402441,0.002799133855282257,-0.015722140818949737,50,0.0196078431372549,50,192.8506860733032
i21k_l,imagenet,25,1000,0.05516764212760803,0.0002060187705762581,0.07065797841109654,0.00278787959760986,-0.015490336283488509,50,0.0196078431372549,50,191.12113857269287
i21k_l,imagenet,26,1000,0.05507543121583185,0.00015316227858924367,0.07066751776628323,0.00278757717817762,-0.015592086550451368,50,0.0196078431372549,50,189.18729662895203
i21k_l,imagenet,27,1000,0.05480321099821223,0.0002549956665945937,0.07073605841165252,0.0027876449992901963,-0.015932847413440296,50,0.0196078431372549,50,176.01761054992676
i21k_l,imagenet,28,1000,0.05507766701250225,0.00017341420918629184,0.070717412149798,0.0027923122423354372,-0.015639745137295748,50,0.0196078431372549,50,161.13746047019958
i21k_l,imagenet,29,1000,0.054577162519754883,0.00011864659392990484,0.07070192629641006,0.002786956296508861,-0.016124763776655178,50,0.0196078431372549,50,155.79853415489197
i21k_s,imagenet,-1,1000,0.06289278478250815,0.00026560569479597545,0.07534224109031132,0.0030346473083308965,-0.01244945630780317,50,0.0196078431372549,50,513.2588970661163
i21k_s,imagenet,0,1000,0.06457836210081813,0.0002543415249366631,0.07495820229056509,0.0029965516736443426,-0.010379840189746956,50,0.0196078431372549,50,536.2484121322632
i21k_s,imagenet,1,1000,0.06299009295955793,0.0002500471918371427,0.07497632503614968,0.002995078832919002,-0.011986232076591745,50,0.0196078431372549,50,529.3643050193787
i21k_s,imagenet,2,1000,0.06395472993476037,0.00020486640856395518,0.07498951402143098,0.0030043065355692053,-0.011034784086670591,50,0.0196078431372549,50,520.3409531116487
i21k_s,imagenet,3,1000,0.06293568758932819,0.0002194892558435809,0.0751385832208397,0.0030018326855404693,-0.012202895631511515,50,0.0196078431372549,50,470.4437429904938
i21k_s,imagenet,4,1000,0.06351555489680641,0.0001693659246777704,0.0751423176120019,0.0030040733328797423,-0.011626762715195485,50,0.0196078431372549,50,453.3765697479248
i21k_s,imagenet,5,1000,0.06194439450246408,0.000387374139070159,0.0749932502747841,0.002988933137121457,-0.013048855772320013,50,0.0196078431372549,50,504.59797549247736
i21k_s,imagenet,6,1000,0.06318545709719843,0.0002956410660599919,0.074998258860921,0.0029956055772978113,-0.011812801763722569,50,0.0196078431372549,50,479.9419779777527
i21k_s,imagenet,7,1000,0.06341493991565597,0.0002397406325978753,0.07497989567349554,0.0029950522083814603,-0.01156495575783957,50,0.0196078431372549,50,459.10244369506836
i21k_s,imagenet,8,1000,0.0633922163124268,0.00023668076817884184,0.07505857442431704,0.0030038469860590553,-0.011666358111890249,50,0.0196078431372549,50,481.0583894252777
i21k_s,imagenet,9,1000,0.06240766902682963,0.00021293587907391884,0.0750363376200029,0.0030125095325998523,-0.012628668593173277,50,0.0196078431372549,50,473.41217708587646
i21k_s,imagenet,10,1000,0.06298819677463419,0.00024174952185404214,0.07510796326484409,0.002994247230172343,-0.012119766490209904,50,0.0196078431372549,50,456.5225691795349
i21k_s,imagenet,11,1000,0.06340396181191102,0.0002755014579400432,0.07511458589038691,0.002986283562745748,-0.011710624078475895,50,0.0196078431372549,50,487.5037684440613
i21k_s,imagenet,12,1000,0.06290437864882213,0.00017455155818864857,0.07507263092686406,0.0029956983519242642,-0.012168252278041929,50,0.0196078431372549,50,466.50402998924255
i21k_s,imagenet,13,1000,0.06312113236245534,0.00025383219273479086,0.07506142237700184,0.0030103456125191,-0.011940290014546495,50,0.0196078431372549,50,440.0312306880951
i21k_s,imagenet,14,1000,0.06316519137098818,0.00026554032211368217,0.07496522863660211,0.0030040477131395463,-0.011800037265613949,50,0.0196078431372549,50,491.08846139907837
i21k_s,imagenet,15,1000,0.061598983599060325,0.0001100586640882062,0.07508155956052644,0.003004615004607541,-0.013482575961466105,50,0.0196078431372549,50,456.8922290802002
i21k_s,imagenet,16,1000,0.061659660012864874,0.0002720506327801201,0.07508804254249313,0.003000116035847305,-0.013428382529628259,50,0.0196078431372549,50,499.39014625549316
i21k_s,imagenet,17,1000,0.0627252707178906,0.00025879221781034006,0.07501701337336243,0.0029957054703080373,-0.012291742655471838,50,0.0196078431372549,50,471.8545315265656
i21k_s,imagenet,18,1000,0.0621614579809016,0.0002784900141987674,0.07500778148106274,0.0029968662588528427,-0.012846323500161141,50,0.0196078431372549,50,404.9852757453919
i21k_s,imagenet,19,1000,0.06352353821955939,0.00033929051632438213,0.07508422718880989,0.0029992677996325268,-0.0115606889692505,50,0.0196078431372549,50,413.12447834014887
i21k_s,imagenet,20,1000,0.06357914591281913,0.0002725078530904321,0.07498942729688497,0.0029967537394587837,-0.011410281384065857,50,0.0196078431372549,50,434.342764377594
i21k_s,imagenet,21,1000,0.06251867561110466,0.00027513926377103337,0.0750921108334464,0.002992596313891241,-0.012573435222341736,50,0.0196078431372549,50,380.8062219619751
i21k_s,imagenet,22,1000,0.0620986408653565,0.00028471658306669553,0.07499229047052319,0.002992489348301591,-0.012893649605166688,50,0.0196078431372549,50,352.09590339660645
i21k_s,imagenet,23,1000,0.06298818992027584,0.00030504436654443015,0.07511139815981094,0.0030019323098210387,-0.012123208239535095,50,0.0196078431372549,50,325.0425863265991
i21k_s,imagenet,24,1000,0.06334662424477833,0.00019355245724691047,0.07497962210242125,0.002999481720932079,-0.011632997857642921,50,0.0196078431372549,50,340.46518349647516
i21k_s,imagenet,25,1000,0.06322292185858648,0.0002461560821024057,0.07498071023336485,0.0030029629438458865,-0.01175778837477838,50,0.0196078431372549,50,325.6205034255981
i21k_s,imagenet,26,1000,0.06318725407613003,0.00033092502352193167,0.07497343759752223,0.0030109153523354307,-0.011786183521392185,50,0.0196078431372549,50,312.8996706008911
i21k_s,imagenet,27,1000,0.06331491480230719,0.0003748646794358851,0.07501607380307397,0.0030073284524279385,-0.011701159000766792,50,0.0196078431372549,50,342.1890823841095
i21k_s,imagenet,28,1000,0.06308240268432552,0.0002648032025715455,0.0750173353859602,0.0029988058460732165,-0.011934932701634676,50,0.0196078431372549,50,358.51633620262146
i21k_s,imagenet,29,1000,0.06289704358297142,0.00030227105907527945,0.07510871712446557,0.0030021171146749704,-0.01221167354149416,50,0.0196078431372549,50,325.93631172180176
i21k_t,imagenet,-1,1000,0.08783908467353604,0.0003035147351940353,0.09314192998040813,0.004223125180632758,-0.005302845306872085,45,0.1176470588235294,50,166.46738123893738
i21k_t,imagenet,0,1000,0.08871234529085162,0.00020467586397463289,0.09283505890321428,0.004192524332322446,-0.004122713612362647,42,0.17647058823529413,50,171.32757019996643
i21k_t,imagenet,1,1000,0.08813615954847576,0.00027444902672241233,0.09284942320185627,0.004190212473030144,-0.0047132636533805256,43,0.1568627450980392,50,167.20101284980777
i21k_t,imagenet,2,1000,0.08825121396751084,0.000274274350695764,0.09290270488207016,0.004193076655584578,-0.004651490914559325,43,0.1568627450980392,50,171.31044816970825
i21k_t,imagenet,3,1000,0.08815991581521271,0.0002667712050790312,0.09290539602279403,0.00420232264789909,-0.0047454802075813365,44,0.13725490196078433,50,158.89229011535645
i21k_t,imagenet,4,1000,0.08773761629263369,0.00018304839422059516,0.092995728829432,0.004204604657386042,-0.0052581125367983225,45,0.1176470588235294,50,159.23394203186038
i21k_t,imagenet,5,1000,0.0868633029732125,0.0003835105856900434,0.09294484070834948,0.0041921448697496,-0.006081537735136977,45,0.1176470588235294,50,159.17087197303772
i21k_t,imagenet,6,1000,0.08861024634182388,0.0003196221388450352,0.09287895336211692,0.004194994646446125,-0.004268707020293056,42,0.17647058823529413,50,158.56964492797854
i21k_t,imagenet,7,1000,0.08825132645881831,0.00021615576974008002,0.09287882994904594,0.004187753101406065,-0.004627503490227627,43,0.1568627450980392,50,160.25123286247253
i21k_t,imagenet,8,1000,0.08791781785418654,0.00012635533437992184,0.09297220655416268,0.004195125983762168,-0.0050543886999761395,45,0.1176470588235294,50,167.64292669296262
i21k_t,imagenet,9,1000,0.08827591879467908,0.0002861132419531353,0.09291740385926256,0.004189190910610172,-0.004641485064583492,43,0.1568627450980392,50,153.91573548316956
i21k_t,imagenet,10,1000,0.0884536193837857,0.0002994865074749719,0.0929525777156607,0.004200037134329365,-0.004498958331875011,43,0.1568627450980392,50,184.16384482383728
i21k_t,imagenet,11,1000,0.08866358082913604,0.00024702489323429446,0.09294683984776712,0.004187602071845853,-0.0042832590186310795,42,0.17647058823529413,50,235.57643628120425
i21k_t,imagenet,12,1000,0.0879209130568251,0.00022873180470865787,0.09296869534243248,0.0041979111788889795,-0.005047782285607372,45,0.1176470588235294,50,311.8281998634338
i21k_t,imagenet,13,1000,0.0868407665112831,0.00021436873841469768,0.09291840147174922,0.004195455076620608,-0.006077634960466122,45,0.1176470588235294,50,234.94334745407104
i21k_t,imagenet,14,1000,0.08848605330455518,0.00035139571618862084,0.09281099566449594,0.004199742493884447,-0.00432494235994077,42,0.17647058823529413,50,240.81438946723938
i21k_t,imagenet,15,1000,0.0857287932309163,0.00030222334180757563,0.09287710312062042,0.004206757541634794,-0.0071483098897041205,47,0.0784313725490196,50,240.2291488647461
i21k_t,imagenet,16,1000,0.0879830079638667,0.00019212811280594909,0.09298285702290272,0.004193081573752155,-0.004999849059036028,45,0.1176470588235294,50,268.9025232791901
i21k_t,imagenet,17,1000,0.08707660120500685,0.00024925945560561285,0.09296021104583067,0.004189782669452441,-0.005883609840823839,45,0.1176470588235294,50,292.90985131263733
i21k_t,imagenet,18,1000,0.0869061116225621,0.0002249948072841605,0.09284858179730704,0.0041948370668742725,-0.00594247017474496,45,0.1176470588235294,50,347.2179057598114
i21k_t,imagenet,19,1000,0.08850467740484583,0.00027160852550705953,0.09299518983003548,0.004195153331881384,-0.004490512425189663,43,0.1568627450980392,50,347.6074812412262
i21k_t,imagenet,20,1000,0.0867661327834087,0.0002471891855908519,0.09290303809372924,0.004187146680842978,-0.006136905310320545,45,0.1176470588235294,50,311.5260803699493
i21k_t,imagenet,21,1000,0.08786221299709153,0.0003566381186689229,0.0930268894702235,0.0041875371553495595,-0.005164676473131971,45,0.1176470588235294,50,251.22013306617737
i21k_t,imagenet,22,1000,0.08607554103860318,0.0002386148161546316,0.09291650198231266,0.004197599425203814,-0.006840960943709479,47,0.0784313725490196,50,227.83486533164975
i21k_t,imagenet,23,1000,0.08599012611014853,0.00028198299270886765,0.09298876753885588,0.0041869751736448545,-0.006998641428707361,47,0.0784313725490196,50,443.4772944450378
i21k_t,imagenet,24,1000,0.08964068413596467,0.0002791437448977421,0.09278908289883443,0.004201864264953618,-0.003148398762869778,39,0.2352941176470588,50,517.8991537094116
i21k_t,imagenet,25,1000,0.09017172649358604,0.0002600611226230025,0.09285870262581873,0.0042004778442926395,-0.002686976132232705,38,0.2549019607843137,50,528.9286725521089
i21k_t,imagenet,26,1000,0.08891024533179932,0.00028117670775771957,0.09287888200303436,0.004200866727978921,-0.0039686366712350365,42,0.17647058823529413,50,527.2762875556947
i21k_t,imagenet,27,1000,0.08858782617844184,0.00031240808253448063,0.0929028616675577,0.004194271048897677,-0.004315035489115868,42,0.17647058823529413,50,440.5483753681183
i21k_t,imagenet,28,1000,0.08918203451871347,0.00030747461867485247,0.09295261321281212,0.004199774173707736,-0.003770578694098664,41,0.19607843137254904,50,472.98657727241516
i21k_t,imagenet,29,1000,0.08884039206646249,0.0002581851267881017,0.09284320690539966,0.0042063650555930684,-0.004002814838937163,42,0.17647058823529413,50,454.40467643737793
siglip_b,imagenet,-1,1000,0.07474222652776473,0.00034010496388139314,0.08241787222120346,0.00429621203291529,-0.007675645693438746,48,0.05882352941176471,50,686.7162613868712
siglip_b,imagenet,0,1000,0.07540736850826357,0.00020310879668252805,0.08205842677858304,0.004262131919413973,-0.0066510582703194635,46,0.09803921568627452,50,616.4920721054077
siglip_b,imagenet,1,1000,0.07333498231613005,0.00020517628558937902,0.08203801474047619,0.0042556089835683675,-0.008703032424346141,49,0.0392156862745098,50,567.7874934673308
siglip_b,imagenet,2,1000,0.07457093064164974,0.00024623050323702866,0.08211801725534265,0.004263331359899606,-0.00754708661369291,48,0.05882352941176471,50,514.2652978897095
siglip_b,imagenet,3,1000,0.07314253396194319,0.00024910685399055543,0.08214910339348629,0.004260917997036685,-0.009006569431543099,49,0.0392156862745098,50,496.7274911403656
siglip_b,imagenet,4,1000,0.07421130301104617,0.00030892917509213664,0.0822094790427472,0.0042605434063758,-0.007998176031701026,48,0.05882352941176471,50,482.2823967933655
siglip_b,imagenet,5,1000,0.07448955281804162,0.00021932889474158418,0.08217235393771681,0.004268181465575527,-0.007682801119675189,48,0.05882352941176471,50,521.8859825134276
siglip_b,imagenet,6,1000,0.07446759606464065,0.0002186118303254748,0.08214498635566057,0.004264184000926024,-0.0076773902910199235,48,0.05882352941176471,50,425.9007682800293
siglip_b,imagenet,7,1000,0.07412293225752778,0.00033949206644134136,0.08215856422404162,0.004261634400872077,-0.008035631966513856,48,0.05882352941176471,50,384.2294466495514
siglip_b,imagenet,8,1000,0.07419267618192472,0.00026441027728937546,0.0821686574195952,0.004262658310280057,-0.007975981237670474,48,0.05882352941176471,50,442.2697579860687
siglip_b,imagenet,9,1000,0.07428707833792571,0.00024744772526787807,0.08215088939348039,0.004268421716470692,-0.007863811055554684,48,0.05882352941176471,50,388.88010478019714
siglip_b,imagenet,10,1000,0.07422100394616216,0.00031984599874878086,0.08212086547859149,0.004266709029552754,-0.007899861532429331,48,0.05882352941176471,50,407.6593344211578
siglip_b,imagenet,11,1000,0.07451410680865637,0.00024157595570821705,0.08213468054301265,0.004261505856367196,-0.007620573734356277,48,0.05882352941176471,50,393.65965485572815
siglip_b,imagenet,12,1000,0.07386836456279405,0.00024950937912020374,0.08214340522205728,0.004262486613545225,-0.008275040659263225,48,0.05882352941176471,50,403.76169991493225
siglip_b,imagenet,13,1000,0.07426385611474895,0.0002825377162543393,0.08208326799015563,0.004263005028482897,-0.007819411875406676,48,0.05882352941176471,50,388.6942720413208
siglip_b,imagenet,14,1000,0.07478556852824593,0.00032381005141838437,0.08212266571144759,0.004271251143888747,-0.007337097183201677,48,0.05882352941176471,50,375.67539262771606
siglip_b,imagenet,15,1000,0.07422388017872986,0.00021251147617693883,0.08209913434202598,0.004261110194863637,-0.007875254163296125,48,0.05882352941176471,50,391.78202939033514
siglip_b,imagenet,16,1000,0.07449171067295225,0.00038406939517185266,0.08212048021791724,0.0042605545256585355,-0.0076287695449649825,48,0.05882352941176471,50,376.45395135879517
siglip_b,imagenet,17,1000,0.07365289078519943,0.00030362339829223284,0.08219314351474892,0.004259260186109222,-0.008540252729549487,48,0.05882352941176471,50,371.511834859848
siglip_b,imagenet,18,1000,0.0753133673219795,0.0002328012209363331,0.08206426517816244,0.004265451413059738,-0.006750897856182936,47,0.0784313725490196,50,326.41974186897284
siglip_b,imagenet,19,1000,0.07434878032779325,0.00020141462711026047,0.08215774659034451,0.00426445518597994,-0.007808966262551259,48,0.05882352941176471,50,274.388445854187
siglip_b,imagenet,20,1000,0.07510803104809552,0.0002880537630125666,0.08217103266100864,0.0042585082316120215,-0.0070630016129131215,48,0.05882352941176471,50,286.67421722412115
siglip_b,imagenet,21,1000,0.0738563499125921,0.000258851656372366,0.0821838606883827,0.0042601599388262185,-0.008327510775790595,48,0.05882352941176471,50,284.1918895244598
siglip_b,imagenet,22,1000,0.07426886094856781,0.00022924176235599515,0.0821351199308415,0.0042614348077160405,-0.00786625898227368,48,0.05882352941176471,50,271.4638261795044
siglip_b,imagenet,23,1000,0.07436912007325851,0.00023186355837819008,0.0821680929757374,0.004266555966451451,-0.007798972902478898,48,0.05882352941176471,50,258.36123633384705
siglip_b,imagenet,24,1000,0.07420225940355897,0.0002824512027237766,0.08210512395145032,0.004266868691075657,-0.007902864547891339,48,0.05882352941176471,50,184.2570493221283
siglip_b,imagenet,25,1000,0.07292953756224121,0.00025232343298224136,0.08208116215511722,0.004269617537073711,-0.00915162459287601,49,0.0392156862745098,50,175.23433184623718
siglip_b,imagenet,26,1000,0.07457168407267357,0.00019076636677078031,0.08214633087155146,0.0042615274414610025,-0.007574646798877884,48,0.05882352941176471,50,180.4297769069672
siglip_b,imagenet,27,1000,0.07496141267752568,0.0003738017479676203,0.08213258386553551,0.00426160459682812,-0.007171171188009849,48,0.05882352941176471,50,178.24123167991638
siglip_b,imagenet,28,1000,0.07489165471891726,0.0002626139596244334,0.08214181148208853,0.0042663498340151495,-0.007250156763171256,48,0.05882352941176471,50,181.7552261352539
siglip_b,imagenet,29,1000,0.07375081879919425,0.00026710633843174603,0.0821561454425857,0.0042656264768281575,-0.008405326643391456,48,0.05882352941176471,50,164.88283491134644
clip_b,mnist,-1,10,0.13803716575248368,0.0,0.13437032004836624,0.0168648089320689,0.003666845704117433,23,0.5490196078431373,50,64.37436294555664
clip_b,mnist,0,10,0.14171791747076062,0.0,0.13427984204710608,0.016890098172953248,0.0074380754236545435,19,0.6274509803921569,50,72.47732782363893
clip_b,mnist,1,10,0.13997680098818552,2.7755575615628914e-17,0.13414167683599829,0.016815109201039218,0.005835124152187232,21,0.5882352941176471,50,38.35121703147888
clip_b,mnist,2,10,0.1386095884176381,0.0,0.13438550400457136,0.016820317619251384,0.0042240844130667365,22,0.5686274509803921,50,94.70476150512695
clip_b,mnist,3,10,0.13612838750257286,2.7755575615628914e-17,0.13421401767803215,0.01679173765879806,0.0019143698245407128,25,0.5098039215686274,50,64.93638777732849
clip_b,mnist,4,10,0.14167560604370896,0.0,0.13468317052993636,0.01680217038317795,0.006992435513772599,21,0.5882352941176471,50,89.79683136940002
clip_b,mnist,5,10,0.14137416206657802,2.7755575615628914e-17,0.13505967696102708,0.017029177579785306,0.00631448510555091,21,0.5882352941176471,50,83.64498686790465
clip_b,mnist,6,10,0.13887466299319004,0.0,0.13427670901141836,0.016939250558178454,0.00459795398177168,22,0.5686274509803921,50,69.88601422309874
clip_b,mnist,7,10,0.13936443318735828,0.0,0.13432209186425184,0.016888339510503336,0.005042341323106436,21,0.5882352941176471,50,89.62927389144897
clip_b,mnist,8,10,0.1369324546989748,2.7755575615628914e-17,0.13386745729370475,0.016737952457552968,0.003064997405270053,24,0.5294117647058824,50,77.04789781570435
clip_b,mnist,9,10,0.136652837712751,0.0,0.13415546346612606,0.016997703791782882,0.0024973742466249393,24,0.5294117647058824,50,76.23598265647887
clip_b,mnist,10,10,0.13735834845297035,0.0,0.13420468031957192,0.01675833273336759,0.0031536681333984296,23,0.5490196078431373,50,77.9982626438141
clip_b,mnist,11,10,0.13347508769087596,2.7755575615628914e-17,0.13359765586939515,0.01679853753796406,-0.000122568178519189,27,0.4705882352941176,50,70.25628924369812
clip_b,mnist,12,10,0.14221411392779165,2.7755575615628914e-17,0.1344030114737249,0.016830246278496087,0.007811102454066744,19,0.6274509803921569,50,89.06073594093323
clip_b,mnist,13,10,0.13783243744823706,2.7755575615628914e-17,0.13465974119510318,0.017114922062370842,0.003172696253133877,24,0.5294117647058824,50,67.53001856803894
clip_b,mnist,14,10,0.1359789392699715,0.0,0.1339663273604443,0.016910476529366926,0.002012611909527201,25,0.5098039215686274,50,92.75154852867126
clip_b,mnist,15,10,0.1372781334750333,0.0,0.13385351347817578,0.01679264938594675,0.003424619996857503,23,0.5490196078431373,50,82.45549511909483
clip_b,mnist,16,10,0.13999807490618582,2.7755575615628914e-17,0.13425371772962216,0.016933705339891927,0.005744357176563686,21,0.5882352941176471,50,81.66703605651854
clip_b,mnist,17,10,0.13938466314675746,0.0,0.13430172220951705,0.016745607434426955,0.0050829409372403775,22,0.5686274509803921,50,63.14644813537598
clip_b,mnist,18,10,0.13729576116357056,0.0,0.13397332175098853,0.01684534060067103,0.0033224394125820345,24,0.5294117647058824,50,58.49445009231568
clip_b,mnist,19,10,0.13734999234336656,0.0,0.13425649853227695,0.016944081857715357,0.003093493811089587,23,0.5490196078431373,50,84.23568820953369
clip_b,mnist,20,10,0.1369700020519638,2.7755575615628914e-17,0.13419633181721055,0.016688061955374308,0.0027736702347532505,24,0.5294117647058824,50,78.29747223854066
clip_b,mnist,21,10,0.1375536633073024,0.0,0.1345728830893745,0.016845148683423482,0.0029807802179278864,23,0.5490196078431373,50,62.35325217247009
clip_b,mnist,22,10,0.13946400270651754,0.0,0.13443216960183382,0.016917026003566014,0.00503183310468372,22,0.5686274509803921,50,64.21318101882936
clip_b,mnist,23,10,0.13501876996319698,0.0,0.13446010885890286,0.01697651197530467,0.0005586611042941447,27,0.4705882352941176,50,36.604631662368774
clip_b,mnist,24,10,0.13928385994392076,0.0,0.1341195594375352,0.01683719349329882,0.005164300506385554,21,0.5882352941176471,50,74.28355073928833
clip_b,mnist,25,10,0.13715289562462826,2.7755575615628914e-17,0.13466036935737974,0.0167834168351144,0.0024925262672485238,25,0.5098039215686274,50,48.020241498947144
clip_b,mnist,26,10,0.13950789418565152,2.7755575615628914e-17,0.1340941941960024,0.016857912785951758,0.005413699989649107,22,0.5686274509803921,50,61.27076053619385
clip_b,mnist,27,10,0.1371759173789064,0.0,0.13465178292742724,0.016927761492946003,0.0025241344514791712,24,0.5294117647058824,50,57.30600166320801
clip_b,mnist,28,10,0.14002800447966962,2.7755575615628914e-17,0.13444487985038422,0.017048231548449547,0.005583124629285397,21,0.5882352941176471,50,60.10323739051819
clip_b,mnist,29,10,0.13749909419164033,0.0,0.1340649167418516,0.01695825458984259,0.003434177449788717,23,0.5490196078431373,50,55.55864477157593
clip_l,mnist,-1,10,0.16480574915157226,0.0,0.16701068753968254,0.01710459312383341,-0.0022049383881103113,23,0.5490196078431373,50,61.36985778808594
clip_l,mnist,0,10,0.1638229496454274,2.7755575615628914e-17,0.1664845348751351,0.016993713572881618,-0.0026615852297076914,23,0.5490196078431373,50,60.358349561691284
clip_l,mnist,1,10,0.16474340361293446,0.0,0.1666114112385996,0.017159675745296282,-0.0018680076256651636,23,0.5490196078431373,50,62.81881761550903
clip_l,mnist,2,10,0.16394959027719178,2.7755575615628914e-17,0.1666184667810297,0.017160938270657015,-0.0026688765038379303,24,0.5294117647058824,50,43.74009704589844
clip_l,mnist,3,10,0.1642929689682036,0.0,0.16698879941490152,0.017084858404060897,-0.002695830446697911,23,0.5490196078431373,50,78.15563702583312
clip_l,mnist,4,10,0.16476385491593598,0.0,0.16658941128177826,0.0170461758469711,-0.0018255563658422789,22,0.5686274509803921,50,46.30181288719177
clip_l,mnist,5,10,0.16650281650221582,2.7755575615628914e-17,0.16768284284656138,0.017048183109284017,-0.0011800263443455528,22,0.5686274509803921,50,71.63963556289674
clip_l,mnist,6,10,0.16670837243925435,2.7755575615628914e-17,0.16728608531948794,0.01719249847685982,-0.0005777128802336162,22,0.5686274509803921,50,62.20152020454407
clip_l,mnist,7,10,0.1639376477801387,0.0,0.16716195348726015,0.01706621113210374,-0.0032243057071214554,25,0.5098039215686274,50,74.17468738555908
clip_l,mnist,8,10,0.16402844479402096,0.0,0.16667442337297014,0.01711355615131755,-0.0026459785789491874,23,0.5490196078431373,50,58.62576389312744
clip_l,mnist,9,10,0.16338187986890845,2.7755575615628914e-17,0.1668830232803328,0.01716927231044778,-0.003501143411424351,24,0.5294117647058824,50,60.12578654289246
clip_l,mnist,10,10,0.16500729068492048,0.0,0.1666298208864105,0.017062327509006308,-0.00162253020149003,22,0.5686274509803921,50,57.839091539382935
clip_l,mnist,11,10,0.16578006868647274,0.0,0.16718402130373358,0.017342683818556637,-0.0014039526172608394,23,0.5490196078431373,50,64.64707708358765
clip_l,mnist,12,10,0.16387483765550787,2.7755575615628914e-17,0.16669670965693098,0.017127702780228998,-0.0028218720014231147,24,0.5294117647058824,50,52.05283236503601
clip_l,mnist,13,10,0.16403742983222486,2.7755575615628914e-17,0.16698499013726206,0.017280977203697437,-0.002947560305037233,24,0.5294117647058824,50,56.30043125152588
clip_l,mnist,14,10,0.1618680958689321,2.7755575615628914e-17,0.16612570185342354,0.01716509147169045,-0.004257605984491458,26,0.4901960784313725,50,74.79392910003662
clip_l,mnist,15,10,0.16344174680901485,0.0,0.16674908743656947,0.017229897079973012,-0.003307340627554639,24,0.5294117647058824,50,59.543320655822754
clip_l,mnist,16,10,0.16360026418020818,0.0,0.16689883557384544,0.01727147471278029,-0.0032985713936372623,24,0.5294117647058824,50,70.46384072303772
clip_l,mnist,17,10,0.16549019686965574,2.7755575615628914e-17,0.16734915033026773,0.017057673868404486,-0.0018589534606119613,22,0.5686274509803921,50,58.81467628479004
clip_l,mnist,18,10,0.16387968664841787,2.7755575615628914e-17,0.1664482337877054,0.017180586566815433,-0.0025685471392875303,24,0.5294117647058824,50,50.10727548599243
clip_l,mnist,19,10,0.1680021333245459,0.0,0.1674661485899542,0.017217380584581388,0.0005359847345916824,21,0.5882352941176471,50,56.58384394645691
clip_l,mnist,20,10,0.1638796397596358,0.0,0.1668444999794975,0.017070402860848634,-0.002964860219861698,24,0.5294117647058824,50,59.15796542167664
clip_l,mnist,21,10,0.16566031015614574,2.7755575615628914e-17,0.16651449865090007,0.017230842870235102,-0.0008541884947543267,22,0.5686274509803921,50,48.37651658058167
clip_l,mnist,22,10,0.1662430927891543,0.0,0.16688528513050366,0.01715788940718115,-0.0006421923413493512,22,0.5686274509803921,50,46.6848304271698
clip_l,mnist,23,10,0.16481296770928294,2.7755575615628914e-17,0.1673226295868892,0.017122279967787785,-0.0025096618776062622,23,0.5490196078431373,50,65.44039869308472
clip_l,mnist,24,10,0.1648572533625932,0.0,0.16676021039981773,0.017005824675960318,-0.0019029570372245121,22,0.5686274509803921,50,62.077685117721565
clip_l,mnist,25,10,0.16675892959457822,2.7755575615628914e-17,0.16720369540687766,0.0172601580793755,-0.00044476581229943585,22,0.5686274509803921,50,62.94970989227295
clip_l,mnist,26,10,0.16669425895131554,0.0,0.16726341198895903,0.017268147216374357,-0.0005691530376434327,22,0.5686274509803921,50,67.44005179405211
clip_l,mnist,27,10,0.16524788018249653,2.7755575615628914e-17,0.16728668833899993,0.016977075740869624,-0.002038808156503397,22,0.5686274509803921,50,62.452300786972046
clip_l,mnist,28,10,0.16604883885139726,2.7755575615628914e-17,0.1667367444173444,0.01709862177754418,-0.0006879055659471389,22,0.5686274509803921,50,57.37746286392212
clip_l,mnist,29,10,0.16394524861830426,0.0,0.1665247152266398,0.017223185530088128,-0.002579466608335579,24,0.5294117647058824,50,56.31388235092163
dinov1_b,mnist,-1,10,0.10843945881596892,0.0,0.13918023134468654,0.01792391302955533,-0.03074077252871765,49,0.0392156862745098,50,73.78666925430299
dinov1_b,mnist,0,10,0.10968322616984998,1.3877787807814454e-17,0.13931252996733276,0.017926351792627512,-0.02962930379748278,48,0.05882352941176471,50,66.12059307098389
dinov1_b,mnist,1,10,0.10912692661787483,1.3877787807814454e-17,0.13916265114597262,0.018001478051530198,-0.030035724528097774,49,0.0392156862745098,50,81.13475346565247
dinov1_b,mnist,2,10,0.10902628606833402,1.3877787807814454e-17,0.13974109823995812,0.018192183066852097,-0.030714812171624094,48,0.05882352941176471,50,80.3031702041626
dinov1_b,mnist,3,10,0.1090508243408875,1.3877787807814454e-17,0.13967650805355722,0.018013887115816873,-0.03062568371266972,49,0.0392156862745098,50,79.1149387359619
dinov1_b,mnist,4,10,0.10904216986511277,1.3877787807814454e-17,0.13886262810638786,0.01779217849253731,-0.029820458241275088,49,0.0392156862745098,50,80.66712951660156
dinov1_b,mnist,5,10,0.1079200239520264,1.3877787807814454e-17,0.13850068142844704,0.017861078942086408,-0.030580657476420636,49,0.0392156862745098,50,80.97128224372864
dinov1_b,mnist,6,10,0.1086979149910289,1.3877787807814454e-17,0.13893413502836294,0.017864769641978282,-0.030236220037334036,48,0.05882352941176471,50,104.27650475502014
dinov1_b,mnist,7,10,0.10844144992092336,1.3877787807814454e-17,0.1391941198689955,0.017898892940112085,-0.030752669948072117,49,0.0392156862745098,50,94.303200006485
dinov1_b,mnist,8,10,0.10701968094379558,1.3877787807814454e-17,0.1390408115398802,0.0178971385990502,-0.032021130596084635,49,0.0392156862745098,50,102.402184009552
dinov1_b,mnist,9,10,0.10792786463577528,1.3877787807814454e-17,0.1391981985846794,0.017930815153718582,-0.03127033394890413,49,0.0392156862745098,50,116.10654306411743
dinov1_b,mnist,10,10,0.10817313433433076,0.0,0.13880793992355786,0.017809200294808657,-0.030634805589227068,49,0.0392156862745098,50,91.43474578857422
dinov1_b,mnist,11,10,0.11031369135457217,0.0,0.1397748130895342,0.018050637696417404,-0.02946112173496204,48,0.05882352941176471,50,90.29188060760498
dinov1_b,mnist,12,10,0.1074672395703718,0.0,0.13898624319258052,0.017829239259427615,-0.031519003622208705,49,0.0392156862745098,50,88.01907396316528
dinov1_b,mnist,13,10,0.10750783552529636,0.0,0.13817747573323688,0.017706502414612166,-0.030669640207940514,49,0.0392156862745098,50,83.5922420024872
dinov1_b,mnist,14,10,0.10754253297920646,0.0,0.13866367373905394,0.017847366945474268,-0.031121140759847513,49,0.0392156862745098,50,92.15043711662292
dinov1_b,mnist,15,10,0.1093779273512938,0.0,0.13930484698704546,0.017914072402744854,-0.02992691963575167,48,0.05882352941176471,50,79.34949660301207
dinov1_b,mnist,16,10,0.10732778340371577,0.0,0.1389584394926397,0.017822055147733475,-0.03163065608892393,49,0.0392156862745098,50,57.57979202270508
dinov1_b,mnist,17,10,0.11022892959185664,1.3877787807814454e-17,0.13949333067547612,0.018057723093586768,-0.029264401083619482,48,0.05882352941176471,50,61.87994933128357
dinov1_b,mnist,18,10,0.10900566077640586,1.3877787807814454e-17,0.13906880066902294,0.017825487582329703,-0.03006313989261708,49,0.0392156862745098,50,74.34238624572755
dinov1_b,mnist,19,10,0.10833432290393523,1.3877787807814454e-17,0.13916235850477365,0.017963046159843118,-0.030828035600838414,49,0.0392156862745098,50,80.86348414421082
dinov1_b,mnist,20,10,0.10848655251944277,1.3877787807814454e-17,0.1390488671635365,0.017811001186342334,-0.03056231464409376,49,0.0392156862745098,50,72.27082586288451
dinov1_b,mnist,21,10,0.1075949764488531,0.0,0.13901628955819811,0.017890835446262767,-0.03142131310934501,49,0.0392156862745098,50,76.13916444778442
dinov1_b,mnist,22,10,0.10769378738369736,0.0,0.13915556837103826,0.01789993186453637,-0.03146178098734091,49,0.0392156862745098,50,84.00862836837769
dinov1_b,mnist,23,10,0.1081648887227248,1.3877787807814454e-17,0.1396168291316508,0.018142176732796337,-0.03145194040892599,49,0.0392156862745098,50,121.04307770729065
dinov1_b,mnist,24,10,0.10878377338417304,0.0,0.13930429177813364,0.017927399331900944,-0.030520518393960614,48,0.05882352941176471,50,116.76565337181091
dinov1_b,mnist,25,10,0.10854944882331777,1.3877787807814454e-17,0.1394044711415898,0.01802677088250972,-0.03085502231827203,49,0.0392156862745098,50,153.61332559585568
dinov1_b,mnist,26,10,0.10968139681660567,0.0,0.13937631830047365,0.017970469376073443,-0.029694921483867976,48,0.05882352941176471,50,149.7223696708679
dinov1_b,mnist,27,10,0.10658244703591964,0.0,0.13887350352718072,0.017930797657531434,-0.032291056491261086,49,0.0392156862745098,50,167.10377597808838
dinov1_b,mnist,28,10,0.11062255406794036,0.0,0.1396257851881572,0.01790685961309595,-0.029003231120216837,48,0.05882352941176471,50,159.5966854095459
dinov1_b,mnist,29,10,0.10873856550957887,0.0,0.13930801083662125,0.017966792966082636,-0.03056944532704238,48,0.05882352941176471,50,137.74031400680542
dinov2_b,mnist,-1,10,0.14131261088643954,0.0,0.15388821035220765,0.022620611873877303,-0.012575599465768084,38,0.2549019607843137,50,111.65734338760376
dinov2_b,mnist,0,10,0.14159204233846215,2.7755575615628914e-17,0.1539596667121072,0.02258520476494578,-0.012367624373645051,38,0.2549019607843137,50,131.87453579902652
dinov2_b,mnist,1,10,0.14120023155388056,2.7755575615628914e-17,0.15325930966726942,0.022596799288019748,-0.012059078113388856,38,0.2549019607843137,50,102.29296779632568
dinov2_b,mnist,2,10,0.14075194075133218,2.7755575615628914e-17,0.15429589077015646,0.022838405168533915,-0.013543950018824276,38,0.2549019607843137,50,133.11210823059082
dinov2_b,mnist,3,10,0.1419322291362933,2.7755575615628914e-17,0.15480229131170964,0.02294787799568593,-0.012870062175416336,38,0.2549019607843137,50,115.53379511833192
dinov2_b,mnist,4,10,0.14006255199298906,2.7755575615628914e-17,0.1538772511206593,0.02254812290788551,-0.013814699127670249,38,0.2549019607843137,50,115.6532301902771
dinov2_b,mnist,5,10,0.14185656033747227,2.7755575615628914e-17,0.1541643734296544,0.022748760086644882,-0.012307813092182124,38,0.2549019607843137,50,122.8671329021454
dinov2_b,mnist,6,10,0.1412993974003956,2.7755575615628914e-17,0.15372639114723555,0.0225326680436332,-0.012426993746839976,38,0.2549019607843137,50,112.09437084197998
dinov2_b,mnist,7,10,0.14051213184108452,0.0,0.15489744843239028,0.022923541617013377,-0.014385316591305762,38,0.2549019607843137,50,124.10014963150023
dinov2_b,mnist,8,10,0.14066032664946831,2.7755575615628914e-17,0.15351368612724006,0.022566620121133973,-0.01285335947777172,38,0.2549019607843137,50,69.33354473114014
dinov2_b,mnist,9,10,0.1411155346866266,0.0,0.15397933011668485,0.022636176681440783,-0.01286379543005825,38,0.2549019607843137,50,132.03287267684937
dinov2_b,mnist,10,10,0.1399227428182634,2.7755575615628914e-17,0.15333226974422592,0.022555769230627937,-0.013409526925962534,38,0.2549019607843137,50,119.29529929161072
dinov2_b,mnist,11,10,0.14198412646010786,0.0,0.15362935034916736,0.02262369688245439,-0.011645223889059505,38,0.2549019607843137,50,124.78530883789062
dinov2_b,mnist,12,10,0.1408892421908007,2.7755575615628914e-17,0.15420234817817746,0.022684192191684282,-0.013313105987376755,38,0.2549019607843137,50,124.22550964355469
dinov2_b,mnist,13,10,0.14096793791100656,2.7755575615628914e-17,0.15357985604958552,0.02258457594701971,-0.012611918138578955,38,0.2549019607843137,50,130.9621512889862
dinov2_b,mnist,14,10,0.1416959235017965,0.0,0.15367276007228986,0.02266096868591504,-0.011976836570493338,38,0.2549019607843137,50,130.77153301239014
dinov2_b,mnist,15,10,0.14025400572914498,2.7755575615628914e-17,0.15354230920222445,0.022643603941178737,-0.013288303473079466,38,0.2549019607843137,50,119.34272408485413
dinov2_b,mnist,16,10,0.14194752282547698,0.0,0.1540416015296211,0.022635896039438882,-0.012094078704144084,38,0.2549019607843137,50,86.15399289131166
dinov2_b,mnist,17,10,0.14178020611090866,2.7755575615628914e-17,0.15427939314702674,0.022832593157034876,-0.012499187036118105,38,0.2549019607843137,50,86.09632802009583
dinov2_b,mnist,18,10,0.14189124288254812,0.0,0.15381258235451747,0.022625655038396968,-0.011921339471969356,38,0.2549019607843137,50,122.60064077377321
dinov2_b,mnist,19,10,0.1397834778593147,2.7755575615628914e-17,0.15405616376069653,0.022614616697812725,-0.014272685901381837,38,0.2549019607843137,50,90.89874696731569
dinov2_b,mnist,20,10,0.14127427808317447,2.7755575615628914e-17,0.15385639932296155,0.022574990012587417,-0.012582121239787079,38,0.2549019607843137,50,125.32664465904236
dinov2_b,mnist,21,10,0.1428226709013516,0.0,0.15438726839656486,0.02276591827515527,-0.011564597495213241,38,0.2549019607843137,50,99.7743842601776
dinov2_b,mnist,22,10,0.14277242860487172,0.0,0.1541133399118713,0.022799164173276938,-0.011340911306999574,38,0.2549019607843137,50,113.23699331283571
dinov2_b,mnist,23,10,0.14344657731028254,2.7755575615628914e-17,0.15439183128631706,0.022816187223378238,-0.010945253976034491,38,0.2549019607843137,50,124.45512008666992
dinov2_b,mnist,24,10,0.14143647960985667,2.7755575615628914e-17,0.15433057252148266,0.022694475329356062,-0.012894092911625993,38,0.2549019607843137,50,102.53593182563782
dinov2_b,mnist,25,10,0.1417177723600763,2.7755575615628914e-17,0.15399688814521453,0.022629218431915347,-0.012279115785138241,37,0.27450980392156865,50,117.07991266250609
dinov2_b,mnist,26,10,0.14218915717915942,2.7755575615628914e-17,0.15400249531987073,0.022637378596084997,-0.011813338140711309,38,0.2549019607843137,50,127.52896213531494
dinov2_b,mnist,27,10,0.1412265271092643,0.0,0.15411424236176752,0.02267382346267189,-0.012887715252503209,38,0.2549019607843137,50,91.22193503379822
dinov2_b,mnist,28,10,0.14066280656210178,2.7755575615628914e-17,0.15420181657353807,0.02275259805362384,-0.013539010011436288,38,0.2549019607843137,50,121.54197382926941
dinov2_b,mnist,29,10,0.14123970136377387,0.0,0.15350274013291604,0.022597301342004848,-0.01226303876914217,38,0.2549019607843137,50,97.13880324363708
dinov2_g,mnist,-1,10,0.1472739529811991,2.7755575615628914e-17,0.16257313038286944,0.023179212733096914,-0.015299177401670331,39,0.2352941176470588,50,112.70111918449402
dinov2_g,mnist,0,10,0.14989653449683846,2.7755575615628914e-17,0.16238210598561606,0.02310479357582057,-0.012485571488777577,35,0.3137254901960784,50,104.94788908958435
dinov2_g,mnist,1,10,0.1456601736889756,2.7755575615628914e-17,0.16266918072655756,0.02336323156599736,-0.017009007037581958,40,0.21568627450980396,50,100.8096206188202
dinov2_g,mnist,2,10,0.14718897331165753,2.7755575615628914e-17,0.16262852286219695,0.02308874779772331,-0.015439549550539416,39,0.2352941176470588,50,120.66838550567628
dinov2_g,mnist,3,10,0.1467636989010382,2.7755575615628914e-17,0.16276319513491214,0.022948349518391826,-0.01599949623387395,39,0.2352941176470588,50,84.8188338279724
dinov2_g,mnist,4,10,0.14791801741996852,0.0,0.16237497407490484,0.02334698757201224,-0.014456956654936319,39,0.2352941176470588,50,115.00173449516295
dinov2_g,mnist,5,10,0.1494079972291888,2.7755575615628914e-17,0.1627108115467411,0.02304682823568724,-0.013302814317552314,36,0.29411764705882354,50,99.22616529464722
dinov2_g,mnist,6,10,0.1474574490391493,0.0,0.1623453332354732,0.02317218101702554,-0.01488788419632389,39,0.2352941176470588,50,93.45019006729126
dinov2_g,mnist,7,10,0.1494777319416618,0.0,0.16290523467932888,0.022874512703495237,-0.013427502737667074,37,0.27450980392156865,50,115.2414846420288
dinov2_g,mnist,8,10,0.14578522341086916,0.0,0.16236924273235487,0.023138443965271517,-0.016584019321485705,39,0.2352941176470588,50,88.84758734703064
dinov2_g,mnist,9,10,0.14463542873954707,0.0,0.162580096538311,0.02326286393612893,-0.01794466779876394,41,0.19607843137254904,50,107.88198757171631
dinov2_g,mnist,10,10,0.14652571507867956,0.0,0.16214161974353647,0.023330679297355158,-0.015615904664856906,39,0.2352941176470588,50,87.53421831130981
dinov2_g,mnist,11,10,0.1465788809656598,0.0,0.16209215470101687,0.02320303042062357,-0.015513273735357075,39,0.2352941176470588,50,109.67502641677856
dinov2_g,mnist,12,10,0.1463173986750002,0.0,0.16270334864108896,0.023121170606401443,-0.016385949966088748,39,0.2352941176470588,50,112.04211449623108
dinov2_g,mnist,13,10,0.14789508105748042,0.0,0.16254847624786029,0.0233424961675788,-0.014653395190379863,38,0.2549019607843137,50,82.2698907852173
dinov2_g,mnist,14,10,0.1457635041800695,0.0,0.1625545109913968,0.02325438019294225,-0.016791006811327308,40,0.21568627450980396,50,97.71606183052064
dinov2_g,mnist,15,10,0.1465396993836809,0.0,0.16272410991272246,0.02320311484892044,-0.016184410529041567,39,0.2352941176470588,50,87.0713951587677
dinov2_g,mnist,16,10,0.14815095777236215,2.7755575615628914e-17,0.16259491902471965,0.023155947674567343,-0.014443961252357472,39,0.2352941176470588,50,99.74765181541443
dinov2_g,mnist,17,10,0.1461905190451403,2.7755575615628914e-17,0.1627114074780398,0.02298820542590091,-0.016520888432899502,40,0.21568627450980396,50,119.96549487113951
dinov2_g,mnist,18,10,0.14933924882508212,2.7755575615628914e-17,0.16252884835018067,0.02323234753248788,-0.013189599525098544,37,0.27450980392156865,50,114.56709694862366
dinov2_g,mnist,19,10,0.14789777509833207,0.0,0.16269856850717052,0.02327438601918435,-0.01480079340883844,39,0.2352941176470588,50,95.14023947715759
dinov2_g,mnist,20,10,0.14715522737151782,0.0,0.1621639765497518,0.02313968531716501,-0.015008749178234,39,0.2352941176470588,50,92.83473324775696
dinov2_g,mnist,21,10,0.146613893188853,0.0,0.16284601294913575,0.022961465564778044,-0.016232119760282743,39,0.2352941176470588,50,60.017225742340095
dinov2_g,mnist,22,10,0.1483462095369811,2.7755575615628914e-17,0.1627196413568526,0.022923632846828516,-0.014373431819871496,37,0.27450980392156865,50,94.2861053943634
dinov2_g,mnist,23,10,0.14758285978606225,0.0,0.16284186996557592,0.023004175913728882,-0.0152590101795137,38,0.2549019607843137,50,92.19544792175293
dinov2_g,mnist,24,10,0.14778035930645492,2.7755575615628914e-17,0.1626180301179487,0.023026141568169043,-0.014837670811493788,39,0.2352941176470588,50,88.81974673271179
dinov2_g,mnist,25,10,0.14696700867444829,2.7755575615628914e-17,0.1625895770550149,0.023249107161337854,-0.01562256838056661,39,0.2352941176470588,50,90.92293024063109
dinov2_g,mnist,26,10,0.14745305630743816,2.7755575615628914e-17,0.16235557543617754,0.023024237044246932,-0.014902519128739385,39,0.2352941176470588,50,74.78178763389587
dinov2_g,mnist,27,10,0.14476049215273995,0.0,0.16265515679043258,0.023311989928041343,-0.017894664637692625,41,0.19607843137254904,50,86.21400427818298
dinov2_g,mnist,28,10,0.15007917408659338,2.7755575615628914e-17,0.16269558601900422,0.02300376807911526,-0.012616411932410835,37,0.27450980392156865,50,59.92481470108032
dinov2_g,mnist,29,10,0.14783773141690176,2.7755575615628914e-17,0.16255273155149047,0.02332210369594053,-0.014715000134588709,39,0.2352941176470588,50,91.50292682647705
dinov2_l,mnist,-1,10,0.15036074346998407,0.0,0.15907292686850322,0.024243044138123376,-0.008712183398519147,35,0.3137254901960784,50,99.25117087364195
dinov2_l,mnist,0,10,0.14751884164064705,0.0,0.1586923437937295,0.024172578556750358,-0.011173502153082463,35,0.3137254901960784,50,113.60734081268309
dinov2_l,mnist,1,10,0.1514024902719931,0.0,0.15863590364495211,0.024140745216043927,-0.007233413372959019,35,0.3137254901960784,50,111.0036838054657
dinov2_l,mnist,2,10,0.15383362889021335,0.0,0.15914579773501164,0.02439501602595798,-0.005312168844798293,33,0.35294117647058826,50,101.94592380523682
dinov2_l,mnist,3,10,0.15137041555050715,0.0,0.15958055276552874,0.024269408848428785,-0.00821013721502159,35,0.3137254901960784,50,106.86886930465698
dinov2_l,mnist,4,10,0.1472769123611915,0.0,0.15847980722850988,0.02407024784055058,-0.011202894867318377,35,0.3137254901960784,50,93.75327730178832
dinov2_l,mnist,5,10,0.15039202933491594,2.7755575615628914e-17,0.15906721088660988,0.02426077567436264,-0.008675181551693917,35,0.3137254901960784,50,94.7543797492981
dinov2_l,mnist,6,10,0.14897528911943606,0.0,0.15882691390487652,0.02416488109580081,-0.009851624785440494,35,0.3137254901960784,50,115.1190357208252
dinov2_l,mnist,7,10,0.15224027227424378,0.0,0.15965199852211098,0.024306819078736504,-0.007411726247867206,35,0.3137254901960784,50,127.59230709075928
dinov2_l,mnist,8,10,0.14971137641425394,0.0,0.15917999501445607,0.024232853904852355,-0.009468618600202122,35,0.3137254901960784,50,141.14746308326718
dinov2_l,mnist,9,10,0.15113859248228495,2.7755575615628914e-17,0.15898466731711702,0.02427508478080536,-0.007846074834832073,35,0.3137254901960784,50,96.68412089347841
dinov2_l,mnist,10,10,0.15064194003590856,2.7755575615628914e-17,0.1588914500758435,0.024130471448073083,-0.008249510039934932,35,0.3137254901960784,50,93.92690539360045
dinov2_l,mnist,11,10,0.14973186663210164,2.7755575615628914e-17,0.158545509806527,0.02422320027121681,-0.008813643174425345,35,0.3137254901960784,50,117.34915328025818
dinov2_l,mnist,12,10,0.15029806078586178,0.0,0.15907850272758414,0.02411386037240814,-0.008780441941722394,35,0.3137254901960784,50,109.26500105857849
dinov2_l,mnist,13,10,0.1507080755093067,2.7755575615628914e-17,0.1583558524722961,0.024195000952464296,-0.007647776962989405,35,0.3137254901960784,50,115.59735608100893
dinov2_l,mnist,14,10,0.15082279932963075,2.7755575615628914e-17,0.15852072337241824,0.02419264424113044,-0.007697924042787463,35,0.3137254901960784,50,118.97527718544006
dinov2_l,mnist,15,10,0.15109234861825974,2.7755575615628914e-17,0.1595776860147829,0.024266701601217282,-0.008485337396523157,35,0.3137254901960784,50,77.47194409370421
dinov2_l,mnist,16,10,0.14843032707509876,2.7755575615628914e-17,0.15887727281788955,0.02414861391082338,-0.010446945742790786,35,0.3137254901960784,50,129.941237449646
dinov2_l,mnist,17,10,0.1496032539813011,0.0,0.1598958343297694,0.024133270507744782,-0.010292580348468305,35,0.3137254901960784,50,117.40743827819824
dinov2_l,mnist,18,10,0.14994188357012586,0.0,0.15951756169524586,0.024349176691356358,-0.009575678125120002,35,0.3137254901960784,50,112.88395285606384
dinov2_l,mnist,19,10,0.14894315963458474,0.0,0.15936060057198911,0.02420334073714707,-0.010417440937404349,35,0.3137254901960784,50,106.48795604705809
dinov2_l,mnist,20,10,0.14994779095816496,2.7755575615628914e-17,0.15917105199264928,0.024237090380316854,-0.009223261034484316,35,0.3137254901960784,50,93.34689688682556
dinov2_l,mnist,21,10,0.1508444635166475,0.0,0.1593311876271952,0.024308272458086044,-0.008486724110547711,35,0.3137254901960784,50,126.32129406929016
dinov2_l,mnist,22,10,0.1509205134866318,0.0,0.15984932178506298,0.024402593601977482,-0.008928808298431179,35,0.3137254901960784,50,129.69203734397888
dinov2_l,mnist,23,10,0.1475663060277166,0.0,0.15947288071846086,0.024282531323293662,-0.01190657469074427,35,0.3137254901960784,50,122.18880558013916
dinov2_l,mnist,24,10,0.1487121151369893,2.7755575615628914e-17,0.1597773134182088,0.024251340324688776,-0.011065198281219518,35,0.3137254901960784,50,100.24312448501587
dinov2_l,mnist,25,10,0.14640318798614047,0.0,0.1591784889949279,0.02417348234581107,-0.012775301008787432,35,0.3137254901960784,50,119.97488403320312
dinov2_l,mnist,26,10,0.14772717626603474,0.0,0.1588596037453584,0.02410036232470613,-0.011132427479323637,35,0.3137254901960784,50,107.11261081695557
dinov2_l,mnist,27,10,0.14998863097831516,0.0,0.15893466068201256,0.024234690893166176,-0.0089460297036974,35,0.3137254901960784,50,116.59803295135498
dinov2_l,mnist,28,10,0.14725266703171466,0.0,0.15886828570586015,0.024136198036438104,-0.011615618674145513,35,0.3137254901960784,50,93.6471118927002
dinov2_l,mnist,29,10,0.14965168573576956,2.7755575615628914e-17,0.15893674986353631,0.024131157410469416,-0.009285064127766779,35,0.3137254901960784,50,131.77449989318848
dinov2_s,mnist,-1,10,0.14935831439413907,0.0,0.14766844036293084,0.016902195906935792,0.0016898740312082106,22,0.5686274509803921,50,165.30317258834842
dinov2_s,mnist,0,10,0.15067860717065934,0.0,0.1476728565174109,0.01684279831019866,0.003005750653248429,19,0.6274509803921569,50,142.48806953430176
dinov2_s,mnist,1,10,0.14797530328571945,0.0,0.14724641710508954,0.01685835797089973,0.0007288861806299117,23,0.5490196078431373,50,145.35374546051025
dinov2_s,mnist,2,10,0.14999597370720688,2.7755575615628914e-17,0.14783370907753815,0.01716600462926058,0.002162264629668731,22,0.5686274509803921,50,152.34377074241638
dinov2_s,mnist,3,10,0.14811258207829953,2.7755575615628914e-17,0.14794810683248566,0.01691355725167003,0.00016447524581386652,23,0.5490196078431373,50,122.15974712371826
dinov2_s,mnist,4,10,0.14811600282968884,0.0,0.14739044345258726,0.01666631550734321,0.0007255593771015867,23,0.5490196078431373,50,147.96348404884338
dinov2_s,mnist,5,10,0.150752054792002,0.0,0.14788084873340973,0.01705276810913907,0.002871206058592257,19,0.6274509803921569,50,125.05429816246031
dinov2_s,mnist,6,10,0.1504440773371349,0.0,0.14752673483543394,0.016858135867173316,0.002917342501700948,19,0.6274509803921569,50,138.4237334728241
dinov2_s,mnist,7,10,0.1503109027370888,0.0,0.14744821287716306,0.01701379595211952,0.0028626898599257433,20,0.6078431372549019,50,152.12005233764646
dinov2_s,mnist,8,10,0.15106285840949835,2.7755575615628914e-17,0.14803582120016026,0.016946483479762357,0.003027037209338113,19,0.6274509803921569,50,131.83361506462094
dinov2_s,mnist,9,10,0.1490971311536598,2.7755575615628914e-17,0.1480307733516074,0.016834702760603733,0.0010663578020524145,23,0.5490196078431373,50,139.48366332054138
dinov2_s,mnist,10,10,0.15170118217324485,0.0,0.1479478752507054,0.016963059446050373,0.0037533069225394173,19,0.6274509803921569,50,98.99639773368835
dinov2_s,mnist,11,10,0.1497109933196415,0.0,0.1478698043388457,0.017102026709024883,0.0018411889807957995,22,0.5686274509803921,50,134.20227241516113
dinov2_s,mnist,12,10,0.1494507081733471,2.7755575615628914e-17,0.14767561348230765,0.01685635947117114,0.0017750946910394527,22,0.5686274509803921,50,101.67962956428528
dinov2_s,mnist,13,10,0.15013458550279496,0.0,0.1469818997803156,0.016790192692142405,0.0031526857224793703,20,0.6078431372549019,50,143.80975723266604
dinov2_s,mnist,14,10,0.14975427215989742,0.0,0.1472976562812633,0.016976606880388916,0.002456615878634133,20,0.6078431372549019,50,130.63313364982605
dinov2_s,mnist,15,10,0.14977889776481804,0.0,0.14773791917660528,0.016916296389635422,0.002040978588212755,20,0.6078431372549019,50,136.3869800567627
dinov2_s,mnist,16,10,0.1482148531899956,0.0,0.1477717583219687,0.016827262902945266,0.0004430948680269053,23,0.5490196078431373,50,117.35032486915588
dinov2_s,mnist,17,10,0.15052146972777844,2.7755575615628914e-17,0.1477857264218393,0.016982841835159686,0.0027357433059391483,19,0.6274509803921569,50,119.01497530937195
dinov2_s,mnist,18,10,0.1504101794506108,2.7755575615628914e-17,0.14716002002499026,0.016886697114561422,0.003250159425620569,19,0.6274509803921569,50,138.43669414520264
dinov2_s,mnist,19,10,0.14865292745206876,0.0,0.14829505661052594,0.01706146532421081,0.00035787084154279003,23,0.5490196078431373,50,143.24872493743896
dinov2_s,mnist,20,10,0.14902154356836167,2.7755575615628914e-17,0.147854556837007,0.016916192374135088,0.00116698673135468,23,0.5490196078431373,50,133.44091534614566
dinov2_s,mnist,21,10,0.14813688974977698,0.0,0.14775376387292602,0.017019632673473787,0.0003831258768509649,23,0.5490196078431373,50,143.83437275886538
dinov2_s,mnist,22,10,0.15028121349636248,0.0,0.14777714181571766,0.01697433069757087,0.002504071680644815,20,0.6078431372549019,50,108.2723138332367
dinov2_s,mnist,23,10,0.1483349410129617,0.0,0.14724418616277038,0.016942387404251268,0.0010907548501913331,22,0.5686274509803921,50,142.06737494468692
dinov2_s,mnist,24,10,0.14789309958771038,0.0,0.14768946232987554,0.016662352076467282,0.0002036372578348433,23,0.5490196078431373,50,136.85238599777222
dinov2_s,mnist,25,10,0.1487281273087196,2.7755575615628914e-17,0.14807391451649754,0.0169793994408936,0.0006542127922220253,23,0.5490196078431373,50,139.8801667690277
dinov2_s,mnist,26,10,0.15077020856707285,0.0,0.14794029100707184,0.017043547250882946,0.002829917560001005,19,0.6274509803921569,50,101.23884177207948
dinov2_s,mnist,27,10,0.14833149758623682,0.0,0.14774075375845533,0.017032440134112745,0.0005907438277814869,23,0.5490196078431373,50,134.0271871089935
dinov2_s,mnist,28,10,0.1518810288162284,0.0,0.1480982805236558,0.017159019654328467,0.0037827482925725797,19,0.6274509803921569,50,139.11455392837522
dinov2_s,mnist,29,10,0.15188210560237222,0.0,0.14767499016781632,0.01712516987655793,0.004207115434555903,19,0.6274509803921569,50,133.1837019920349
i21k_b,mnist,-1,10,0.13347234307490144,0.0,0.14131991872254687,0.01665974146049406,-0.007847575647645433,33,0.35294117647058826,50,46.82175159454346
i21k_b,mnist,0,10,0.13410682788046074,0.0,0.14127832793371428,0.016603424975498875,-0.007171500053253538,33,0.35294117647058826,50,48.05635070800781
i21k_b,mnist,1,10,0.13228921550193945,2.7755575615628914e-17,0.14065226655487134,0.016650716268937226,-0.008363051052931919,37,0.27450980392156865,50,48.290815591812134
i21k_b,mnist,2,10,0.13586849170506166,0.0,0.14133961327941072,0.016836224678576442,-0.005471121574349064,32,0.3725490196078432,50,46.76260995864868
i21k_b,mnist,3,10,0.1320318166491576,0.0,0.14160045958890102,0.016732738012981717,-0.009568642939743409,39,0.2352941176470588,50,48.48340916633606
i21k_b,mnist,4,10,0.13126974441627667,0.0,0.1409510464684685,0.01645361461022309,-0.009681302052191835,40,0.21568627450980396,50,46.3166139125824
i21k_b,mnist,5,10,0.13269056038770555,0.0,0.14098726430218475,0.016498558058876147,-0.008296703914479203,37,0.27450980392156865,50,45.79439902305603
i21k_b,mnist,6,10,0.13400233406336667,0.0,0.1412038800668537,0.016553213739006787,-0.0072015460034870185,33,0.35294117647058826,50,45.56377363204956
i21k_b,mnist,7,10,0.13357676259418033,2.7755575615628914e-17,0.14148531282954252,0.016681299869448402,-0.007908550235362187,35,0.3137254901960784,50,48.33814668655396
i21k_b,mnist,8,10,0.13446666902796992,0.0,0.14104329827900666,0.016710712297034774,-0.006576629251036747,33,0.35294117647058826,50,48.9294261932373
i21k_b,mnist,9,10,0.13227767141284955,0.0,0.1412434280215615,0.016555510761027358,-0.008965756608711933,39,0.2352941176470588,50,44.70856404304504
i21k_b,mnist,10,10,0.13247152800385306,2.7755575615628914e-17,0.14063768332620052,0.01644988055515097,-0.00816615532234749,37,0.27450980392156865,50,48.59061312675476
i21k_b,mnist,11,10,0.13360459336434333,0.0,0.14108617060376302,0.016727724752847752,-0.007481577239419694,33,0.35294117647058826,50,48.156254529953
i21k_b,mnist,12,10,0.1343485737911107,0.0,0.14132886127252228,0.01669436693151366,-0.006980287481411579,33,0.35294117647058826,50,47.22846484184265
i21k_b,mnist,13,10,0.13243525148456253,0.0,0.1401403520648919,0.01626424650134563,-0.0077051005803293595,37,0.27450980392156865,50,46.11124897003174
i21k_b,mnist,14,10,0.1317366377659221,0.0,0.14069296759074956,0.016570019261441908,-0.008956329824827471,38,0.2549019607843137,50,44.2700514793396
i21k_b,mnist,15,10,0.13417429345425752,0.0,0.14130200578185514,0.016660747207901595,-0.007127712327597623,33,0.35294117647058826,50,43.85489535331726
i21k_b,mnist,16,10,0.1339512853318603,0.0,0.14118033899299992,0.016593626036690356,-0.007229053661139628,33,0.35294117647058826,50,43.97224640846253
i21k_b,mnist,17,10,0.13450202779579828,0.0,0.14224232627333444,0.016995366709940618,-0.007740298477536156,33,0.35294117647058826,50,45.32483196258545
i21k_b,mnist,18,10,0.13266617622739812,0.0,0.14129232386555102,0.016774254464996863,-0.008626147638152892,36,0.29411764705882354,50,46.19678926467896
i21k_b,mnist,19,10,0.13376485350423348,0.0,0.141757179080762,0.01681733967455496,-0.007992325576528514,34,0.3333333333333333,50,45.38432240486145
i21k_b,mnist,20,10,0.13202311138887074,0.0,0.14168110426081565,0.01691246024886843,-0.00965799287194491,39,0.2352941176470588,50,46.417937994003296
i21k_b,mnist,21,10,0.1326687335993912,0.0,0.1413238971417943,0.01661587771354204,-0.008655163542403116,37,0.27450980392156865,50,44.221211910247796
i21k_b,mnist,22,10,0.13302662559478068,2.7755575615628914e-17,0.14171509369161828,0.016857814499441643,-0.008688468096837598,36,0.29411764705882354,50,42.04563570022583
i21k_b,mnist,23,10,0.13364107671093226,2.7755575615628914e-17,0.141797984422796,0.016838766913140134,-0.008156907711863753,33,0.35294117647058826,50,44.319926261901855
i21k_b,mnist,24,10,0.13283864255927333,0.0,0.14180603585502508,0.01682127223434161,-0.008967393295751747,38,0.2549019607843137,50,46.79420804977417
i21k_b,mnist,25,10,0.13082408328826767,0.0,0.14116746006744094,0.016615449617752426,-0.010343376779173295,40,0.21568627450980396,50,42.823687553405755
i21k_b,mnist,26,10,0.13483999224502444,2.7755575615628914e-17,0.14170881023859874,0.0166199707044651,-0.006868817993574278,33,0.35294117647058826,50,45.134628534317024
i21k_b,mnist,27,10,0.13265557122274182,2.7755575615628914e-17,0.14135874589064876,0.016700341246453986,-0.00870317466790693,37,0.27450980392156865,50,42.83625793457031
i21k_b,mnist,28,10,0.13718660670166946,0.0,0.14168032996975902,0.016790601392608132,-0.0044937232680895825,30,0.4117647058823529,50,44.35706567764282
i21k_b,mnist,29,10,0.13351541671120853,0.0,0.14101956164884233,0.016515873459310597,-0.0075041449376337934,34,0.3333333333333333,50,42.33484292030335
i21k_l,mnist,-1,10,0.12442113794682512,0.0,0.15726173172967528,0.01988552216756284,-0.03284059378285016,47,0.0784313725490196,50,46.58442234992981
i21k_l,mnist,0,10,0.12500062080833935,0.0,0.15746462917359008,0.01985893685960705,-0.03246400836525073,47,0.0784313725490196,50,45.1132926940918
i21k_l,mnist,1,10,0.12394795374586624,1.3877787807814454e-17,0.15637422748048296,0.019863519684767336,-0.032426273734616706,47,0.0784313725490196,50,46.755479335784905
i21k_l,mnist,2,10,0.12393079252187085,0.0,0.1571124534995972,0.02003156301984906,-0.033181660977726346,47,0.0784313725490196,50,46.49676251411438
i21k_l,mnist,3,10,0.12534081069488684,0.0,0.15758150745774072,0.019949162319789767,-0.032240696762853883,47,0.0784313725490196,50,46.24608683586121
i21k_l,mnist,4,10,0.12343063908744772,0.0,0.15713139006120316,0.019783992691294456,-0.033700750973755425,47,0.0784313725490196,50,50.62004327774048
i21k_l,mnist,5,10,0.12275357916497405,1.3877787807814454e-17,0.1575194980093313,0.01984330327232098,-0.03476591884435723,48,0.05882352941176471,50,48.370850801467896
i21k_l,mnist,6,10,0.12417139305445485,0.0,0.1573833352653214,0.019850584282726017,-0.033211942210866534,47,0.0784313725490196,50,52.469886779785156
i21k_l,mnist,7,10,0.123852837397467,0.0,0.15740510886002365,0.01982508222459184,-0.03355227146255665,48,0.05882352941176471,50,62.958016157150276
i21k_l,mnist,8,10,0.12368082499127515,0.0,0.15668383702058195,0.01977857435941732,-0.033003012029306784,47,0.0784313725490196,50,62.662881135940545
i21k_l,mnist,9,10,0.12492331728471713,0.0,0.15686159368258565,0.019945269994431303,-0.03193827639786852,47,0.0784313725490196,50,34.64220476150513
i21k_l,mnist,10,10,0.12357726891255268,0.0,0.15694560975835686,0.01975065979375944,-0.03336834084580416,47,0.0784313725490196,50,50.500386714935296
i21k_l,mnist,11,10,0.12384162684902934,1.3877787807814454e-17,0.15702306970190194,0.01990676879750193,-0.03318144285287257,47,0.0784313725490196,50,49.853591203689575
i21k_l,mnist,12,10,0.12528033136634326,0.0,0.15753746601523513,0.01983558537949557,-0.032257134648891884,47,0.0784313725490196,50,64.28862595558168
i21k_l,mnist,13,10,0.12362661635893855,1.3877787807814454e-17,0.1561754562336503,0.019837801553159708,-0.03254883987471177,47,0.0784313725490196,50,62.01574969291687
i21k_l,mnist,14,10,0.12556363542786175,0.0,0.15683817749334372,0.019956437181567657,-0.03127454206548197,47,0.0784313725490196,50,67.88700032234192
i21k_l,mnist,15,10,0.12535562009880738,2.7755575615628914e-17,0.15720167062080312,0.01974608969945833,-0.03184605052199574,47,0.0784313725490196,50,140.2535676956177
i21k_l,mnist,16,10,0.12382169256541613,0.0,0.1571715295671658,0.019855733832676536,-0.033349837001749684,47,0.0784313725490196,50,72.41855216026306
i21k_l,mnist,17,10,0.1252469452899579,2.7755575615628914e-17,0.1578831591247608,0.019801503701204724,-0.03263621383480292,47,0.0784313725490196,50,66.65008997917175
i21k_l,mnist,18,10,0.12508155643450794,0.0,0.15726709949898887,0.01995141466005592,-0.032185543064480904,47,0.0784313725490196,50,56.565749406814575
i21k_l,mnist,19,10,0.12390739102744913,0.0,0.15734315151219766,0.02010351251543953,-0.03343576048474852,47,0.0784313725490196,50,66.36014771461487
i21k_l,mnist,20,10,0.12350205257008268,0.0,0.1577937413052865,0.01981774164643925,-0.034291688735203815,48,0.05882352941176471,50,68.69014739990234
i21k_l,mnist,21,10,0.1253912677058748,0.0,0.15708222094108415,0.019972943682758516,-0.031690953235209346,47,0.0784313725490196,50,62.275970220565796
i21k_l,mnist,22,10,0.12427871172161747,1.3877787807814454e-17,0.15764006538425498,0.019981174481363103,-0.033361353662637525,47,0.0784313725490196,50,59.75836539268494
i21k_l,mnist,23,10,0.12449035857237024,0.0,0.15742856395323745,0.019918513147473626,-0.0329382053808672,47,0.0784313725490196,50,64.17386054992676
i21k_l,mnist,24,10,0.123795812850725,1.3877787807814454e-17,0.15820019323280887,0.019882633063429942,-0.03440438038208386,48,0.05882352941176471,50,66.88512349128722
i21k_l,mnist,25,10,0.12343746002420415,1.3877787807814454e-17,0.1574019528500796,0.019944506935155443,-0.03396449282587545,47,0.0784313725490196,50,61.59367656707764
i21k_l,mnist,26,10,0.12604476289560212,2.7755575615628914e-17,0.15673124989733403,0.019753629157179948,-0.03068648700173188,47,0.0784313725490196,50,61.69833183288574
i21k_l,mnist,27,10,0.12444173861772237,0.0,0.15743928528764736,0.019983093009299305,-0.03299754666992498,47,0.0784313725490196,50,62.324001789093025
i21k_l,mnist,28,10,0.12553763135412013,0.0,0.15741269627118148,0.01985830998598008,-0.03187506491706135,47,0.0784313725490196,50,76.00334405899049
i21k_l,mnist,29,10,0.12325749651855132,0.0,0.15745070368307235,0.019870322700233853,-0.03419320716452101,48,0.05882352941176471,50,77.31872868537903
i21k_s,mnist,-1,10,0.12767443878048385,0.0,0.1611583832442543,0.024407651561308343,-0.03348394446377045,46,0.09803921568627452,50,70.61506962776184
i21k_s,mnist,0,10,0.12878046527400835,0.0,0.16100306495790978,0.024235437425242642,-0.032222599683901426,45,0.1176470588235294,50,59.996081829071045
i21k_s,mnist,1,10,0.1265228086171722,2.7755575615628914e-17,0.16096925692906575,0.02444834818534613,-0.034446448311893564,46,0.09803921568627452,50,65.34825491905211
i21k_s,mnist,2,10,0.12951498406392964,2.7755575615628914e-17,0.16135333126092016,0.024599010787031517,-0.031838347196990496,45,0.1176470588235294,50,66.53464150428772
i21k_s,mnist,3,10,0.1276572987111555,0.0,0.16128523502727649,0.02436865742616955,-0.03362793631612099,46,0.09803921568627452,50,56.781657218933105
i21k_s,mnist,4,10,0.12689017953620946,0.0,0.1610045187077623,0.024307454067554263,-0.034114339171552883,46,0.09803921568627452,50,46.51623916625977
i21k_s,mnist,5,10,0.1273044380232775,0.0,0.16075746195123258,0.02432667930696716,-0.033453023927955065,46,0.09803921568627452,50,62.32227897644043
i21k_s,mnist,6,10,0.1280872258099272,2.7755575615628914e-17,0.16134056373568653,0.024419269821176957,-0.033253337925759324,46,0.09803921568627452,50,64.03761529922485
i21k_s,mnist,7,10,0.12826848458915627,2.7755575615628914e-17,0.161409184282624,0.02448147176895574,-0.033140699693467716,45,0.1176470588235294,50,55.6027729511261
i21k_s,mnist,8,10,0.12846236591108967,2.7755575615628914e-17,0.16129494234580968,0.02455610992178764,-0.03283257643472001,45,0.1176470588235294,50,64.02358102798462
i21k_s,mnist,9,10,0.12690630783063545,2.7755575615628914e-17,0.16097542999949913,0.02430028482610557,-0.03406912216886368,46,0.09803921568627452,50,60.95988416671753
i21k_s,mnist,10,10,0.12981738143446514,0.0,0.16138842837470935,0.02456511375493417,-0.03157104694024418,45,0.1176470588235294,50,68.45008063316345
i21k_s,mnist,11,10,0.12697244631864613,0.0,0.16108469867674013,0.024276905245231583,-0.034112252358094015,46,0.09803921568627452,50,60.96148133277893
i21k_s,mnist,12,10,0.12747310607804038,2.7755575615628914e-17,0.16132938399740632,0.02449175499391541,-0.033856277919365935,46,0.09803921568627452,50,50.009126901626594
i21k_s,mnist,13,10,0.1285440672241527,0.0,0.16040160373594292,0.024192931066160744,-0.03185753651179021,46,0.09803921568627452,50,55.09214401245117
i21k_s,mnist,14,10,0.12776887232312575,2.7755575615628914e-17,0.16078915871754276,0.024321773053069918,-0.033020286394417016,46,0.09803921568627452,50,40.47011137008667
i21k_s,mnist,15,10,0.1268068272454472,0.0,0.16067545197671218,0.024163934782568116,-0.03386862473126498,46,0.09803921568627452,50,52.035060167312615
i21k_s,mnist,16,10,0.12631317815648846,2.7755575615628914e-17,0.1609827189245255,0.02426981234662447,-0.034669540768037084,46,0.09803921568627452,50,62.75736093521118
i21k_s,mnist,17,10,0.12832380738545224,0.0,0.16137930254964766,0.024450522704989302,-0.0330554951641954,45,0.1176470588235294,50,60.327799797058105
i21k_s,mnist,18,10,0.12865781878803126,0.0,0.1609967213167431,0.02445111037813353,-0.03233890252871188,45,0.1176470588235294,50,38.515963792800896
i21k_s,mnist,19,10,0.1274525785234668,0.0,0.16129826825296587,0.024449411877027368,-0.033845689729499064,46,0.09803921568627452,50,57.83584690093994
i21k_s,mnist,20,10,0.12832660797377246,0.0,0.16151756625658742,0.024579406073382503,-0.03319095828281498,45,0.1176470588235294,50,58.73941612243652
i21k_s,mnist,21,10,0.12612742407721855,0.0,0.16084953701399324,0.024221901053691524,-0.03472211293677468,46,0.09803921568627452,50,52.1983904838562
i21k_s,mnist,22,10,0.1257075213116999,2.7755575615628914e-17,0.16119496107483303,0.02440173139067388,-0.035487439763133094,46,0.09803921568627452,50,62.592826128005974
i21k_s,mnist,23,10,0.1258851435672756,2.7755575615628914e-17,0.16085015984070586,0.024236866752760888,-0.03496501627343024,46,0.09803921568627452,50,55.281054973602295
i21k_s,mnist,24,10,0.12640991669483534,0.0,0.1613008557589604,0.02436097296118717,-0.03489093906412505,46,0.09803921568627452,50,60.18393850326538
i21k_s,mnist,25,10,0.12740868255688206,2.7755575615628914e-17,0.16138254680556635,0.024396882972967885,-0.033973864248684316,46,0.09803921568627452,50,57.61383438110352
i21k_s,mnist,26,10,0.12856530798042076,0.0,0.16124036747245907,0.02444155854219596,-0.032675059492038305,45,0.1176470588235294,50,72.2487440109253
i21k_s,mnist,27,10,0.12676157548451164,2.7755575615628914e-17,0.1609728159488508,0.024419734634539485,-0.034211240464339154,46,0.09803921568627452,50,62.14161396026611
i21k_s,mnist,28,10,0.12776783577458845,0.0,0.16071953763782287,0.02416138322140545,-0.03295170186323443,46,0.09803921568627452,50,57.24181246757507
i21k_s,mnist,29,10,0.12854847433744915,2.7755575615628914e-17,0.1612810234576357,0.02450957002433156,-0.032732549120186555,45,0.1176470588235294,50,62.19172430038452
i21k_t,mnist,-1,10,0.13427752465995454,0.0,0.15858678765026066,0.02162348037213182,-0.024309262990306058,45,0.1176470588235294,50,65.99937963485718
i21k_t,mnist,0,10,0.13462537110483258,2.7755575615628914e-17,0.15852212364270632,0.021537491556231417,-0.023896752537873742,45,0.1176470588235294,50,70.55138063430786
i21k_t,mnist,1,10,0.1339291788075479,2.7755575615628914e-17,0.15808183126398676,0.021477635982833396,-0.024152652456438856,45,0.1176470588235294,50,66.22182750701904
i21k_t,mnist,2,10,0.13444985756049085,2.7755575615628914e-17,0.1589547854077636,0.02191858856518428,-0.024504927847272758,45,0.1176470588235294,50,69.14711189270021
i21k_t,mnist,3,10,0.13167217879633347,0.0,0.1587315295701902,0.021661156477839092,-0.027059350773856742,45,0.1176470588235294,50,60.64923524856568
i21k_t,mnist,4,10,0.13260394621164998,0.0,0.15851222212904514,0.02153611502376204,-0.0259082759173952,45,0.1176470588235294,50,71.80600643157959
i21k_t,mnist,5,10,0.13571853929078442,0.0,0.15852449909239194,0.02164665376894464,-0.022805959801607545,45,0.1176470588235294,50,44.75912976264953
i21k_t,mnist,6,10,0.1367539572306194,0.0,0.15804079743777916,0.021434041477177857,-0.021286840207159763,45,0.1176470588235294,50,66.46690535545349
i21k_t,mnist,7,10,0.13462423352470526,0.0,0.1580804560139512,0.02144132864893952,-0.023456222489245976,45,0.1176470588235294,50,71.68205189704895
i21k_t,mnist,8,10,0.13306407839455295,0.0,0.1593652572925473,0.02185896654703109,-0.026301178897994357,45,0.1176470588235294,50,57.45923542976379
i21k_t,mnist,9,10,0.1323398423098656,0.0,0.1591471128713252,0.021678903101445803,-0.026807270561459595,45,0.1176470588235294,50,55.068896055221565
i21k_t,mnist,10,10,0.13662738778705116,0.0,0.15868685914320035,0.02165163527195616,-0.02205947135614922,45,0.1176470588235294,50,59.72848105430603
i21k_t,mnist,11,10,0.13506605793128962,0.0,0.15888595289234192,0.02174137333410191,-0.0238198949610523,45,0.1176470588235294,50,67.31350159645079
i21k_t,mnist,12,10,0.13342540613903736,0.0,0.15882673898581345,0.021673271169305192,-0.02540133284677606,45,0.1176470588235294,50,49.76442360877991
i21k_t,mnist,13,10,0.13439423763329067,0.0,0.15783495566230832,0.021362050463250508,-0.02344071802901765,45,0.1176470588235294,50,59.04106307029724
i21k_t,mnist,14,10,0.13608774726374012,2.7755575615628914e-17,0.15867033334120334,0.0217981386993158,-0.022582586077463215,45,0.1176470588235294,50,67.61064028739929
i21k_t,mnist,15,10,0.1356222915823602,0.0,0.1587337315105963,0.021742815882093924,-0.02311143992823611,45,0.1176470588235294,50,53.386243104934685
i21k_t,mnist,16,10,0.1308452907762095,2.7755575615628914e-17,0.15768706663055926,0.02136312034354521,-0.02684177585434977,45,0.1176470588235294,50,67.08641314506532
i21k_t,mnist,17,10,0.13474659581238627,2.7755575615628914e-17,0.15957735963895964,0.022005418432299344,-0.024830763826573368,45,0.1176470588235294,50,70.28109192848207
i21k_t,mnist,18,10,0.13462339089218042,2.7755575615628914e-17,0.1583519404750718,0.02168365791343474,-0.02372854958289139,45,0.1176470588235294,50,65.78786778450011
i21k_t,mnist,19,10,0.1313344538130142,2.7755575615628914e-17,0.15894976854876006,0.02183356160353647,-0.027615314735745827,45,0.1176470588235294,50,41.81276440620423
i21k_t,mnist,20,10,0.13313354525458493,0.0,0.15985639384155964,0.02211429017913364,-0.026722848586974712,45,0.1176470588235294,50,52.755555152893066
i21k_t,mnist,21,10,0.13231269072364646,2.7755575615628914e-17,0.15809126781742755,0.021426744786775063,-0.02577857709378112,45,0.1176470588235294,50,66.21626448631287
i21k_t,mnist,22,10,0.13018944616730208,0.0,0.15782492847881244,0.021210787516261712,-0.02763548231151036,45,0.1176470588235294,50,55.444464921951294
i21k_t,mnist,23,10,0.13192920087008925,2.7755575615628914e-17,0.15845429816452486,0.021634246895349856,-0.02652509729443561,45,0.1176470588235294,50,59.47298431396485
i21k_t,mnist,24,10,0.13398402693878095,2.7755575615628914e-17,0.15905412621893153,0.021795660354254967,-0.025070099280150585,45,0.1176470588235294,50,55.790693044662476
i21k_t,mnist,25,10,0.13178965427797046,0.0,0.15879675799790793,0.02160413869272969,-0.027007103719937475,45,0.1176470588235294,50,58.46026086807251
i21k_t,mnist,26,10,0.1374360366370068,2.7755575615628914e-17,0.15864945408622436,0.021583840815670156,-0.021213417449217564,45,0.1176470588235294,50,51.760024070739746
i21k_t,mnist,27,10,0.1326576923116284,2.7755575615628914e-17,0.15835177589023852,0.021622553854735785,-0.02569408357861011,45,0.1176470588235294,50,62.852980852127075
i21k_t,mnist,28,10,0.1362958466311504,0.0,0.1582537031591386,0.021426748331499903,-0.021957856527988182,45,0.1176470588235294,50,49.7801628112793
i21k_t,mnist,29,10,0.13553314279243509,0.0,0.1581391045567728,0.02148593665622437,-0.022605961764337712,45,0.1176470588235294,50,56.03761053085327
siglip_b,mnist,-1,10,0.1132885938861466,0.0,0.13662124986739232,0.015721244800983726,-0.023332655981245717,46,0.09803921568627452,50,59.75841236114502
siglip_b,mnist,0,10,0.11292435771892242,1.3877787807814454e-17,0.13671782036902586,0.015690193874498944,-0.02379346265010343,46,0.09803921568627452,50,44.07634615898132
siglip_b,mnist,1,10,0.11180914420778128,1.3877787807814454e-17,0.13685564920744922,0.01563433771677966,-0.025046504999667943,47,0.0784313725490196,50,34.394034147262566
siglip_b,mnist,2,10,0.11249488521680727,0.0,0.13669469226134806,0.01585103447208628,-0.024199807044540774,46,0.09803921568627452,50,57.720162868499756
siglip_b,mnist,3,10,0.11310783415758248,2.7755575615628914e-17,0.1362584570386228,0.015672258722194413,-0.023150622881040302,46,0.09803921568627452,50,67.73661398887634
siglip_b,mnist,4,10,0.11370270695339105,0.0,0.13643803840411675,0.01572400824109775,-0.02273533145072569,46,0.09803921568627452,50,71.2262008190155
siglip_b,mnist,5,10,0.11290375772345765,1.3877787807814454e-17,0.1365149137093882,0.015717684803847127,-0.023611155985930558,46,0.09803921568627452,50,64.98870182037354
siglip_b,mnist,6,10,0.11396693605124385,0.0,0.13664979082449635,0.01583658391829203,-0.02268285477325252,46,0.09803921568627452,50,69.91943955421448
siglip_b,mnist,7,10,0.11158003711521852,1.3877787807814454e-17,0.1365490255012699,0.015740976432929817,-0.0249689883860514,46,0.09803921568627452,50,45.7761926651001
siglip_b,mnist,8,10,0.112993221728728,0.0,0.13628756384014873,0.0156363094419837,-0.023294342111420743,46,0.09803921568627452,50,66.25235486030579
siglip_b,mnist,9,10,0.11321280723357713,1.3877787807814454e-17,0.1367298292839434,0.01577085804667225,-0.023517022050366283,46,0.09803921568627452,50,68.18778133392334
siglip_b,mnist,10,10,0.11246854900599043,0.0,0.13661295206019686,0.01555567201267944,-0.0241444030542064,46,0.09803921568627452,50,60.482085943222046
siglip_b,mnist,11,10,0.11304164649772465,0.0,0.13688518316789886,0.0156356978240454,-0.02384353667017419,46,0.09803921568627452,50,65.06571054458618
siglip_b,mnist,12,10,0.11281276647378675,0.0,0.1366564605872935,0.01575304781755321,-0.023843694113506744,46,0.09803921568627452,50,45.010573148727424
siglip_b,mnist,13,10,0.11449486403457568,1.3877787807814454e-17,0.13725136256823042,0.0157645115495984,-0.022756498533654745,46,0.09803921568627452,50,58.64681458473206
siglip_b,mnist,14,10,0.11434030177959482,1.3877787807814454e-17,0.1367303153844954,0.01584284513790274,-0.02239001360490057,46,0.09803921568627452,50,53.43271803855896
siglip_b,mnist,15,10,0.11409807188096735,0.0,0.1365917790906085,0.015779339878944827,-0.02249370720964113,46,0.09803921568627452,50,58.04619193077088
siglip_b,mnist,16,10,0.11405148498006608,1.3877787807814454e-17,0.13619329970034386,0.015753120745299,-0.022141814720277774,46,0.09803921568627452,50,48.39077067375183
siglip_b,mnist,17,10,0.11323667452464015,2.7755575615628914e-17,0.13607063140368952,0.01566883001760071,-0.02283395687904935,46,0.09803921568627452,50,69.87694454193115
siglip_b,mnist,18,10,0.11290216246947192,0.0,0.13675021541075896,0.015767899241302133,-0.023848052941287,46,0.09803921568627452,50,74.75514197349548
siglip_b,mnist,19,10,0.11268602486166485,1.3877787807814454e-17,0.13640432740033995,0.01577771232666294,-0.023718302538675115,46,0.09803921568627452,50,69.19563055038452
siglip_b,mnist,20,10,0.1122480031247181,0.0,0.13655116600176068,0.015685169879359064,-0.02430316287704258,46,0.09803921568627452,50,81.62153911590576
siglip_b,mnist,21,10,0.11406998669426555,0.0,0.1369290387340489,0.015703296250088792,-0.022859052039783348,46,0.09803921568627452,50,78.08094596862794
siglip_b,mnist,22,10,0.11415920677063247,1.3877787807814454e-17,0.13617329401381892,0.015693606097957488,-0.022014087243186445,46,0.09803921568627452,50,59.73916649818421
siglip_b,mnist,23,10,0.11512872211488083,1.3877787807814454e-17,0.1362665739232663,0.01576981496282906,-0.021137851808385483,45,0.1176470588235294,50,47.3725733757019
siglip_b,mnist,24,10,0.1129818550342099,0.0,0.13665596061265115,0.015735996590090538,-0.023674105578441268,46,0.09803921568627452,50,74.27434515953064
siglip_b,mnist,25,10,0.11406380517026578,1.3877787807814454e-17,0.1363945581585742,0.015865976690030974,-0.02233075298830843,46,0.09803921568627452,50,62.94979882240296
siglip_b,mnist,26,10,0.11332364944401245,1.3877787807814454e-17,0.13642914420336888,0.015629566192634763,-0.023105494759356443,46,0.09803921568627452,50,70.98061108589171
siglip_b,mnist,27,10,0.11281088610564068,1.3877787807814454e-17,0.1365654671759676,0.015717052920535133,-0.023754581070326918,46,0.09803921568627452,50,68.77578544616699
siglip_b,mnist,28,10,0.11356190678334716,0.0,0.1368570493689082,0.015727288427378368,-0.02329514258556105,46,0.09803921568627452,50,63.011813402175896
siglip_b,mnist,29,10,0.11272751475906358,1.3877787807814454e-17,0.13666680635184533,0.015696897129485295,-0.02393929159278176,46,0.09803921568627452,50,58.013088703155525
