model,kind,a,b,ari_cut,coph_corr,triplet_agree
clip_b,boot_pair,0,1,0.7739880941989976,0.9143168153386592,0.9059
clip_b,boot_pair,0,2,0.8863269623980896,0.9629743851782728,0.9501
clip_b,boot_pair,0,3,0.8389466574908517,0.9130483771618876,0.9149
clip_b,boot_pair,0,4,0.8234280668177458,0.923411211347418,0.8972
clip_b,boot_pair,0,5,0.9037553895230382,0.9322581085422654,0.9142
clip_b,boot_pair,0,6,0.86419465036385,0.9305312814633364,0.912
clip_b,boot_pair,0,7,0.9136691410765014,0.9423263040524691,0.9293
clip_b,boot_pair,0,8,0.8780588779903619,0.9523288024465908,0.9426
clip_b,boot_pair,0,9,0.7857234116815508,0.9298703388473132,0.9175
clip_b,boot_pair,0,10,0.8369838463278813,0.9177772495961236,0.9046
clip_b,boot_pair,0,11,0.8990361714759904,0.9293316897199224,0.9079999999999999
clip_b,boot_pair,0,12,0.8446732430577574,0.9351956579234372,0.9217
clip_b,boot_pair,0,13,0.8637728263470353,0.9543114091849294,0.94
clip_b,boot_pair,0,14,0.8405593151396707,0.928172681719335,0.9277
clip_b,boot_pair,0,15,0.8561046655588694,0.9407047715819596,0.9343
clip_b,boot_pair,0,16,0.9140650686437432,0.934687055537287,0.9218
clip_b,boot_pair,0,17,0.9251964495351378,0.9461518902643172,0.9302
clip_b,boot_pair,0,18,0.8400777694745973,0.9265870170862832,0.9279
clip_b,boot_pair,0,19,0.895300047079142,0.9395001566788332,0.9289
clip_b,boot_pair,0,20,0.8698064653572837,0.9439355483913424,0.9343
clip_b,boot_pair,0,21,0.8519056945324451,0.9441965223007888,0.9388
clip_b,boot_pair,0,22,0.8585522189501705,0.9345226282934193,0.9205
clip_b,boot_pair,0,23,0.9079055334493256,0.9419079677915144,0.9345
clip_b,boot_pair,0,24,0.8200384867144804,0.9343616261383496,0.9197
clip_b,boot_pair,0,25,0.8530969516729257,0.9484367490035718,0.95
clip_b,boot_pair,0,26,0.8921868049530228,0.9265794949066476,0.9238
clip_b,boot_pair,0,27,0.9330701777684663,0.9380944196600922,0.9108
clip_b,boot_pair,0,28,0.9138708102592122,0.937464177434755,0.9373
clip_b,boot_pair,0,29,0.8590341504765108,0.9518366709439918,0.9519
clip_b,boot_pair,1,2,0.8336972213588001,0.9107895609627844,0.8923
clip_b,boot_pair,1,3,0.8656971821457973,0.9495765080824634,0.9482
clip_b,boot_pair,1,4,0.8982469639260762,0.9389396883093306,0.9284
clip_b,boot_pair,1,5,0.7968454158055587,0.9495673905920656,0.9462
clip_b,boot_pair,1,6,0.8441221082779943,0.9431125468723852,0.9416
clip_b,boot_pair,1,7,0.8049433292079801,0.9338651266331252,0.9276
clip_b,boot_pair,1,8,0.8476899372942135,0.9337025767449194,0.9343
clip_b,boot_pair,1,9,0.8703887558657607,0.9220483380626936,0.8951
clip_b,boot_pair,1,10,0.8210978435211964,0.939750987620595,0.934
clip_b,boot_pair,1,11,0.7935648254839217,0.9247960780808996,0.9129
clip_b,boot_pair,1,12,0.8414618441887269,0.9355406972172778,0.9303
clip_b,boot_pair,1,13,0.8158719159302321,0.9210838455810668,0.9211
clip_b,boot_pair,1,14,0.8667815948254957,0.9360940341996241,0.9326
clip_b,boot_pair,1,15,0.8571198669331604,0.9347246877678416,0.9218
clip_b,boot_pair,1,16,0.8114434137675944,0.9459519796000704,0.953
clip_b,boot_pair,1,17,0.8027819833516551,0.9350171332652868,0.9329
clip_b,boot_pair,1,18,0.775643457083205,0.9187193802325244,0.9196
clip_b,boot_pair,1,19,0.8017519146709596,0.9248241602746692,0.9226
clip_b,boot_pair,1,20,0.8370803076234132,0.925850101175156,0.9232
clip_b,boot_pair,1,21,0.8656758693498599,0.9275911345109634,0.9114
clip_b,boot_pair,1,22,0.8376305554682083,0.947790780197249,0.9554
clip_b,boot_pair,1,23,0.7762872487144983,0.9216326409316256,0.9209999999999999
clip_b,boot_pair,1,24,0.9043907932825864,0.9447441983027064,0.9365
clip_b,boot_pair,1,25,0.8395968705677512,0.910669357213588,0.8997
clip_b,boot_pair,1,26,0.8256826945329805,0.94540515270046,0.943
clip_b,boot_pair,1,27,0.8170129410529678,0.936520264793261,0.9329
clip_b,boot_pair,1,28,0.7974292210811108,0.9257987153027508,0.9273
clip_b,boot_pair,1,29,0.8560593297157181,0.929639912773501,0.9239
clip_b,boot_pair,2,3,0.8986542195724937,0.9221511193136184,0.9061
clip_b,boot_pair,2,4,0.87309934634746,0.9402407967426204,0.924
clip_b,boot_pair,2,5,0.8764818453840768,0.932915754782359,0.9015
clip_b,boot_pair,2,6,0.9060172336401388,0.9286381271146386,0.8965
clip_b,boot_pair,2,7,0.869659652439826,0.9434107568972704,0.9181
clip_b,boot_pair,2,8,0.9304093661247148,0.9500657416299064,0.9212
clip_b,boot_pair,2,9,0.8539562457507172,0.9400282419706087,0.9318
clip_b,boot_pair,2,10,0.8705308998999984,0.9226280208627904,0.9004
clip_b,boot_pair,2,11,0.8699166511744132,0.9389046099827496,0.9178
clip_b,boot_pair,2,12,0.8153414756722416,0.934563281668502,0.905
clip_b,boot_pair,2,13,0.9034509174844948,0.9543316922057116,0.9274
clip_b,boot_pair,2,14,0.8831645117527734,0.9305846842046516,0.9193
clip_b,boot_pair,2,15,0.8972623198498829,0.9411876106127791,0.9216
clip_b,boot_pair,2,16,0.8907050981112358,0.9361014780379721,0.9079
clip_b,boot_pair,2,17,0.8899163502569535,0.9491068719015048,0.9166
clip_b,boot_pair,2,18,0.8203238386500199,0.9319675241883772,0.9184
clip_b,boot_pair,2,19,0.8633614813786613,0.9442784186196452,0.9135
clip_b,boot_pair,2,20,0.8988175689838621,0.9403382491129286,0.9184
clip_b,boot_pair,2,21,0.8967552777471194,0.9427818412819896,0.9264
clip_b,boot_pair,2,22,0.8977551970333093,0.9316989873462412,0.9062
clip_b,boot_pair,2,23,0.8498209430629726,0.9424124033845984,0.9201
clip_b,boot_pair,2,24,0.8440481945835865,0.9250276327790252,0.9004
clip_b,boot_pair,2,25,0.9025978871040048,0.9518551159719464,0.9371
clip_b,boot_pair,2,26,0.8547850008956794,0.9325515223325324,0.9177
clip_b,boot_pair,2,27,0.8844507884336146,0.939468877663342,0.897
clip_b,boot_pair,2,28,0.8734450988156454,0.9413544610232356,0.92
clip_b,boot_pair,2,29,0.9051881046028384,0.9508334345721058,0.9324
clip_b,boot_pair,3,4,0.8545981620934524,0.9273724495590496,0.9149
clip_b,boot_pair,3,5,0.8584557058626178,0.9528322749111862,0.9484
clip_b,boot_pair,3,6,0.9219387904909734,0.9490475778839376,0.9435
clip_b,boot_pair,3,7,0.8569226116754065,0.9391033460897356,0.9325
clip_b,boot_pair,3,8,0.9114550198475224,0.9374509026172154,0.9384
clip_b,boot_pair,3,9,0.8770901194192251,0.9278927339864544,0.9052
clip_b,boot_pair,3,10,0.883703477750116,0.9400371861993384,0.9425
clip_b,boot_pair,3,11,0.8483732747537206,0.9184535337499204,0.9036
clip_b,boot_pair,3,12,0.8270633694144346,0.9364392206171044,0.9324
clip_b,boot_pair,3,13,0.855851476222239,0.9282115146958368,0.9319
clip_b,boot_pair,3,14,0.9037268320815484,0.9414963983639456,0.9479
clip_b,boot_pair,3,15,0.9141875705120148,0.9384228631427408,0.9368
clip_b,boot_pair,3,16,0.8850722274462963,0.9502488738252688,0.9534
clip_b,boot_pair,3,17,0.8776993477841063,0.9386442627371296,0.9354
clip_b,boot_pair,3,18,0.8287114606571278,0.9410241683403849,0.9404
clip_b,boot_pair,3,19,0.8500933606916901,0.9220034761952138,0.9224
clip_b,boot_pair,3,20,0.8853688100265741,0.9270887461701348,0.9243
clip_b,boot_pair,3,21,0.8901817701493266,0.9134125635899152,0.9122
clip_b,boot_pair,3,22,0.9000931688845798,0.9475249241261712,0.9519
clip_b,boot_pair,3,23,0.8446415180912796,0.9265295900461924,0.9283
clip_b,boot_pair,3,24,0.8621457956410187,0.9278076528162388,0.927
clip_b,boot_pair,3,25,0.8922007238193677,0.9146466889329888,0.9128
clip_b,boot_pair,3,26,0.8768028677437486,0.940931929841792,0.9413
clip_b,boot_pair,3,27,0.8665984941072501,0.94363293206222,0.9332
clip_b,boot_pair,3,28,0.8632841857099843,0.9278103762253956,0.938
clip_b,boot_pair,3,29,0.9260462096178491,0.926936410084394,0.9272
clip_b,boot_pair,4,5,0.8320765368966945,0.937479619822458,0.914
clip_b,boot_pair,4,6,0.8477990677697991,0.9282616851751468,0.9064
clip_b,boot_pair,4,7,0.829909630081015,0.9484229884447296,0.9263
clip_b,boot_pair,4,8,0.8783599921765048,0.9456286521965318,0.9298
clip_b,boot_pair,4,9,0.8834534407557685,0.9333986193416126,0.9209999999999999
clip_b,boot_pair,4,10,0.8523262182371458,0.9245389873012728,0.9018
clip_b,boot_pair,4,11,0.8258414258440373,0.950531919469768,0.9361
clip_b,boot_pair,4,12,0.8594854630357945,0.9479918396210628,0.924
clip_b,boot_pair,4,13,0.8658775289615143,0.943302337838894,0.9243
clip_b,boot_pair,4,14,0.8494842645055569,0.9374393320761492,0.9291
clip_b,boot_pair,4,15,0.8780502984199592,0.939990732263308,0.9189
clip_b,boot_pair,4,16,0.8296588226766964,0.9313713373306972,0.9201
clip_b,boot_pair,4,17,0.8417586167105335,0.9494293542385198,0.9243
clip_b,boot_pair,4,18,0.7540835126721954,0.9214597992232404,0.9105
clip_b,boot_pair,4,19,0.8231006018629838,0.9345892641786284,0.9121
clip_b,boot_pair,4,20,0.8727300944285825,0.9419534118720609,0.9222
clip_b,boot_pair,4,21,0.8777903932353643,0.9318501485484812,0.9078
clip_b,boot_pair,4,22,0.8819221546258088,0.9406030100400354,0.9238
clip_b,boot_pair,4,23,0.8093943283089874,0.9343620663645416,0.9191
clip_b,boot_pair,4,24,0.9174424065910612,0.9443882829702712,0.9273
clip_b,boot_pair,4,25,0.8714946245696745,0.9308828995421388,0.9089
clip_b,boot_pair,4,26,0.8272852146080928,0.9477597956622066,0.9423
clip_b,boot_pair,4,27,0.8325726427592595,0.9373041279655824,0.9044
clip_b,boot_pair,4,28,0.8115339113676755,0.9352539317039621,0.9225
clip_b,boot_pair,4,29,0.8687502873964511,0.938401723819406,0.9202
clip_b,boot_pair,5,6,0.8620813124605022,0.9620465943639821,0.9618
clip_b,boot_pair,5,7,0.931672655994372,0.9593422823054628,0.9466
clip_b,boot_pair,5,8,0.8710562314778979,0.9548653734966124,0.943
clip_b,boot_pair,5,9,0.8062768130980167,0.9203919743308824,0.8899
clip_b,boot_pair,5,10,0.8494125748060108,0.941125997628812,0.9319
clip_b,boot_pair,5,11,0.8943619747401307,0.9348564071751576,0.9123
clip_b,boot_pair,5,12,0.8571551367145808,0.9511431170294072,0.9502
clip_b,boot_pair,5,13,0.8415056474974485,0.9462390121450468,0.9397
clip_b,boot_pair,5,14,0.8660775719032446,0.942574269037974,0.9354
clip_b,boot_pair,5,15,0.8683164766388969,0.9367210931771104,0.9271
clip_b,boot_pair,5,16,0.9171329958132796,0.9637587686249024,0.9567
clip_b,boot_pair,5,17,0.9202348898829932,0.9551548255684104,0.9566
clip_b,boot_pair,5,18,0.8731768125671401,0.9455609118313542,0.9362
clip_b,boot_pair,5,19,0.9291803170956308,0.9366152900394842,0.9181
clip_b,boot_pair,5,20,0.8801270123984447,0.9459223203994884,0.9520000000000001
clip_b,boot_pair,5,21,0.8510605499918342,0.9186278274956996,0.9015
clip_b,boot_pair,5,22,0.8790166179103123,0.9584276252463572,0.9523
clip_b,boot_pair,5,23,0.8811734425675459,0.9351446447224846,0.9226
clip_b,boot_pair,5,24,0.8099140494648938,0.9373570067853388,0.9426
clip_b,boot_pair,5,25,0.8421400350915336,0.9261200783578744,0.9073
clip_b,boot_pair,5,26,0.8924276080250795,0.9359180404821504,0.9301
clip_b,boot_pair,5,27,0.9234083487576236,0.9597733459852756,0.9615
clip_b,boot_pair,5,28,0.9034830144666808,0.9379782778807076,0.9306
clip_b,boot_pair,5,29,0.8636437851158247,0.9338340234757516,0.9156
clip_b,boot_pair,6,7,0.8822961124419896,0.9585094999943896,0.9467
clip_b,boot_pair,6,8,0.9118412462231928,0.9491903092517584,0.9372
clip_b,boot_pair,6,9,0.8611590458918746,0.9231268381549578,0.892
clip_b,boot_pair,6,10,0.8795768571434516,0.9407030602024736,0.9252
clip_b,boot_pair,6,11,0.8559690614638348,0.9340888497310328,0.9119
clip_b,boot_pair,6,12,0.8315513982501138,0.9539716363627349,0.9536
clip_b,boot_pair,6,13,0.8702130340767462,0.9331533093547436,0.9304
clip_b,boot_pair,6,14,0.9032356259736768,0.940505962174898,0.9337
clip_b,boot_pair,6,15,0.8956775185566238,0.9283892699260003,0.9208
clip_b,boot_pair,6,16,0.8667394880376242,0.9570199365442841,0.9547
clip_b,boot_pair,6,17,0.8687971089249977,0.949677701003232,0.9520000000000001
clip_b,boot_pair,6,18,0.8261927648695718,0.9487569710069372,0.9347
clip_b,boot_pair,6,19,0.8664564542491766,0.9358022243893452,0.9175
clip_b,boot_pair,6,20,0.9114331459172884,0.9476617508347891,0.9455
clip_b,boot_pair,6,21,0.9064847685623894,0.920164546444395,0.9075
clip_b,boot_pair,6,22,0.917459079428197,0.9635847352197704,0.9574
clip_b,boot_pair,6,23,0.8360219485032703,0.9332491778681362,0.9202
clip_b,boot_pair,6,24,0.8521196834114008,0.93460468966656,0.9437
clip_b,boot_pair,6,25,0.9157383246118628,0.9329825635066352,0.9087
clip_b,boot_pair,6,26,0.8689934555331151,0.9450926676018816,0.9395
clip_b,boot_pair,6,27,0.878897356533774,0.9557039771645268,0.9534
clip_b,boot_pair,6,28,0.8632646322857097,0.9397692539510876,0.9301
clip_b,boot_pair,6,29,0.9257807536964112,0.9327168718150752,0.9174
clip_b,boot_pair,7,8,0.8762355722993586,0.9633146583284544,0.9558
clip_b,boot_pair,7,9,0.8089677205678937,0.934469799826826,0.9065
clip_b,boot_pair,7,10,0.8572443223295583,0.9344272822724872,0.92
clip_b,boot_pair,7,11,0.9188589113144641,0.9504394804752571,0.9444
clip_b,boot_pair,7,12,0.8691927563210592,0.9646655082353031,0.9482
clip_b,boot_pair,7,13,0.8598570500707381,0.9529408917607562,0.9482
clip_b,boot_pair,7,14,0.8444822444275577,0.9392317294518744,0.9449
clip_b,boot_pair,7,15,0.8816058537586279,0.9515435062596408,0.9489
clip_b,boot_pair,7,16,0.9108401771472672,0.948013896915974,0.9379
clip_b,boot_pair,7,17,0.9241524461549736,0.9636171360064448,0.9574
clip_b,boot_pair,7,18,0.876949323737621,0.952532886284333,0.9472
clip_b,boot_pair,7,19,0.9180076773627256,0.9494747888194566,0.9362
clip_b,boot_pair,7,20,0.8565755508840437,0.9536896190252224,0.9569
clip_b,boot_pair,7,21,0.8848520242531922,0.9361788415347632,0.9149
clip_b,boot_pair,7,22,0.8802908937531946,0.9554050683448392,0.9390000000000001
clip_b,boot_pair,7,23,0.8924044511583508,0.9502179919938396,0.9406
clip_b,boot_pair,7,24,0.8300397302167285,0.9507889642901399,0.9437
clip_b,boot_pair,7,25,0.8688726176073902,0.9417944353249184,0.9284
clip_b,boot_pair,7,26,0.9344738020561868,0.959627379344912,0.958
clip_b,boot_pair,7,27,0.9260161936825104,0.9547399896716504,0.9397
clip_b,boot_pair,7,28,0.9106066020878996,0.953094690798842,0.9444
clip_b,boot_pair,7,29,0.8891924576031677,0.9482344780889598,0.9303
clip_b,boot_pair,8,9,0.8337202280590612,0.9206641265062614,0.8993
clip_b,boot_pair,8,10,0.8689016359433742,0.9261288225305132,0.9183
clip_b,boot_pair,8,11,0.8656339141312579,0.9406072815566244,0.9229999999999999
clip_b,boot_pair,8,12,0.8138877131268402,0.9563530328319579,0.9483
clip_b,boot_pair,8,13,0.8914269008222753,0.9508543662372404,0.9482
clip_b,boot_pair,8,14,0.8920280345932705,0.938888469446803,0.9457
clip_b,boot_pair,8,15,0.9158377451995018,0.9451360683030776,0.9483
clip_b,boot_pair,8,16,0.8791419856346626,0.9489169211691452,0.9479
clip_b,boot_pair,8,17,0.8881249047961324,0.9749848384321296,0.9615
clip_b,boot_pair,8,18,0.8113960697879367,0.9451437686878278,0.9470000000000001
clip_b,boot_pair,8,19,0.8783969753682748,0.9509451735729284,0.9456
clip_b,boot_pair,8,20,0.8983428366632276,0.9541937477150768,0.9529
clip_b,boot_pair,8,21,0.9012352758031368,0.9288085789776598,0.9196
clip_b,boot_pair,8,22,0.9040906297580886,0.9523370384932645,0.9426
clip_b,boot_pair,8,23,0.8565885307667649,0.9547504990697508,0.9466
clip_b,boot_pair,8,24,0.8791543653980828,0.9538540299877776,0.9496
clip_b,boot_pair,8,25,0.8946049580421804,0.936510834945555,0.9245
clip_b,boot_pair,8,26,0.8679047478692342,0.9478006354562448,0.9499
clip_b,boot_pair,8,27,0.8744497397730966,0.9564801911637296,0.9352
clip_b,boot_pair,8,28,0.8705991675470296,0.9569631454836496,0.9552
clip_b,boot_pair,8,29,0.9142592528694564,0.9421753970177794,0.9337
clip_b,boot_pair,9,10,0.843106538553767,0.9279641460665626,0.8978
clip_b,boot_pair,9,11,0.7834979282355603,0.9216164192917844,0.9067
clip_b,boot_pair,9,12,0.8743447163906346,0.9253518983491308,0.8982
clip_b,boot_pair,9,13,0.8202616439560447,0.9321130025491252,0.9088
clip_b,boot_pair,9,14,0.8554410223755297,0.9385659786138484,0.9155
clip_b,boot_pair,9,15,0.8582945745542451,0.94927694074718,0.9105
clip_b,boot_pair,9,16,0.8258960495901451,0.9218976282649798,0.8963
clip_b,boot_pair,9,17,0.7889776062243149,0.9228037803483532,0.8948
clip_b,boot_pair,9,18,0.7839557468189934,0.9173763149719536,0.9004
clip_b,boot_pair,9,19,0.8195311353900728,0.9522644296134416,0.9208
clip_b,boot_pair,9,20,0.8271591051071059,0.9139607108741712,0.8925
clip_b,boot_pair,9,21,0.8512823622062559,0.9527052087404856,0.9408
clip_b,boot_pair,9,22,0.8566905096064508,0.9197583205790328,0.8939
clip_b,boot_pair,9,23,0.8204045608492303,0.9290576580618318,0.9105
clip_b,boot_pair,9,24,0.8906757789877029,0.9322137731163751,0.9021
clip_b,boot_pair,9,25,0.8571333687993852,0.9381798232188596,0.9302
clip_b,boot_pair,9,26,0.8246639559454526,0.9488438933946709,0.9209
clip_b,boot_pair,9,27,0.8079115572441399,0.9234218958008019,0.8811
clip_b,boot_pair,9,28,0.8182282255312537,0.9233518471631994,0.9022
clip_b,boot_pair,9,29,0.8739982750523478,0.9587478117860968,0.9392
clip_b,boot_pair,10,11,0.8446755318404211,0.9262316765214208,0.9017
clip_b,boot_pair,10,12,0.7914872756885566,0.9220856769244196,0.9096
clip_b,boot_pair,10,13,0.8831903891368741,0.9253265466271392,0.9225
clip_b,boot_pair,10,14,0.8807807148192619,0.932594217001005,0.9338
clip_b,boot_pair,10,15,0.897634730269029,0.9294088891364386,0.9262
clip_b,boot_pair,10,16,0.8388269772405108,0.9301716016392004,0.9341
clip_b,boot_pair,10,17,0.8438094231252193,0.93028034427742,0.9167
clip_b,boot_pair,10,18,0.7977068951850405,0.9341449804664876,0.9314
clip_b,boot_pair,10,19,0.8653146661216913,0.9474009272401936,0.9438
clip_b,boot_pair,10,20,0.878449759063109,0.9276094431782482,0.9127
clip_b,boot_pair,10,21,0.914678285989255,0.9316084347452984,0.9162
clip_b,boot_pair,10,22,0.8968925914352709,0.9475698572801324,0.9434
clip_b,boot_pair,10,23,0.8375411247665162,0.9331004672879392,0.9365
clip_b,boot_pair,10,24,0.8367524264357926,0.9148117340039326,0.9081
clip_b,boot_pair,10,25,0.8713982450179382,0.915705421432118,0.9052
clip_b,boot_pair,10,26,0.8523028396646198,0.929955924732928,0.9215
clip_b,boot_pair,10,27,0.8509870357314858,0.9386250801441732,0.9251
clip_b,boot_pair,10,28,0.8528040814237107,0.9306674374705286,0.9315
clip_b,boot_pair,10,29,0.8900786772220107,0.9203369052264312,0.9082
clip_b,boot_pair,11,12,0.8684962638847386,0.9512529436410416,0.9282
clip_b,boot_pair,11,13,0.8613416827078405,0.9410448358328918,0.92
clip_b,boot_pair,11,14,0.8426000418539803,0.92729335538444,0.9159
clip_b,boot_pair,11,15,0.8678229888876313,0.9379864847462992,0.9186
clip_b,boot_pair,11,16,0.9154903296450992,0.9326231753304032,0.9135
clip_b,boot_pair,11,17,0.9104497372131418,0.9430383654580692,0.9234
clip_b,boot_pair,11,18,0.8559962555005981,0.9399651943508498,0.9269
clip_b,boot_pair,11,19,0.8923431355551372,0.9369792470812314,0.92
clip_b,boot_pair,11,20,0.8244732407789926,0.9411457329877244,0.929
clip_b,boot_pair,11,21,0.8682600962884529,0.9213757869200594,0.8954
clip_b,boot_pair,11,22,0.8465505221104741,0.9307362476420724,0.9105
clip_b,boot_pair,11,23,0.8844684874253829,0.9423369115649054,0.9299
clip_b,boot_pair,11,24,0.8319829165299599,0.9371433742581924,0.919
clip_b,boot_pair,11,25,0.8401007662161994,0.9206629282525828,0.8963
clip_b,boot_pair,11,26,0.8962052749322378,0.9457684097270788,0.9347
clip_b,boot_pair,11,27,0.8953674104618062,0.9347657902959432,0.9056
clip_b,boot_pair,11,28,0.9137608349247972,0.9467213692321248,0.934
clip_b,boot_pair,11,29,0.8527353221269139,0.9245137785167532,0.9049
clip_b,boot_pair,12,13,0.7898224570869776,0.9484957500791428,0.9425
clip_b,boot_pair,12,14,0.7978041296990972,0.9319369733775248,0.9359999999999999
clip_b,boot_pair,12,15,0.8034439614726605,0.9428416578182688,0.9326
clip_b,boot_pair,12,16,0.8771061625202418,0.9511095561814492,0.9444
clip_b,boot_pair,12,17,0.8541597082696188,0.9574132593979571,0.9605
clip_b,boot_pair,12,18,0.8478118721491748,0.9495570035978808,0.9419
clip_b,boot_pair,12,19,0.8489078087389513,0.9404693238973042,0.9281
clip_b,boot_pair,12,20,0.7919563064535698,0.9482025143324484,0.9522
clip_b,boot_pair,12,21,0.8167431072989502,0.9354224750411262,0.9215
clip_b,boot_pair,12,22,0.8167318110405829,0.9484024640208428,0.937
clip_b,boot_pair,12,23,0.8873581102162258,0.952601654797812,0.9362
clip_b,boot_pair,12,24,0.8627664136199074,0.9498506121850016,0.9586
clip_b,boot_pair,12,25,0.8045127766846923,0.9342857580851576,0.9154
clip_b,boot_pair,12,26,0.8619458462332757,0.9550488299634342,0.9464
clip_b,boot_pair,12,27,0.8525313989373561,0.9459302511608492,0.9387
clip_b,boot_pair,12,28,0.8777684575648889,0.9558173065513136,0.9479
clip_b,boot_pair,12,29,0.8255801829054212,0.9447533032448237,0.9325
clip_b,boot_pair,13,14,0.8753426954356157,0.9399888055693548,0.9514
clip_b,boot_pair,13,15,0.9039657998875588,0.9532351150864182,0.9503
clip_b,boot_pair,13,16,0.8412719147082055,0.9379191855230832,0.9369
clip_b,boot_pair,13,17,0.8523040359949312,0.9530042490629486,0.9456
clip_b,boot_pair,13,18,0.7890124885420811,0.9421495611678932,0.9499
clip_b,boot_pair,13,19,0.8449251374678128,0.9469431807130709,0.9442
clip_b,boot_pair,13,20,0.8695343643841615,0.9434002795849749,0.9438
clip_b,boot_pair,13,21,0.907824395921564,0.9402853670438448,0.9294
clip_b,boot_pair,13,22,0.8772700437209919,0.9370613082708884,0.9329999999999999
clip_b,boot_pair,13,23,0.8321347836845393,0.947010653985672,0.9471
clip_b,boot_pair,13,24,0.8484395182467415,0.9355271473746828,0.9329999999999999
clip_b,boot_pair,13,25,0.8825620275061538,0.9352174145131382,0.9273
clip_b,boot_pair,13,26,0.8468537604759837,0.9401590416201272,0.9438
clip_b,boot_pair,13,27,0.8470239656762756,0.9442964821421934,0.932
clip_b,boot_pair,13,28,0.8515489942138416,0.9502041428998484,0.9522
clip_b,boot_pair,13,29,0.8888616216108498,0.9453257162513862,0.9376
clip_b,boot_pair,14,15,0.9319588632677503,0.9546917899211504,0.9536
clip_b,boot_pair,14,16,0.8643075660564331,0.942820987771586,0.9436
clip_b,boot_pair,14,17,0.8560303884149714,0.9483810280986578,0.9453
clip_b,boot_pair,14,18,0.8329767885492094,0.9429613929524208,0.9539
clip_b,boot_pair,14,19,0.8544449445716756,0.9357993244525108,0.94
clip_b,boot_pair,14,20,0.8894318071589019,0.9339496123553741,0.9372
clip_b,boot_pair,14,21,0.8990622568241116,0.92408608495303,0.9243
clip_b,boot_pair,14,22,0.8899783620088305,0.9391768978781464,0.9403
clip_b,boot_pair,14,23,0.8364204149075034,0.931775125773958,0.9402
clip_b,boot_pair,14,24,0.8611616965551635,0.9390886060159288,0.9391
clip_b,boot_pair,14,25,0.873687122825657,0.9212064630498176,0.9273
clip_b,boot_pair,14,26,0.8581977794471428,0.9482728234040668,0.9536
clip_b,boot_pair,14,27,0.8845650629360129,0.9511487025073896,0.9309999999999999
clip_b,boot_pair,14,28,0.8549476601903669,0.9314985823664668,0.9467
clip_b,boot_pair,14,29,0.8892791168990393,0.9316585903571584,0.9343
clip_b,boot_pair,15,16,0.8753549295922666,0.9372428606073018,0.9328
clip_b,boot_pair,15,17,0.8757060990048973,0.952787820713437,0.9464
clip_b,boot_pair,15,18,0.7967568568299733,0.9361205088574092,0.9442
clip_b,boot_pair,15,19,0.8684764911796229,0.9524433162127508,0.9548
clip_b,boot_pair,15,20,0.8920645780986622,0.9369625185999798,0.9357
clip_b,boot_pair,15,21,0.9234833264707744,0.9429975795548718,0.9288
clip_b,boot_pair,15,22,0.904541531384602,0.9331083869351562,0.9287
clip_b,boot_pair,15,23,0.8393782672093417,0.9403528876405932,0.9379
clip_b,boot_pair,15,24,0.878631481105524,0.9419191460889458,0.9356
clip_b,boot_pair,15,25,0.8841580285904584,0.927995840172558,0.922
clip_b,boot_pair,15,26,0.8839233932749896,0.9530103738256958,0.9471
clip_b,boot_pair,15,27,0.8755604377770955,0.9443280884882936,0.9245
clip_b,boot_pair,15,28,0.8502269270479101,0.939034172671345,0.9463
clip_b,boot_pair,15,29,0.9212683527455064,0.9542030463423384,0.9420000000000001
clip_b,boot_pair,16,17,0.9163016831367612,0.950375139040654,0.9434
clip_b,boot_pair,16,18,0.845027691828884,0.9390222131361315,0.9397
clip_b,boot_pair,16,19,0.8952479126498214,0.9290218082775248,0.9235
clip_b,boot_pair,16,20,0.8481813462707444,0.9417340220360444,0.9377
clip_b,boot_pair,16,21,0.8577693930234185,0.9165657192353536,0.9131
clip_b,boot_pair,16,22,0.8536962815869834,0.9555175392585552,0.9602
clip_b,boot_pair,16,23,0.8974323558593167,0.9380933686626202,0.9328
clip_b,boot_pair,16,24,0.8406563896650896,0.9458976025321756,0.9397
clip_b,boot_pair,16,25,0.8482611416744237,0.9281896263587944,0.9167
clip_b,boot_pair,16,26,0.912365046508206,0.9392066101081822,0.9441
clip_b,boot_pair,16,27,0.920941480693222,0.9577876113867314,0.9495
clip_b,boot_pair,16,28,0.9175058825751,0.9377324081218914,0.9399
clip_b,boot_pair,16,29,0.8752548408281985,0.9316620822193964,0.9283
clip_b,boot_pair,17,18,0.8666138239685358,0.9461760566654996,0.9434
clip_b,boot_pair,17,19,0.904571547433978,0.9486846216681194,0.9327
clip_b,boot_pair,17,20,0.8558947494033656,0.9558846432071256,0.9595
clip_b,boot_pair,17,21,0.8678119570896442,0.9343765280953248,0.9179
clip_b,boot_pair,17,22,0.858509243502963,0.9532465918209678,0.9413
clip_b,boot_pair,17,23,0.8978325956928326,0.9536897609370436,0.9345
clip_b,boot_pair,17,24,0.8224167695920072,0.949805479836564,0.9611
clip_b,boot_pair,17,25,0.8601845374823331,0.9395238179328748,0.9182
clip_b,boot_pair,17,26,0.9030961531669536,0.9480122503785976,0.9412
clip_b,boot_pair,17,27,0.936943349315578,0.962585979613408,0.9522
clip_b,boot_pair,17,28,0.9053355595322664,0.9536550588688136,0.9451
clip_b,boot_pair,17,29,0.8805261412308181,0.9451326443994864,0.9307
clip_b,boot_pair,18,19,0.8598714473709651,0.9366783355844684,0.9381
clip_b,boot_pair,18,20,0.8100620762406843,0.9356823100669168,0.9399
clip_b,boot_pair,18,21,0.8068572570309579,0.9148648470667752,0.9122
clip_b,boot_pair,18,22,0.8035367268636251,0.9364269592253852,0.9345
clip_b,boot_pair,18,23,0.8753275569880354,0.9435411723005784,0.9496
clip_b,boot_pair,18,24,0.7494021349035793,0.9261826191931264,0.9279999999999999
clip_b,boot_pair,18,25,0.813233490615332,0.9267025161734744,0.9218
clip_b,boot_pair,18,26,0.8428638041400702,0.9282051989729768,0.9382
clip_b,boot_pair,18,27,0.8844696554861773,0.950204370718062,0.932
clip_b,boot_pair,18,28,0.8794371760454087,0.9549524906825441,0.9647
clip_b,boot_pair,18,29,0.8050113926442859,0.9276749169234584,0.9264
clip_b,boot_pair,19,20,0.8638395591492679,0.9353759209624146,0.9269
clip_b,boot_pair,19,21,0.8810229700322304,0.9481250152799422,0.9394
clip_b,boot_pair,19,22,0.8817275970530409,0.9435292050621116,0.9308
clip_b,boot_pair,19,23,0.9165895808462848,0.9647008469376832,0.9590000000000001
clip_b,boot_pair,19,24,0.8049108785308831,0.9297809199674784,0.9233
clip_b,boot_pair,19,25,0.8500455291525958,0.9388423245750824,0.9245
clip_b,boot_pair,19,26,0.9181962775284436,0.9457651549729928,0.9354
clip_b,boot_pair,19,27,0.9080197994422852,0.9403603992843664,0.9141
clip_b,boot_pair,19,28,0.9289412622910459,0.95692873298527,0.9552
clip_b,boot_pair,19,29,0.8679501317215829,0.9506523102598146,0.9349
clip_b,boot_pair,20,21,0.8904482186603335,0.9243550452351712,0.9081
clip_b,boot_pair,20,22,0.9057486023812692,0.9387912083260896,0.9322
clip_b,boot_pair,20,23,0.8245413854460236,0.9406968835867472,0.9391
clip_b,boot_pair,20,24,0.8389084814976783,0.937996914471124,0.9448
clip_b,boot_pair,20,25,0.9011765483640825,0.937971485151032,0.9291
clip_b,boot_pair,20,26,0.8370146434517252,0.9356487851276224,0.9427
clip_b,boot_pair,20,27,0.8712827532613573,0.946441738041535,0.9442
clip_b,boot_pair,20,28,0.8355304236235149,0.9360289457872903,0.938
clip_b,boot_pair,20,29,0.8893408174733266,0.9295168399085232,0.922
clip_b,boot_pair,21,22,0.9093324712997578,0.9274443684281916,0.9137
clip_b,boot_pair,21,23,0.8495690371932181,0.9323567419966174,0.9257
clip_b,boot_pair,21,24,0.8763061517966211,0.9322708201469304,0.9232
clip_b,boot_pair,21,25,0.9085536753281964,0.9496367344850992,0.9477
clip_b,boot_pair,21,26,0.8942943254743043,0.9391198325758237,0.9287
clip_b,boot_pair,21,27,0.8692351413750112,0.9211352719671104,0.8956
clip_b,boot_pair,21,28,0.8575677752008766,0.9205857691846966,0.9215
clip_b,boot_pair,21,29,0.9231021321820748,0.9633337027703771,0.9671
clip_b,boot_pair,22,23,0.8479008687296561,0.9393683915930574,0.9315
clip_b,boot_pair,22,24,0.8521198296684225,0.9358946430049436,0.9305
clip_b,boot_pair,22,25,0.9117751305550744,0.9316149559867636,0.9174
clip_b,boot_pair,22,26,0.8807623178701632,0.9494942696436643,0.9484
clip_b,boot_pair,22,27,0.8738420387063589,0.9545968771630956,0.94
clip_b,boot_pair,22,28,0.8616735318319467,0.946483655733046,0.9426
clip_b,boot_pair,22,29,0.9262441447916386,0.9376845403367781,0.9248
clip_b,boot_pair,23,24,0.8057533241183885,0.935883919486728,0.9257
clip_b,boot_pair,23,25,0.8261652506699626,0.9307747960370236,0.9287
clip_b,boot_pair,23,26,0.8849125730501849,0.9426479216415354,0.941
clip_b,boot_pair,23,27,0.8926470200490125,0.9419165038172655,0.9207
clip_b,boot_pair,23,28,0.9284298031740263,0.966722325062612,0.9635
clip_b,boot_pair,23,29,0.8596349350728011,0.9385049139510095,0.9277
clip_b,boot_pair,24,25,0.8474810566784418,0.9221897985467068,0.9111
clip_b,boot_pair,24,26,0.8408998066411626,0.9565116669247856,0.948
clip_b,boot_pair,24,27,0.8136469425151163,0.9321077322300126,0.9315
clip_b,boot_pair,24,28,0.8142773658235996,0.9371123103897142,0.9347
clip_b,boot_pair,24,29,0.8669876459971,0.9390740486847164,0.9329999999999999
clip_b,boot_pair,25,26,0.8699722519531824,0.9281571527144158,0.9269
clip_b,boot_pair,25,27,0.8752661414920556,0.9321241340981534,0.9005
clip_b,boot_pair,25,28,0.8558946385742118,0.9272062055113436,0.9213
clip_b,boot_pair,25,29,0.9195478271625088,0.9514157639993578,0.9504
clip_b,boot_pair,26,27,0.9138407030357848,0.9454484110145964,0.9279
clip_b,boot_pair,26,28,0.9061961408314096,0.9452660963540892,0.9458
clip_b,boot_pair,26,29,0.8855580095755637,0.9453587566912418,0.9375
clip_b,boot_pair,27,28,0.9129469353377804,0.9445334067409346,0.9258
clip_b,boot_pair,27,29,0.8813190662704925,0.93538818267784,0.9099
clip_b,boot_pair,28,29,0.8735417427362329,0.9361598230430459,0.9352
clip_b,ref_vs_boot,-1,0,0.894484113623461,0.95084908226245,0.9329999999999999
clip_b,ref_vs_boot,-1,1,0.8488941356208491,0.940731161580726,0.9307
clip_b,ref_vs_boot,-1,2,0.9208098475230602,0.9453084661422816,0.9134
clip_b,ref_vs_boot,-1,3,0.9059639249083488,0.9363452207236664,0.9323
clip_b,ref_vs_boot,-1,4,0.8788172491314823,0.9567395421290764,0.9286
clip_b,ref_vs_boot,-1,5,0.8862618516578586,0.9540317637806432,0.9577
clip_b,ref_vs_boot,-1,6,0.9178929086267656,0.9444707037599801,0.9465
clip_b,ref_vs_boot,-1,7,0.8945091253897517,0.9659206593993612,0.9526
clip_b,ref_vs_boot,-1,8,0.9204120389828294,0.9658473364113684,0.9567
clip_b,ref_vs_boot,-1,9,0.8542947665620079,0.9348015215140821,0.9028
clip_b,ref_vs_boot,-1,10,0.8991383136376457,0.9323110200053172,0.9165
clip_b,ref_vs_boot,-1,11,0.8516341014776141,0.94514851613393,0.9233
clip_b,ref_vs_boot,-1,12,0.8203129002531199,0.9659571516445076,0.9701
clip_b,ref_vs_boot,-1,13,0.8966838306176012,0.9567919100246388,0.9508
clip_b,ref_vs_boot,-1,14,0.9142946165207376,0.9441251025364032,0.9411
clip_b,ref_vs_boot,-1,15,0.9304405836183456,0.9570573753675206,0.9458
clip_b,ref_vs_boot,-1,16,0.8697657231222149,0.9452764250361968,0.9399
clip_b,ref_vs_boot,-1,17,0.8762630843925541,0.9669065533668924,0.9681
clip_b,ref_vs_boot,-1,18,0.825106892377978,0.940091012872478,0.9398
clip_b,ref_vs_boot,-1,19,0.8733017087095262,0.9521037380499277,0.9383
clip_b,ref_vs_boot,-1,20,0.938760716716508,0.9601202939415135,0.9647
clip_b,ref_vs_boot,-1,21,0.9187749071646668,0.9406047058540083,0.9222
clip_b,ref_vs_boot,-1,22,0.9202623586384808,0.9506802748424572,0.9371
clip_b,ref_vs_boot,-1,23,0.8525551681175931,0.9577564091236468,0.9395
clip_b,ref_vs_boot,-1,24,0.8634128739898811,0.9528712621440529,0.9592
clip_b,ref_vs_boot,-1,25,0.9050257111569002,0.9325401871806794,0.9177
clip_b,ref_vs_boot,-1,26,0.8805267427793764,0.9546538832090056,0.9437
clip_b,ref_vs_boot,-1,27,0.9004754496428286,0.9587110407046048,0.9495
clip_b,ref_vs_boot,-1,28,0.8687027344682267,0.9571940654080396,0.9491
clip_b,ref_vs_boot,-1,29,0.9175686303978692,0.9468440024873166,0.9343
clip_l,boot_pair,0,1,0.7051095365409651,0.9545702742311734,0.9447
clip_l,boot_pair,0,2,0.6726591994006288,0.9519610686332536,0.9371
clip_l,boot_pair,0,3,0.8100445519884258,0.9537158294476836,0.9417
clip_l,boot_pair,0,4,0.7364230869347648,0.9498155899750492,0.9374
clip_l,boot_pair,0,5,0.7774141019890336,0.9475492604479177,0.9315
clip_l,boot_pair,0,6,0.8793879364380944,0.9632112888350718,0.9446
clip_l,boot_pair,0,7,0.8189126687764313,0.9513879212165616,0.9391
clip_l,boot_pair,0,8,0.8112941472687006,0.9498766527984926,0.9341
clip_l,boot_pair,0,9,0.867756347568271,0.9566019723079452,0.9437
clip_l,boot_pair,0,10,0.7453574439789317,0.9443391085459382,0.9327
clip_l,boot_pair,0,11,0.9351941767027552,0.9624382100150632,0.9375
clip_l,boot_pair,0,12,0.8650915157283653,0.9589291204890354,0.9421
clip_l,boot_pair,0,13,0.7424075285104315,0.9463812631227352,0.9333
clip_l,boot_pair,0,14,0.8178780845299962,0.9496519116246718,0.9395
clip_l,boot_pair,0,15,0.7376877858036801,0.9431367688787522,0.9267
clip_l,boot_pair,0,16,0.6740781363693829,0.9489318009795532,0.9372
clip_l,boot_pair,0,17,0.9149220562526706,0.9617185548539552,0.9541
clip_l,boot_pair,0,18,0.8617895273153005,0.9652554194433772,0.9541
clip_l,boot_pair,0,19,0.8447078122463121,0.9581649875922528,0.9354
clip_l,boot_pair,0,20,0.8551612967465297,0.9598551212344052,0.9342
clip_l,boot_pair,0,21,0.7472444760220482,0.9346517007134738,0.9288
clip_l,boot_pair,0,22,0.9449948663231584,0.9619960286933268,0.9394
clip_l,boot_pair,0,23,0.789927084030758,0.95157676501948,0.9307
clip_l,boot_pair,0,24,0.8069813116285811,0.9511219574341551,0.9303
clip_l,boot_pair,0,25,0.7325723892797318,0.9494834074255022,0.9239
clip_l,boot_pair,0,26,0.882987116131873,0.9630515680182284,0.9508
clip_l,boot_pair,0,27,0.8743675770965794,0.9595441503199176,0.9448
clip_l,boot_pair,0,28,0.8710152029073427,0.9690958549725178,0.9629
clip_l,boot_pair,0,29,0.8690798295447268,0.9617144756203672,0.9456
clip_l,boot_pair,1,2,0.9212226672156899,0.9728245093412912,0.9615
clip_l,boot_pair,1,3,0.8105674502238784,0.9777890378259464,0.9776
clip_l,boot_pair,1,4,0.8332564886574362,0.9712669642022296,0.9554
clip_l,boot_pair,1,5,0.772153597858851,0.9697482538623152,0.9579
clip_l,boot_pair,1,6,0.7298528539519048,0.9709506083503624,0.9508
clip_l,boot_pair,1,7,0.8160041464171798,0.975645700233154,0.9605
clip_l,boot_pair,1,8,0.8238544669471959,0.979338801129144,0.9728
clip_l,boot_pair,1,9,0.7304445228435104,0.9670793705684936,0.9571
clip_l,boot_pair,1,10,0.8340817971812635,0.9698833590637094,0.9663
clip_l,boot_pair,1,11,0.7068012528312491,0.9685509360762454,0.9489
clip_l,boot_pair,1,12,0.7669147435949005,0.9680812970631136,0.958
clip_l,boot_pair,1,13,0.8109290945850911,0.9672989641412852,0.963
clip_l,boot_pair,1,14,0.7802351740589739,0.9679847067745004,0.9615
clip_l,boot_pair,1,15,0.8439838328763887,0.975182876527568,0.9626
clip_l,boot_pair,1,16,0.9319702198797788,0.9772835047687192,0.9689
clip_l,boot_pair,1,17,0.73108550259502,0.969574813126487,0.9656
clip_l,boot_pair,1,18,0.7670045898536288,0.9689194538343628,0.9593
clip_l,boot_pair,1,19,0.7651048441281283,0.9707671802048644,0.9493
clip_l,boot_pair,1,20,0.7782630561463441,0.9728634775711889,0.9540000000000001
clip_l,boot_pair,1,21,0.802020035984739,0.9628336721404656,0.9557
clip_l,boot_pair,1,22,0.7204495368923264,0.9698916499103308,0.9514
clip_l,boot_pair,1,23,0.8101401188849178,0.9734343863993768,0.9646
clip_l,boot_pair,1,24,0.7628536379146362,0.9613735610753478,0.9438
clip_l,boot_pair,1,25,0.8589861688054313,0.9745204949108816,0.9587
clip_l,boot_pair,1,26,0.7437968687024434,0.9642948769650018,0.9564
clip_l,boot_pair,1,27,0.7382156387728953,0.9686618287923724,0.9571
clip_l,boot_pair,1,28,0.7535404694367697,0.9552859975118534,0.9407
clip_l,boot_pair,1,29,0.7628334983967328,0.9677628584370532,0.9596
clip_l,boot_pair,2,3,0.7946173143117005,0.9756499200104449,0.9615
clip_l,boot_pair,2,4,0.8203295552510059,0.9727846348867034,0.9661
clip_l,boot_pair,2,5,0.7598427275678904,0.9687263013275548,0.9633
clip_l,boot_pair,2,6,0.7055116692258507,0.9668531602224684,0.9485
clip_l,boot_pair,2,7,0.7731781396749571,0.9725679291376772,0.9669
clip_l,boot_pair,2,8,0.8169642973577176,0.9791416841341032,0.9636
clip_l,boot_pair,2,9,0.7061723384969932,0.9630092906004054,0.9544
clip_l,boot_pair,2,10,0.8310793222042633,0.9660084964122579,0.9477
clip_l,boot_pair,2,11,0.6780181685910254,0.9608284789169071,0.9415
clip_l,boot_pair,2,12,0.7476892217578457,0.9643768566239481,0.9546
clip_l,boot_pair,2,13,0.7960713905462062,0.9609773840329172,0.9521
clip_l,boot_pair,2,14,0.7654159159614441,0.975561345556898,0.9662
clip_l,boot_pair,2,15,0.8394842582447894,0.9691341268889976,0.9444
clip_l,boot_pair,2,16,0.937756783877083,0.9761249631312506,0.9778
clip_l,boot_pair,2,17,0.6947251008138928,0.9635900973003284,0.9527
clip_l,boot_pair,2,18,0.7533259538139094,0.965396919944957,0.9552
clip_l,boot_pair,2,19,0.7276662843103698,0.95997576696783,0.945
clip_l,boot_pair,2,20,0.734707034512025,0.9603490748124636,0.9433
clip_l,boot_pair,2,21,0.7838519393912623,0.959675701617777,0.9547
clip_l,boot_pair,2,22,0.6838502060483106,0.9618671392694724,0.9423
clip_l,boot_pair,2,23,0.782610042692643,0.9699863821011052,0.9507
clip_l,boot_pair,2,24,0.7251203308974337,0.953558800458966,0.9411
clip_l,boot_pair,2,25,0.8314872674752948,0.9665565651741864,0.9425
clip_l,boot_pair,2,26,0.7127731148987235,0.9593423461279816,0.95
clip_l,boot_pair,2,27,0.7143038669737612,0.9640049848234103,0.9546
clip_l,boot_pair,2,28,0.7109267843522241,0.9471208383018735,0.9339
clip_l,boot_pair,2,29,0.7400611533741444,0.9617868301727256,0.9539
clip_l,boot_pair,3,4,0.8604427469586421,0.9719891408326896,0.9548
clip_l,boot_pair,3,5,0.8983347424510355,0.9713603755820136,0.9619
clip_l,boot_pair,3,6,0.8236800902174118,0.9628319902873868,0.9393
clip_l,boot_pair,3,7,0.9173470568561112,0.9762561546352716,0.963
clip_l,boot_pair,3,8,0.9387192277160972,0.9788527594649904,0.9722
clip_l,boot_pair,3,9,0.8372724989564377,0.9658462550893664,0.9531
clip_l,boot_pair,3,10,0.8717812518458676,0.9727012372332209,0.9696
clip_l,boot_pair,3,11,0.8223882959555321,0.9703180115172714,0.9482
clip_l,boot_pair,3,12,0.7807483600093496,0.971078966903697,0.9590000000000001
clip_l,boot_pair,3,13,0.8227944874173444,0.9636905264263712,0.9619
clip_l,boot_pair,3,14,0.9196166639847172,0.9768828135144412,0.9677
clip_l,boot_pair,3,15,0.8681989741433078,0.9732559282198128,0.9605
clip_l,boot_pair,3,16,0.8169247529693965,0.9790245036144264,0.9686
clip_l,boot_pair,3,17,0.8386502737617669,0.9692580937704536,0.9648
clip_l,boot_pair,3,18,0.7822640245887579,0.970128773177658,0.9588
clip_l,boot_pair,3,19,0.7756221489976692,0.9680939451091772,0.948
clip_l,boot_pair,3,20,0.7831791782468658,0.9670784505248968,0.9473
clip_l,boot_pair,3,21,0.8041719737158614,0.9589144270153892,0.9503
clip_l,boot_pair,3,22,0.8186549091924309,0.9681177817668658,0.9509
clip_l,boot_pair,3,23,0.906305405486242,0.9753843275760314,0.9663
clip_l,boot_pair,3,24,0.7756498265812806,0.9601118133766068,0.9411
clip_l,boot_pair,3,25,0.8586895696710045,0.971321991476264,0.9542
clip_l,boot_pair,3,26,0.8628161409608428,0.9637958985328682,0.9567
clip_l,boot_pair,3,27,0.8394250693083417,0.9688752458907586,0.956
clip_l,boot_pair,3,28,0.7586798139653727,0.953428665252562,0.9392
clip_l,boot_pair,3,29,0.7699120178479354,0.964548601426968,0.9544
clip_l,boot_pair,4,5,0.8189937232335135,0.964451708151823,0.9547
clip_l,boot_pair,4,6,0.7833054219282021,0.96503765036074,0.9491
clip_l,boot_pair,4,7,0.8630393832537864,0.974326516601666,0.9632
clip_l,boot_pair,4,8,0.8594892488090239,0.969382332677866,0.9499
clip_l,boot_pair,4,9,0.7989130150246719,0.962696740672012,0.9535
clip_l,boot_pair,4,10,0.9092376338114899,0.9684128715352871,0.955
clip_l,boot_pair,4,11,0.7425772962997776,0.9582731191465954,0.9391
clip_l,boot_pair,4,12,0.7996817145896795,0.9585219779404476,0.9466
clip_l,boot_pair,4,13,0.8504340362252647,0.961587670789777,0.95
clip_l,boot_pair,4,14,0.8661557859189689,0.9697934749807272,0.9586
clip_l,boot_pair,4,15,0.8966589451633189,0.9678055913159452,0.9487
clip_l,boot_pair,4,16,0.8303093176109746,0.9745271930679612,0.9674
clip_l,boot_pair,4,17,0.7511446203915444,0.9577636865737424,0.946
clip_l,boot_pair,4,18,0.8221299270707842,0.9678528119735622,0.9601
clip_l,boot_pair,4,19,0.7926988783167722,0.9570434190032924,0.9388
clip_l,boot_pair,4,20,0.8023123888281557,0.9610474312541168,0.9421
clip_l,boot_pair,4,21,0.8759545483838036,0.9661636326502904,0.9588
clip_l,boot_pair,4,22,0.7397118427085291,0.9569168078076236,0.9373
clip_l,boot_pair,4,23,0.8452982066250606,0.9628403079393296,0.938
clip_l,boot_pair,4,24,0.7995245876661238,0.9522728823595504,0.9376
clip_l,boot_pair,4,25,0.911531128660342,0.9678694190780971,0.9444
clip_l,boot_pair,4,26,0.8124089268230181,0.9614669322975209,0.9532
clip_l,boot_pair,4,27,0.8121839031405355,0.9616118000314396,0.9555
clip_l,boot_pair,4,28,0.7874718821325355,0.9522155691299424,0.9414
clip_l,boot_pair,4,29,0.8013431546757823,0.9605773191482824,0.9520000000000001
clip_l,boot_pair,5,6,0.8154384044162604,0.9581008843098394,0.9339
clip_l,boot_pair,5,7,0.8963405046920777,0.9710512629993096,0.9662
clip_l,boot_pair,5,8,0.887573508272434,0.9695528996517234,0.9598
clip_l,boot_pair,5,9,0.815496263938076,0.9608839255474668,0.9471
clip_l,boot_pair,5,10,0.8309573740850109,0.9620355997513521,0.9507
clip_l,boot_pair,5,11,0.7885949426712517,0.9613915099687098,0.9343
clip_l,boot_pair,5,12,0.7388293870552264,0.9625044272978814,0.9459
clip_l,boot_pair,5,13,0.8336151759212834,0.9682462498435404,0.9567
clip_l,boot_pair,5,14,0.8746414205939336,0.9713776345513636,0.9641
clip_l,boot_pair,5,15,0.8718256388369757,0.9735920011333246,0.9520000000000001
clip_l,boot_pair,5,16,0.7775847793166087,0.9743473855631384,0.9702
clip_l,boot_pair,5,17,0.7918238477204751,0.9601050955766371,0.9461
clip_l,boot_pair,5,18,0.7327675252183496,0.9604571026382224,0.9458
clip_l,boot_pair,5,19,0.7321416093390187,0.9630672582838256,0.9394
clip_l,boot_pair,5,20,0.7504084374646529,0.9660871257186096,0.9440000000000001
clip_l,boot_pair,5,21,0.7930761587440657,0.9650693757283421,0.9516
clip_l,boot_pair,5,22,0.8045495395470802,0.9697173529509662,0.9465
clip_l,boot_pair,5,23,0.8670397481945121,0.9650311321800048,0.946
clip_l,boot_pair,5,24,0.7537144519055481,0.958077955253634,0.9359
clip_l,boot_pair,5,25,0.8707354742155279,0.9719004048971563,0.9523
clip_l,boot_pair,5,26,0.8225012984296749,0.9592752099445616,0.9442
clip_l,boot_pair,5,27,0.8301090185286009,0.966293995911264,0.9511
clip_l,boot_pair,5,28,0.7251204260585355,0.9511909204994692,0.9304
clip_l,boot_pair,5,29,0.7393421834633661,0.9580851853695456,0.9472
clip_l,boot_pair,6,7,0.8528210335251999,0.9596409581640472,0.9423
clip_l,boot_pair,6,8,0.8404719252498523,0.9649004455163468,0.9373
clip_l,boot_pair,6,9,0.9430537885545752,0.9794768141609141,0.9679
clip_l,boot_pair,6,10,0.7974970124166857,0.9641575839031,0.9399
clip_l,boot_pair,6,11,0.8701330908577116,0.9699448453221791,0.9452
clip_l,boot_pair,6,12,0.8160916045135507,0.9676914106231658,0.9493
clip_l,boot_pair,6,13,0.7325028082270665,0.9614173352178236,0.9436
clip_l,boot_pair,6,14,0.8604892203332346,0.9626193481363664,0.9396
clip_l,boot_pair,6,15,0.7838150813434676,0.9622251438638002,0.9328
clip_l,boot_pair,6,16,0.700754358523852,0.9610671717088836,0.9417
clip_l,boot_pair,6,17,0.8761633926997301,0.9740401121699646,0.9522
clip_l,boot_pair,6,18,0.8330023734031579,0.9807859228630224,0.9665
clip_l,boot_pair,6,19,0.7976013036490358,0.9683421264338716,0.9440000000000001
clip_l,boot_pair,6,20,0.8247812195150118,0.97615056238182,0.9497
clip_l,boot_pair,6,21,0.7497121113946117,0.9568536675831392,0.9463
clip_l,boot_pair,6,22,0.8851571834027366,0.9746915207237228,0.951
clip_l,boot_pair,6,23,0.8171093194545407,0.9612919586303889,0.9503
clip_l,boot_pair,6,24,0.83855103936829,0.9646510784311234,0.9439
clip_l,boot_pair,6,25,0.7875611334277848,0.9603107672270024,0.9288
clip_l,boot_pair,6,26,0.9222961822263755,0.9737827275885734,0.9521
clip_l,boot_pair,6,27,0.9144022635274804,0.9761804453448664,0.9639
clip_l,boot_pair,6,28,0.8081054743274628,0.9646494444528068,0.9434
clip_l,boot_pair,6,29,0.8146274542080898,0.9712714003226371,0.9549
clip_l,boot_pair,7,8,0.9334619957010633,0.9748735061406903,0.9602
clip_l,boot_pair,7,9,0.8612581481783109,0.9649587054856964,0.9565
clip_l,boot_pair,7,10,0.8621959753696743,0.9701354216912136,0.9566
clip_l,boot_pair,7,11,0.8350350049868706,0.9624721315080452,0.9398
clip_l,boot_pair,7,12,0.7943842134948255,0.962095669710346,0.9492
clip_l,boot_pair,7,13,0.8111896983301273,0.9662849079878448,0.9563
clip_l,boot_pair,7,14,0.9142641044091409,0.9752901829255218,0.9728
clip_l,boot_pair,7,15,0.8517931642026642,0.9687257161522852,0.9485
clip_l,boot_pair,7,16,0.7859612250198993,0.9759859798359238,0.9749
clip_l,boot_pair,7,17,0.8480353171635665,0.9677282816294696,0.9589
clip_l,boot_pair,7,18,0.7785435743121688,0.9609525220515586,0.9498
clip_l,boot_pair,7,19,0.7718501098631791,0.9629460267196104,0.9446
clip_l,boot_pair,7,20,0.7785728531389791,0.9617563273378196,0.9412
clip_l,boot_pair,7,21,0.8264713317223751,0.9660890402584824,0.9567
clip_l,boot_pair,7,22,0.8325866447528614,0.9600649545762858,0.9426
clip_l,boot_pair,7,23,0.9059944101755932,0.9679831789320852,0.9456
clip_l,boot_pair,7,24,0.787576686759874,0.9523474782212852,0.9346
clip_l,boot_pair,7,25,0.8660053238799024,0.9701462055798132,0.9493
clip_l,boot_pair,7,26,0.8705713094196935,0.9609368160776456,0.9509
clip_l,boot_pair,7,27,0.86542632713726,0.9649130189475781,0.9573
clip_l,boot_pair,7,28,0.7752697097429749,0.955036246983646,0.9405
clip_l,boot_pair,7,29,0.7784060331164498,0.9561005698484952,0.9504
clip_l,boot_pair,8,9,0.8457025341088279,0.9640764328934068,0.9468
clip_l,boot_pair,8,10,0.8615487708861714,0.9690092553783888,0.9593
clip_l,boot_pair,8,11,0.8308557093846957,0.9721658718189632,0.9453
clip_l,boot_pair,8,12,0.7969338957526735,0.9708505141504749,0.9547
clip_l,boot_pair,8,13,0.8212600188129181,0.9680897576742812,0.9667
clip_l,boot_pair,8,14,0.9083918272009329,0.9683661403806748,0.9547
clip_l,boot_pair,8,15,0.8653903228928427,0.9732866096763568,0.9549
clip_l,boot_pair,8,16,0.8215615316851378,0.9791713650975512,0.9677
clip_l,boot_pair,8,17,0.8487606627179655,0.9657456667178452,0.9547
clip_l,boot_pair,8,18,0.7897948830037179,0.9646281909111354,0.9471
clip_l,boot_pair,8,19,0.7785626610030546,0.967587272326016,0.9437
clip_l,boot_pair,8,20,0.7887669725575185,0.9657554838358756,0.9433
clip_l,boot_pair,8,21,0.8185377914742861,0.9613238710421184,0.9546
clip_l,boot_pair,8,22,0.8330805006866344,0.9687603108800278,0.9476
clip_l,boot_pair,8,23,0.9371371763424476,0.9781589195243302,0.9598
clip_l,boot_pair,8,24,0.7834050037315405,0.9591408370983798,0.937
clip_l,boot_pair,8,25,0.8844179878055378,0.9726987834115276,0.9598
clip_l,boot_pair,8,26,0.8765040846032462,0.967428061647818,0.9573
clip_l,boot_pair,8,27,0.8606601492175441,0.9674883827174824,0.951
clip_l,boot_pair,8,28,0.7598714610887907,0.9487670116650222,0.9318
clip_l,boot_pair,8,29,0.7744510874015474,0.9622930956478296,0.9536
clip_l,boot_pair,9,10,0.8145598935970048,0.959352802731843,0.9496
clip_l,boot_pair,9,11,0.8759817393542537,0.9757279088615921,0.9570000000000001
clip_l,boot_pair,9,12,0.8224240216904812,0.9744519370504408,0.9658
clip_l,boot_pair,9,13,0.7416811981550814,0.9613665882911752,0.9532
clip_l,boot_pair,9,14,0.8725285492531681,0.9645520485113706,0.9516
clip_l,boot_pair,9,15,0.7831766307654414,0.9600820986740656,0.9403
clip_l,boot_pair,9,16,0.7095254785569836,0.9625805880022222,0.9540000000000001
clip_l,boot_pair,9,17,0.8964336051368275,0.98010815637505,0.9686
clip_l,boot_pair,9,18,0.8351527396173841,0.9763428781797242,0.9681
clip_l,boot_pair,9,19,0.8215934079784837,0.9746254058022992,0.9605
clip_l,boot_pair,9,20,0.8353625302316863,0.9807917295753178,0.9614
clip_l,boot_pair,9,21,0.7626651993335372,0.9640631619456874,0.958
clip_l,boot_pair,9,22,0.8806228589813988,0.973799259164992,0.956
clip_l,boot_pair,9,23,0.8192400630622826,0.9597726380454816,0.9411
clip_l,boot_pair,9,24,0.8397621152456769,0.9659873607098116,0.9532
clip_l,boot_pair,9,25,0.7877081839388508,0.9606697906200952,0.9387
clip_l,boot_pair,9,26,0.9312342424760488,0.9731852835958132,0.9584
clip_l,boot_pair,9,27,0.9285167852317708,0.9860824018054984,0.9863
clip_l,boot_pair,9,28,0.8127775490998632,0.96045532258287,0.9436
clip_l,boot_pair,9,29,0.8212119249771154,0.9679851810692508,0.9624
clip_l,boot_pair,10,11,0.7611407808538909,0.9621420628600184,0.9398
clip_l,boot_pair,10,12,0.8193497483302004,0.960533534610794,0.9483
clip_l,boot_pair,10,13,0.862809103847331,0.9595305540118768,0.9567
clip_l,boot_pair,10,14,0.8525052767125311,0.9736371213348834,0.9642
clip_l,boot_pair,10,15,0.9142623169829118,0.9680568951681784,0.9564
clip_l,boot_pair,10,16,0.8300170031635329,0.9662117830353372,0.9546
clip_l,boot_pair,10,17,0.7687696026199584,0.9618486411862828,0.9564
clip_l,boot_pair,10,18,0.8305637017112925,0.9632927535939138,0.9509
clip_l,boot_pair,10,19,0.8198461178312347,0.959235087420188,0.9347
clip_l,boot_pair,10,20,0.8136125283754849,0.9601995745352916,0.9391
clip_l,boot_pair,10,21,0.8385000588770446,0.9552362357239264,0.9502
clip_l,boot_pair,10,22,0.7672853527785253,0.9621971734800518,0.9432
clip_l,boot_pair,10,23,0.8277861067534501,0.9657747762906456,0.9546
clip_l,boot_pair,10,24,0.8158178358178456,0.9517174440485404,0.9309999999999999
clip_l,boot_pair,10,25,0.904994937952259,0.9640404201784452,0.9474
clip_l,boot_pair,10,26,0.8338144982612743,0.9644575998906828,0.9558
clip_l,boot_pair,10,27,0.8225041595533762,0.9622680330404308,0.9506
clip_l,boot_pair,10,28,0.8034910895127534,0.9504146982664003,0.9338
clip_l,boot_pair,10,29,0.8135605828079778,0.9611658260509558,0.9470000000000001
clip_l,boot_pair,11,12,0.9079434013309892,0.9881642746763714,0.9736
clip_l,boot_pair,11,13,0.7406254340129995,0.9577467095528172,0.9375
clip_l,boot_pair,11,14,0.8310765111753032,0.962600901944228,0.9422
clip_l,boot_pair,11,15,0.7454917114072444,0.9650872899270494,0.9582
clip_l,boot_pair,11,16,0.6899661074443729,0.965439292761736,0.9444
clip_l,boot_pair,11,17,0.9348760738590242,0.9753891682686632,0.9526
clip_l,boot_pair,11,18,0.8886817919484201,0.9791649773118988,0.9663
clip_l,boot_pair,11,19,0.8826132438925688,0.9839612402787185,0.9807
clip_l,boot_pair,11,20,0.8812831757438305,0.9786304448558903,0.9740000000000001
clip_l,boot_pair,11,21,0.7586080324411463,0.9534376972735492,0.9332
clip_l,boot_pair,11,22,0.9545512578734456,0.9785566152702412,0.971
clip_l,boot_pair,11,23,0.8058180730764689,0.966136743130364,0.9388
clip_l,boot_pair,11,24,0.8246860033745634,0.9728123171114402,0.9713
clip_l,boot_pair,11,25,0.7508376451435662,0.9647452160764765,0.9531
clip_l,boot_pair,11,26,0.9000323766095426,0.97380508320534,0.9456
clip_l,boot_pair,11,27,0.8807430257418979,0.9773990636086368,0.9582
clip_l,boot_pair,11,28,0.8588844573535487,0.9578010393831026,0.9311
clip_l,boot_pair,11,29,0.8912001516646192,0.9753484604699724,0.9651
clip_l,boot_pair,12,13,0.8097790191874877,0.9580959077043988,0.9464
clip_l,boot_pair,12,14,0.7804410940790109,0.9636951379798172,0.955
clip_l,boot_pair,12,15,0.7956467973355343,0.961911790997473,0.9419
clip_l,boot_pair,12,16,0.7564231406401271,0.9673495343330952,0.9553
clip_l,boot_pair,12,17,0.8759378202552421,0.9745494462592751,0.9599
clip_l,boot_pair,12,18,0.9432317223224488,0.9773497866809352,0.9718
clip_l,boot_pair,12,19,0.9289945581699044,0.9805550266953752,0.9633
clip_l,boot_pair,12,20,0.9314200738991196,0.976579184212654,0.9567
clip_l,boot_pair,12,21,0.8303132480846047,0.9532509894602414,0.9441
clip_l,boot_pair,12,22,0.8871064366967001,0.9743175478681412,0.9527
clip_l,boot_pair,12,23,0.7841515213808875,0.9654709866476212,0.9473
clip_l,boot_pair,12,24,0.8735830340104238,0.9699306573109108,0.9551
clip_l,boot_pair,12,25,0.8138457848242276,0.9618419625993536,0.9377
clip_l,boot_pair,12,26,0.8466777010124473,0.9713605805338272,0.9514
clip_l,boot_pair,12,27,0.8395931918986909,0.9768039622721874,0.9672
clip_l,boot_pair,12,28,0.9202948007096984,0.9570458976152028,0.9368
clip_l,boot_pair,12,29,0.9492937279368524,0.9753166220408472,0.9728
clip_l,boot_pair,13,14,0.7870981101030874,0.9575398725648371,0.9491
clip_l,boot_pair,13,15,0.8866572451113541,0.9692553566210164,0.9555
clip_l,boot_pair,13,16,0.8022991228301576,0.9645680530798336,0.9570000000000001
clip_l,boot_pair,13,17,0.7740796845713476,0.960953234309333,0.9541
clip_l,boot_pair,13,18,0.8065877886088956,0.958678042501172,0.9472
clip_l,boot_pair,13,19,0.7891398298103317,0.9542528408848906,0.9355
clip_l,boot_pair,13,20,0.8261717494386208,0.9621445653502579,0.9431
clip_l,boot_pair,13,21,0.9185778733171324,0.97272716275548,0.9687
clip_l,boot_pair,13,22,0.7701764032001841,0.9603487997662816,0.9445
clip_l,boot_pair,13,23,0.8142010183221607,0.96242749889038,0.9481
clip_l,boot_pair,13,24,0.7806593092542543,0.9598854470334356,0.9390000000000001
clip_l,boot_pair,13,25,0.8600615596317988,0.9662625102214488,0.9572
clip_l,boot_pair,13,26,0.7450204716512734,0.9548267834931808,0.9483
clip_l,boot_pair,13,27,0.7502158425681907,0.96547899188476,0.9574
clip_l,boot_pair,13,28,0.7974257902221435,0.9501448769252984,0.9347
clip_l,boot_pair,13,29,0.8031437682891919,0.9594494562511986,0.9545
clip_l,boot_pair,14,15,0.8306849474045922,0.967096692945516,0.9513
clip_l,boot_pair,14,16,0.7709087686783109,0.9729827469162386,0.9696
clip_l,boot_pair,14,17,0.8474792108476811,0.9664512387369409,0.9578
clip_l,boot_pair,14,18,0.7980473959498048,0.9652548201943488,0.9558
clip_l,boot_pair,14,19,0.7745899637925131,0.9595713473206572,0.9405
clip_l,boot_pair,14,20,0.7896835347876732,0.9606461599290445,0.9395
clip_l,boot_pair,14,21,0.8077501378900966,0.9632756137009224,0.9483
clip_l,boot_pair,14,22,0.8197240307176139,0.9600535628440354,0.9425
clip_l,boot_pair,14,23,0.8710315545774175,0.9633400399001668,0.9463
clip_l,boot_pair,14,24,0.7841101576271805,0.951918317606086,0.9333
clip_l,boot_pair,14,25,0.8446924954160107,0.9661080877044691,0.9449
clip_l,boot_pair,14,26,0.8877032724596116,0.961594671689848,0.9483
clip_l,boot_pair,14,27,0.8459533648979962,0.9605715302833786,0.9493
clip_l,boot_pair,14,28,0.7573972514710624,0.9489012470300036,0.9336
clip_l,boot_pair,14,29,0.7892424530214035,0.9607308913843692,0.9502
clip_l,boot_pair,15,16,0.8455270760873335,0.9710089265450976,0.9517
clip_l,boot_pair,15,17,0.7539283571217158,0.9586472392483396,0.9471
clip_l,boot_pair,15,18,0.8108513796011602,0.9632572413705373,0.9470000000000001
clip_l,boot_pair,15,19,0.7899741588225817,0.9627134108954156,0.9544
clip_l,boot_pair,15,20,0.8077346474210221,0.9658554121690434,0.9616
clip_l,boot_pair,15,21,0.8582529003651547,0.9679311943225296,0.9517
clip_l,boot_pair,15,22,0.7583731323542207,0.9646855150257742,0.9591
clip_l,boot_pair,15,23,0.8470328353819043,0.9665897240985653,0.9469
clip_l,boot_pair,15,24,0.7992798588330717,0.95568595522126,0.9507
clip_l,boot_pair,15,25,0.9263215944044424,0.975902889964028,0.9739
clip_l,boot_pair,15,26,0.7865964406890852,0.9534357425912741,0.9371
clip_l,boot_pair,15,27,0.8018041697035807,0.9641324808593412,0.9435
clip_l,boot_pair,15,28,0.7767534187401877,0.9446232748890816,0.925
clip_l,boot_pair,15,29,0.7940549625666214,0.9613323003956279,0.9417
clip_l,boot_pair,16,17,0.7090363734626034,0.9665587197431822,0.9552
clip_l,boot_pair,16,18,0.7471492592119098,0.964073542616766,0.9536
clip_l,boot_pair,16,19,0.7460882889268208,0.9662412577127306,0.948
clip_l,boot_pair,16,20,0.7437033484002251,0.9681741929106428,0.948
clip_l,boot_pair,16,21,0.7854532665281376,0.9630109832183892,0.9535
clip_l,boot_pair,16,22,0.6877661464510834,0.963424966954792,0.9437
clip_l,boot_pair,16,23,0.800162238558331,0.9713845409114524,0.9512
clip_l,boot_pair,16,24,0.7351135783702202,0.9591493195267521,0.9448
clip_l,boot_pair,16,25,0.8519157954661097,0.97149029968467,0.9517
clip_l,boot_pair,16,26,0.7274170118706389,0.9628267668876794,0.9527
clip_l,boot_pair,16,27,0.7180552170685847,0.9665477702269032,0.9555
clip_l,boot_pair,16,28,0.7209365114950242,0.954272083250871,0.9381
clip_l,boot_pair,16,29,0.7342206775472967,0.9603045201496548,0.9551
clip_l,boot_pair,17,18,0.8737603914225203,0.9750480877265291,0.9598
clip_l,boot_pair,17,19,0.8655695850967777,0.9722822489856542,0.9508
clip_l,boot_pair,17,20,0.8796527005533624,0.9764944233090024,0.9486
clip_l,boot_pair,17,21,0.7788890738959928,0.9539359679625656,0.9526
clip_l,boot_pair,17,22,0.9280449596197548,0.9728952581953428,0.9479
clip_l,boot_pair,17,23,0.8160471422311201,0.9632354770122592,0.9502
clip_l,boot_pair,17,24,0.8184767841616808,0.9644766476352112,0.9429
clip_l,boot_pair,17,25,0.7629371780080566,0.957559681540656,0.9411
clip_l,boot_pair,17,26,0.9124988781745998,0.9795609309451979,0.9738
clip_l,boot_pair,17,27,0.8814866062295965,0.9801156411084668,0.9670000000000001
clip_l,boot_pair,17,28,0.8583844561168259,0.963881779563864,0.9541
clip_l,boot_pair,17,29,0.8548672893081383,0.9654996941613272,0.9552
clip_l,boot_pair,18,19,0.9379165487973729,0.9754746841643008,0.9626
clip_l,boot_pair,18,20,0.93660568226052,0.9785841801378156,0.9646
clip_l,boot_pair,18,21,0.8290699939092999,0.955553073784579,0.9467
clip_l,boot_pair,18,22,0.8714444910805751,0.9737695529646104,0.9563
clip_l,boot_pair,18,23,0.7653137277875018,0.9621412664707188,0.9439
clip_l,boot_pair,18,24,0.8452211639896997,0.9663281110597182,0.9540000000000001
clip_l,boot_pair,18,25,0.8183388681534322,0.9583229855344594,0.9398
clip_l,boot_pair,18,26,0.8550370201253701,0.9738503404985892,0.961
clip_l,boot_pair,18,27,0.8288626291414479,0.975757838585435,0.9675
clip_l,boot_pair,18,28,0.9077446470666578,0.9652212569415832,0.9506
clip_l,boot_pair,18,29,0.9350154917266932,0.9759797924125536,0.9744
clip_l,boot_pair,19,20,0.9218475654385456,0.9792301211622846,0.9773
clip_l,boot_pair,19,21,0.8024672493284184,0.9547070524109164,0.9365
clip_l,boot_pair,19,22,0.8658596008844234,0.9772647439720372,0.972
clip_l,boot_pair,19,23,0.7603530994701032,0.9639030466885512,0.9364
clip_l,boot_pair,19,24,0.8686519471200121,0.9729808294271036,0.9737
clip_l,boot_pair,19,25,0.8025976076691889,0.9608547159589058,0.9524
clip_l,boot_pair,19,26,0.8418133965563299,0.9722691895501844,0.9505
clip_l,boot_pair,19,27,0.8108932183294624,0.9748618416297008,0.9581
clip_l,boot_pair,19,28,0.8954472389957154,0.9560207269177391,0.932
clip_l,boot_pair,19,29,0.9087276098951832,0.9721615250520004,0.9597
clip_l,boot_pair,20,21,0.8204764701824614,0.957059151290578,0.9406
clip_l,boot_pair,20,22,0.8788803025697517,0.9799968529208972,0.9762
clip_l,boot_pair,20,23,0.7769393571784272,0.9645004674402862,0.9375
clip_l,boot_pair,20,24,0.8824302154168727,0.9730191040729368,0.9719
clip_l,boot_pair,20,25,0.8122730429672769,0.9662070986651496,0.9604
clip_l,boot_pair,20,26,0.8453784713338351,0.973500243527983,0.9458
clip_l,boot_pair,20,27,0.8377899973534163,0.9819576663492636,0.9615
clip_l,boot_pair,20,28,0.9195639779527964,0.9670374919670776,0.9366
clip_l,boot_pair,20,29,0.9198967334585272,0.973604607609468,0.9631
clip_l,boot_pair,21,22,0.7756581978228135,0.9549143893169522,0.9387
clip_l,boot_pair,21,23,0.8279135607467711,0.9535800045883372,0.9362
clip_l,boot_pair,21,24,0.7987430340111776,0.9622449387027252,0.9435
clip_l,boot_pair,21,25,0.8616207722189814,0.9660464518960992,0.9517
clip_l,boot_pair,21,26,0.7476588165220689,0.9498324897068272,0.9481
clip_l,boot_pair,21,27,0.7645762990161601,0.9595892696237388,0.9574
clip_l,boot_pair,21,28,0.8168555889679873,0.9399032443285286,0.9345
clip_l,boot_pair,21,29,0.8306403670348987,0.9542240021207712,0.9502
clip_l,boot_pair,22,23,0.8086234038354344,0.9645350899902758,0.9384
clip_l,boot_pair,22,24,0.8311499800759435,0.9689260547167262,0.9666
clip_l,boot_pair,22,25,0.7582241100461792,0.9631518161779618,0.9592
clip_l,boot_pair,22,26,0.9048793370075836,0.9771871976417658,0.95
clip_l,boot_pair,22,27,0.8964803639848828,0.977772355963566,0.9583
clip_l,boot_pair,22,28,0.8802721950561789,0.9629300749677878,0.9361
clip_l,boot_pair,22,29,0.8785514292832052,0.9715332157367684,0.9576
clip_l,boot_pair,23,24,0.7781998814018771,0.9565664236200792,0.9325
clip_l,boot_pair,23,25,0.8605466426592046,0.9630428570259452,0.9365
clip_l,boot_pair,23,26,0.8414852795021223,0.9665572949190704,0.9475
clip_l,boot_pair,23,27,0.8432483084620824,0.9634797785076966,0.9443
clip_l,boot_pair,23,28,0.7603968422984206,0.9481998586838876,0.9232
clip_l,boot_pair,23,29,0.7660670868308435,0.9572384634542608,0.9404
clip_l,boot_pair,24,25,0.8086961365060706,0.9577731501567932,0.9507
clip_l,boot_pair,24,26,0.8486379514896232,0.9651314804239712,0.9432
clip_l,boot_pair,24,27,0.8438837258049984,0.9689946143855726,0.9545
clip_l,boot_pair,24,28,0.8607482366570233,0.9530947104053488,0.9303
clip_l,boot_pair,24,29,0.8539760414728917,0.9658445616728694,0.9583
clip_l,boot_pair,25,26,0.8096200119942825,0.9578209665958112,0.9388
clip_l,boot_pair,25,27,0.7960759368276281,0.9603768375124324,0.9391
clip_l,boot_pair,25,28,0.7819310002453771,0.946463517677696,0.9246
clip_l,boot_pair,25,29,0.801402551282311,0.9641271513941354,0.9462
clip_l,boot_pair,26,27,0.930427591813772,0.9742953194163264,0.9594
clip_l,boot_pair,26,28,0.834278800460134,0.9659269888806568,0.955
clip_l,boot_pair,26,29,0.8271047572064409,0.968344002974848,0.9565
clip_l,boot_pair,27,28,0.8393930260206389,0.9641995690741241,0.9445
clip_l,boot_pair,27,29,0.8256176606558069,0.9692053462130232,0.9647
clip_l,boot_pair,28,29,0.915189366799174,0.956924931309614,0.9425
clip_l,ref_vs_boot,-1,0,0.9148849785568566,0.9726062160285699,0.9592
clip_l,ref_vs_boot,-1,1,0.7364698586149784,0.966288550633066,0.9437
clip_l,ref_vs_boot,-1,2,0.7080179208186238,0.9656377682627316,0.9462
clip_l,ref_vs_boot,-1,3,0.8530532860541847,0.9662080976603408,0.9429
clip_l,ref_vs_boot,-1,4,0.7896027430453931,0.9597607797849156,0.9359
clip_l,ref_vs_boot,-1,5,0.8314904718785081,0.9663154093880264,0.9412
clip_l,ref_vs_boot,-1,6,0.9275624938627852,0.9687570428087656,0.9353
clip_l,ref_vs_boot,-1,7,0.880796129850968,0.9651388843922888,0.9429
clip_l,ref_vs_boot,-1,8,0.8531296652155355,0.9655307197958926,0.9419
clip_l,ref_vs_boot,-1,9,0.9334128002536466,0.9748394967164264,0.9487
clip_l,ref_vs_boot,-1,10,0.8079151057513515,0.9584350032354108,0.9351
clip_l,ref_vs_boot,-1,11,0.9307051712744124,0.981113505938268,0.965
clip_l,ref_vs_boot,-1,12,0.8742822402324344,0.980915134480608,0.95
clip_l,ref_vs_boot,-1,13,0.7293325269243984,0.9556841667003976,0.9336
clip_l,ref_vs_boot,-1,14,0.8777114833146332,0.9648629596812552,0.9417
clip_l,ref_vs_boot,-1,15,0.7856741282776364,0.9595726065651908,0.9506
clip_l,ref_vs_boot,-1,16,0.7209667237522208,0.9689972325153616,0.9496
clip_l,ref_vs_boot,-1,17,0.9158049876336856,0.9774508240207592,0.9564
clip_l,ref_vs_boot,-1,18,0.8548717861645332,0.9761897043899068,0.948
clip_l,ref_vs_boot,-1,19,0.8492705594757685,0.9783160578652028,0.9664
clip_l,ref_vs_boot,-1,20,0.8435853747619522,0.9771611499275268,0.9642
clip_l,ref_vs_boot,-1,21,0.7483051174506116,0.9546232560318773,0.9364
clip_l,ref_vs_boot,-1,22,0.9274987837041134,0.9773504967807132,0.9649
clip_l,ref_vs_boot,-1,23,0.8290814201568815,0.96111944113563,0.9303
clip_l,ref_vs_boot,-1,24,0.8590953765934785,0.967709275821645,0.9614
clip_l,ref_vs_boot,-1,25,0.7955126751038953,0.9615498846181512,0.9499
clip_l,ref_vs_boot,-1,26,0.9497323994621084,0.975609500394298,0.9548
clip_l,ref_vs_boot,-1,27,0.9367176635425596,0.977140352218834,0.9489
clip_l,ref_vs_boot,-1,28,0.8427872206811182,0.9690058144453304,0.9461
clip_l,ref_vs_boot,-1,29,0.8450101941215283,0.9713042886514816,0.9507
dinov1_b,boot_pair,0,1,0.758440038412708,0.9478926542620396,0.9649
dinov1_b,boot_pair,0,2,0.6726197342086424,0.9411241759740808,0.9603
dinov1_b,boot_pair,0,3,0.6775939386456782,0.93402552477143,0.9588
dinov1_b,boot_pair,0,4,0.7227607516965641,0.9583740523891136,0.9684
dinov1_b,boot_pair,0,5,0.684918336037659,0.9536968194117804,0.9632
dinov1_b,boot_pair,0,6,0.6826362409740832,0.9489258519223482,0.9598
dinov1_b,boot_pair,0,7,0.6609622762840831,0.9321466001631608,0.9468
dinov1_b,boot_pair,0,8,0.7736712078110757,0.9531013539951392,0.9618
dinov1_b,boot_pair,0,9,0.6703366109283201,0.942758611551462,0.9638
dinov1_b,boot_pair,0,10,0.6477209154181441,0.929404225392476,0.951
dinov1_b,boot_pair,0,11,0.6566507002482612,0.9474630753426424,0.9668
dinov1_b,boot_pair,0,12,0.6954864873246511,0.948236806180086,0.961
dinov1_b,boot_pair,0,13,0.6807752261570861,0.9483357242965124,0.9644
dinov1_b,boot_pair,0,14,0.6628604156328621,0.9345774088541114,0.9538
dinov1_b,boot_pair,0,15,0.6991786966552883,0.9462385888911826,0.9643
dinov1_b,boot_pair,0,16,0.6854404248046747,0.954427411616088,0.9705
dinov1_b,boot_pair,0,17,0.6732249730564325,0.9489526499998964,0.9596
dinov1_b,boot_pair,0,18,0.7615085185063277,0.9301731787451318,0.9577
dinov1_b,boot_pair,0,19,0.6845020106657683,0.9537983828213448,0.9666
dinov1_b,boot_pair,0,20,0.7017501043193921,0.9585954607687768,0.9652
dinov1_b,boot_pair,0,21,0.7469708841134435,0.9466398277661708,0.9682
dinov1_b,boot_pair,0,22,0.7204110816882131,0.9582286061393466,0.9670000000000001
dinov1_b,boot_pair,0,23,0.6935993039998934,0.9442810222942264,0.9645
dinov1_b,boot_pair,0,24,0.6924187586443847,0.9445907511389782,0.9566
dinov1_b,boot_pair,0,25,0.6713236731386365,0.947779601055446,0.9609
dinov1_b,boot_pair,0,26,0.6828018936555881,0.9463468388216352,0.9596
dinov1_b,boot_pair,0,27,0.7865548950727671,0.9484037949006996,0.9642
dinov1_b,boot_pair,0,28,0.8238903230868091,0.9537941226784736,0.9605
dinov1_b,boot_pair,0,29,0.6825629776448309,0.9407450397292187,0.9624
dinov1_b,boot_pair,1,2,0.6855988950864148,0.94788980098335,0.9665
dinov1_b,boot_pair,1,3,0.6803237561422883,0.9412946483127974,0.9684
dinov1_b,boot_pair,1,4,0.66651100638251,0.9504302298465136,0.9642
dinov1_b,boot_pair,1,5,0.6776545674836326,0.9543725604397248,0.9695
dinov1_b,boot_pair,1,6,0.6821469537205114,0.950014955962446,0.9558
dinov1_b,boot_pair,1,7,0.6300521591773245,0.9366919828464156,0.9503
dinov1_b,boot_pair,1,8,0.7357868015102361,0.9472371204118676,0.9574
dinov1_b,boot_pair,1,9,0.7046182249297256,0.9539018403013602,0.9685
dinov1_b,boot_pair,1,10,0.579280516188182,0.9292660507311692,0.9502
dinov1_b,boot_pair,1,11,0.6503560441941239,0.9512032767164464,0.976
dinov1_b,boot_pair,1,12,0.6855416087147269,0.9514555161978692,0.9636
dinov1_b,boot_pair,1,13,0.6714660145291287,0.9471322950441264,0.9637
dinov1_b,boot_pair,1,14,0.6747786160793986,0.9342067516146716,0.9583
dinov1_b,boot_pair,1,15,0.6608054254909314,0.9419071702785666,0.9635
dinov1_b,boot_pair,1,16,0.6721811373461214,0.9521903640794658,0.9682
dinov1_b,boot_pair,1,17,0.6673668962974867,0.9577308563694164,0.9621
dinov1_b,boot_pair,1,18,0.7812145481416706,0.941724970389112,0.9651
dinov1_b,boot_pair,1,19,0.6824082715185298,0.9488114826140416,0.9719
dinov1_b,boot_pair,1,20,0.6792509076413176,0.9526946526439618,0.9636
dinov1_b,boot_pair,1,21,0.6588803469856565,0.9496964582600196,0.9705
dinov1_b,boot_pair,1,22,0.6954282321088129,0.9432090249956544,0.9595
dinov1_b,boot_pair,1,23,0.6837979124101604,0.9414081574759844,0.965
dinov1_b,boot_pair,1,24,0.6857540976871181,0.949350915947992,0.9592
dinov1_b,boot_pair,1,25,0.6579804348614104,0.9433442975727376,0.9574
dinov1_b,boot_pair,1,26,0.6861026172194173,0.94510827211981,0.9648
dinov1_b,boot_pair,1,27,0.7285727583524559,0.9382157089391854,0.9616
dinov1_b,boot_pair,1,28,0.7152668387336739,0.9389659913608353,0.9499
dinov1_b,boot_pair,1,29,0.6522731674398287,0.9455907816913658,0.9606
dinov1_b,boot_pair,2,3,0.9000992039940134,0.950839997803797,0.972
dinov1_b,boot_pair,2,4,0.8696725369796866,0.9427809224671416,0.9673
dinov1_b,boot_pair,2,5,0.8812583433523531,0.954865412384486,0.97
dinov1_b,boot_pair,2,6,0.8595743010538649,0.9425557408683329,0.9622
dinov1_b,boot_pair,2,7,0.8454347658805043,0.9486928668873796,0.9577
dinov1_b,boot_pair,2,8,0.7084340440663187,0.9487757000487642,0.9632
dinov1_b,boot_pair,2,9,0.8652824976066247,0.9523981621013334,0.972
dinov1_b,boot_pair,2,10,0.7489354972970932,0.9304552796772624,0.9547
dinov1_b,boot_pair,2,11,0.8347836084166689,0.9502491326017026,0.9682
dinov1_b,boot_pair,2,12,0.8708925532562052,0.9477653648142168,0.9646
dinov1_b,boot_pair,2,13,0.8835692695882644,0.9550721904768736,0.9681
dinov1_b,boot_pair,2,14,0.8577223905318869,0.9466982122701836,0.9652
dinov1_b,boot_pair,2,15,0.8660910075620669,0.946981157132987,0.9691
dinov1_b,boot_pair,2,16,0.8804635198298307,0.9545447751969541,0.9728
dinov1_b,boot_pair,2,17,0.8308680179484212,0.9459911531295968,0.9647
dinov1_b,boot_pair,2,18,0.6662759929766972,0.942897554493462,0.9615
dinov1_b,boot_pair,2,19,0.8759041850537538,0.944449269685376,0.9672
dinov1_b,boot_pair,2,20,0.8763354763301558,0.9492938717121856,0.9689
dinov1_b,boot_pair,2,21,0.8287593344429568,0.9575916564293492,0.9721
dinov1_b,boot_pair,2,22,0.6002600450178188,0.9362308180650456,0.9636
dinov1_b,boot_pair,2,23,0.8696369832028303,0.942848708111854,0.9665
dinov1_b,boot_pair,2,24,0.9026863728219534,0.953286319982245,0.9696
dinov1_b,boot_pair,2,25,0.8563830158069172,0.9503750763757078,0.9614
dinov1_b,boot_pair,2,26,0.8669252025567729,0.9438791132602812,0.9642
dinov1_b,boot_pair,2,27,0.6654631552712567,0.933410014990573,0.9615
dinov1_b,boot_pair,2,28,0.6826410831983607,0.9371227546138496,0.9574
dinov1_b,boot_pair,2,29,0.8423717619044757,0.9434047882699856,0.9682
dinov1_b,boot_pair,3,4,0.890143989726272,0.9411735497936374,0.9656
dinov1_b,boot_pair,3,5,0.8884558373560808,0.9413439261100204,0.965
dinov1_b,boot_pair,3,6,0.8864584702629862,0.9360338870584608,0.9578
dinov1_b,boot_pair,3,7,0.8534927982037134,0.9401742471497072,0.9541
dinov1_b,boot_pair,3,8,0.6901225392912302,0.9331680598275136,0.958
dinov1_b,boot_pair,3,9,0.8913052118446437,0.9437358572499396,0.9695
dinov1_b,boot_pair,3,10,0.7458950011300309,0.9400414156594912,0.9547
dinov1_b,boot_pair,3,11,0.8468205911213735,0.9415711305563847,0.9658
dinov1_b,boot_pair,3,12,0.8750141617999029,0.9435223023954784,0.9589
dinov1_b,boot_pair,3,13,0.8895247549773642,0.9449426872473602,0.9616
dinov1_b,boot_pair,3,14,0.9124336799599372,0.9618465940063888,0.9715
dinov1_b,boot_pair,3,15,0.8659050261574966,0.9462511844147672,0.9667
dinov1_b,boot_pair,3,16,0.8908107014410074,0.942196996229902,0.9702
dinov1_b,boot_pair,3,17,0.8527753040644761,0.928795413353268,0.9541
dinov1_b,boot_pair,3,18,0.6936589733711731,0.9540676385439844,0.9701
dinov1_b,boot_pair,3,19,0.905442985100494,0.9464312235029616,0.9754
dinov1_b,boot_pair,3,20,0.8705989456925526,0.9409790268108112,0.9602
dinov1_b,boot_pair,3,21,0.8489131085237608,0.9419759049295844,0.9713
dinov1_b,boot_pair,3,22,0.5849637692002438,0.9331303055704012,0.9567
dinov1_b,boot_pair,3,23,0.8655016040889695,0.9396351403032472,0.9663
dinov1_b,boot_pair,3,24,0.9204217113747069,0.9458812154996308,0.9671
dinov1_b,boot_pair,3,25,0.8931840259579459,0.9449148096861956,0.9587
dinov1_b,boot_pair,3,26,0.9054508705706616,0.9492947487299898,0.9643
dinov1_b,boot_pair,3,27,0.6854501378154343,0.9472188331958292,0.9705
dinov1_b,boot_pair,3,28,0.6902039601219014,0.9342200309232318,0.9533
dinov1_b,boot_pair,3,29,0.8716135975776815,0.9385942487288752,0.9624
dinov1_b,boot_pair,4,5,0.888584521186745,0.95850846808895,0.9768
dinov1_b,boot_pair,4,6,0.8982707227617983,0.9527777790560024,0.9712
dinov1_b,boot_pair,4,7,0.8488811488010765,0.9429084214451879,0.9628
dinov1_b,boot_pair,4,8,0.710332802176095,0.9504093334417566,0.9734
dinov1_b,boot_pair,4,9,0.8924547561852834,0.952056199826276,0.9744
dinov1_b,boot_pair,4,10,0.7455550109602586,0.9362304241136296,0.9554
dinov1_b,boot_pair,4,11,0.8544795453106575,0.951778086144854,0.9766
dinov1_b,boot_pair,4,12,0.8904461473212586,0.9505607174914336,0.9673
dinov1_b,boot_pair,4,13,0.8954765465104905,0.9481767962872628,0.972
dinov1_b,boot_pair,4,14,0.8643410155753768,0.9359268475673671,0.9652
dinov1_b,boot_pair,4,15,0.8804477524904791,0.947560835461128,0.9714
dinov1_b,boot_pair,4,16,0.9070380417704696,0.9550950609069756,0.9703
dinov1_b,boot_pair,4,17,0.8551319074310991,0.9466177147712306,0.9645
dinov1_b,boot_pair,4,18,0.6703252647132676,0.9357409857224755,0.9632
dinov1_b,boot_pair,4,19,0.8999658678663508,0.9522751463770625,0.9749
dinov1_b,boot_pair,4,20,0.8999692401725172,0.9568177221963544,0.9708
dinov1_b,boot_pair,4,21,0.8395796131601424,0.9410219297680316,0.9647
dinov1_b,boot_pair,4,22,0.6319273352077068,0.952924879432614,0.9714
dinov1_b,boot_pair,4,23,0.8818066618391609,0.9509386808375038,0.9694
dinov1_b,boot_pair,4,24,0.912540934456696,0.9481705511283604,0.9692
dinov1_b,boot_pair,4,25,0.8979646723151558,0.9535463124414432,0.9777
dinov1_b,boot_pair,4,26,0.9040473067248176,0.9566512085455232,0.9784
dinov1_b,boot_pair,4,27,0.7198213271542647,0.9413518036429214,0.9727
dinov1_b,boot_pair,4,28,0.7195508398851898,0.9555198313205332,0.968
dinov1_b,boot_pair,4,29,0.8684779671535918,0.9484903526118642,0.9683
dinov1_b,boot_pair,5,6,0.8653005801285758,0.9469438342936694,0.9670000000000001
dinov1_b,boot_pair,5,7,0.8274450793231755,0.937630429254514,0.9561
dinov1_b,boot_pair,5,8,0.7450067919316053,0.9586296766424548,0.972
dinov1_b,boot_pair,5,9,0.8693309370243143,0.944223970460898,0.97
dinov1_b,boot_pair,5,10,0.7343988583790715,0.9282112418787308,0.9531
dinov1_b,boot_pair,5,11,0.8201958237836939,0.9433106506918246,0.9709
dinov1_b,boot_pair,5,12,0.8641936859692694,0.9481718191733414,0.9669
dinov1_b,boot_pair,5,13,0.8697449153361055,0.9478864013632948,0.9686
dinov1_b,boot_pair,5,14,0.8828193738534702,0.9406826407295451,0.9631
dinov1_b,boot_pair,5,15,0.8564970525645657,0.9474754678808128,0.9749
dinov1_b,boot_pair,5,16,0.8742757870777867,0.9503107005031388,0.9670000000000001
dinov1_b,boot_pair,5,17,0.8139034987418181,0.9416329498434578,0.958
dinov1_b,boot_pair,5,18,0.6481497961247427,0.9284719812585926,0.9591
dinov1_b,boot_pair,5,19,0.9020762210738742,0.9601750287998272,0.9757
dinov1_b,boot_pair,5,20,0.8790285405414883,0.9564756774802186,0.9681
dinov1_b,boot_pair,5,21,0.8188975575348095,0.9482697868267488,0.9670000000000001
dinov1_b,boot_pair,5,22,0.6192420983773341,0.9511970519317664,0.9675
dinov1_b,boot_pair,5,23,0.870673958124732,0.9435743714325916,0.965
dinov1_b,boot_pair,5,24,0.8853337513162992,0.9474073136432046,0.9675
dinov1_b,boot_pair,5,25,0.8885381694320715,0.9475853885456716,0.9679
dinov1_b,boot_pair,5,26,0.8822805535556288,0.9482635404540396,0.9709
dinov1_b,boot_pair,5,27,0.6942663867860269,0.9405348487324132,0.9657
dinov1_b,boot_pair,5,28,0.7099942967719024,0.9518909677887942,0.9627
dinov1_b,boot_pair,5,29,0.8754038110162006,0.9530189776817034,0.9665
dinov1_b,boot_pair,6,7,0.8458435336161738,0.9476041159698929,0.9592
dinov1_b,boot_pair,6,8,0.6790634311037751,0.9422014802251096,0.9627
dinov1_b,boot_pair,6,9,0.8879847711740967,0.9538661415344564,0.9702
dinov1_b,boot_pair,6,10,0.763279735936639,0.9326229908857824,0.9576
dinov1_b,boot_pair,6,11,0.8294267223072841,0.9450128665629396,0.9615
dinov1_b,boot_pair,6,12,0.8926323966431494,0.9567334180160272,0.9743
dinov1_b,boot_pair,6,13,0.8653640494711119,0.9438613008296578,0.9678
dinov1_b,boot_pair,6,14,0.8693787317673439,0.9427878030130168,0.9668
dinov1_b,boot_pair,6,15,0.8606842890015474,0.9459536983104374,0.9679
dinov1_b,boot_pair,6,16,0.8850800023756361,0.9547697645439434,0.97
dinov1_b,boot_pair,6,17,0.8632306262952911,0.9455181378962156,0.9632
dinov1_b,boot_pair,6,18,0.6720201223548141,0.9385759903493234,0.9593
dinov1_b,boot_pair,6,19,0.8725277035137633,0.9458677260069871,0.9614
dinov1_b,boot_pair,6,20,0.8773594009764846,0.9523209731892814,0.9738
dinov1_b,boot_pair,6,21,0.8211938782924733,0.9433778647099498,0.9615
dinov1_b,boot_pair,6,22,0.6298971168567195,0.9511649575865152,0.9714
dinov1_b,boot_pair,6,23,0.8614789515430896,0.9400515979928752,0.9621
dinov1_b,boot_pair,6,24,0.9059196279426872,0.9556984744277128,0.9747
dinov1_b,boot_pair,6,25,0.8789866912193163,0.9524820062624184,0.9723
dinov1_b,boot_pair,6,26,0.8830759000903531,0.9496245614125944,0.9727
dinov1_b,boot_pair,6,27,0.6644140450806961,0.9294552349522018,0.9581
dinov1_b,boot_pair,6,28,0.6775179499001034,0.9421590511209422,0.9655
dinov1_b,boot_pair,6,29,0.8424137019735198,0.9356655011136272,0.9548
dinov1_b,boot_pair,7,8,0.670757390810406,0.9404741283186412,0.958
dinov1_b,boot_pair,7,9,0.8309239042013896,0.9419225617482292,0.9548
dinov1_b,boot_pair,7,10,0.7097452716100275,0.9316135009714772,0.9482
dinov1_b,boot_pair,7,11,0.8600744884005027,0.9481493780789,0.9603
dinov1_b,boot_pair,7,12,0.8586451828438028,0.947099353287122,0.9604
dinov1_b,boot_pair,7,13,0.8620280231230879,0.9505350621710285,0.9639
dinov1_b,boot_pair,7,14,0.8311874014126819,0.9425628872025764,0.9597
dinov1_b,boot_pair,7,15,0.8580352225253846,0.9494378151902836,0.958
dinov1_b,boot_pair,7,16,0.8378738079638359,0.9487758379511728,0.9569
dinov1_b,boot_pair,7,17,0.8151645511676442,0.9357112287458572,0.956
dinov1_b,boot_pair,7,18,0.6267623984535213,0.9299559015596456,0.9461
dinov1_b,boot_pair,7,19,0.8545462611418504,0.9416387177030876,0.956
dinov1_b,boot_pair,7,20,0.8580248557619188,0.9423160452516453,0.961
dinov1_b,boot_pair,7,21,0.8009441238946179,0.9429118652148104,0.9526
dinov1_b,boot_pair,7,22,0.5727778629073708,0.9373096821850556,0.9593
dinov1_b,boot_pair,7,23,0.8335011393368986,0.9360987791607778,0.9531
dinov1_b,boot_pair,7,24,0.846101583898607,0.93988382925381,0.9593
dinov1_b,boot_pair,7,25,0.8486288346301342,0.9559691592950694,0.9666
dinov1_b,boot_pair,7,26,0.8411527701031598,0.9523592864804794,0.9694
dinov1_b,boot_pair,7,27,0.6381972676571327,0.9213296292466652,0.9502
dinov1_b,boot_pair,7,28,0.6587576325691185,0.9397224584692724,0.9577
dinov1_b,boot_pair,7,29,0.8361115159102146,0.9336382123511447,0.9492
dinov1_b,boot_pair,8,9,0.7096793188750226,0.9450307163392456,0.968
dinov1_b,boot_pair,8,10,0.6029844517689646,0.9270174981675964,0.9537
dinov1_b,boot_pair,8,11,0.6494286689104646,0.9411771807527374,0.9632
dinov1_b,boot_pair,8,12,0.7046324730855309,0.944697727835782,0.9628
dinov1_b,boot_pair,8,13,0.7021872956238141,0.945710469044998,0.9642
dinov1_b,boot_pair,8,14,0.6795044228365364,0.9334857877522912,0.9572
dinov1_b,boot_pair,8,15,0.6659314136686089,0.9391425225100056,0.9635
dinov1_b,boot_pair,8,16,0.6954058724638532,0.9460245980261598,0.9604
dinov1_b,boot_pair,8,17,0.6423378547013457,0.9389531175088192,0.9549
dinov1_b,boot_pair,8,18,0.7500980033147299,0.9215260349581841,0.9525
dinov1_b,boot_pair,8,19,0.7120614131119292,0.9501583080706376,0.9666
dinov1_b,boot_pair,8,20,0.6985057387810184,0.9520481925964048,0.9603
dinov1_b,boot_pair,8,21,0.6669855708428294,0.9380002038334666,0.9582
dinov1_b,boot_pair,8,22,0.7425475727194323,0.9494779781228158,0.9623
dinov1_b,boot_pair,8,23,0.7082082283245936,0.9464499965607568,0.9648
dinov1_b,boot_pair,8,24,0.7094344039224283,0.9496500393753088,0.9673
dinov1_b,boot_pair,8,25,0.6981718188633742,0.945160879776216,0.9646
dinov1_b,boot_pair,8,26,0.6836863500188802,0.9389751411648009,0.9629
dinov1_b,boot_pair,8,27,0.8312561988077529,0.9496213698970316,0.9693
dinov1_b,boot_pair,8,28,0.8251882425307651,0.9530685190528084,0.9666
dinov1_b,boot_pair,8,29,0.6994686839633397,0.9495482508600316,0.9633
dinov1_b,boot_pair,9,10,0.7359967207938579,0.9366434925817878,0.9588
dinov1_b,boot_pair,9,11,0.8214219398730837,0.948067351916876,0.9692
dinov1_b,boot_pair,9,12,0.9021297651039012,0.9579915504267748,0.9784
dinov1_b,boot_pair,9,13,0.8956637919991206,0.9522735253589923,0.9741
dinov1_b,boot_pair,9,14,0.8751908256889642,0.9428129742412404,0.9661
dinov1_b,boot_pair,9,15,0.8718283713958422,0.9502830163655752,0.9763
dinov1_b,boot_pair,9,16,0.8907850830133726,0.9554925002679118,0.9744
dinov1_b,boot_pair,9,17,0.8703269500706562,0.9450178905775568,0.9652
dinov1_b,boot_pair,9,18,0.6782775356814381,0.9490562151273686,0.9712
dinov1_b,boot_pair,9,19,0.908521826290616,0.9549409655520942,0.9751
dinov1_b,boot_pair,9,20,0.8638080256167623,0.9463613910254498,0.9684
dinov1_b,boot_pair,9,21,0.8256103343486655,0.9397197076553346,0.9698
dinov1_b,boot_pair,9,22,0.6035951043732212,0.9432763770265092,0.9670000000000001
dinov1_b,boot_pair,9,23,0.8739369122145509,0.9516606733524468,0.9746
dinov1_b,boot_pair,9,24,0.905170673151472,0.9550298620059686,0.9727
dinov1_b,boot_pair,9,25,0.8975936842919815,0.9552925263320587,0.9711
dinov1_b,boot_pair,9,26,0.9085066389222032,0.9579976779863444,0.9739
dinov1_b,boot_pair,9,27,0.6607139365859058,0.9328649358242148,0.966
dinov1_b,boot_pair,9,28,0.6686103123896656,0.9398864501824596,0.9590000000000001
dinov1_b,boot_pair,9,29,0.8640136875178169,0.9449261325238306,0.97
dinov1_b,boot_pair,10,11,0.6956820784499622,0.921374688103824,0.9490000000000001
dinov1_b,boot_pair,10,12,0.7532249607377104,0.936977606510955,0.9647
dinov1_b,boot_pair,10,13,0.7394274809769434,0.9290937499259064,0.9599
dinov1_b,boot_pair,10,14,0.7472616467542585,0.9449892154475172,0.9686
dinov1_b,boot_pair,10,15,0.7325743806046169,0.9316609432005112,0.9511
dinov1_b,boot_pair,10,16,0.7209514131404092,0.9404674871519964,0.9499
dinov1_b,boot_pair,10,17,0.6894345136656679,0.930305967590488,0.9506
dinov1_b,boot_pair,10,18,0.5947162202580466,0.9442170074135272,0.9559
dinov1_b,boot_pair,10,19,0.7314858139340318,0.9277831806327772,0.9520000000000001
dinov1_b,boot_pair,10,20,0.743242186100875,0.932026899928051,0.9605
dinov1_b,boot_pair,10,21,0.744123890295783,0.9223077376402156,0.9471
dinov1_b,boot_pair,10,22,0.6703641730197674,0.931566816287102,0.9585
dinov1_b,boot_pair,10,23,0.7567018170925826,0.9292215509071896,0.9478
dinov1_b,boot_pair,10,24,0.7569644907633198,0.935510609137418,0.9595
dinov1_b,boot_pair,10,25,0.7152981962004669,0.9310125179196336,0.9585
dinov1_b,boot_pair,10,26,0.7240812145615911,0.932537376029604,0.9586
dinov1_b,boot_pair,10,27,0.589184402316222,0.9360030851551968,0.9567
dinov1_b,boot_pair,10,28,0.6200803705149177,0.9280033469294774,0.9573
dinov1_b,boot_pair,10,29,0.7181294044627262,0.9300749281827608,0.9515
dinov1_b,boot_pair,11,12,0.8248638491342589,0.9501982598851844,0.9627
dinov1_b,boot_pair,11,13,0.8243896650458923,0.9549495514327002,0.9655
dinov1_b,boot_pair,11,14,0.8225039351464036,0.9370615093018556,0.9633
dinov1_b,boot_pair,11,15,0.8135502616639446,0.9466895770383736,0.9694
dinov1_b,boot_pair,11,16,0.8201925765418704,0.947594548220446,0.9674
dinov1_b,boot_pair,11,17,0.8453014628567804,0.9442273062558476,0.9615
dinov1_b,boot_pair,11,18,0.6314591131577132,0.9403237777251652,0.9655
dinov1_b,boot_pair,11,19,0.8295880017392223,0.950259792523109,0.9702
dinov1_b,boot_pair,11,20,0.8293825270644226,0.9464989043082608,0.9665
dinov1_b,boot_pair,11,21,0.7734302008500753,0.9471939169941612,0.9642
dinov1_b,boot_pair,11,22,0.5614426856271373,0.9460212685092422,0.9657
dinov1_b,boot_pair,11,23,0.8263621070427069,0.9410754596609816,0.966
dinov1_b,boot_pair,11,24,0.8465858792013629,0.94202294421961,0.9658
dinov1_b,boot_pair,11,25,0.8210186247731684,0.95195891349156,0.9664
dinov1_b,boot_pair,11,26,0.8310886749229802,0.9505203741537028,0.9716
dinov1_b,boot_pair,11,27,0.6326692899904421,0.9351762597831572,0.9675
dinov1_b,boot_pair,11,28,0.6490198000370607,0.9400188884306466,0.9561
dinov1_b,boot_pair,11,29,0.830946951297864,0.93750360608309,0.9621
dinov1_b,boot_pair,12,13,0.897408508150235,0.9597972273328303,0.9808
dinov1_b,boot_pair,12,14,0.8470133531640707,0.9419819914512038,0.9646
dinov1_b,boot_pair,12,15,0.8818173133227415,0.9583898810218491,0.971
dinov1_b,boot_pair,12,16,0.8792314952679341,0.9522401654135082,0.9659
dinov1_b,boot_pair,12,17,0.8628834212649032,0.9498368133901288,0.9716
dinov1_b,boot_pair,12,18,0.6976581014480855,0.941401393636226,0.9649
dinov1_b,boot_pair,12,19,0.8724256364305959,0.951657756875923,0.9670000000000001
dinov1_b,boot_pair,12,20,0.8921843655249035,0.955129739488607,0.9775
dinov1_b,boot_pair,12,21,0.8242450019355876,0.9445366989627992,0.9612
dinov1_b,boot_pair,12,22,0.6140186193867418,0.9495802195840378,0.9773
dinov1_b,boot_pair,12,23,0.8606684045111067,0.9434020699565506,0.9628
dinov1_b,boot_pair,12,24,0.8953938566792818,0.9525437289497726,0.968
dinov1_b,boot_pair,12,25,0.8764525910709671,0.9600218336196206,0.9727
dinov1_b,boot_pair,12,26,0.8964217691971711,0.9577568883015416,0.9757
dinov1_b,boot_pair,12,27,0.664977745100431,0.9299317412848882,0.9548
dinov1_b,boot_pair,12,28,0.7138826547312325,0.9492222243800518,0.9668
dinov1_b,boot_pair,12,29,0.8506219646157932,0.9342403347212096,0.9640000000000001
dinov1_b,boot_pair,13,14,0.8743004596668559,0.9456060822584504,0.9691
dinov1_b,boot_pair,13,15,0.880925505907263,0.9550412243571024,0.9681
dinov1_b,boot_pair,13,16,0.8676054680328384,0.9470779394429498,0.965
dinov1_b,boot_pair,13,17,0.8484510917746957,0.9500296484926626,0.9762
dinov1_b,boot_pair,13,18,0.6756652127956052,0.9407364704988675,0.9633
dinov1_b,boot_pair,13,19,0.8953844828476525,0.9560821569485188,0.9692
dinov1_b,boot_pair,13,20,0.8860454349482142,0.9575940319539924,0.9796
dinov1_b,boot_pair,13,21,0.8305435720799944,0.9489112492789796,0.9652
dinov1_b,boot_pair,13,22,0.6083416827001917,0.9514241883349254,0.9813
dinov1_b,boot_pair,13,23,0.8571708390698286,0.9447886538055748,0.9638
dinov1_b,boot_pair,13,24,0.8933927614276501,0.9400491489856786,0.9675
dinov1_b,boot_pair,13,25,0.8917404014753741,0.9630609706218258,0.9754
dinov1_b,boot_pair,13,26,0.8965560902724874,0.956871554538264,0.9795
dinov1_b,boot_pair,13,27,0.6551763890051704,0.9245491135283748,0.9556
dinov1_b,boot_pair,13,28,0.6870258514238918,0.9411305293914534,0.9652
dinov1_b,boot_pair,13,29,0.8732371719954185,0.9444915644371557,0.9694
dinov1_b,boot_pair,14,15,0.8457628563014638,0.9446720731798444,0.9605
dinov1_b,boot_pair,14,16,0.8670047803319179,0.9407177666372704,0.9621
dinov1_b,boot_pair,14,17,0.8316632480617541,0.9300913773061741,0.9591
dinov1_b,boot_pair,14,18,0.6767249908154935,0.953334829082129,0.9640000000000001
dinov1_b,boot_pair,14,19,0.8793141009990553,0.9482585538203446,0.9644
dinov1_b,boot_pair,14,20,0.8448503527860657,0.9405698808326124,0.9671
dinov1_b,boot_pair,14,21,0.8268363055060808,0.940747989891182,0.9608
dinov1_b,boot_pair,14,22,0.5810337716757156,0.9310282159282316,0.9625
dinov1_b,boot_pair,14,23,0.8667017682169085,0.930704144029552,0.9591
dinov1_b,boot_pair,14,24,0.8773003026987384,0.944093887066864,0.9715
dinov1_b,boot_pair,14,25,0.9049457790818276,0.9572846549528284,0.9752
dinov1_b,boot_pair,14,26,0.8902594619597325,0.9478327410183108,0.9752
dinov1_b,boot_pair,14,27,0.6990045622598144,0.9492372161822304,0.9701
dinov1_b,boot_pair,14,28,0.6590546408343165,0.9399254313530676,0.965
dinov1_b,boot_pair,14,29,0.8453079531429762,0.9346378742084708,0.9594
dinov1_b,boot_pair,15,16,0.8881406014117258,0.9521102012509896,0.9731
dinov1_b,boot_pair,15,17,0.8293703225792075,0.9351161653420634,0.9572
dinov1_b,boot_pair,15,18,0.6612341635809774,0.9306257363222225,0.9618
dinov1_b,boot_pair,15,19,0.8661936530523427,0.9519152919538906,0.9732
dinov1_b,boot_pair,15,20,0.8628496357319271,0.9502447578210952,0.9675
dinov1_b,boot_pair,15,21,0.8302481509983962,0.9428158814083836,0.9657
dinov1_b,boot_pair,15,22,0.5902293993390567,0.9448332119966436,0.9649
dinov1_b,boot_pair,15,23,0.8768165634728406,0.9466422987311366,0.9733
dinov1_b,boot_pair,15,24,0.8607166877656075,0.9440201768513692,0.9667
dinov1_b,boot_pair,15,25,0.8642381234021353,0.9545732368455849,0.9666
dinov1_b,boot_pair,15,26,0.8734691519398439,0.9535022355077928,0.9703
dinov1_b,boot_pair,15,27,0.6578714764061065,0.9330459800681921,0.9631
dinov1_b,boot_pair,15,28,0.6733527638691781,0.9434671196279708,0.9584
dinov1_b,boot_pair,15,29,0.8622435409927172,0.9411523464289624,0.9653
dinov1_b,boot_pair,16,17,0.8573654718178433,0.94277838065703,0.9601
dinov1_b,boot_pair,16,18,0.6749349858918445,0.9407707739246206,0.9629
dinov1_b,boot_pair,16,19,0.8888468909314935,0.9495561738219424,0.9719
dinov1_b,boot_pair,16,20,0.8917234324174761,0.9539843624632078,0.9726
dinov1_b,boot_pair,16,21,0.8451359010032446,0.9549267524985235,0.9787
dinov1_b,boot_pair,16,22,0.596327346571072,0.9429514144052676,0.9671
dinov1_b,boot_pair,16,23,0.8745986926850526,0.9507623903314262,0.9732
dinov1_b,boot_pair,16,24,0.8884811330324915,0.9497443029493022,0.9670000000000001
dinov1_b,boot_pair,16,25,0.9038203480445692,0.9545135201036176,0.9661
dinov1_b,boot_pair,16,26,0.8938709265552975,0.9538592754096132,0.9692
dinov1_b,boot_pair,16,27,0.6780510891947429,0.9337333593606874,0.9591
dinov1_b,boot_pair,16,28,0.6857593925661803,0.941432826396474,0.956
dinov1_b,boot_pair,16,29,0.8632156959960278,0.9398840279000209,0.9620000000000001
dinov1_b,boot_pair,17,18,0.6681315249007762,0.9423101394136544,0.9653
dinov1_b,boot_pair,17,19,0.8514096073976376,0.9451770078559104,0.9573
dinov1_b,boot_pair,17,20,0.8344857742075539,0.9496435886716152,0.9694
dinov1_b,boot_pair,17,21,0.8009578388864192,0.9392793824376824,0.9588
dinov1_b,boot_pair,17,22,0.5632985937869059,0.9578011192396624,0.9773
dinov1_b,boot_pair,17,23,0.8154999779041542,0.9364457877910758,0.9537
dinov1_b,boot_pair,17,24,0.8583736841743348,0.9403132457003158,0.9577
dinov1_b,boot_pair,17,25,0.8541944955786172,0.9423654856769078,0.9645
dinov1_b,boot_pair,17,26,0.8462452902434081,0.9399868281872442,0.9674
dinov1_b,boot_pair,17,27,0.6349782798785951,0.9294705985645336,0.9529
dinov1_b,boot_pair,17,28,0.6393075755396175,0.9367024579756436,0.9544
dinov1_b,boot_pair,17,29,0.8361582781336542,0.9405757817746162,0.9627
dinov1_b,boot_pair,18,19,0.6492242420435916,0.931999823073662,0.9588
dinov1_b,boot_pair,18,20,0.6548491251716428,0.9335461386369792,0.9590000000000001
dinov1_b,boot_pair,18,21,0.6529822703304369,0.9365663316534616,0.9594
dinov1_b,boot_pair,18,22,0.7395126544529531,0.937048674078269,0.9664
dinov1_b,boot_pair,18,23,0.6450510036619747,0.9263633453665424,0.9584
dinov1_b,boot_pair,18,24,0.6733295588465532,0.9312215074817372,0.9565
dinov1_b,boot_pair,18,25,0.6721388352654493,0.9415578776271344,0.9563
dinov1_b,boot_pair,18,26,0.6858050286519702,0.9399382110048132,0.9611
dinov1_b,boot_pair,18,27,0.7957004083835795,0.9406064074075612,0.9709
dinov1_b,boot_pair,18,28,0.75629988314428,0.9205151254953484,0.9473
dinov1_b,boot_pair,18,29,0.6411804791038979,0.9323972101779192,0.9625
dinov1_b,boot_pair,19,20,0.8932504493544232,0.9571774924917584,0.9662
dinov1_b,boot_pair,19,21,0.8242497212812966,0.94519652672613,0.9708
dinov1_b,boot_pair,19,22,0.6206527944969351,0.9540907172514196,0.9624
dinov1_b,boot_pair,19,23,0.8665740075074451,0.9453196768984736,0.972
dinov1_b,boot_pair,19,24,0.8918992671392967,0.9470087429681188,0.9692
dinov1_b,boot_pair,19,25,0.8946528436867069,0.9546393064981256,0.9708
dinov1_b,boot_pair,19,26,0.8934922920289979,0.9484112668511802,0.9706
dinov1_b,boot_pair,19,27,0.6712800386750852,0.9327930850882198,0.9641
dinov1_b,boot_pair,19,28,0.6875284102614668,0.9512035444498564,0.9612
dinov1_b,boot_pair,19,29,0.8911637032927378,0.9496494149857704,0.9667
dinov1_b,boot_pair,20,21,0.8163774262258433,0.9464119712673338,0.9663
dinov1_b,boot_pair,20,22,0.6308941669149936,0.9632865310177062,0.9823
dinov1_b,boot_pair,20,23,0.8757674173765002,0.9473795887104752,0.9638
dinov1_b,boot_pair,20,24,0.884880617840398,0.9541002440540683,0.9718
dinov1_b,boot_pair,20,25,0.8582185211013277,0.9531438366076804,0.9711
dinov1_b,boot_pair,20,26,0.8781517063695359,0.9458074715636631,0.9742
dinov1_b,boot_pair,20,27,0.6686313821539723,0.93217108139825,0.955
dinov1_b,boot_pair,20,28,0.7080030554236362,0.9516494213075553,0.9673
dinov1_b,boot_pair,20,29,0.8545999814952878,0.9459435046907352,0.9636
dinov1_b,boot_pair,21,22,0.5640436665063193,0.9339478679276508,0.9618
dinov1_b,boot_pair,21,23,0.8071531723840267,0.932606490582464,0.9653
dinov1_b,boot_pair,21,24,0.8540937212403693,0.943142145783914,0.9641
dinov1_b,boot_pair,21,25,0.8441293828209684,0.9500392570418748,0.9624
dinov1_b,boot_pair,21,26,0.8430602211968445,0.9427271472688014,0.9618
dinov1_b,boot_pair,21,27,0.6465023733233659,0.9301236346271992,0.956
dinov1_b,boot_pair,21,28,0.6898672311750573,0.9319859313244336,0.9518
dinov1_b,boot_pair,21,29,0.817231130258558,0.9347605593716136,0.9607
dinov1_b,boot_pair,22,23,0.6271153729310377,0.9435137396282028,0.9632
dinov1_b,boot_pair,22,24,0.5979810419871892,0.9431116535200534,0.9651
dinov1_b,boot_pair,22,25,0.5887700019508451,0.9442993467138164,0.9699
dinov1_b,boot_pair,22,26,0.6027460413423973,0.9433798296632416,0.9728
dinov1_b,boot_pair,22,27,0.7076218882723707,0.9316663779929464,0.9576
dinov1_b,boot_pair,22,28,0.7466983833058406,0.9485954864678798,0.966
dinov1_b,boot_pair,22,29,0.6075408822479086,0.948456646524516,0.9687
dinov1_b,boot_pair,23,24,0.8772108389168866,0.9512774986415076,0.9683
dinov1_b,boot_pair,23,25,0.84715465353822,0.94062874913716,0.9606
dinov1_b,boot_pair,23,26,0.8747620021356678,0.9464239571948494,0.9657
dinov1_b,boot_pair,23,27,0.6748523025798739,0.935553109903428,0.9617
dinov1_b,boot_pair,23,28,0.6944270375200818,0.943178849927808,0.9542
dinov1_b,boot_pair,23,29,0.8455476012609009,0.9462817592438072,0.9636
dinov1_b,boot_pair,24,25,0.8924022822477556,0.9504692316674602,0.9742
dinov1_b,boot_pair,24,26,0.9009181343281456,0.946151360304396,0.9735
dinov1_b,boot_pair,24,27,0.6856060243697499,0.9380654457183004,0.9638
dinov1_b,boot_pair,24,28,0.7113802597253895,0.9447487243123961,0.9654
dinov1_b,boot_pair,24,29,0.8721190369168117,0.943932187310102,0.9642
dinov1_b,boot_pair,25,26,0.9202492141245291,0.967100015451479,0.9837
dinov1_b,boot_pair,25,27,0.6854307746899609,0.9326464282119052,0.9636
dinov1_b,boot_pair,25,28,0.6877953508297803,0.9505770007085064,0.9715
dinov1_b,boot_pair,25,29,0.8591965940226409,0.9366910020790564,0.9618
dinov1_b,boot_pair,26,27,0.667367711172023,0.928877096988922,0.9646
dinov1_b,boot_pair,26,28,0.6977835699522732,0.949149645592265,0.9702
dinov1_b,boot_pair,26,29,0.8535983439652008,0.939861047660499,0.9622
dinov1_b,boot_pair,27,28,0.8272758949299273,0.9417199783209006,0.9617
dinov1_b,boot_pair,27,29,0.6575034963191202,0.9369489212475158,0.9636
dinov1_b,boot_pair,28,29,0.6831447982398222,0.9414068244037116,0.9567
dinov1_b,ref_vs_boot,-1,0,0.7164729222392419,0.9629298544965629,0.9725
dinov1_b,ref_vs_boot,-1,1,0.6674881480043108,0.9541311722719502,0.965
dinov1_b,ref_vs_boot,-1,2,0.8788059813702112,0.949602205874826,0.9688
dinov1_b,ref_vs_boot,-1,3,0.8811607697199536,0.9424568669731496,0.9668
dinov1_b,ref_vs_boot,-1,4,0.9224155626644412,0.9650504058077872,0.9755
dinov1_b,ref_vs_boot,-1,5,0.8709740334806484,0.9544253027876484,0.9690000000000001
dinov1_b,ref_vs_boot,-1,6,0.8874811512061787,0.9558271750794198,0.9662
dinov1_b,ref_vs_boot,-1,7,0.8792807700335123,0.9509452724135368,0.9588
dinov1_b,ref_vs_boot,-1,8,0.7148947871736367,0.9630788231722206,0.9678
dinov1_b,ref_vs_boot,-1,9,0.8831286467023707,0.9582632145512444,0.9746
dinov1_b,ref_vs_boot,-1,10,0.744207874425565,0.934004978652192,0.9474
dinov1_b,ref_vs_boot,-1,11,0.8533955572506812,0.9571597559263324,0.9696
dinov1_b,ref_vs_boot,-1,12,0.9111365429801642,0.9602208209143992,0.9706
dinov1_b,ref_vs_boot,-1,13,0.8919242930597355,0.9525875473181196,0.9689
dinov1_b,ref_vs_boot,-1,14,0.8536299759165245,0.9398791604430092,0.9567
dinov1_b,ref_vs_boot,-1,15,0.8933552385991339,0.9566997189567312,0.9787
dinov1_b,ref_vs_boot,-1,16,0.9112410001903528,0.9624472343866384,0.9791
dinov1_b,ref_vs_boot,-1,17,0.8598405068554779,0.9527384312346371,0.9613
dinov1_b,ref_vs_boot,-1,18,0.6676253912016739,0.9382745777657692,0.9636
dinov1_b,ref_vs_boot,-1,19,0.8943110513380359,0.959490431731652,0.9743
dinov1_b,ref_vs_boot,-1,20,0.9056229835891904,0.9621478459773944,0.9670000000000001
dinov1_b,ref_vs_boot,-1,21,0.8348259777518885,0.943043753887495,0.9687
dinov1_b,ref_vs_boot,-1,22,0.6206854565546402,0.956596534443517,0.9687
dinov1_b,ref_vs_boot,-1,23,0.9027006279527484,0.9610873926814943,0.9805
dinov1_b,ref_vs_boot,-1,24,0.8920303259043183,0.9494429044276796,0.9631
dinov1_b,ref_vs_boot,-1,25,0.8829865648157244,0.9593013716900805,0.968
dinov1_b,ref_vs_boot,-1,26,0.8875709366100173,0.95358554885546,0.9676
dinov1_b,ref_vs_boot,-1,27,0.6880151826746762,0.946159394436268,0.9634
dinov1_b,ref_vs_boot,-1,28,0.7153567464996416,0.9570311920825328,0.9596
dinov1_b,ref_vs_boot,-1,29,0.8867000104184499,0.9500693643912362,0.9665
dinov2_b,boot_pair,0,1,0.6821866936076272,0.9269425091959972,0.8339
dinov2_b,boot_pair,0,2,0.635513375811959,0.940998766049395,0.8909999999999999
dinov2_b,boot_pair,0,3,0.6857184490293067,0.936615382726759,0.8856
dinov2_b,boot_pair,0,4,0.4566955381681754,0.9121268169578648,0.8436
dinov2_b,boot_pair,0,5,0.5211868540658864,0.9221554137658424,0.8166
dinov2_b,boot_pair,0,6,0.7405731892512984,0.9345695237639162,0.8786
dinov2_b,boot_pair,0,7,0.59834176936628,0.9239171970568022,0.8544
dinov2_b,boot_pair,0,8,0.6759153761926824,0.904390625295294,0.8552
dinov2_b,boot_pair,0,9,0.7154762433553499,0.9250631329733106,0.8432
dinov2_b,boot_pair,0,10,0.5140829916415411,0.9372698575308274,0.8571
dinov2_b,boot_pair,0,11,0.7018069226322471,0.9292350802384008,0.8862
dinov2_b,boot_pair,0,12,0.7561736898737332,0.9332419623020872,0.9079
dinov2_b,boot_pair,0,13,0.7785856306253353,0.9387246828942364,0.866
dinov2_b,boot_pair,0,14,0.6231608917671775,0.9299043235496308,0.8798
dinov2_b,boot_pair,0,15,0.6627191775850082,0.9296110185187864,0.8579
dinov2_b,boot_pair,0,16,0.7430773433747215,0.9260386898339652,0.836
dinov2_b,boot_pair,0,17,0.7633639713737734,0.9320439800474494,0.8376
dinov2_b,boot_pair,0,18,0.6510785334005529,0.9337395725465232,0.9157
dinov2_b,boot_pair,0,19,0.6993584359161311,0.9264101955609888,0.8933
dinov2_b,boot_pair,0,20,0.7141983962404238,0.9249356368169416,0.8629
dinov2_b,boot_pair,0,21,0.6832509742888022,0.9315082952619704,0.878
dinov2_b,boot_pair,0,22,0.5697251334335091,0.9289351709461032,0.9047
dinov2_b,boot_pair,0,23,0.6374384752829112,0.918896187760486,0.8382
dinov2_b,boot_pair,0,24,0.7430901513324504,0.9290287498913988,0.887
dinov2_b,boot_pair,0,25,0.8064721173202122,0.9325667182400204,0.8420000000000001
dinov2_b,boot_pair,0,26,0.6836697530498866,0.9290309029828988,0.8658
dinov2_b,boot_pair,0,27,0.6289221611640772,0.9308027014500052,0.8123
dinov2_b,boot_pair,0,28,0.7549911467376599,0.9256978430477611,0.8907
dinov2_b,boot_pair,0,29,0.7165568666025088,0.920689943206248,0.8861
dinov2_b,boot_pair,1,2,0.6077799095685285,0.9236268145973356,0.856
dinov2_b,boot_pair,1,3,0.7195873352073807,0.9273189082957726,0.878
dinov2_b,boot_pair,1,4,0.5013736752792147,0.9151494834083898,0.843
dinov2_b,boot_pair,1,5,0.533416336576065,0.916923379384321,0.8690000000000001
dinov2_b,boot_pair,1,6,0.6914537753079902,0.9221984143860796,0.8567
dinov2_b,boot_pair,1,7,0.6490381446374687,0.9225779934276949,0.847
dinov2_b,boot_pair,1,8,0.6932343494559994,0.9210349533957016,0.845
dinov2_b,boot_pair,1,9,0.6709680430726666,0.9245342062993668,0.847
dinov2_b,boot_pair,1,10,0.44111774864022013,0.9213894017282128,0.8586
dinov2_b,boot_pair,1,11,0.7268275488049776,0.920499660026306,0.8437
dinov2_b,boot_pair,1,12,0.6730954775382384,0.9288066649285976,0.8466
dinov2_b,boot_pair,1,13,0.7398100986656134,0.9245519185389228,0.8744
dinov2_b,boot_pair,1,14,0.7275669350343821,0.9338862169044768,0.8741
dinov2_b,boot_pair,1,15,0.6088941239673149,0.9321042292224356,0.8481
dinov2_b,boot_pair,1,16,0.7206294842441572,0.926229705206332,0.8281
dinov2_b,boot_pair,1,17,0.7677700928308608,0.932642817339302,0.8346
dinov2_b,boot_pair,1,18,0.6068056992096826,0.9195470469230491,0.8308
dinov2_b,boot_pair,1,19,0.7260820500080868,0.9256415155306642,0.8773
dinov2_b,boot_pair,1,20,0.7321550760253535,0.9268985815365528,0.8748
dinov2_b,boot_pair,1,21,0.624265875505334,0.9244778805956212,0.8165
dinov2_b,boot_pair,1,22,0.6073995628117433,0.9341122220486858,0.8593
dinov2_b,boot_pair,1,23,0.6819558768976773,0.9193552906394316,0.8272
dinov2_b,boot_pair,1,24,0.6258009887707188,0.924431336788982,0.8555
dinov2_b,boot_pair,1,25,0.6754241943435341,0.9234202954975398,0.8173
dinov2_b,boot_pair,1,26,0.6790709138189911,0.9257953227646424,0.8315
dinov2_b,boot_pair,1,27,0.5952931393070419,0.9240451794574296,0.7885
dinov2_b,boot_pair,1,28,0.7183811803284276,0.9285614283513456,0.8436
dinov2_b,boot_pair,1,29,0.6437619040393436,0.92520191252808,0.825
dinov2_b,boot_pair,2,3,0.600554616172935,0.9334750397415,0.9144
dinov2_b,boot_pair,2,4,0.5191088470097327,0.9209342671170241,0.8853
dinov2_b,boot_pair,2,5,0.5101406392330928,0.9187383920267028,0.863
dinov2_b,boot_pair,2,6,0.5865869844837334,0.9323641996400944,0.8516
dinov2_b,boot_pair,2,7,0.6109846359491299,0.9317767345147684,0.8823
dinov2_b,boot_pair,2,8,0.6862842756501685,0.9211198283497892,0.8955
dinov2_b,boot_pair,2,9,0.7026931124614499,0.9309212086003272,0.8445
dinov2_b,boot_pair,2,10,0.5292941049160106,0.9197590084084468,0.8687
dinov2_b,boot_pair,2,11,0.6862897453674879,0.9318486854431086,0.8803
dinov2_b,boot_pair,2,12,0.6809297409766074,0.934606566747778,0.8894
dinov2_b,boot_pair,2,13,0.6645316391326701,0.9408850824873976,0.9018
dinov2_b,boot_pair,2,14,0.5698319511500178,0.9303409350475608,0.919
dinov2_b,boot_pair,2,15,0.6045770643172595,0.925842850808966,0.8525
dinov2_b,boot_pair,2,16,0.6645741432304648,0.9362572788908244,0.838
dinov2_b,boot_pair,2,17,0.6948127349468548,0.9412908051221152,0.8451
dinov2_b,boot_pair,2,18,0.7220806676446021,0.9450921237067286,0.8915
dinov2_b,boot_pair,2,19,0.6197355200215223,0.9207550659815126,0.8692
dinov2_b,boot_pair,2,20,0.5718902061813703,0.9248591371876356,0.8699
dinov2_b,boot_pair,2,21,0.6964896635054937,0.9407731167204436,0.8793
dinov2_b,boot_pair,2,22,0.7208659212168478,0.9270948169840209,0.8873
dinov2_b,boot_pair,2,23,0.5924187462764839,0.926580713188802,0.856
dinov2_b,boot_pair,2,24,0.6573237832557366,0.935531812737986,0.9031
dinov2_b,boot_pair,2,25,0.6243252736172055,0.9319398590054646,0.8425
dinov2_b,boot_pair,2,26,0.6596164543548225,0.9308332459906192,0.8459
dinov2_b,boot_pair,2,27,0.622527997033981,0.9261343016287488,0.8255
dinov2_b,boot_pair,2,28,0.626241893223891,0.9319308013297352,0.8704
dinov2_b,boot_pair,2,29,0.6458505859602843,0.9302923557091264,0.8863
dinov2_b,boot_pair,3,4,0.5142121501283936,0.9267321959644478,0.8784
dinov2_b,boot_pair,3,5,0.5227126795057623,0.9296901290852472,0.8603
dinov2_b,boot_pair,3,6,0.7638855205155418,0.9382922005456508,0.8619
dinov2_b,boot_pair,3,7,0.7034773539559729,0.9375807888586112,0.8897
dinov2_b,boot_pair,3,8,0.6455878805785777,0.9166157672080468,0.8829
dinov2_b,boot_pair,3,9,0.6221348467918602,0.942400084520749,0.8467
dinov2_b,boot_pair,3,10,0.4391559259348546,0.9345868879191926,0.8740000000000001
dinov2_b,boot_pair,3,11,0.6857653722843352,0.9409573050632272,0.8912
dinov2_b,boot_pair,3,12,0.7100871227998284,0.9364399285603184,0.8927
dinov2_b,boot_pair,3,13,0.7802478770802925,0.9457102840560826,0.9208
dinov2_b,boot_pair,3,14,0.7438756363203609,0.9353830259319053,0.9209
dinov2_b,boot_pair,3,15,0.7034736076870564,0.9400638834669696,0.8578
dinov2_b,boot_pair,3,16,0.7324516544357352,0.9412020841025124,0.848
dinov2_b,boot_pair,3,17,0.6965413743596778,0.937984605557466,0.8473
dinov2_b,boot_pair,3,18,0.6752635457995018,0.9307699394479652,0.8861
dinov2_b,boot_pair,3,19,0.6702724005838654,0.9280088802773612,0.868
dinov2_b,boot_pair,3,20,0.7169288004373039,0.9350419662017952,0.8778
dinov2_b,boot_pair,3,21,0.6426066834908015,0.9473231796234524,0.8776
dinov2_b,boot_pair,3,22,0.5819981685922307,0.9296578180383076,0.8856
dinov2_b,boot_pair,3,23,0.6628738842860107,0.9304482145006544,0.8567
dinov2_b,boot_pair,3,24,0.727270468439765,0.9429534371236078,0.903
dinov2_b,boot_pair,3,25,0.7563799827833714,0.9397722134641716,0.8553
dinov2_b,boot_pair,3,26,0.7250056583346706,0.9377624634617456,0.8676
dinov2_b,boot_pair,3,27,0.6313529720952421,0.9341380233024222,0.8257
dinov2_b,boot_pair,3,28,0.8488805558989869,0.940091648273522,0.9058
dinov2_b,boot_pair,3,29,0.7340968753863891,0.9292726358403264,0.8783
dinov2_b,boot_pair,4,5,0.5785415972932471,0.9185560277034136,0.8370000000000001
dinov2_b,boot_pair,4,6,0.4625197950987124,0.9215238706524632,0.8285
dinov2_b,boot_pair,4,7,0.5583168173782154,0.9235161656045164,0.8664
dinov2_b,boot_pair,4,8,0.5120294476516649,0.9227670612009554,0.875
dinov2_b,boot_pair,4,9,0.4483267218151635,0.9225525643917414,0.8095
dinov2_b,boot_pair,4,10,0.4911127068859773,0.9221344286410921,0.8552
dinov2_b,boot_pair,4,11,0.5647247480427544,0.9300446621834032,0.8447
dinov2_b,boot_pair,4,12,0.4982218124108868,0.934726870070946,0.8519
dinov2_b,boot_pair,4,13,0.5106012383880865,0.9351513264204406,0.8826
dinov2_b,boot_pair,4,14,0.4946950064187584,0.932010818660146,0.889
dinov2_b,boot_pair,4,15,0.4508831931462653,0.931480445500588,0.8424
dinov2_b,boot_pair,4,16,0.488353284886476,0.9335414517532858,0.8311
dinov2_b,boot_pair,4,17,0.5407697872271141,0.9296211435799568,0.8269
dinov2_b,boot_pair,4,18,0.4861174825702824,0.9249664381151559,0.8524
dinov2_b,boot_pair,4,19,0.5164435339114127,0.9270376771154504,0.8391
dinov2_b,boot_pair,4,20,0.5127105121973417,0.9199974485361072,0.8288
dinov2_b,boot_pair,4,21,0.5096987074470941,0.9280481625463076,0.8482
dinov2_b,boot_pair,4,22,0.5135285243664356,0.9241142995083976,0.8439
dinov2_b,boot_pair,4,23,0.5857282494601576,0.9340444907156504,0.8326
dinov2_b,boot_pair,4,24,0.4866960505583426,0.928676925988928,0.8674
dinov2_b,boot_pair,4,25,0.4745605005030129,0.9214726864749664,0.8128
dinov2_b,boot_pair,4,26,0.5147737556256848,0.9335791718723998,0.8485
dinov2_b,boot_pair,4,27,0.471312701947051,0.9268928441128088,0.8034
dinov2_b,boot_pair,4,28,0.5396273395735444,0.9325101794497441,0.8399
dinov2_b,boot_pair,4,29,0.4755266370952682,0.9303156746674646,0.8639
dinov2_b,boot_pair,5,6,0.5141996453706672,0.919199083723807,0.8494
dinov2_b,boot_pair,5,7,0.5298934062027576,0.9288296181212388,0.8515
dinov2_b,boot_pair,5,8,0.5231929162687542,0.9175790964721992,0.8569
dinov2_b,boot_pair,5,9,0.6122366724704836,0.9472642760800938,0.9052
dinov2_b,boot_pair,5,10,0.4980986483524815,0.9206396749976751,0.8823
dinov2_b,boot_pair,5,11,0.5649995470021119,0.9284787587897888,0.845
dinov2_b,boot_pair,5,12,0.541915022264586,0.9358476008435529,0.8476
dinov2_b,boot_pair,5,13,0.5230622961112107,0.9346067672124924,0.8828
dinov2_b,boot_pair,5,14,0.5279725571814912,0.9201839937870676,0.8553
dinov2_b,boot_pair,5,15,0.4646753298493145,0.9220442707177214,0.8768
dinov2_b,boot_pair,5,16,0.5521095227052274,0.931424914533048,0.8005
dinov2_b,boot_pair,5,17,0.5470546923827686,0.9215307933977036,0.8168
dinov2_b,boot_pair,5,18,0.5132732105744401,0.9309860452929174,0.8343
dinov2_b,boot_pair,5,19,0.5452609493093498,0.9244092134027992,0.8781
dinov2_b,boot_pair,5,20,0.5848383242665969,0.9288339547051064,0.8729
dinov2_b,boot_pair,5,21,0.5200358014400052,0.9282150235468012,0.85
dinov2_b,boot_pair,5,22,0.4942857494964136,0.929499703188654,0.8598
dinov2_b,boot_pair,5,23,0.5093384940353289,0.9223460807438753,0.7968
dinov2_b,boot_pair,5,24,0.4922269476943926,0.9275377677700252,0.8585
dinov2_b,boot_pair,5,25,0.526869777301766,0.9261025496159241,0.7964
dinov2_b,boot_pair,5,26,0.5219112008404974,0.9222062062943812,0.8258
dinov2_b,boot_pair,5,27,0.4296311635534711,0.9278811324953028,0.7694
dinov2_b,boot_pair,5,28,0.5188579517015138,0.9270263949408449,0.8251
dinov2_b,boot_pair,5,29,0.5005996308898378,0.9250136007046816,0.8254
dinov2_b,boot_pair,6,7,0.638140517532147,0.9264773506308313,0.8616
dinov2_b,boot_pair,6,8,0.6115239628379234,0.9107937391083492,0.8390000000000001
dinov2_b,boot_pair,6,9,0.6348343179219631,0.9260020224582136,0.8712
dinov2_b,boot_pair,6,10,0.42166945772874975,0.9297286590855252,0.8698
dinov2_b,boot_pair,6,11,0.6709644369157377,0.9262647787965809,0.8763
dinov2_b,boot_pair,6,12,0.7259153273749416,0.9361715111305676,0.8804
dinov2_b,boot_pair,6,13,0.7104115330406835,0.9287735317915918,0.8396
dinov2_b,boot_pair,6,14,0.6560862618585042,0.9291977913861148,0.8668
dinov2_b,boot_pair,6,15,0.6538937261244455,0.9383791579966144,0.8929
dinov2_b,boot_pair,6,16,0.6644872403548726,0.9258427845802976,0.7979
dinov2_b,boot_pair,6,17,0.7016495703610857,0.9312246393627329,0.7987
dinov2_b,boot_pair,6,18,0.6046907409419964,0.9252897587418129,0.8809
dinov2_b,boot_pair,6,19,0.6908779001970604,0.9322366680349962,0.9211
dinov2_b,boot_pair,6,20,0.731270150027864,0.9339176293888871,0.9009
dinov2_b,boot_pair,6,21,0.6011744496740377,0.927658212025255,0.8678
dinov2_b,boot_pair,6,22,0.5658268370477364,0.9277529882000166,0.8631
dinov2_b,boot_pair,6,23,0.6406240957267916,0.931561813378782,0.8220000000000001
dinov2_b,boot_pair,6,24,0.6722875746769281,0.93592532262599,0.871
dinov2_b,boot_pair,6,25,0.7335313735022004,0.9340628470766688,0.8152
dinov2_b,boot_pair,6,26,0.6220623453517938,0.9297994131555626,0.8535
dinov2_b,boot_pair,6,27,0.5723233067768694,0.9238089705052959,0.8105
dinov2_b,boot_pair,6,28,0.7806266107388555,0.9252680202970528,0.8837
dinov2_b,boot_pair,6,29,0.6594190681809424,0.922262028895991,0.8727
dinov2_b,boot_pair,7,8,0.6470428612847633,0.9263521411807512,0.8847
dinov2_b,boot_pair,7,9,0.5836733857377114,0.9397635177855571,0.8315
dinov2_b,boot_pair,7,10,0.4450726756989847,0.9330254664791204,0.8756
dinov2_b,boot_pair,7,11,0.6859005126881333,0.9395586448991018,0.8635
dinov2_b,boot_pair,7,12,0.6403509887050075,0.9363612008825573,0.8727
dinov2_b,boot_pair,7,13,0.6252918012932099,0.9338393934596194,0.877
dinov2_b,boot_pair,7,14,0.6379620993615015,0.9372603282350108,0.8967
dinov2_b,boot_pair,7,15,0.5578266275210506,0.9300896702927812,0.8465
dinov2_b,boot_pair,7,16,0.6183462686738914,0.9275899284708038,0.8218
dinov2_b,boot_pair,7,17,0.7042883593330079,0.934911488444754,0.8285
dinov2_b,boot_pair,7,18,0.5646191516351456,0.9260229213531586,0.8731
dinov2_b,boot_pair,7,19,0.643013792841525,0.9292186547266074,0.8638
dinov2_b,boot_pair,7,20,0.6265047595390602,0.9287604900057934,0.8537
dinov2_b,boot_pair,7,21,0.6132751273415994,0.9397441418398224,0.8588
dinov2_b,boot_pair,7,22,0.5957104479702938,0.9306820971545384,0.8622
dinov2_b,boot_pair,7,23,0.6638213373137193,0.933338149979245,0.8352
dinov2_b,boot_pair,7,24,0.6353008939638066,0.9352043237629908,0.8863
dinov2_b,boot_pair,7,25,0.6196264469185397,0.9312297834069112,0.8311
dinov2_b,boot_pair,7,26,0.6018106124705452,0.9216596264649386,0.8377
dinov2_b,boot_pair,7,27,0.5527491252522125,0.9335270668981948,0.8282
dinov2_b,boot_pair,7,28,0.6978421629295686,0.9354825970699258,0.8658
dinov2_b,boot_pair,7,29,0.6102286111513232,0.9263865341008016,0.8639
dinov2_b,boot_pair,8,9,0.6781260813767248,0.9219903950060518,0.8248
dinov2_b,boot_pair,8,10,0.44447356442291375,0.9101912439414556,0.8772
dinov2_b,boot_pair,8,11,0.7500045659624729,0.923957457040692,0.8761
dinov2_b,boot_pair,8,12,0.6807489238778447,0.9227100754606172,0.8681
dinov2_b,boot_pair,8,13,0.7378484252306574,0.9220609825677464,0.8944
dinov2_b,boot_pair,8,14,0.6137328547562295,0.9256698372260216,0.9086
dinov2_b,boot_pair,8,15,0.6152399812680212,0.9176317386940648,0.8666
dinov2_b,boot_pair,8,16,0.7121506944972743,0.9256415235679636,0.8216
dinov2_b,boot_pair,8,17,0.7667473846563978,0.9325122747294208,0.8265
dinov2_b,boot_pair,8,18,0.6636077073576707,0.9224605042575632,0.8718
dinov2_b,boot_pair,8,19,0.6762360357713666,0.9187975549485432,0.8551
dinov2_b,boot_pair,8,20,0.6671089731457218,0.9175495385121488,0.8655
dinov2_b,boot_pair,8,21,0.6679840785421441,0.921332496311146,0.8658
dinov2_b,boot_pair,8,22,0.6371636468480857,0.9184395284176716,0.8642
dinov2_b,boot_pair,8,23,0.6770138157068571,0.9259813596869234,0.8394
dinov2_b,boot_pair,8,24,0.6845909532116117,0.924649060790292,0.897
dinov2_b,boot_pair,8,25,0.6951293545325858,0.9249166376636474,0.8249
dinov2_b,boot_pair,8,26,0.7132767293354252,0.915068798053237,0.843
dinov2_b,boot_pair,8,27,0.6596527978743812,0.9220026485979376,0.8065
dinov2_b,boot_pair,8,28,0.6775266993553161,0.9257289413022152,0.8469
dinov2_b,boot_pair,8,29,0.7331995760366943,0.9187321331676532,0.8734
dinov2_b,boot_pair,9,10,0.5268584426206544,0.9284154837988524,0.847
dinov2_b,boot_pair,9,11,0.7175341239331552,0.943100910740283,0.8628
dinov2_b,boot_pair,9,12,0.7512189657725089,0.9361110959347096,0.8764
dinov2_b,boot_pair,9,13,0.6637359289857719,0.9411023908075666,0.8539
dinov2_b,boot_pair,9,14,0.6099869423443062,0.9310047312160832,0.833
dinov2_b,boot_pair,9,15,0.6333612835277772,0.920978881360122,0.8798
dinov2_b,boot_pair,9,16,0.7230071450805141,0.9447323202230398,0.7946
dinov2_b,boot_pair,9,17,0.7093093804430824,0.935983370004836,0.8201
dinov2_b,boot_pair,9,18,0.6736359042340234,0.932972544798094,0.8625
dinov2_b,boot_pair,9,19,0.6987108588594717,0.92982598420821,0.8873
dinov2_b,boot_pair,9,20,0.6648532048710138,0.9384647472655796,0.8757
dinov2_b,boot_pair,9,21,0.7475932379354309,0.9381852270596972,0.8613
dinov2_b,boot_pair,9,22,0.6645450022811475,0.9381973853618932,0.8759999999999999
dinov2_b,boot_pair,9,23,0.5844939914820088,0.9296738756105636,0.7944
dinov2_b,boot_pair,9,24,0.6754139658019048,0.9362598434224938,0.8504
dinov2_b,boot_pair,9,25,0.6853089447590005,0.9294057032666132,0.7925
dinov2_b,boot_pair,9,26,0.6762216296937923,0.9357587965601264,0.8356
dinov2_b,boot_pair,9,27,0.5609984824744716,0.9337003789681404,0.7735
dinov2_b,boot_pair,9,28,0.6336393546314769,0.9460958697860732,0.8511
dinov2_b,boot_pair,9,29,0.6535287035460403,0.933800717160262,0.8589
dinov2_b,boot_pair,10,11,0.456483735700624,0.9343340019924329,0.8607
dinov2_b,boot_pair,10,12,0.5013591491449668,0.9318802170459201,0.8722
dinov2_b,boot_pair,10,13,0.4593917545597749,0.9229582915364524,0.87
dinov2_b,boot_pair,10,14,0.471650010730088,0.9270999661668956,0.8576
dinov2_b,boot_pair,10,15,0.5106014069473029,0.9341801235925355,0.8871
dinov2_b,boot_pair,10,16,0.4874317182102863,0.9269982455143032,0.7949
dinov2_b,boot_pair,10,17,0.4567294737806474,0.9369964229023086,0.8248
dinov2_b,boot_pair,10,18,0.5465737092966788,0.9309101181292468,0.8653
dinov2_b,boot_pair,10,19,0.4644858599014302,0.9441595404934624,0.8918
dinov2_b,boot_pair,10,20,0.4578747582365342,0.9347343560815468,0.8809999999999999
dinov2_b,boot_pair,10,21,0.5039280884191784,0.9261026167946896,0.8609
dinov2_b,boot_pair,10,22,0.5024874267311242,0.933044052705497,0.8542
dinov2_b,boot_pair,10,23,0.4126413081855603,0.925525418538491,0.8223
dinov2_b,boot_pair,10,24,0.4816027772756414,0.9290550747909369,0.8738
dinov2_b,boot_pair,10,25,0.4412062611804847,0.93389162914502,0.7976
dinov2_b,boot_pair,10,26,0.4633389244957512,0.9272309923880104,0.8275
dinov2_b,boot_pair,10,27,0.4937169693954485,0.9272697930796616,0.7862
dinov2_b,boot_pair,10,28,0.4354894951869273,0.9239685031970218,0.8303
dinov2_b,boot_pair,10,29,0.4698974126393668,0.9243525263622944,0.8407
dinov2_b,boot_pair,11,12,0.7593197824159564,0.9394231500159664,0.9263
dinov2_b,boot_pair,11,13,0.7697382197877262,0.9393931786710908,0.8753
dinov2_b,boot_pair,11,14,0.6181914982776382,0.9361926418452337,0.8825
dinov2_b,boot_pair,11,15,0.6369532825251137,0.9326524926750184,0.8759
dinov2_b,boot_pair,11,16,0.6978194713080124,0.9396283395416536,0.8265
dinov2_b,boot_pair,11,17,0.8598517510040412,0.9445656503893431,0.8429
dinov2_b,boot_pair,11,18,0.7152860409316497,0.9386026548518936,0.9219
dinov2_b,boot_pair,11,19,0.7541279280586712,0.9272724279749051,0.8933
dinov2_b,boot_pair,11,20,0.7071027366295105,0.9393890333197349,0.8965
dinov2_b,boot_pair,11,21,0.7625963947463748,0.937840320782764,0.9049
dinov2_b,boot_pair,11,22,0.6977284893989188,0.9349856178051236,0.9149
dinov2_b,boot_pair,11,23,0.712278479870342,0.9360300138017548,0.8483
dinov2_b,boot_pair,11,24,0.6945288876092731,0.9364285029745272,0.9057
dinov2_b,boot_pair,11,25,0.7414076156953081,0.9297612360292058,0.8393
dinov2_b,boot_pair,11,26,0.734283769390941,0.9328741169148564,0.8725
dinov2_b,boot_pair,11,27,0.6531424305282731,0.9331572261336996,0.8166
dinov2_b,boot_pair,11,28,0.7361070525014799,0.9388760629566878,0.8977
dinov2_b,boot_pair,11,29,0.6907493813678948,0.9356245600089234,0.8926
dinov2_b,boot_pair,12,13,0.7390298127036196,0.9424948457818336,0.8762
dinov2_b,boot_pair,12,14,0.5986602170272931,0.9290502955987391,0.8813
dinov2_b,boot_pair,12,15,0.6578783428104029,0.9389444730464216,0.8758
dinov2_b,boot_pair,12,16,0.6649969084959874,0.9358358329144044,0.8236
dinov2_b,boot_pair,12,17,0.7639042299067885,0.9358767792934912,0.8405
dinov2_b,boot_pair,12,18,0.6944856088593464,0.9405942188167256,0.9256
dinov2_b,boot_pair,12,19,0.6727264800457502,0.9334535069264982,0.8967
dinov2_b,boot_pair,12,20,0.6955450440318282,0.930260779154624,0.882
dinov2_b,boot_pair,12,21,0.7521271145462122,0.9433294788168568,0.9194
dinov2_b,boot_pair,12,22,0.6279265798805563,0.9369829062350642,0.9124
dinov2_b,boot_pair,12,23,0.6188850659031919,0.9365065812063192,0.8441
dinov2_b,boot_pair,12,24,0.7119928050288389,0.9327695533903796,0.9059
dinov2_b,boot_pair,12,25,0.7540375140692839,0.9341509770075368,0.8555
dinov2_b,boot_pair,12,26,0.6769679914210867,0.9273005757911064,0.863
dinov2_b,boot_pair,12,27,0.6057257816783246,0.9391923964350952,0.8221
dinov2_b,boot_pair,12,28,0.7473886911127392,0.9363381111285858,0.9062
dinov2_b,boot_pair,12,29,0.6855443996970404,0.9228517001509302,0.9007
dinov2_b,boot_pair,13,14,0.6508187182947777,0.9337108635665208,0.8902
dinov2_b,boot_pair,13,15,0.7070136292028154,0.9309003890152076,0.8516
dinov2_b,boot_pair,13,16,0.7502008123714855,0.9402449301457704,0.848
dinov2_b,boot_pair,13,17,0.8011478077572806,0.9369099522365716,0.8708
dinov2_b,boot_pair,13,18,0.7199965215405716,0.9388825593441262,0.8676
dinov2_b,boot_pair,13,19,0.697993740339661,0.9213385414993426,0.8458
dinov2_b,boot_pair,13,20,0.736016524211354,0.9278710751121068,0.8533
dinov2_b,boot_pair,13,21,0.7202015622947601,0.941210641990564,0.8813
dinov2_b,boot_pair,13,22,0.6014607201000534,0.9306182427133886,0.8838
dinov2_b,boot_pair,13,23,0.7006252925052502,0.9296697281657236,0.8281
dinov2_b,boot_pair,13,24,0.7476628371095139,0.9337434446689302,0.8811
dinov2_b,boot_pair,13,25,0.7958878065704468,0.9295851568980492,0.8297
dinov2_b,boot_pair,13,26,0.7599445755104902,0.9274435825025552,0.8616
dinov2_b,boot_pair,13,27,0.6977387819070173,0.9284682530325687,0.8009999999999999
dinov2_b,boot_pair,13,28,0.8062608543553941,0.9391796713400088,0.8759
dinov2_b,boot_pair,13,29,0.7620865103947545,0.9246295594169598,0.8712
dinov2_b,boot_pair,14,15,0.7300996875316983,0.9372611399668348,0.8636
dinov2_b,boot_pair,14,16,0.7210092102650141,0.9346064166619912,0.8435
dinov2_b,boot_pair,14,17,0.6119905088305556,0.9372338631054457,0.8248
dinov2_b,boot_pair,14,18,0.588206178407272,0.9254552883812524,0.8926
dinov2_b,boot_pair,14,19,0.6130312254052468,0.9170724166312044,0.8736
dinov2_b,boot_pair,14,20,0.7249000150289823,0.937212414693909,0.8837
dinov2_b,boot_pair,14,21,0.5624689661572728,0.932657766657697,0.8638
dinov2_b,boot_pair,14,22,0.5087296025828758,0.9201137293878522,0.8791
dinov2_b,boot_pair,14,23,0.6326572064858548,0.9274519204578092,0.8596
dinov2_b,boot_pair,14,24,0.6316106299750842,0.9339566163463924,0.9086
dinov2_b,boot_pair,14,25,0.6150677359752528,0.9304971549889224,0.8576
dinov2_b,boot_pair,14,26,0.6776421966348398,0.9226575288428448,0.8590000000000001
dinov2_b,boot_pair,14,27,0.6119599962394214,0.926080870556548,0.8322
dinov2_b,boot_pair,14,28,0.6810270365989832,0.9385764295632472,0.8813
dinov2_b,boot_pair,14,29,0.6153123139730345,0.9372752601806128,0.8916
dinov2_b,boot_pair,15,16,0.7450193309279508,0.9242314307786568,0.797
dinov2_b,boot_pair,15,17,0.6542588157219789,0.9286825520021859,0.8083
dinov2_b,boot_pair,15,18,0.6634691819914142,0.9281852742318588,0.877
dinov2_b,boot_pair,15,19,0.6413296146881291,0.9348354474969524,0.9091
dinov2_b,boot_pair,15,20,0.6627212588574034,0.9346142785017268,0.9032
dinov2_b,boot_pair,15,21,0.6060345836753094,0.927710557393777,0.8714
dinov2_b,boot_pair,15,22,0.5617963035551949,0.9323494635599374,0.8655
dinov2_b,boot_pair,15,23,0.6218185960142664,0.9316892116665929,0.8299
dinov2_b,boot_pair,15,24,0.6930488942115929,0.930144264796237,0.8672
dinov2_b,boot_pair,15,25,0.6811160063430365,0.9313428491535186,0.8051
dinov2_b,boot_pair,15,26,0.7290240382235158,0.9290595795392428,0.8621
dinov2_b,boot_pair,15,27,0.6761617445972576,0.9244720403619734,0.7947
dinov2_b,boot_pair,15,28,0.6521026266224186,0.9320391183433688,0.8642
dinov2_b,boot_pair,15,29,0.6694120088868221,0.9250864685019828,0.8724
dinov2_b,boot_pair,16,17,0.7210293777154118,0.9454318193579336,0.8976
dinov2_b,boot_pair,16,18,0.6625064013721347,0.9338513859158686,0.8303
dinov2_b,boot_pair,16,19,0.6995565105634715,0.924655290814034,0.8154
dinov2_b,boot_pair,16,20,0.6925265013185703,0.9358501686518468,0.8006
dinov2_b,boot_pair,16,21,0.6689530801598562,0.9399554005656144,0.8153
dinov2_b,boot_pair,16,22,0.6158749710983898,0.9341521363275742,0.84
dinov2_b,boot_pair,16,23,0.6583014351895167,0.9384404749646662,0.8905
dinov2_b,boot_pair,16,24,0.7282920760969711,0.9370946899485162,0.8439
dinov2_b,boot_pair,16,25,0.7407433029846786,0.9424699119254202,0.9093
dinov2_b,boot_pair,16,26,0.7884120591462428,0.9435560660517536,0.8571
dinov2_b,boot_pair,16,27,0.6532838296645755,0.942655863730372,0.8673
dinov2_b,boot_pair,16,28,0.6660190631278617,0.9363424675621468,0.8142
dinov2_b,boot_pair,16,29,0.6921725573846533,0.9352741223818768,0.8233
dinov2_b,boot_pair,17,18,0.6893567713027487,0.9378813548574296,0.8332
dinov2_b,boot_pair,17,19,0.7743298834654323,0.9325515981974788,0.8254
dinov2_b,boot_pair,17,20,0.706620717268004,0.9299620617191878,0.7894
dinov2_b,boot_pair,17,21,0.7490780149573663,0.9401832753400828,0.8405
dinov2_b,boot_pair,17,22,0.6661376008805301,0.9349421016885644,0.8619
dinov2_b,boot_pair,17,23,0.7185250388694809,0.9367804933623414,0.8839
dinov2_b,boot_pair,17,24,0.7019377430297026,0.9391159102574594,0.841
dinov2_b,boot_pair,17,25,0.7414495448631516,0.9474845192774276,0.8781
dinov2_b,boot_pair,17,26,0.7170752110331409,0.9349623733967746,0.8175
dinov2_b,boot_pair,17,27,0.6621835054529788,0.9450420012065636,0.8562
dinov2_b,boot_pair,17,28,0.7640185111978699,0.942875736539505,0.8256
dinov2_b,boot_pair,17,29,0.6931147463060243,0.9256593657197371,0.823
dinov2_b,boot_pair,18,19,0.6530242677473148,0.9333123299024676,0.9031
dinov2_b,boot_pair,18,20,0.5861054193505622,0.9262686188545056,0.8749
dinov2_b,boot_pair,18,21,0.7068711677941345,0.9357276866141172,0.9083
dinov2_b,boot_pair,18,22,0.6713990020197931,0.9252798267513468,0.9039
dinov2_b,boot_pair,18,23,0.5693419293829561,0.9276357227954386,0.8461
dinov2_b,boot_pair,18,24,0.730904339877418,0.933008836121556,0.9005
dinov2_b,boot_pair,18,25,0.6989788098379459,0.9321630362454612,0.8409
dinov2_b,boot_pair,18,26,0.7282349149069027,0.9374515849398409,0.8632
dinov2_b,boot_pair,18,27,0.7010329677241531,0.9298702228530408,0.8327
dinov2_b,boot_pair,18,28,0.6479953282382427,0.9259026223791714,0.8861
dinov2_b,boot_pair,18,29,0.7209780457432738,0.9342988885095191,0.9084
dinov2_b,boot_pair,19,20,0.6856582684491547,0.9233805594740048,0.9081
dinov2_b,boot_pair,19,21,0.6708864966506446,0.9283871520766146,0.8833
dinov2_b,boot_pair,19,22,0.6715510430345059,0.9434031971229871,0.9029
dinov2_b,boot_pair,19,23,0.683155118431264,0.9267859272399246,0.8323
dinov2_b,boot_pair,19,24,0.6570266408174177,0.9306621290845504,0.8829
dinov2_b,boot_pair,19,25,0.6689274796578686,0.9309076412516556,0.8219
dinov2_b,boot_pair,19,26,0.667673147825081,0.9279333506475638,0.8498
dinov2_b,boot_pair,19,27,0.5912717707549474,0.9238502856557252,0.8027
dinov2_b,boot_pair,19,28,0.6916227976762472,0.9302778051627616,0.8713
dinov2_b,boot_pair,19,29,0.6373375220665081,0.9233450296863064,0.8859
dinov2_b,boot_pair,20,21,0.6125944316079835,0.9264771314599292,0.8473
dinov2_b,boot_pair,20,22,0.5569362328770833,0.9291766045201802,0.8644
dinov2_b,boot_pair,20,23,0.6983784777260664,0.9282518212108212,0.843
dinov2_b,boot_pair,20,24,0.6266286233372266,0.9275999655286074,0.8590000000000001
dinov2_b,boot_pair,20,25,0.6809234246500783,0.9311618759895329,0.8163
dinov2_b,boot_pair,20,26,0.6397421246193332,0.9236384332711356,0.8498
dinov2_b,boot_pair,20,27,0.6117652442133816,0.9319109112002024,0.7946
dinov2_b,boot_pair,20,28,0.7844543473122291,0.9353663482644544,0.867
dinov2_b,boot_pair,20,29,0.652697846323612,0.9357558409671872,0.8672
dinov2_b,boot_pair,21,22,0.6557233267596799,0.934134868093052,0.9043
dinov2_b,boot_pair,21,23,0.667442361339228,0.9324954156715638,0.8237
dinov2_b,boot_pair,21,24,0.6998249576066717,0.9452919090890352,0.9064
dinov2_b,boot_pair,21,25,0.7085755371927378,0.9356218463836384,0.8314
dinov2_b,boot_pair,21,26,0.6863373269946272,0.931051025401762,0.8596
dinov2_b,boot_pair,21,27,0.6035141546673873,0.934930133603146,0.8026
dinov2_b,boot_pair,21,28,0.6743520421447218,0.9390781443105716,0.8937
dinov2_b,boot_pair,21,29,0.6760787739132785,0.9301030464634964,0.8946
dinov2_b,boot_pair,22,23,0.6329282092068265,0.9354500321083696,0.8406
dinov2_b,boot_pair,22,24,0.5924982296424048,0.9377659922351173,0.905
dinov2_b,boot_pair,22,25,0.5825680998511064,0.9270937438991484,0.8312
dinov2_b,boot_pair,22,26,0.6219552581230179,0.9318706346091338,0.8801
dinov2_b,boot_pair,22,27,0.5894017369506788,0.927322624717662,0.7997
dinov2_b,boot_pair,22,28,0.5965496856878924,0.9310233239644828,0.8852
dinov2_b,boot_pair,22,29,0.5894798285781365,0.927246445474188,0.8963
dinov2_b,boot_pair,23,24,0.6102168657505352,0.9396381435549236,0.8642
dinov2_b,boot_pair,23,25,0.6384781166330862,0.9266379745641519,0.9092
dinov2_b,boot_pair,23,26,0.6678780100305376,0.9319213027223348,0.8219
dinov2_b,boot_pair,23,27,0.6188974739213959,0.9358626239464312,0.8917
dinov2_b,boot_pair,23,28,0.6775760208471137,0.933456320197966,0.8265
dinov2_b,boot_pair,23,29,0.6346488711474781,0.9245118703858864,0.8342
dinov2_b,boot_pair,24,25,0.7720622676140714,0.9402400418127648,0.8659
dinov2_b,boot_pair,24,26,0.7612148822033509,0.938548949224926,0.8672
dinov2_b,boot_pair,24,27,0.7280442800074793,0.935425593266026,0.8361
dinov2_b,boot_pair,24,28,0.7153667010657117,0.9336782973661264,0.8977
dinov2_b,boot_pair,24,29,0.7069234724935705,0.9219636382409336,0.8842
dinov2_b,boot_pair,25,26,0.7417937497816046,0.9323171974891123,0.8019
dinov2_b,boot_pair,25,27,0.6360928467280307,0.9353234813792901,0.8903
dinov2_b,boot_pair,25,28,0.7556975333785637,0.9349399224331474,0.8348
dinov2_b,boot_pair,25,29,0.7863869822259633,0.922073059649036,0.8390000000000001
dinov2_b,boot_pair,26,27,0.68909686181179,0.9335141788562956,0.7983
dinov2_b,boot_pair,26,28,0.6907862986418734,0.9288273489419576,0.8965
dinov2_b,boot_pair,26,29,0.757186727111725,0.9281110187543804,0.8702
dinov2_b,boot_pair,27,28,0.6173385729821732,0.9302060838265056,0.8113
dinov2_b,boot_pair,27,29,0.6713651737632316,0.9201832377427666,0.8116
dinov2_b,boot_pair,28,29,0.7426784300328532,0.9409854505939892,0.8833
dinov2_b,ref_vs_boot,-1,0,0.7004650155933208,0.9383153664784154,0.9115
dinov2_b,ref_vs_boot,-1,1,0.7217580202735681,0.9384728413791064,0.8532
dinov2_b,ref_vs_boot,-1,2,0.6308761041150363,0.9457267213866904,0.8929
dinov2_b,ref_vs_boot,-1,3,0.7753446311302757,0.951635658595406,0.8941
dinov2_b,ref_vs_boot,-1,4,0.5626563424386338,0.936974600400854,0.8518
dinov2_b,ref_vs_boot,-1,5,0.5634402273374715,0.9406006295175374,0.8593
dinov2_b,ref_vs_boot,-1,6,0.7359962434318165,0.937786067728412,0.8852
dinov2_b,ref_vs_boot,-1,7,0.7166692018265356,0.9540050219901949,0.8809
dinov2_b,ref_vs_boot,-1,8,0.7225656603341637,0.9350016012327932,0.8789
dinov2_b,ref_vs_boot,-1,9,0.6913223584392943,0.9540105453678546,0.8875
dinov2_b,ref_vs_boot,-1,10,0.4513665170908295,0.935029168296715,0.8515
dinov2_b,ref_vs_boot,-1,11,0.7536588396953182,0.9536471597490144,0.9111
dinov2_b,ref_vs_boot,-1,12,0.7546324270547331,0.9579984673407418,0.9191
dinov2_b,ref_vs_boot,-1,13,0.7333503310428899,0.9527099254794514,0.8959
dinov2_b,ref_vs_boot,-1,14,0.6924838140929801,0.9442193667580128,0.9
dinov2_b,ref_vs_boot,-1,15,0.6545803687616697,0.9430440964837892,0.8784
dinov2_b,ref_vs_boot,-1,16,0.7021472110142024,0.9515416679749048,0.8519
dinov2_b,ref_vs_boot,-1,17,0.7612377473388282,0.9458174030988868,0.8443
dinov2_b,ref_vs_boot,-1,18,0.6101272758980667,0.9397141295429317,0.9195
dinov2_b,ref_vs_boot,-1,19,0.7250471961031459,0.9384343590973117,0.9109
dinov2_b,ref_vs_boot,-1,20,0.7389792336396139,0.9492879833111914,0.8832
dinov2_b,ref_vs_boot,-1,21,0.6802460749843329,0.9575494835224576,0.9083
dinov2_b,ref_vs_boot,-1,22,0.6262538878150333,0.9410353381566224,0.9235
dinov2_b,ref_vs_boot,-1,23,0.6846839235621381,0.9419873060871896,0.8515
dinov2_b,ref_vs_boot,-1,24,0.6880644563660743,0.9449862430409603,0.9079999999999999
dinov2_b,ref_vs_boot,-1,25,0.7230790471922051,0.9459742870881368,0.8525
dinov2_b,ref_vs_boot,-1,26,0.6639252010347787,0.93882800569058,0.8825
dinov2_b,ref_vs_boot,-1,27,0.5993166574363147,0.9485087031578788,0.8138
dinov2_b,ref_vs_boot,-1,28,0.7971508158262214,0.9542541701680796,0.9035
dinov2_b,ref_vs_boot,-1,29,0.67414040646441,0.9424091274921728,0.9113
dinov2_g,boot_pair,0,1,0.7747516061564375,0.9531863205189876,0.9023
dinov2_g,boot_pair,0,2,0.7208775381324686,0.9374248560691965,0.8379
dinov2_g,boot_pair,0,3,0.8286512884550136,0.9523994323559528,0.8816
dinov2_g,boot_pair,0,4,0.8324530233502728,0.952645483148482,0.8985
dinov2_g,boot_pair,0,5,0.8368754113548934,0.9498699631692104,0.8862
dinov2_g,boot_pair,0,6,0.7639779523486998,0.9437225113519556,0.8759
dinov2_g,boot_pair,0,7,0.7850747712110713,0.9414657102289368,0.8816
dinov2_g,boot_pair,0,8,0.8156951938848915,0.9521399498464191,0.8903
dinov2_g,boot_pair,0,9,0.8045099872060492,0.9628134496783272,0.8791
dinov2_g,boot_pair,0,10,0.8065849156784812,0.9448138591436359,0.8693
dinov2_g,boot_pair,0,11,0.8087531248853589,0.9554825068738816,0.885
dinov2_g,boot_pair,0,12,0.8728067314074662,0.951274337513449,0.8841
dinov2_g,boot_pair,0,13,0.8646038434849034,0.953926819028631,0.8873
dinov2_g,boot_pair,0,14,0.8292400837534339,0.9515572888175968,0.8891
dinov2_g,boot_pair,0,15,0.8117610360894292,0.9528265413947112,0.8974
dinov2_g,boot_pair,0,16,0.7840901451001752,0.9580746619230138,0.8807
dinov2_g,boot_pair,0,17,0.836635534974871,0.9556745262572012,0.8952
dinov2_g,boot_pair,0,18,0.7533635785409639,0.9495326088421888,0.9095
dinov2_g,boot_pair,0,19,0.8239537099377235,0.9464191685307374,0.875
dinov2_g,boot_pair,0,20,0.708205408379933,0.9480431810395492,0.887
dinov2_g,boot_pair,0,21,0.8692936879498951,0.9582596927827571,0.917
dinov2_g,boot_pair,0,22,0.7559371596522405,0.951796548617512,0.873
dinov2_g,boot_pair,0,23,0.8697625427464749,0.95813024138073,0.8672
dinov2_g,boot_pair,0,24,0.8332221088775781,0.9441011185023036,0.8683
dinov2_g,boot_pair,0,25,0.7778932581537493,0.9523695338200152,0.8457
dinov2_g,boot_pair,0,26,0.6525158774408502,0.9531669519929336,0.8686
dinov2_g,boot_pair,0,27,0.7785537158734536,0.9469863842958902,0.8793
dinov2_g,boot_pair,0,28,0.7516254733135668,0.9530811938276345,0.9054
dinov2_g,boot_pair,0,29,0.8496381137844529,0.949478272527668,0.883
dinov2_g,boot_pair,1,2,0.7027739395543583,0.9400462589979004,0.871
dinov2_g,boot_pair,1,3,0.7243702617465968,0.9506140749829434,0.9157
dinov2_g,boot_pair,1,4,0.7387693898128574,0.9529804856636516,0.9159
dinov2_g,boot_pair,1,5,0.7450855942434492,0.939082567126,0.8872
dinov2_g,boot_pair,1,6,0.7937594098772991,0.9386053312028568,0.8907
dinov2_g,boot_pair,1,7,0.706475640880494,0.9481687323961112,0.9012
dinov2_g,boot_pair,1,8,0.7751922219912438,0.9462802991750944,0.9244
dinov2_g,boot_pair,1,9,0.74793265650968,0.9524488042412521,0.8642
dinov2_g,boot_pair,1,10,0.7095052015764014,0.9480622978190292,0.8888
dinov2_g,boot_pair,1,11,0.7345370663199009,0.9541555606470504,0.9046
dinov2_g,boot_pair,1,12,0.7589944572782957,0.957422806439654,0.9009
dinov2_g,boot_pair,1,13,0.7454095615706583,0.9523031876429942,0.9213
dinov2_g,boot_pair,1,14,0.7255063534884739,0.9488841786279012,0.8942
dinov2_g,boot_pair,1,15,0.8365451091129369,0.9487877457320016,0.9091
dinov2_g,boot_pair,1,16,0.7879085423147814,0.9479452023176124,0.895
dinov2_g,boot_pair,1,17,0.6984950519938594,0.949283608417047,0.9071
dinov2_g,boot_pair,1,18,0.8307740220406413,0.9574068439850638,0.9187
dinov2_g,boot_pair,1,19,0.7312710766891427,0.9528267902174872,0.9001
dinov2_g,boot_pair,1,20,0.7456577085607458,0.9390308143243822,0.8834
dinov2_g,boot_pair,1,21,0.7198733704203535,0.9464353057651428,0.9095
dinov2_g,boot_pair,1,22,0.8056821033290255,0.9491720288175216,0.8996
dinov2_g,boot_pair,1,23,0.7341357304464396,0.9491904631049948,0.8776
dinov2_g,boot_pair,1,24,0.7471000713961123,0.9518921115298178,0.8967
dinov2_g,boot_pair,1,25,0.6792900532419389,0.9473670050138676,0.8707
dinov2_g,boot_pair,1,26,0.7514292591095041,0.9559420837196744,0.8929
dinov2_g,boot_pair,1,27,0.6601666823934077,0.9470952785426244,0.8848
dinov2_g,boot_pair,1,28,0.7990206045314348,0.9546128965200359,0.9012
dinov2_g,boot_pair,1,29,0.7324375871757478,0.959251229164508,0.9072
dinov2_g,boot_pair,2,3,0.7516752318675661,0.943987940719415,0.8888
dinov2_g,boot_pair,2,4,0.8077133106196154,0.9558830013405556,0.8784
dinov2_g,boot_pair,2,5,0.7659664682540237,0.9426473658857636,0.85
dinov2_g,boot_pair,2,6,0.6885396313782276,0.9388790296850394,0.8621
dinov2_g,boot_pair,2,7,0.7242861777614893,0.9364647980830372,0.8698
dinov2_g,boot_pair,2,8,0.7626849310308632,0.942405760775632,0.9101
dinov2_g,boot_pair,2,9,0.7125046797915585,0.9429318255208374,0.8374
dinov2_g,boot_pair,2,10,0.7030076017638601,0.934792973100377,0.8592
dinov2_g,boot_pair,2,11,0.7212008234619046,0.939683737919304,0.8767
dinov2_g,boot_pair,2,12,0.7578883065822708,0.9389365531804728,0.8475
dinov2_g,boot_pair,2,13,0.7408439036229897,0.9435234929322248,0.8675
dinov2_g,boot_pair,2,14,0.7995275281846735,0.9392518206756952,0.8509
dinov2_g,boot_pair,2,15,0.7036713938809295,0.9477239027766924,0.857
dinov2_g,boot_pair,2,16,0.7531783260706224,0.9395969571026759,0.85
dinov2_g,boot_pair,2,17,0.7315255978685081,0.9484629806277394,0.8679
dinov2_g,boot_pair,2,18,0.7432529856461222,0.9404645603059224,0.8655
dinov2_g,boot_pair,2,19,0.7518710797203804,0.9499963656060092,0.8694
dinov2_g,boot_pair,2,20,0.6748276983495255,0.933035564211402,0.8529
dinov2_g,boot_pair,2,21,0.7438259645032536,0.9502262745500076,0.8533
dinov2_g,boot_pair,2,22,0.7058904788492926,0.9452618227129505,0.8665
dinov2_g,boot_pair,2,23,0.7374148668170862,0.946725586803398,0.8932
dinov2_g,boot_pair,2,24,0.7601977352821891,0.9332672423560984,0.8463
dinov2_g,boot_pair,2,25,0.7246260697227687,0.9402825956716472,0.8467
dinov2_g,boot_pair,2,26,0.6417760144855811,0.943909650960446,0.8717
dinov2_g,boot_pair,2,27,0.7351823501893701,0.9381873510663532,0.8477
dinov2_g,boot_pair,2,28,0.7847605932579493,0.944920764363784,0.875
dinov2_g,boot_pair,2,29,0.7311744414740642,0.944618248067182,0.8854
dinov2_g,boot_pair,3,4,0.8360204918904057,0.9626971095410768,0.8961
dinov2_g,boot_pair,3,5,0.8211187758664727,0.9490856589693244,0.8774
dinov2_g,boot_pair,3,6,0.7391202823642212,0.9513883764912988,0.8715
dinov2_g,boot_pair,3,7,0.7862975503412708,0.9493046052219593,0.9008
dinov2_g,boot_pair,3,8,0.8064075123176532,0.9478279381724276,0.9238
dinov2_g,boot_pair,3,9,0.7770289799660429,0.9534695313570304,0.8641
dinov2_g,boot_pair,3,10,0.8118677350268233,0.949237234188082,0.8882
dinov2_g,boot_pair,3,11,0.7666458163686319,0.9548937241673656,0.8973
dinov2_g,boot_pair,3,12,0.8105980393761879,0.9561304399327664,0.897
dinov2_g,boot_pair,3,13,0.8601103060393746,0.9550177626341596,0.8999
dinov2_g,boot_pair,3,14,0.8024821357615366,0.9449238122423014,0.8879
dinov2_g,boot_pair,3,15,0.7498036985918914,0.9461326402339152,0.8818
dinov2_g,boot_pair,3,16,0.7439759279648269,0.9512790072261876,0.8831
dinov2_g,boot_pair,3,17,0.7799628722775852,0.9511135405255692,0.8805
dinov2_g,boot_pair,3,18,0.7391385137930084,0.9496012321975724,0.8954
dinov2_g,boot_pair,3,19,0.8222660198016989,0.9538312661389896,0.8834
dinov2_g,boot_pair,3,20,0.7002464921123296,0.9520650163749728,0.8932
dinov2_g,boot_pair,3,21,0.8293731507217641,0.9575432259493294,0.8992
dinov2_g,boot_pair,3,22,0.7191379093664075,0.956732894211965,0.8934
dinov2_g,boot_pair,3,23,0.8545807409728463,0.9578074514954296,0.8974
dinov2_g,boot_pair,3,24,0.8174459317424477,0.9513886546182496,0.8878
dinov2_g,boot_pair,3,25,0.7487355961696008,0.948804060442522,0.8616
dinov2_g,boot_pair,3,26,0.6621216955388657,0.9561185174071332,0.9059999999999999
dinov2_g,boot_pair,3,27,0.7826519015365292,0.9454568437992644,0.8851
dinov2_g,boot_pair,3,28,0.7390814350436742,0.9607975024969324,0.9051
dinov2_g,boot_pair,3,29,0.7916127966695841,0.9526096786203716,0.9115
dinov2_g,boot_pair,4,5,0.8111288111573723,0.94671248061028,0.893
dinov2_g,boot_pair,4,6,0.7241993313844859,0.9446206585309086,0.8977
dinov2_g,boot_pair,4,7,0.7980622519524937,0.9508344925396688,0.8984
dinov2_g,boot_pair,4,8,0.8075592046665199,0.9556448758232841,0.9149
dinov2_g,boot_pair,4,9,0.7545344207753145,0.9541443928110452,0.87
dinov2_g,boot_pair,4,10,0.7961038843580468,0.9432948171460772,0.8854
dinov2_g,boot_pair,4,11,0.7990172112151912,0.951260181445924,0.8837
dinov2_g,boot_pair,4,12,0.8147483872181426,0.956296700425836,0.892
dinov2_g,boot_pair,4,13,0.8387055999408188,0.9527240709415882,0.9104
dinov2_g,boot_pair,4,14,0.8174533916644551,0.9479902866774952,0.8814
dinov2_g,boot_pair,4,15,0.748351930515141,0.9525210161495576,0.9157
dinov2_g,boot_pair,4,16,0.7504980758698465,0.9535870294174998,0.8958
dinov2_g,boot_pair,4,17,0.7909532259395512,0.954585314848474,0.8991
dinov2_g,boot_pair,4,18,0.7585567410708034,0.9566241367950716,0.9148
dinov2_g,boot_pair,4,19,0.8330155601808715,0.9582864669396292,0.902
dinov2_g,boot_pair,4,20,0.7026735106747068,0.9489066035750764,0.8965
dinov2_g,boot_pair,4,21,0.8103411135155849,0.9573582818726304,0.905
dinov2_g,boot_pair,4,22,0.7081537241875775,0.9622680817236824,0.9083
dinov2_g,boot_pair,4,23,0.8473559436051221,0.958606209831244,0.8935
dinov2_g,boot_pair,4,24,0.8602408589525226,0.953412407671098,0.8986
dinov2_g,boot_pair,4,25,0.7854504836952759,0.9548682245185984,0.8696
dinov2_g,boot_pair,4,26,0.6427999648889354,0.9550314973475631,0.8971
dinov2_g,boot_pair,4,27,0.7958611023921459,0.9495439369424638,0.8935
dinov2_g,boot_pair,4,28,0.7439369162963492,0.9616540853206348,0.904
dinov2_g,boot_pair,4,29,0.7856474705670417,0.9544560728148916,0.8989
dinov2_g,boot_pair,5,6,0.7240835120968789,0.9381430332929191,0.88
dinov2_g,boot_pair,5,7,0.794487160967588,0.9353963050692864,0.8859999999999999
dinov2_g,boot_pair,5,8,0.8126354902719083,0.9498041167456192,0.8941
dinov2_g,boot_pair,5,9,0.7369228687037531,0.9489983886405658,0.8533
dinov2_g,boot_pair,5,10,0.7758234959067822,0.936559753728924,0.8763
dinov2_g,boot_pair,5,11,0.7682826685128045,0.9482769217837544,0.8578
dinov2_g,boot_pair,5,12,0.8260374780181788,0.9441212962070324,0.8782
dinov2_g,boot_pair,5,13,0.8257292630781367,0.945743137166863,0.8745
dinov2_g,boot_pair,5,14,0.8340808068535587,0.9473060411261576,0.8879
dinov2_g,boot_pair,5,15,0.7534805320828052,0.953152741098726,0.8802
dinov2_g,boot_pair,5,16,0.7434957490665588,0.9481860479864715,0.8936
dinov2_g,boot_pair,5,17,0.796785969551016,0.9465074671745696,0.8846
dinov2_g,boot_pair,5,18,0.7248621482781938,0.9417268709263136,0.9118
dinov2_g,boot_pair,5,19,0.782738608451602,0.9422259714509216,0.8875
dinov2_g,boot_pair,5,20,0.6906118233757776,0.9499203481252178,0.8825
dinov2_g,boot_pair,5,21,0.8276683292739029,0.9617153670602786,0.9083
dinov2_g,boot_pair,5,22,0.7271407143642155,0.9479437015427228,0.8967
dinov2_g,boot_pair,5,23,0.8247705922049878,0.9425581935114574,0.8593
dinov2_g,boot_pair,5,24,0.8355955450653277,0.9448002344094504,0.8864
dinov2_g,boot_pair,5,25,0.7845048507943345,0.9447709210017567,0.8575
dinov2_g,boot_pair,5,26,0.688999841068234,0.9566138036551932,0.8932
dinov2_g,boot_pair,5,27,0.7434048882661749,0.9406119539752876,0.8829
dinov2_g,boot_pair,5,28,0.7086733182037855,0.945889125343622,0.8851
dinov2_g,boot_pair,5,29,0.8200963206085227,0.9430169904473554,0.8791
dinov2_g,boot_pair,6,7,0.7100084109571088,0.9442813958384124,0.8765
dinov2_g,boot_pair,6,8,0.7223542831950597,0.9469820680990728,0.8818
dinov2_g,boot_pair,6,9,0.7068811448552933,0.9394997182774362,0.8562
dinov2_g,boot_pair,6,10,0.6955773309214514,0.9394032381524512,0.8513
dinov2_g,boot_pair,6,11,0.7001504267044402,0.9410515068018984,0.8621
dinov2_g,boot_pair,6,12,0.7303623972040131,0.9445812328992452,0.8752
dinov2_g,boot_pair,6,13,0.7216205300938636,0.936900546563504,0.8637
dinov2_g,boot_pair,6,14,0.7150000252008221,0.9386844483575606,0.8697
dinov2_g,boot_pair,6,15,0.8489893894909704,0.9461128761115368,0.8929
dinov2_g,boot_pair,6,16,0.8092269141304741,0.9434819534879326,0.9018
dinov2_g,boot_pair,6,17,0.7490587983191456,0.9456979945945408,0.89
dinov2_g,boot_pair,6,18,0.8253950698854257,0.935516695873948,0.9041
dinov2_g,boot_pair,6,19,0.7894275008851002,0.9490256010789022,0.9109
dinov2_g,boot_pair,6,20,0.7672050717650976,0.9390844281840931,0.8663
dinov2_g,boot_pair,6,21,0.7664429597270773,0.9474389827891668,0.8824
dinov2_g,boot_pair,6,22,0.8269961547532648,0.9450383147473468,0.8814
dinov2_g,boot_pair,6,23,0.7286593161140803,0.9373882576089696,0.8524
dinov2_g,boot_pair,6,24,0.7254504358523333,0.9416354512940708,0.865
dinov2_g,boot_pair,6,25,0.6810454927416356,0.9421311265645218,0.8395
dinov2_g,boot_pair,6,26,0.7323546760198663,0.9431778086341296,0.8847
dinov2_g,boot_pair,6,27,0.6776987285340007,0.9359103474883528,0.867
dinov2_g,boot_pair,6,28,0.7898667690905001,0.946768246855745,0.8937
dinov2_g,boot_pair,6,29,0.7650108750801672,0.9421711475704874,0.8994
dinov2_g,boot_pair,7,8,0.7795041229676494,0.9456137775441684,0.9081
dinov2_g,boot_pair,7,9,0.7071880142987552,0.9386682697558052,0.8577
dinov2_g,boot_pair,7,10,0.8691028019867427,0.9557856598114288,0.9053
dinov2_g,boot_pair,7,11,0.7330417131680639,0.9437022772612385,0.8796
dinov2_g,boot_pair,7,12,0.7824731802775983,0.9531175542155124,0.8873
dinov2_g,boot_pair,7,13,0.7995738565945941,0.9457860110346727,0.8775
dinov2_g,boot_pair,7,14,0.7782673081834008,0.9441784932069838,0.8742
dinov2_g,boot_pair,7,15,0.7233721290649422,0.9461165539290106,0.8921
dinov2_g,boot_pair,7,16,0.7343176171953354,0.9447907094672184,0.883
dinov2_g,boot_pair,7,17,0.7752580659861483,0.9509873512113612,0.8757
dinov2_g,boot_pair,7,18,0.7023592506850133,0.9433562568911678,0.9001
dinov2_g,boot_pair,7,19,0.7906896262129851,0.9509569280626664,0.8935
dinov2_g,boot_pair,7,20,0.8012658829535029,0.949194267443764,0.9149
dinov2_g,boot_pair,7,21,0.7703878048253541,0.9457058045099732,0.8983
dinov2_g,boot_pair,7,22,0.6856498579469206,0.9493185099041704,0.8827
dinov2_g,boot_pair,7,23,0.7862370636074056,0.944109437703495,0.8759
dinov2_g,boot_pair,7,24,0.7967231599732016,0.944692611613522,0.8751
dinov2_g,boot_pair,7,25,0.8257187255763878,0.9529639977311662,0.8777
dinov2_g,boot_pair,7,26,0.7353497958441416,0.9520407389709477,0.9186
dinov2_g,boot_pair,7,27,0.7900449180172271,0.9433250459804844,0.893
dinov2_g,boot_pair,7,28,0.7072296373930729,0.9466271135675776,0.8948
dinov2_g,boot_pair,7,29,0.7698985731993816,0.948915232335822,0.9033
dinov2_g,boot_pair,8,9,0.7987846945395134,0.9516327219384112,0.8704
dinov2_g,boot_pair,8,10,0.7754605008571093,0.9447330881454062,0.904
dinov2_g,boot_pair,8,11,0.7704999920175698,0.9499962195836208,0.9016
dinov2_g,boot_pair,8,12,0.813577633464373,0.9467868963564746,0.8939
dinov2_g,boot_pair,8,13,0.8388581544646165,0.9521285572413044,0.9034
dinov2_g,boot_pair,8,14,0.8596621806941365,0.9462710855918658,0.8925
dinov2_g,boot_pair,8,15,0.7778900230588501,0.9537057041888032,0.9055
dinov2_g,boot_pair,8,16,0.7839313216002308,0.953798472006679,0.898
dinov2_g,boot_pair,8,17,0.7668576254100858,0.9543117846917656,0.9054
dinov2_g,boot_pair,8,18,0.7590334552835517,0.9477990665816824,0.9199
dinov2_g,boot_pair,8,19,0.7904031348668867,0.9508612047616026,0.8989
dinov2_g,boot_pair,8,20,0.728676860644532,0.9482624448620864,0.9074
dinov2_g,boot_pair,8,21,0.8189944712168511,0.9540370383073604,0.8929
dinov2_g,boot_pair,8,22,0.6982294757610603,0.9531830176693497,0.8937
dinov2_g,boot_pair,8,23,0.8163596382543775,0.9474480797098592,0.9048
dinov2_g,boot_pair,8,24,0.8332232949190751,0.9520128838624012,0.8938
dinov2_g,boot_pair,8,25,0.7584734898363161,0.9565837509503028,0.8834
dinov2_g,boot_pair,8,26,0.6856237957852571,0.954530087177749,0.9164
dinov2_g,boot_pair,8,27,0.7641058290023234,0.9390120171860296,0.892
dinov2_g,boot_pair,8,28,0.772467256911997,0.9566661914775952,0.9043
dinov2_g,boot_pair,8,29,0.7952277948683218,0.9447070062892609,0.9229999999999999
dinov2_g,boot_pair,9,10,0.7402696725365024,0.9471011109107464,0.8575
dinov2_g,boot_pair,9,11,0.7428158218464903,0.9554177882512571,0.8759999999999999
dinov2_g,boot_pair,9,12,0.7669256695747338,0.9503098643774326,0.8534
dinov2_g,boot_pair,9,13,0.7708689988263686,0.9561508048316943,0.8589
dinov2_g,boot_pair,9,14,0.7658857654941337,0.951671470200432,0.8585
dinov2_g,boot_pair,9,15,0.7372958873388561,0.947938869178478,0.8776
dinov2_g,boot_pair,9,16,0.7551630604978706,0.9563296866229728,0.8524
dinov2_g,boot_pair,9,17,0.7375635561529592,0.9551332679965532,0.8701
dinov2_g,boot_pair,9,18,0.7121392085602368,0.950641555241086,0.8591
dinov2_g,boot_pair,9,19,0.7368864375979814,0.9488691034653104,0.8486
dinov2_g,boot_pair,9,20,0.689102490044564,0.9424765786996341,0.8614
dinov2_g,boot_pair,9,21,0.7696635265084297,0.9572658932203754,0.877
dinov2_g,boot_pair,9,22,0.6778896994846098,0.9504458937651781,0.8797
dinov2_g,boot_pair,9,23,0.7733406370228806,0.9561947446643592,0.8505
dinov2_g,boot_pair,9,24,0.7473601316439523,0.9500755677320812,0.8498
dinov2_g,boot_pair,9,25,0.7273006937394688,0.9532333638206848,0.8474
dinov2_g,boot_pair,9,26,0.6592783890532619,0.9575593515408648,0.8726
dinov2_g,boot_pair,9,27,0.7765985437880236,0.9488751826614428,0.8702
dinov2_g,boot_pair,9,28,0.7179924791577399,0.9562576225413768,0.8689
dinov2_g,boot_pair,9,29,0.7498913478991833,0.951525918428464,0.8808
dinov2_g,boot_pair,10,11,0.7357163777930352,0.9439586515803744,0.8740000000000001
dinov2_g,boot_pair,10,12,0.7851184123728095,0.9496225173952112,0.8626
dinov2_g,boot_pair,10,13,0.8181940620352459,0.9505300182308706,0.8608
dinov2_g,boot_pair,10,14,0.7806507322937903,0.9456091638837428,0.8633
dinov2_g,boot_pair,10,15,0.7203806996146643,0.9369204838985984,0.8672
dinov2_g,boot_pair,10,16,0.7268969677144841,0.951175956216643,0.8713
dinov2_g,boot_pair,10,17,0.7733744715763472,0.952698396378956,0.8846
dinov2_g,boot_pair,10,18,0.6929338700391431,0.9407150944691244,0.8786
dinov2_g,boot_pair,10,19,0.7770605647137936,0.9404461708317536,0.8846
dinov2_g,boot_pair,10,20,0.7769676142972323,0.946925992652123,0.8954
dinov2_g,boot_pair,10,21,0.7885938554730663,0.949148974376148,0.8731
dinov2_g,boot_pair,10,22,0.6782982248244142,0.9427768390006442,0.8752
dinov2_g,boot_pair,10,23,0.8128240607781864,0.9463424401167938,0.8767
dinov2_g,boot_pair,10,24,0.7816429826666388,0.94519719551837,0.8629
dinov2_g,boot_pair,10,25,0.8271581060136073,0.9513889165931128,0.8811
dinov2_g,boot_pair,10,26,0.6988287217991989,0.9522628636727049,0.8936
dinov2_g,boot_pair,10,27,0.7888938236629989,0.9417376237552476,0.8704
dinov2_g,boot_pair,10,28,0.687485477871169,0.945072644411202,0.8657
dinov2_g,boot_pair,10,29,0.7898872309167096,0.9431219814992692,0.8884
dinov2_g,boot_pair,11,12,0.7896472855724853,0.9475114976999724,0.8586
dinov2_g,boot_pair,11,13,0.7790458630874096,0.9495594632820824,0.8712
dinov2_g,boot_pair,11,14,0.8029194860757134,0.9479131941301416,0.8598
dinov2_g,boot_pair,11,15,0.7038080731518409,0.9433466695947926,0.8743
dinov2_g,boot_pair,11,16,0.6969184667964308,0.9563172639061808,0.8552
dinov2_g,boot_pair,11,17,0.7966007475775603,0.9497312674063678,0.8924
dinov2_g,boot_pair,11,18,0.7177754227625259,0.9502310960806192,0.8879
dinov2_g,boot_pair,11,19,0.8141533563623974,0.9511922531082052,0.8736
dinov2_g,boot_pair,11,20,0.6164590902851095,0.9505824713840264,0.8726
dinov2_g,boot_pair,11,21,0.8130945655098664,0.9535248585782546,0.8892
dinov2_g,boot_pair,11,22,0.7172552439996639,0.9539618754514094,0.8766
dinov2_g,boot_pair,11,23,0.7804304870837375,0.9486540416317618,0.8752
dinov2_g,boot_pair,11,24,0.7996823172220995,0.9513027403684582,0.8583
dinov2_g,boot_pair,11,25,0.7786591485542412,0.9501557443037468,0.871
dinov2_g,boot_pair,11,26,0.5892067722948015,0.9498185075241248,0.8693
dinov2_g,boot_pair,11,27,0.7511617599725725,0.945378692022532,0.8734
dinov2_g,boot_pair,11,28,0.7081350998410927,0.953637356395548,0.8847
dinov2_g,boot_pair,11,29,0.8191843267254034,0.9464884499143053,0.8972
dinov2_g,boot_pair,12,13,0.8162958189871877,0.9508395315445975,0.8708
dinov2_g,boot_pair,12,14,0.8313903054861419,0.9501942543386016,0.8878
dinov2_g,boot_pair,12,15,0.7952656846907492,0.9486407344898712,0.8914
dinov2_g,boot_pair,12,16,0.7702058813292071,0.9506195473941106,0.8871
dinov2_g,boot_pair,12,17,0.7982434223096476,0.9520067329704908,0.8806
dinov2_g,boot_pair,12,18,0.7485746496586442,0.953216023553674,0.9056
dinov2_g,boot_pair,12,19,0.7993644231641168,0.9504572537724738,0.8777
dinov2_g,boot_pair,12,20,0.6981274367788624,0.9405254057189544,0.8741
dinov2_g,boot_pair,12,21,0.8086838716558038,0.9539322430217678,0.8874
dinov2_g,boot_pair,12,22,0.7347537941765059,0.9524435257587504,0.8962
dinov2_g,boot_pair,12,23,0.8190312284737918,0.9492080403971364,0.8549
dinov2_g,boot_pair,12,24,0.8398125977274266,0.951721207670822,0.8751
dinov2_g,boot_pair,12,25,0.7790407802118635,0.9553723957710136,0.8490000000000001
dinov2_g,boot_pair,12,26,0.664955644391124,0.9560247386305322,0.883
dinov2_g,boot_pair,12,27,0.7591657265925511,0.9397807107828088,0.872
dinov2_g,boot_pair,12,28,0.7487228116897185,0.9579720767247236,0.9179999999999999
dinov2_g,boot_pair,12,29,0.825440228897343,0.9577348106756643,0.8907
dinov2_g,boot_pair,13,14,0.849390004248935,0.9496797057636288,0.8775
dinov2_g,boot_pair,13,15,0.7871380590633558,0.9509877012430622,0.894
dinov2_g,boot_pair,13,16,0.7812915617377113,0.9535867423616172,0.8679
dinov2_g,boot_pair,13,17,0.8024663803268831,0.9525017726392628,0.8807
dinov2_g,boot_pair,13,18,0.7534586491494673,0.9469815218618821,0.8917
dinov2_g,boot_pair,13,19,0.8249310007656934,0.9484754483110922,0.8771
dinov2_g,boot_pair,13,20,0.7045862050924773,0.9412509505423164,0.8708
dinov2_g,boot_pair,13,21,0.8466371356566933,0.954518665444262,0.9044
dinov2_g,boot_pair,13,22,0.733338141890545,0.9557067661918044,0.8869
dinov2_g,boot_pair,13,23,0.8929087080266553,0.9609673581483936,0.8852
dinov2_g,boot_pair,13,24,0.8488642598515191,0.9512232563082136,0.8875
dinov2_g,boot_pair,13,25,0.7601467936358832,0.9516944714674892,0.8489
dinov2_g,boot_pair,13,26,0.6298740883124794,0.9587432700064388,0.8655
dinov2_g,boot_pair,13,27,0.7906416510292649,0.9430243726976564,0.8731
dinov2_g,boot_pair,13,28,0.7572260167990449,0.9525599025472006,0.8847
dinov2_g,boot_pair,13,29,0.8522348580104161,0.9597898314798504,0.8894
dinov2_g,boot_pair,14,15,0.7585213937053648,0.944169010287452,0.894
dinov2_g,boot_pair,14,16,0.8019423033783639,0.9522364135531968,0.9094
dinov2_g,boot_pair,14,17,0.7853795430312778,0.9462035376736186,0.8786
dinov2_g,boot_pair,14,18,0.7579928463846735,0.9489456553187106,0.9017
dinov2_g,boot_pair,14,19,0.7805205995081402,0.948738378242549,0.8853
dinov2_g,boot_pair,14,20,0.7170865467246255,0.9457803380655341,0.8883
dinov2_g,boot_pair,14,21,0.8536746529352554,0.960215931304855,0.9064
dinov2_g,boot_pair,14,22,0.7177901026431986,0.9447933018651804,0.8835
dinov2_g,boot_pair,14,23,0.8410561620973807,0.9497497197210816,0.8616
dinov2_g,boot_pair,14,24,0.8264367033291121,0.9388069819219754,0.8706
dinov2_g,boot_pair,14,25,0.7859146082627703,0.9451617215715948,0.8435
dinov2_g,boot_pair,14,26,0.6538997239907425,0.948045107325766,0.8847
dinov2_g,boot_pair,14,27,0.7794981198747218,0.9431601348421884,0.8577
dinov2_g,boot_pair,14,28,0.7922443402788544,0.9554145344239126,0.9012
dinov2_g,boot_pair,14,29,0.8510585563953157,0.9516300792993164,0.8802
dinov2_g,boot_pair,15,16,0.8377002624216588,0.9424662096365364,0.9123
dinov2_g,boot_pair,15,17,0.7398476962497366,0.9525505481029276,0.9038
dinov2_g,boot_pair,15,18,0.8583350501836946,0.9482851895520659,0.9131
dinov2_g,boot_pair,15,19,0.7563458870682604,0.9572131545792124,0.8928
dinov2_g,boot_pair,15,20,0.7918467203455546,0.9486648496125516,0.9084
dinov2_g,boot_pair,15,21,0.7581187130332111,0.9581507188785134,0.9093
dinov2_g,boot_pair,15,22,0.8222507065144846,0.9541081499344154,0.8988
dinov2_g,boot_pair,15,23,0.7622973574355739,0.9472258770172132,0.8679
dinov2_g,boot_pair,15,24,0.7683010971123269,0.9479309790084358,0.88
dinov2_g,boot_pair,15,25,0.7035796573411004,0.9534325841346574,0.8607
dinov2_g,boot_pair,15,26,0.7427099380995231,0.956367700908912,0.8998
dinov2_g,boot_pair,15,27,0.7074863781756512,0.9489012407876596,0.8745
dinov2_g,boot_pair,15,28,0.8409642304383912,0.953451642805178,0.8994
dinov2_g,boot_pair,15,29,0.7547923651718726,0.949702951191489,0.8838
dinov2_g,boot_pair,16,17,0.7511516494976832,0.9500849158710006,0.8877
dinov2_g,boot_pair,16,18,0.8333436240441309,0.9514326098115026,0.9176
dinov2_g,boot_pair,16,19,0.7432232333215669,0.9490749187582987,0.9025
dinov2_g,boot_pair,16,20,0.7841348775631997,0.9451163722193244,0.8839
dinov2_g,boot_pair,16,21,0.7613875423271718,0.954345867066646,0.8872
dinov2_g,boot_pair,16,22,0.777123631523942,0.9482983623818548,0.8796
dinov2_g,boot_pair,16,23,0.7897800285200409,0.9537468692837956,0.8718
dinov2_g,boot_pair,16,24,0.7545923968131223,0.9476873804358656,0.8797
dinov2_g,boot_pair,16,25,0.7112393140568176,0.9490134227176782,0.8518
dinov2_g,boot_pair,16,26,0.7182284299735304,0.952276024073362,0.8983
dinov2_g,boot_pair,16,27,0.7511682749370147,0.948418317271964,0.8777
dinov2_g,boot_pair,16,28,0.8320301182744992,0.9538579788637948,0.8996
dinov2_g,boot_pair,16,29,0.7467171285445279,0.9475850070055148,0.8925
dinov2_g,boot_pair,17,18,0.7310115144762698,0.947463865160718,0.8989
dinov2_g,boot_pair,17,19,0.8319249236446679,0.9521743925638902,0.917
dinov2_g,boot_pair,17,20,0.6653792093303147,0.9449504924756988,0.8859
dinov2_g,boot_pair,17,21,0.8297252702153111,0.9564697907291648,0.8924
dinov2_g,boot_pair,17,22,0.7546321419779145,0.9546690144758141,0.8907
dinov2_g,boot_pair,17,23,0.814544140547269,0.9519064979181794,0.8625
dinov2_g,boot_pair,17,24,0.8051119333155576,0.945674159930823,0.8603
dinov2_g,boot_pair,17,25,0.7545444760731168,0.954119525489005,0.8744
dinov2_g,boot_pair,17,26,0.6305034394406617,0.9515489673985821,0.8773
dinov2_g,boot_pair,17,27,0.7707658424112311,0.9439773634006012,0.8657
dinov2_g,boot_pair,17,28,0.7073283161802078,0.947749646215782,0.8917
dinov2_g,boot_pair,17,29,0.8491047614497231,0.948573828325381,0.903
dinov2_g,boot_pair,18,19,0.7425610407585939,0.9483973669155902,0.9045
dinov2_g,boot_pair,18,20,0.7561245016021984,0.9371791257747296,0.8903
dinov2_g,boot_pair,18,21,0.7248691074994263,0.9481832387671134,0.9037
dinov2_g,boot_pair,18,22,0.8272412902159538,0.946479846977788,0.8874
dinov2_g,boot_pair,18,23,0.7392014497139676,0.9505039664436304,0.8761
dinov2_g,boot_pair,18,24,0.7611597083883601,0.9470244391179186,0.8853
dinov2_g,boot_pair,18,25,0.6780981195030651,0.9453616016263658,0.8596
dinov2_g,boot_pair,18,26,0.7139557742014246,0.9519599238769642,0.8962
dinov2_g,boot_pair,18,27,0.7166665831520457,0.9417263380846128,0.8886
dinov2_g,boot_pair,18,28,0.8992202990970838,0.9529642280207484,0.9224
dinov2_g,boot_pair,18,29,0.7336993277750207,0.9482422513137524,0.8989
dinov2_g,boot_pair,19,20,0.6869054764714096,0.9519464820749838,0.8935
dinov2_g,boot_pair,19,21,0.8425792159016566,0.954773505808261,0.8936
dinov2_g,boot_pair,19,22,0.7585359017958824,0.9564879871475724,0.8846
dinov2_g,boot_pair,19,23,0.8241623387815793,0.9499853323313572,0.861
dinov2_g,boot_pair,19,24,0.8300173395076555,0.9480763408968648,0.8672
dinov2_g,boot_pair,19,25,0.7397294222131964,0.9471353920727388,0.8661
dinov2_g,boot_pair,19,26,0.6200793843157797,0.94940245351441,0.8727
dinov2_g,boot_pair,19,27,0.7609832297042165,0.9478220555190064,0.8661
dinov2_g,boot_pair,19,28,0.7432051335742702,0.9586488841353596,0.8975
dinov2_g,boot_pair,19,29,0.8446021865124119,0.9552057221573812,0.9023
dinov2_g,boot_pair,20,21,0.7273524029714834,0.9602744814640964,0.9109
dinov2_g,boot_pair,20,22,0.7361135570607236,0.9467400051152044,0.8771
dinov2_g,boot_pair,20,23,0.6778019547331579,0.9438312592947092,0.8764
dinov2_g,boot_pair,20,24,0.6979366459253931,0.9420530876419326,0.8719
dinov2_g,boot_pair,20,25,0.7248100796648119,0.9449216129914,0.8765
dinov2_g,boot_pair,20,26,0.7816211776677251,0.9477708452800692,0.8956
dinov2_g,boot_pair,20,27,0.6928373286943305,0.9375353284863279,0.8655
dinov2_g,boot_pair,20,28,0.7638283100149229,0.945586747566432,0.8821
dinov2_g,boot_pair,20,29,0.6797543882168633,0.9434130253787524,0.8915
dinov2_g,boot_pair,21,22,0.7768784167862509,0.9577480136948444,0.898
dinov2_g,boot_pair,21,23,0.8249525578805159,0.9545758855348904,0.8652
dinov2_g,boot_pair,21,24,0.8195619585962317,0.9485365928071386,0.8987
dinov2_g,boot_pair,21,25,0.7675652643063734,0.9512058609002984,0.8465
dinov2_g,boot_pair,21,26,0.6271417344399521,0.9549380190923306,0.878
dinov2_g,boot_pair,21,27,0.7757240361969245,0.9471385892253348,0.8803
dinov2_g,boot_pair,21,28,0.7519382174567135,0.9597262492570762,0.8958
dinov2_g,boot_pair,21,29,0.8721808558534331,0.9530791404471576,0.8913
dinov2_g,boot_pair,22,23,0.7124165335199663,0.9471796108095752,0.8603
dinov2_g,boot_pair,22,24,0.7541129141211287,0.9528838575499332,0.8883
dinov2_g,boot_pair,22,25,0.6648926805729107,0.9555570318243399,0.8783
dinov2_g,boot_pair,22,26,0.6936902789941112,0.9523263870542218,0.8957
dinov2_g,boot_pair,22,27,0.6983629579957608,0.9456579660122412,0.8789
dinov2_g,boot_pair,22,28,0.8384912201594197,0.9567390404895966,0.9027
dinov2_g,boot_pair,22,29,0.7897743424077357,0.9613206592991164,0.8998
dinov2_g,boot_pair,23,24,0.8418190750367832,0.9488465763732132,0.8492
dinov2_g,boot_pair,23,25,0.7538965345094667,0.9445448601202774,0.8467
dinov2_g,boot_pair,23,26,0.6337610629391832,0.9529607199055397,0.8733
dinov2_g,boot_pair,23,27,0.7970016586600129,0.9431108815552016,0.8648
dinov2_g,boot_pair,23,28,0.7403978447593901,0.958526736978258,0.8802
dinov2_g,boot_pair,23,29,0.8390517319035183,0.9522687449631652,0.8925
dinov2_g,boot_pair,24,25,0.7770550627809044,0.9495777082290088,0.8423
dinov2_g,boot_pair,24,26,0.6625675849939278,0.9612082333833838,0.8791
dinov2_g,boot_pair,24,27,0.7889682922788125,0.9390389724014816,0.872
dinov2_g,boot_pair,24,28,0.7459719093328242,0.956236548803678,0.8759999999999999
dinov2_g,boot_pair,24,29,0.8180582528336187,0.9475835205765186,0.8726
dinov2_g,boot_pair,25,26,0.7074722060433054,0.9585794938410058,0.878
dinov2_g,boot_pair,25,27,0.805690946072177,0.9465839862448676,0.8528
dinov2_g,boot_pair,25,28,0.6635960197071838,0.9500626301544304,0.8618
dinov2_g,boot_pair,25,29,0.7570843365322594,0.9511304157677954,0.8682
dinov2_g,boot_pair,26,27,0.6542994561182977,0.9500369121902382,0.9027
dinov2_g,boot_pair,26,28,0.6920059334754027,0.9579104069648772,0.8822
dinov2_g,boot_pair,26,29,0.6219825263897883,0.9542959881402804,0.9029
dinov2_g,boot_pair,27,28,0.7208117592476827,0.947372801337923,0.88
dinov2_g,boot_pair,27,29,0.7587783295427141,0.944710709524777,0.8833
dinov2_g,boot_pair,28,29,0.7380419656924925,0.9533478695960668,0.9075
dinov2_g,ref_vs_boot,-1,0,0.7483377175903382,0.9627501378810808,0.8707
dinov2_g,ref_vs_boot,-1,1,0.7011801328329924,0.96044396669256,0.8932
dinov2_g,ref_vs_boot,-1,2,0.7294335635234406,0.949380847168425,0.8628
dinov2_g,ref_vs_boot,-1,3,0.7573524227114642,0.9630774678752168,0.8858
dinov2_g,ref_vs_boot,-1,4,0.7577789851846447,0.96675421729095,0.903
dinov2_g,ref_vs_boot,-1,5,0.7386356468306494,0.9539725771100028,0.879
dinov2_g,ref_vs_boot,-1,6,0.6675858859835844,0.9422265036497842,0.8454
dinov2_g,ref_vs_boot,-1,7,0.8289862978381518,0.9546215155676184,0.9058
dinov2_g,ref_vs_boot,-1,8,0.8163328177639998,0.9629497223283984,0.9082
dinov2_g,ref_vs_boot,-1,9,0.7575632073931484,0.9661020252806416,0.8698
dinov2_g,ref_vs_boot,-1,10,0.818428002184727,0.9591472459572012,0.91
dinov2_g,ref_vs_boot,-1,11,0.6936104838005059,0.9574735027234702,0.8706
dinov2_g,ref_vs_boot,-1,12,0.74551899650684,0.9582236405760536,0.873
dinov2_g,ref_vs_boot,-1,13,0.7595877758426132,0.9621034603413366,0.8812
dinov2_g,ref_vs_boot,-1,14,0.7714481022178349,0.9503120278888538,0.8725
dinov2_g,ref_vs_boot,-1,15,0.6967620101595612,0.9589649319874384,0.8907
dinov2_g,ref_vs_boot,-1,16,0.7350541524859359,0.962815068535432,0.8744
dinov2_g,ref_vs_boot,-1,17,0.7706545850230064,0.9573082372102284,0.8791
dinov2_g,ref_vs_boot,-1,18,0.7129661310876317,0.9585677739621908,0.8812
dinov2_g,ref_vs_boot,-1,19,0.72672319546066,0.9541333392784804,0.8566
dinov2_g,ref_vs_boot,-1,20,0.7743975065745478,0.9542875043863734,0.9013
dinov2_g,ref_vs_boot,-1,21,0.7646454490432616,0.9615987662191932,0.8836
dinov2_g,ref_vs_boot,-1,22,0.6556671374037443,0.9572485233389408,0.8918
dinov2_g,ref_vs_boot,-1,23,0.7625208655139223,0.9621547709497676,0.8751
dinov2_g,ref_vs_boot,-1,24,0.7524557449243868,0.958411013796448,0.8729
dinov2_g,ref_vs_boot,-1,25,0.7862355605468383,0.9653249616030884,0.8755
dinov2_g,ref_vs_boot,-1,26,0.7254054765909991,0.9725614768162332,0.9054
dinov2_g,ref_vs_boot,-1,27,0.7934371114617007,0.9541582125943064,0.8767
dinov2_g,ref_vs_boot,-1,28,0.7200270676273448,0.9660160272880024,0.8773
dinov2_g,ref_vs_boot,-1,29,0.7293160143322163,0.9572575582774524,0.8717
dinov2_l,boot_pair,0,1,0.7079632628566292,0.9382044021560128,0.7958
dinov2_l,boot_pair,0,2,0.7037687250433449,0.94017596253591,0.8522
dinov2_l,boot_pair,0,3,0.7168912497779388,0.9368708704504112,0.8205
dinov2_l,boot_pair,0,4,0.7089419944620876,0.9378052977706652,0.8706
dinov2_l,boot_pair,0,5,0.6354192601574893,0.9267128745486124,0.8265
dinov2_l,boot_pair,0,6,0.6947366601557013,0.9347900577918646,0.8506
dinov2_l,boot_pair,0,7,0.7277018942507608,0.9353583178619344,0.8224
dinov2_l,boot_pair,0,8,0.7048474277510732,0.9402215978077882,0.8431
dinov2_l,boot_pair,0,9,0.7536307135161243,0.9368786872156221,0.8577
dinov2_l,boot_pair,0,10,0.7732435754785483,0.9389080292534866,0.8324
dinov2_l,boot_pair,0,11,0.7390903816408826,0.9411069187262601,0.8429
dinov2_l,boot_pair,0,12,0.8326791866702379,0.93805760745105,0.8415
dinov2_l,boot_pair,0,13,0.7181888080896959,0.9337517619430208,0.8237
dinov2_l,boot_pair,0,14,0.7314462537536093,0.9309778302986926,0.8372
dinov2_l,boot_pair,0,15,0.7380147324843965,0.9304658738758926,0.8492
dinov2_l,boot_pair,0,16,0.7408914680763277,0.9448809723235612,0.8647
dinov2_l,boot_pair,0,17,0.6876536505189348,0.9359217034540448,0.831
dinov2_l,boot_pair,0,18,0.6834008601386495,0.9330082582057786,0.8158
dinov2_l,boot_pair,0,19,0.7504813444393924,0.9398013473906751,0.8484
dinov2_l,boot_pair,0,20,0.7389547096369815,0.9445986496714808,0.8526
dinov2_l,boot_pair,0,21,0.7320976322082504,0.9473570290479516,0.8585
dinov2_l,boot_pair,0,22,0.7051687121055714,0.930565551580126,0.8521
dinov2_l,boot_pair,0,23,0.7521600015701151,0.9447990170130584,0.8714
dinov2_l,boot_pair,0,24,0.7088551848912011,0.9315039515302022,0.7167
dinov2_l,boot_pair,0,25,0.7858927864498005,0.946749953476499,0.8406
dinov2_l,boot_pair,0,26,0.7053215338352222,0.9356317252649174,0.8608
dinov2_l,boot_pair,0,27,0.6946365934360461,0.9256320555978144,0.8279
dinov2_l,boot_pair,0,28,0.7514332947230244,0.9393258325996604,0.8534
dinov2_l,boot_pair,0,29,0.7230572021877955,0.9337568200291342,0.8315
dinov2_l,boot_pair,1,2,0.8017376602598724,0.944012556508928,0.821
dinov2_l,boot_pair,1,3,0.8041074073529648,0.9321082012161592,0.7929
dinov2_l,boot_pair,1,4,0.8141065654608299,0.9455524206063424,0.8338
dinov2_l,boot_pair,1,5,0.7805268730579292,0.9429451990479918,0.8021
dinov2_l,boot_pair,1,6,0.8587174796254405,0.9454350386737802,0.8108
dinov2_l,boot_pair,1,7,0.8006432784409352,0.9355764364382774,0.7945
dinov2_l,boot_pair,1,8,0.7925150125362436,0.9378938023343576,0.7889
dinov2_l,boot_pair,1,9,0.8223494109152288,0.9391529745051288,0.8024
dinov2_l,boot_pair,1,10,0.7966771134901255,0.9447542479834644,0.7934
dinov2_l,boot_pair,1,11,0.6975346439209879,0.9326532432254746,0.7674
dinov2_l,boot_pair,1,12,0.694479797171692,0.9277732531651348,0.8033
dinov2_l,boot_pair,1,13,0.7929725593293481,0.9349544242689084,0.7896
dinov2_l,boot_pair,1,14,0.8369777217090292,0.9384329971075699,0.8021
dinov2_l,boot_pair,1,15,0.8156381262106261,0.9405885246084456,0.8226
dinov2_l,boot_pair,1,16,0.7108447263269052,0.9295882269349566,0.7956
dinov2_l,boot_pair,1,17,0.7563099174476197,0.9392486450923664,0.7904
dinov2_l,boot_pair,1,18,0.7957552519952975,0.9353901994378344,0.7939
dinov2_l,boot_pair,1,19,0.7661218406276527,0.9462404612516016,0.8066
dinov2_l,boot_pair,1,20,0.8019720180062014,0.9354702682229028,0.7931
dinov2_l,boot_pair,1,21,0.8452620861059199,0.9388956975764348,0.8131
dinov2_l,boot_pair,1,22,0.7894029486163427,0.9288216325559224,0.7897
dinov2_l,boot_pair,1,23,0.7363454345360054,0.9426980900954812,0.8094
dinov2_l,boot_pair,1,24,0.8406260758043191,0.941964049778706,0.745
dinov2_l,boot_pair,1,25,0.7142733258427642,0.9362074528659332,0.7987
dinov2_l,boot_pair,1,26,0.8079776289997026,0.9389590843474296,0.8076
dinov2_l,boot_pair,1,27,0.8211197673547629,0.9382971277881728,0.7999
dinov2_l,boot_pair,1,28,0.82315026880481,0.9419397269882944,0.7965
dinov2_l,boot_pair,1,29,0.8018334330178827,0.9335255046416574,0.7989
dinov2_l,boot_pair,2,3,0.7920683390307739,0.9386807897923508,0.8473
dinov2_l,boot_pair,2,4,0.8018382474082318,0.9469255476815198,0.8613
dinov2_l,boot_pair,2,5,0.7905601825632166,0.9356624221046688,0.8703
dinov2_l,boot_pair,2,6,0.8406248285254537,0.9426143373488106,0.8784
dinov2_l,boot_pair,2,7,0.84104300130557,0.9443301795854404,0.8686
dinov2_l,boot_pair,2,8,0.7904690000177231,0.9438590945845348,0.8698
dinov2_l,boot_pair,2,9,0.8230116870489057,0.9431635233136062,0.8771
dinov2_l,boot_pair,2,10,0.7811468795001852,0.9480094541993284,0.8436
dinov2_l,boot_pair,2,11,0.7426335876624178,0.9358372121875981,0.8383
dinov2_l,boot_pair,2,12,0.6970523359977961,0.9302104797228232,0.8489
dinov2_l,boot_pair,2,13,0.8128454622064044,0.9498004199918536,0.8843
dinov2_l,boot_pair,2,14,0.8201985022438013,0.9383632681602851,0.8767
dinov2_l,boot_pair,2,15,0.8147622051569656,0.9427737735619024,0.8818
dinov2_l,boot_pair,2,16,0.7585259497736041,0.9333925642741254,0.8464
dinov2_l,boot_pair,2,17,0.734677096114078,0.9421356283747416,0.8813
dinov2_l,boot_pair,2,18,0.8127054276168151,0.9400240915361368,0.8591
dinov2_l,boot_pair,2,19,0.7545989504630937,0.9426381900611298,0.8301
dinov2_l,boot_pair,2,20,0.8247729266381236,0.943475704941964,0.8434
dinov2_l,boot_pair,2,21,0.8511024389794489,0.9464896481113648,0.8666
dinov2_l,boot_pair,2,22,0.7802103132195224,0.9381868250405492,0.8661
dinov2_l,boot_pair,2,23,0.7317959659488209,0.9385849707177004,0.8705
dinov2_l,boot_pair,2,24,0.8515494339822027,0.9442428740279823,0.7389
dinov2_l,boot_pair,2,25,0.7348172668548723,0.9404859071290672,0.8258
dinov2_l,boot_pair,2,26,0.8244825063827641,0.9470411243208884,0.8845
dinov2_l,boot_pair,2,27,0.8187162753796928,0.9442037079762856,0.8724
dinov2_l,boot_pair,2,28,0.8201646802097544,0.9444605532930728,0.8464
dinov2_l,boot_pair,2,29,0.7875102681517692,0.9373577089640228,0.8668
dinov2_l,boot_pair,3,4,0.7903400346169085,0.9447254937228328,0.8544
dinov2_l,boot_pair,3,5,0.7586896754288385,0.9368078378417328,0.8574
dinov2_l,boot_pair,3,6,0.8155695804180499,0.938834573740212,0.8485
dinov2_l,boot_pair,3,7,0.844390812830178,0.9406857751900144,0.8533
dinov2_l,boot_pair,3,8,0.8275812037928143,0.9445162494587004,0.8716
dinov2_l,boot_pair,3,9,0.8455574770019687,0.9448272547303568,0.8563
dinov2_l,boot_pair,3,10,0.7515815118851421,0.9379928684590628,0.8516
dinov2_l,boot_pair,3,11,0.7656697596010529,0.9444555704748409,0.8736
dinov2_l,boot_pair,3,12,0.7515007389537006,0.9336783440388972,0.8535
dinov2_l,boot_pair,3,13,0.8615161300137294,0.9460127029676908,0.8617
dinov2_l,boot_pair,3,14,0.7895291251408064,0.9296885626065512,0.8629
dinov2_l,boot_pair,3,15,0.7931974119236717,0.9339289488823256,0.8726
dinov2_l,boot_pair,3,16,0.7793107148971025,0.9445190922957593,0.8509
dinov2_l,boot_pair,3,17,0.7810644485071891,0.9495910462914052,0.8738
dinov2_l,boot_pair,3,18,0.8028882594782101,0.9414392915212024,0.8773
dinov2_l,boot_pair,3,19,0.7485584839032254,0.9395375052239056,0.8596
dinov2_l,boot_pair,3,20,0.8165929075128426,0.9434421011657608,0.8817
dinov2_l,boot_pair,3,21,0.8273368211574866,0.936549258645276,0.8584
dinov2_l,boot_pair,3,22,0.8488573218737142,0.9469216549984344,0.89
dinov2_l,boot_pair,3,23,0.7216984449864452,0.9377089933219158,0.8440000000000001
dinov2_l,boot_pair,3,24,0.8223626328033458,0.9284334078940952,0.7138
dinov2_l,boot_pair,3,25,0.7645304405180529,0.9373197049648893,0.8574
dinov2_l,boot_pair,3,26,0.8034250829601043,0.941115627617071,0.8865
dinov2_l,boot_pair,3,27,0.8063210402685772,0.934656554605542,0.8641
dinov2_l,boot_pair,3,28,0.8527558777926896,0.9415016476079444,0.8536
dinov2_l,boot_pair,3,29,0.8689673753448145,0.9500686250752816,0.8891
dinov2_l,boot_pair,4,5,0.7400999953381245,0.9343108639194256,0.861
dinov2_l,boot_pair,4,6,0.8308351836584807,0.9388361846818024,0.8732
dinov2_l,boot_pair,4,7,0.7881168749373128,0.9418028743915164,0.8635
dinov2_l,boot_pair,4,8,0.8188828071726364,0.9411305405639928,0.8557
dinov2_l,boot_pair,4,9,0.8047633027264989,0.9495933938068928,0.8757
dinov2_l,boot_pair,4,10,0.8219194757653632,0.9456885014924226,0.8582
dinov2_l,boot_pair,4,11,0.7164012844158318,0.9342518616037592,0.8376
dinov2_l,boot_pair,4,12,0.7116631263057429,0.9320789784722144,0.8545
dinov2_l,boot_pair,4,13,0.7845778531320654,0.9407693657874376,0.8386
dinov2_l,boot_pair,4,14,0.8268918401123903,0.9351326620193352,0.8494
dinov2_l,boot_pair,4,15,0.8187854684733412,0.9452526428490484,0.8801
dinov2_l,boot_pair,4,16,0.6948294008983478,0.9385437315200872,0.8791
dinov2_l,boot_pair,4,17,0.7589803604139465,0.9376770965103629,0.8516
dinov2_l,boot_pair,4,18,0.7682301093026483,0.9356680389731732,0.8574
dinov2_l,boot_pair,4,19,0.846466730369041,0.9476994453587344,0.8809
dinov2_l,boot_pair,4,20,0.8385379660022579,0.9484488237937126,0.8740000000000001
dinov2_l,boot_pair,4,21,0.8373573189493653,0.9362875871619252,0.878
dinov2_l,boot_pair,4,22,0.7801200075228419,0.9378383395476768,0.8545
dinov2_l,boot_pair,4,23,0.7465507596022958,0.9429299305626118,0.8684
dinov2_l,boot_pair,4,24,0.8481830692717495,0.9445931722078708,0.7526
dinov2_l,boot_pair,4,25,0.7136809401964721,0.9348999681356542,0.8473
dinov2_l,boot_pair,4,26,0.8076655257024542,0.9422675438785632,0.8755
dinov2_l,boot_pair,4,27,0.8440592517149786,0.9421965971882617,0.8481
dinov2_l,boot_pair,4,28,0.8071204177539238,0.9450985326319208,0.8806
dinov2_l,boot_pair,4,29,0.8002112978283589,0.9440410788458404,0.8622
dinov2_l,boot_pair,5,6,0.7590198177462423,0.9337745993713208,0.8681
dinov2_l,boot_pair,5,7,0.7921271100452887,0.9449840955659504,0.8845
dinov2_l,boot_pair,5,8,0.7324438867832758,0.9347499850701044,0.8697
dinov2_l,boot_pair,5,9,0.7590086520730465,0.9340612675758636,0.8529
dinov2_l,boot_pair,5,10,0.7266633101844958,0.9385593049536572,0.8738
dinov2_l,boot_pair,5,11,0.7139929820134977,0.9377618677424032,0.8601
dinov2_l,boot_pair,5,12,0.6748148367445348,0.9325980671480736,0.8506
dinov2_l,boot_pair,5,13,0.7804811548262619,0.94464813351919,0.8733
dinov2_l,boot_pair,5,14,0.7365545607893522,0.9325662476189804,0.8637
dinov2_l,boot_pair,5,15,0.7217946975810731,0.9336413953093098,0.871
dinov2_l,boot_pair,5,16,0.7772478933217261,0.9380838212137363,0.8591
dinov2_l,boot_pair,5,17,0.7146254442567792,0.9400232003999252,0.8773
dinov2_l,boot_pair,5,18,0.7864350238388743,0.9416932441390592,0.853
dinov2_l,boot_pair,5,19,0.6980811643004408,0.9333925489631566,0.8532
dinov2_l,boot_pair,5,20,0.7447083912416519,0.9317838643148396,0.8511
dinov2_l,boot_pair,5,21,0.7775056493544908,0.930185195686176,0.8627
dinov2_l,boot_pair,5,22,0.7859015582625659,0.9351801668939642,0.8626
dinov2_l,boot_pair,5,23,0.6999533490010849,0.9368076671412902,0.8654
dinov2_l,boot_pair,5,24,0.7632405116149779,0.9362523128806776,0.7462
dinov2_l,boot_pair,5,25,0.7151275006554224,0.9357407061000328,0.8455
dinov2_l,boot_pair,5,26,0.7717794851677968,0.9360962237426128,0.8829
dinov2_l,boot_pair,5,27,0.7699685630578761,0.9346235796865016,0.8635
dinov2_l,boot_pair,5,28,0.7491941347595558,0.9398585445848178,0.8732
dinov2_l,boot_pair,5,29,0.7850571444762633,0.9424875076617404,0.8693
dinov2_l,boot_pair,6,7,0.8365292235257494,0.9372105378382024,0.8609
dinov2_l,boot_pair,6,8,0.8405616790591883,0.9415527551869302,0.8685
dinov2_l,boot_pair,6,9,0.837944495819371,0.9430855864786752,0.8734
dinov2_l,boot_pair,6,10,0.7962793673751091,0.943891686705504,0.8833
dinov2_l,boot_pair,6,11,0.7345296377901055,0.9284448863436014,0.8551
dinov2_l,boot_pair,6,12,0.7038013874401705,0.9319995282543392,0.8623
dinov2_l,boot_pair,6,13,0.8166683428958017,0.9339256652083008,0.8616
dinov2_l,boot_pair,6,14,0.8351982929028823,0.9338065681961066,0.858
dinov2_l,boot_pair,6,15,0.8376861632393773,0.9399888632971032,0.8897
dinov2_l,boot_pair,6,16,0.7358879854656287,0.9326507438792976,0.8681
dinov2_l,boot_pair,6,17,0.7625050836356825,0.9426036468673532,0.8857
dinov2_l,boot_pair,6,18,0.7736144977393026,0.9261356770684622,0.8422
dinov2_l,boot_pair,6,19,0.7884670321250781,0.9415255132678853,0.8517
dinov2_l,boot_pair,6,20,0.8148155010691068,0.9359326097340152,0.8575
dinov2_l,boot_pair,6,21,0.850930960982497,0.936537345370446,0.8809
dinov2_l,boot_pair,6,22,0.8106034662501466,0.9410599693536116,0.875
dinov2_l,boot_pair,6,23,0.7258670360651416,0.9364974401716664,0.8832
dinov2_l,boot_pair,6,24,0.8871483901232893,0.941427171700808,0.7525
dinov2_l,boot_pair,6,25,0.7275969354555548,0.9362719033842754,0.8446
dinov2_l,boot_pair,6,26,0.8529588388188849,0.9401420769837788,0.8977
dinov2_l,boot_pair,6,27,0.8520345263087902,0.939212545156371,0.8972
dinov2_l,boot_pair,6,28,0.8545726651572733,0.9403897907403596,0.8694
dinov2_l,boot_pair,6,29,0.8157789431573634,0.9333788613036396,0.8651
dinov2_l,boot_pair,7,8,0.8033506478831633,0.9357962434867552,0.8538
dinov2_l,boot_pair,7,9,0.8256749882988842,0.9414014954802348,0.8585
dinov2_l,boot_pair,7,10,0.8015550528472855,0.9482492265782724,0.8507
dinov2_l,boot_pair,7,11,0.7408838088404089,0.9421324605178562,0.8418
dinov2_l,boot_pair,7,12,0.7480895554257901,0.9427072168447346,0.8589
dinov2_l,boot_pair,7,13,0.8515818247510976,0.9476013519053704,0.8573
dinov2_l,boot_pair,7,14,0.7990316480684498,0.9309838233917936,0.8473
dinov2_l,boot_pair,7,15,0.8051445298743063,0.9416971826465366,0.8647
dinov2_l,boot_pair,7,16,0.7686811539367605,0.9391700802306002,0.8484
dinov2_l,boot_pair,7,17,0.7902337507005551,0.94194873729547,0.8643
dinov2_l,boot_pair,7,18,0.816254590386908,0.940595883469726,0.8769
dinov2_l,boot_pair,7,19,0.7476284107555703,0.9370008752912988,0.8586
dinov2_l,boot_pair,7,20,0.8455222159874077,0.9435621867999968,0.8573
dinov2_l,boot_pair,7,21,0.8376475944312489,0.9368119585024988,0.8603
dinov2_l,boot_pair,7,22,0.8315347310431307,0.9432156358792384,0.8437
dinov2_l,boot_pair,7,23,0.7311523646484441,0.9368224825276916,0.8494
dinov2_l,boot_pair,7,24,0.8294532560117985,0.9391779338365396,0.7321
dinov2_l,boot_pair,7,25,0.7970504107354129,0.9383993687829416,0.8583
dinov2_l,boot_pair,7,26,0.8065704302878022,0.9423304309419812,0.8561
dinov2_l,boot_pair,7,27,0.8092064987584517,0.9329966191010882,0.8498
dinov2_l,boot_pair,7,28,0.8395175977189782,0.94427434678057,0.865
dinov2_l,boot_pair,7,29,0.8571034439119872,0.9415376354639706,0.8871
dinov2_l,boot_pair,8,9,0.8192983685516118,0.9394926789205978,0.8723
dinov2_l,boot_pair,8,10,0.7649886708019492,0.9386953007569766,0.8594
dinov2_l,boot_pair,8,11,0.7146972555099762,0.9364936499261894,0.8613
dinov2_l,boot_pair,8,12,0.7297160189162288,0.9353225340096202,0.8545
dinov2_l,boot_pair,8,13,0.8329816496660262,0.9458203228073384,0.8875
dinov2_l,boot_pair,8,14,0.8040555551999651,0.9350740420155385,0.8841
dinov2_l,boot_pair,8,15,0.7805887456889891,0.9388897141971198,0.8846
dinov2_l,boot_pair,8,16,0.7378498036488493,0.9326951131463184,0.8434
dinov2_l,boot_pair,8,17,0.7452536906356154,0.945170109578496,0.8878
dinov2_l,boot_pair,8,18,0.758067322589902,0.9358273416165062,0.8645
dinov2_l,boot_pair,8,19,0.7720956459595643,0.9377614306779369,0.8371
dinov2_l,boot_pair,8,20,0.8514634948986247,0.944094631098986,0.8737
dinov2_l,boot_pair,8,21,0.8514062324591596,0.9447192557839588,0.8776
dinov2_l,boot_pair,8,22,0.8037209063721056,0.9401687740888696,0.8689
dinov2_l,boot_pair,8,23,0.7081895573375003,0.9311126851464988,0.8557
dinov2_l,boot_pair,8,24,0.830090916777333,0.93542479920222,0.7236
dinov2_l,boot_pair,8,25,0.741693289712027,0.9360912422270576,0.8291
dinov2_l,boot_pair,8,26,0.8407509968189892,0.9451637910580172,0.8898
dinov2_l,boot_pair,8,27,0.8598450561494767,0.9431605154325328,0.8793
dinov2_l,boot_pair,8,28,0.8330917207403951,0.94411495587496,0.885
dinov2_l,boot_pair,8,29,0.8471771204646996,0.9412873729924798,0.8946
dinov2_l,boot_pair,9,10,0.7747693307197024,0.9430416512329952,0.8348
dinov2_l,boot_pair,9,11,0.7201212929108041,0.933464934557518,0.8247
dinov2_l,boot_pair,9,12,0.7590095148586515,0.9339227174360732,0.8525
dinov2_l,boot_pair,9,13,0.8127212490905638,0.9417577428567792,0.8681
dinov2_l,boot_pair,9,14,0.8196939133821842,0.9384596607356764,0.8823
dinov2_l,boot_pair,9,15,0.8215558928099206,0.9446972057018496,0.8882
dinov2_l,boot_pair,9,16,0.7791424392927561,0.9443163275142384,0.8504
dinov2_l,boot_pair,9,17,0.7556343369966813,0.9397353391496376,0.8618
dinov2_l,boot_pair,9,18,0.7631300650220865,0.9364948226998566,0.8646
dinov2_l,boot_pair,9,19,0.7469098299379726,0.93740270425727,0.8420000000000001
dinov2_l,boot_pair,9,20,0.8342469543163763,0.9510585307298596,0.8525
dinov2_l,boot_pair,9,21,0.8381098705286874,0.9368937470533228,0.8444
dinov2_l,boot_pair,9,22,0.8065974836840183,0.9402397055190672,0.8678
dinov2_l,boot_pair,9,23,0.7323995044461908,0.9375335893168586,0.8716
dinov2_l,boot_pair,9,24,0.8300882861283635,0.9389126936425102,0.7354
dinov2_l,boot_pair,9,25,0.7654871865561603,0.9406954557408748,0.8316
dinov2_l,boot_pair,9,26,0.8251522819127513,0.93848813523831,0.8591
dinov2_l,boot_pair,9,27,0.8388155277248601,0.9340880310082278,0.8617
dinov2_l,boot_pair,9,28,0.8496904642156867,0.9383277202072888,0.8395
dinov2_l,boot_pair,9,29,0.8200600216666818,0.9422487583196268,0.872
dinov2_l,boot_pair,10,11,0.6733556921358201,0.9310439048278509,0.8674
dinov2_l,boot_pair,10,12,0.729943849776715,0.9329798223982252,0.8336
dinov2_l,boot_pair,10,13,0.7867238633411068,0.9403335389310824,0.8472
dinov2_l,boot_pair,10,14,0.7994248891322666,0.9321977193700084,0.8467
dinov2_l,boot_pair,10,15,0.8708044221484803,0.9464465427968696,0.8592
dinov2_l,boot_pair,10,16,0.6899138098133608,0.9369143613286376,0.8703
dinov2_l,boot_pair,10,17,0.7792123810006435,0.9399863175143244,0.8618
dinov2_l,boot_pair,10,18,0.7657004384969641,0.9395003087364782,0.84
dinov2_l,boot_pair,10,19,0.7838416341310351,0.942937399981359,0.875
dinov2_l,boot_pair,10,20,0.8171037739920444,0.9437140523228238,0.8740000000000001
dinov2_l,boot_pair,10,21,0.8027572232694467,0.9379042467754972,0.8723
dinov2_l,boot_pair,10,22,0.7780308644739261,0.93371131112715,0.8545
dinov2_l,boot_pair,10,23,0.7414752612946458,0.945038781471266,0.8628
dinov2_l,boot_pair,10,24,0.8091076181141528,0.9474713049164932,0.7464
dinov2_l,boot_pair,10,25,0.7047291432896222,0.9340265716768524,0.8533
dinov2_l,boot_pair,10,26,0.7587556369505855,0.9391119665924575,0.8772
dinov2_l,boot_pair,10,27,0.7857605999985176,0.9354326162690759,0.8602
dinov2_l,boot_pair,10,28,0.7894150672945671,0.9497356458482776,0.9066
dinov2_l,boot_pair,10,29,0.7688251381128925,0.9406249046936388,0.8618
dinov2_l,boot_pair,11,12,0.7408246776909334,0.9367429660953852,0.8482
dinov2_l,boot_pair,11,13,0.7602116288292591,0.9423285786280168,0.8591
dinov2_l,boot_pair,11,14,0.7015347663427468,0.927952072572058,0.8372
dinov2_l,boot_pair,11,15,0.6716362227862018,0.9311589456473116,0.8320000000000001
dinov2_l,boot_pair,11,16,0.8225798325744355,0.9445753766101408,0.861
dinov2_l,boot_pair,11,17,0.6513253884009227,0.9362130871012352,0.8479
dinov2_l,boot_pair,11,18,0.7226402489161166,0.9409723994945826,0.8344
dinov2_l,boot_pair,11,19,0.7604348698188409,0.9363639641782208,0.8557
dinov2_l,boot_pair,11,20,0.7218335552795042,0.9419140085907194,0.8618
dinov2_l,boot_pair,11,21,0.737590364398586,0.9357818623637936,0.8658
dinov2_l,boot_pair,11,22,0.7155284665794719,0.9401437454287462,0.8527
dinov2_l,boot_pair,11,23,0.7776503421466592,0.9390679692489378,0.8699
dinov2_l,boot_pair,11,24,0.7413195617526113,0.925963465619554,0.7244
dinov2_l,boot_pair,11,25,0.7789260611497028,0.940495085963064,0.8695
dinov2_l,boot_pair,11,26,0.7306987419891362,0.9387606341952828,0.8852
dinov2_l,boot_pair,11,27,0.7230917350565778,0.9219890654941216,0.8469
dinov2_l,boot_pair,11,28,0.7007918008608395,0.9303459773729618,0.8695
dinov2_l,boot_pair,11,29,0.722451366167177,0.934558332123267,0.8532
dinov2_l,boot_pair,12,13,0.7758663030902238,0.9426485563788388,0.8566
dinov2_l,boot_pair,12,14,0.7177060936629581,0.929030040935256,0.8423
dinov2_l,boot_pair,12,15,0.7322143862707564,0.9296430748768132,0.8504
dinov2_l,boot_pair,12,16,0.7828792557526087,0.9340852555164688,0.8501
dinov2_l,boot_pair,12,17,0.7421868186579886,0.9423369489839288,0.8738
dinov2_l,boot_pair,12,18,0.7026698683362538,0.9331101788238678,0.8537
dinov2_l,boot_pair,12,19,0.7482258195801547,0.935623824119434,0.8352
dinov2_l,boot_pair,12,20,0.7210131632607568,0.9350981345722706,0.8457
dinov2_l,boot_pair,12,21,0.7398250513424549,0.9363835953255046,0.8541
dinov2_l,boot_pair,12,22,0.7574786437507334,0.934842347448246,0.8558
dinov2_l,boot_pair,12,23,0.7317714543234092,0.9326337484257248,0.8548
dinov2_l,boot_pair,12,24,0.6934577935342169,0.9323622825113363,0.7168
dinov2_l,boot_pair,12,25,0.8166440332558655,0.9417730588408312,0.8328
dinov2_l,boot_pair,12,26,0.6997218031235655,0.9295428992571064,0.8625
dinov2_l,boot_pair,12,27,0.6943574121409474,0.9286012996697663,0.8673
dinov2_l,boot_pair,12,28,0.7185029717300376,0.9328680942872136,0.8379
dinov2_l,boot_pair,12,29,0.7694917041360677,0.9383477658095146,0.8663
dinov2_l,boot_pair,13,14,0.7898922440932107,0.935814744436822,0.903
dinov2_l,boot_pair,13,15,0.7857286855411042,0.9415075827659964,0.8629
dinov2_l,boot_pair,13,16,0.7773484911885608,0.9349966750585774,0.8452
dinov2_l,boot_pair,13,17,0.7860573904908437,0.95098600520417,0.8745
dinov2_l,boot_pair,13,18,0.7834834143744346,0.9394943031086992,0.8598
dinov2_l,boot_pair,13,19,0.7649150413370532,0.9407142653918747,0.8298
dinov2_l,boot_pair,13,20,0.8256817353343937,0.9464709338288552,0.8482
dinov2_l,boot_pair,13,21,0.8447834159552476,0.9414459641984736,0.8607
dinov2_l,boot_pair,13,22,0.8456370784488408,0.9474201970710048,0.875
dinov2_l,boot_pair,13,23,0.7384089121696791,0.9362213343607032,0.8578
dinov2_l,boot_pair,13,24,0.8199796673804512,0.9358879724665196,0.7190000000000001
dinov2_l,boot_pair,13,25,0.8035361422501756,0.9440799049757386,0.8386
dinov2_l,boot_pair,13,26,0.8089927079358599,0.9469200939137088,0.8962
dinov2_l,boot_pair,13,27,0.8156497417610041,0.9369343301870828,0.8541
dinov2_l,boot_pair,13,28,0.8148813175635826,0.9427093773932336,0.8498
dinov2_l,boot_pair,13,29,0.8653716765482414,0.9498209859655684,0.8847
dinov2_l,boot_pair,14,15,0.8394447524429529,0.9292710059483604,0.8619
dinov2_l,boot_pair,14,16,0.7037255053195627,0.9217176083406934,0.8478
dinov2_l,boot_pair,14,17,0.7923284364801585,0.938483721781306,0.8687
dinov2_l,boot_pair,14,18,0.8475663359039121,0.9395039426677596,0.8740000000000001
dinov2_l,boot_pair,14,19,0.781605608553005,0.9321991107425728,0.8555
dinov2_l,boot_pair,14,20,0.8198420621376339,0.92992853614726,0.8629
dinov2_l,boot_pair,14,21,0.8447575275205376,0.9367526786298948,0.8626
dinov2_l,boot_pair,14,22,0.7790483789240169,0.9292841495012945,0.8782
dinov2_l,boot_pair,14,23,0.7265192357710556,0.9257390665314252,0.8432
dinov2_l,boot_pair,14,24,0.8164553309920154,0.9323999402807396,0.7219
dinov2_l,boot_pair,14,25,0.7098893653746149,0.9265658972144312,0.8339
dinov2_l,boot_pair,14,26,0.8255390002078233,0.9375718999431492,0.8856
dinov2_l,boot_pair,14,27,0.8077115251426799,0.9354863701866296,0.8519
dinov2_l,boot_pair,14,28,0.8234473210631486,0.933791351515996,0.8433
dinov2_l,boot_pair,14,29,0.7939425391909397,0.9319740297610196,0.8746
dinov2_l,boot_pair,15,16,0.7000712562896236,0.9333463511194524,0.8412
dinov2_l,boot_pair,15,17,0.8060903775206838,0.9373062309783332,0.8834
dinov2_l,boot_pair,15,18,0.7969636529829656,0.9422844209004058,0.8663
dinov2_l,boot_pair,15,19,0.7735517189410104,0.9373287003648094,0.8514
dinov2_l,boot_pair,15,20,0.8096448588444868,0.9442550237511036,0.8559
dinov2_l,boot_pair,15,21,0.8075921965682887,0.9351899158582938,0.8679
dinov2_l,boot_pair,15,22,0.7678924786549224,0.9347172314701264,0.8641
dinov2_l,boot_pair,15,23,0.7251956269617053,0.9383213143728502,0.8691
dinov2_l,boot_pair,15,24,0.8243154121775302,0.9354793433103854,0.7353
dinov2_l,boot_pair,15,25,0.7045238174781282,0.930539730036115,0.8463
dinov2_l,boot_pair,15,26,0.784664216518728,0.9358695607822812,0.867
dinov2_l,boot_pair,15,27,0.8045061846030382,0.942165442509066,0.8805
dinov2_l,boot_pair,15,28,0.8090594467036374,0.9390548444782452,0.855
dinov2_l,boot_pair,15,29,0.7674199952355213,0.9296225230474532,0.8743
dinov2_l,boot_pair,16,17,0.6735338244249695,0.932426406306757,0.8504
dinov2_l,boot_pair,16,18,0.7511002246532649,0.93437675667507,0.8305
dinov2_l,boot_pair,16,19,0.7465491983757907,0.9339367245688016,0.8685
dinov2_l,boot_pair,16,20,0.732561507870188,0.9375460029977124,0.8543
dinov2_l,boot_pair,16,21,0.7541438480598956,0.9342163974602676,0.8641
dinov2_l,boot_pair,16,22,0.7573788426207514,0.934487605757717,0.8641
dinov2_l,boot_pair,16,23,0.7817858201522739,0.9422771688826111,0.8753
dinov2_l,boot_pair,16,24,0.7334901455029073,0.9266008946055904,0.7267
dinov2_l,boot_pair,16,25,0.808140738364068,0.943140571736456,0.8647
dinov2_l,boot_pair,16,26,0.7206300635100241,0.9298281866567903,0.8719
dinov2_l,boot_pair,16,27,0.7193355471715969,0.9249314921938716,0.8391
dinov2_l,boot_pair,16,28,0.7285619793003064,0.9339281526459012,0.8606
dinov2_l,boot_pair,16,29,0.7966113366761699,0.940811495772919,0.8559
dinov2_l,boot_pair,17,18,0.7940963009215126,0.9446264980786891,0.8863
dinov2_l,boot_pair,17,19,0.7057593519741686,0.942253281839648,0.8267
dinov2_l,boot_pair,17,20,0.7665929118303719,0.9395855138651044,0.8629
dinov2_l,boot_pair,17,21,0.7746599575117299,0.9392013641925564,0.8622
dinov2_l,boot_pair,17,22,0.7769457887015895,0.9463526305590678,0.8658
dinov2_l,boot_pair,17,23,0.6554563189063677,0.934946282848756,0.8559
dinov2_l,boot_pair,17,24,0.7365024593838904,0.9352394775342584,0.7183
dinov2_l,boot_pair,17,25,0.6855295072344297,0.939486928269082,0.8248
dinov2_l,boot_pair,17,26,0.7375549519110187,0.9441115561900132,0.8803
dinov2_l,boot_pair,17,27,0.7404126874601046,0.9400713445386684,0.9001
dinov2_l,boot_pair,17,28,0.7437846995778034,0.9411214506763256,0.8682
dinov2_l,boot_pair,17,29,0.7863689610937694,0.9475863446269264,0.8999
dinov2_l,boot_pair,18,19,0.7367360644857609,0.9368083717107568,0.8547
dinov2_l,boot_pair,18,20,0.7836310988191018,0.9353407314504736,0.8699
dinov2_l,boot_pair,18,21,0.7876717127425366,0.9351511051921744,0.8478
dinov2_l,boot_pair,18,22,0.7845301808898836,0.9380454251739971,0.8533
dinov2_l,boot_pair,18,23,0.7492523150044061,0.9378904202678644,0.8461
dinov2_l,boot_pair,18,24,0.7557071749986453,0.9262319613991786,0.7218
dinov2_l,boot_pair,18,25,0.688756462718181,0.9300872418055148,0.8266
dinov2_l,boot_pair,18,26,0.7642626980296702,0.9322334727581232,0.8495
dinov2_l,boot_pair,18,27,0.740528376706136,0.9250119542366974,0.8559
dinov2_l,boot_pair,18,28,0.7736957835912143,0.9340152192448596,0.8465
dinov2_l,boot_pair,18,29,0.7996695614467013,0.9428092227540178,0.9086
dinov2_l,boot_pair,19,20,0.7649690749427652,0.943597580827798,0.8732
dinov2_l,boot_pair,19,21,0.7753491919953925,0.93863255425745,0.8687
dinov2_l,boot_pair,19,22,0.7318930711802264,0.9408115848665428,0.8536
dinov2_l,boot_pair,19,23,0.8139197877840186,0.9471096626958636,0.8640000000000001
dinov2_l,boot_pair,19,24,0.8093619313965352,0.9400925418720744,0.7361
dinov2_l,boot_pair,19,25,0.7407357017386007,0.9384671668956288,0.8921
dinov2_l,boot_pair,19,26,0.7651070331685283,0.9411098315624801,0.8631
dinov2_l,boot_pair,19,27,0.793052553302327,0.9371918857138396,0.8368
dinov2_l,boot_pair,19,28,0.739409496331648,0.9397067173768464,0.8654
dinov2_l,boot_pair,19,29,0.7495177113518636,0.938256560883172,0.8624
dinov2_l,boot_pair,20,21,0.8558487196970228,0.9480416933132474,0.8941
dinov2_l,boot_pair,20,22,0.8078987012764949,0.9372912279452258,0.8593
dinov2_l,boot_pair,20,23,0.7571935621230602,0.9421673433399784,0.8661
dinov2_l,boot_pair,20,24,0.8269992101793291,0.936690793200326,0.726
dinov2_l,boot_pair,20,25,0.7369075363826181,0.9366369773255298,0.8499
dinov2_l,boot_pair,20,26,0.8122660413293128,0.9436298350264202,0.8808
dinov2_l,boot_pair,20,27,0.8555235913390881,0.9389952251222596,0.8919
dinov2_l,boot_pair,20,28,0.8325250907814827,0.9366501536066664,0.8768
dinov2_l,boot_pair,20,29,0.8113410330542093,0.9428489192037779,0.8885
dinov2_l,boot_pair,21,22,0.8454246464231641,0.9363914684834408,0.8616
dinov2_l,boot_pair,21,23,0.7258713707048671,0.931889468409648,0.8618
dinov2_l,boot_pair,21,24,0.8508285917239952,0.93717244357916,0.7347
dinov2_l,boot_pair,21,25,0.7686043508207329,0.9379883657513834,0.8663
dinov2_l,boot_pair,21,26,0.8579818689544761,0.9421056268666256,0.9015
dinov2_l,boot_pair,21,27,0.8530074253014246,0.9334304268769767,0.8644
dinov2_l,boot_pair,21,28,0.8694815382818301,0.9425020847670652,0.8904
dinov2_l,boot_pair,21,29,0.8504367821753922,0.9364069587617108,0.8756
dinov2_l,boot_pair,22,23,0.6971736712015597,0.9282480120775382,0.8609
dinov2_l,boot_pair,22,24,0.8134802765475322,0.9337616596457996,0.7287
dinov2_l,boot_pair,22,25,0.7657926237381296,0.9400497613480686,0.8388
dinov2_l,boot_pair,22,26,0.8206750368283893,0.9448554777600264,0.8955
dinov2_l,boot_pair,22,27,0.8067538535250338,0.9322176793310384,0.8562
dinov2_l,boot_pair,22,28,0.8102298252099555,0.9345965367276031,0.8575
dinov2_l,boot_pair,22,29,0.8581008576415198,0.9437313627787348,0.8659
dinov2_l,boot_pair,23,24,0.7192439974479587,0.9291508389011568,0.7379
dinov2_l,boot_pair,23,25,0.7513681491909756,0.9353999777936021,0.8599
dinov2_l,boot_pair,23,26,0.6895906154703488,0.9354761284295432,0.8855
dinov2_l,boot_pair,23,27,0.7152948680927773,0.9304704997612704,0.8631
dinov2_l,boot_pair,23,28,0.7237313559594496,0.9426273703213928,0.8627
dinov2_l,boot_pair,23,29,0.7217360581362321,0.9377963882841274,0.8621
dinov2_l,boot_pair,24,25,0.7485673776433776,0.9340237350666392,0.7169
dinov2_l,boot_pair,24,26,0.8461963733704995,0.9378474916791272,0.7424
dinov2_l,boot_pair,24,27,0.8812887666128504,0.9379503406916015,0.7367
dinov2_l,boot_pair,24,28,0.8456335250512887,0.9423881416525256,0.7426
dinov2_l,boot_pair,24,29,0.7984661217705714,0.9365370526719674,0.722
dinov2_l,boot_pair,25,26,0.7219236105982115,0.940136037919286,0.851
dinov2_l,boot_pair,25,27,0.7282507905833447,0.927765727868371,0.8220000000000001
dinov2_l,boot_pair,25,28,0.7400991530589109,0.93496873043542,0.8558
dinov2_l,boot_pair,25,29,0.7836967815850641,0.9383539755220972,0.8539
dinov2_l,boot_pair,26,27,0.8566810274987944,0.9375053451932291,0.8754
dinov2_l,boot_pair,26,28,0.8228065516395996,0.9424672321772462,0.8861
dinov2_l,boot_pair,26,29,0.8158094054427529,0.9459665175291786,0.8871
dinov2_l,boot_pair,27,28,0.8248402653738008,0.9449398384876988,0.8617
dinov2_l,boot_pair,27,29,0.7894824461483884,0.9311341463334369,0.875
dinov2_l,boot_pair,28,29,0.8281544137386254,0.9423546976575988,0.8723
dinov2_l,ref_vs_boot,-1,0,0.7786390004142731,0.9522103653856636,0.8597
dinov2_l,ref_vs_boot,-1,1,0.7527994421825049,0.9425567248138996,0.8072
dinov2_l,ref_vs_boot,-1,2,0.7280411195240544,0.9490102035245136,0.8466
dinov2_l,ref_vs_boot,-1,3,0.7744982581660166,0.9470173327976636,0.8608
dinov2_l,ref_vs_boot,-1,4,0.7397907284915787,0.9451981927512644,0.8688
dinov2_l,ref_vs_boot,-1,5,0.7198577577646701,0.9431647176663728,0.8492
dinov2_l,ref_vs_boot,-1,6,0.7417453566175435,0.942855846186602,0.8657
dinov2_l,ref_vs_boot,-1,7,0.7737600273764484,0.9502833709581182,0.8638
dinov2_l,ref_vs_boot,-1,8,0.7236238508825726,0.9469712056027116,0.847
dinov2_l,ref_vs_boot,-1,9,0.7686309531359897,0.9498726608423906,0.8656
dinov2_l,ref_vs_boot,-1,10,0.7255355624602805,0.9477459431807136,0.8465
dinov2_l,ref_vs_boot,-1,11,0.7638230235107465,0.9486805111440916,0.8481
dinov2_l,ref_vs_boot,-1,12,0.825871881280822,0.9520172045060418,0.8499
dinov2_l,ref_vs_boot,-1,13,0.7802070753186189,0.9526296622137956,0.8586
dinov2_l,ref_vs_boot,-1,14,0.7561641594283558,0.9377717011563416,0.8733
dinov2_l,ref_vs_boot,-1,15,0.7293437501507567,0.9416804705408326,0.8479
dinov2_l,ref_vs_boot,-1,16,0.8040547416712531,0.95007446255135,0.8867
dinov2_l,ref_vs_boot,-1,17,0.7380386053301364,0.95907609753173,0.8668
dinov2_l,ref_vs_boot,-1,18,0.7771394584295536,0.94984600682098,0.8771
dinov2_l,ref_vs_boot,-1,19,0.7951490731814639,0.9514231946249374,0.8787
dinov2_l,ref_vs_boot,-1,20,0.7413652752804836,0.9449376269369442,0.8781
dinov2_l,ref_vs_boot,-1,21,0.7341464666423991,0.942522237023271,0.8675
dinov2_l,ref_vs_boot,-1,22,0.758142870655182,0.9468632042041608,0.8676
dinov2_l,ref_vs_boot,-1,23,0.8068588281656389,0.9491881991697696,0.87
dinov2_l,ref_vs_boot,-1,24,0.7103622948478799,0.9374815180472208,0.7376
dinov2_l,ref_vs_boot,-1,25,0.7799431626945724,0.95522525974305,0.8693
dinov2_l,ref_vs_boot,-1,26,0.714995639326102,0.945529867075665,0.8699
dinov2_l,ref_vs_boot,-1,27,0.7033077850257938,0.9334859235405512,0.8398
dinov2_l,ref_vs_boot,-1,28,0.7271416768586282,0.9436912956774708,0.8515
dinov2_l,ref_vs_boot,-1,29,0.7786341522845963,0.9488839170550946,0.8693
dinov2_s,boot_pair,0,1,0.6453610095818567,0.9031360925003769,0.8049
dinov2_s,boot_pair,0,2,0.5715734079102984,0.898216496097657,0.8996
dinov2_s,boot_pair,0,3,0.6477879139956313,0.8918079424637702,0.8964
dinov2_s,boot_pair,0,4,0.5787310491335552,0.9040893057446846,0.8746
dinov2_s,boot_pair,0,5,0.6583964845109787,0.8890816052672824,0.8611
dinov2_s,boot_pair,0,6,0.7566503476518107,0.9110069165286809,0.9025
dinov2_s,boot_pair,0,7,0.6690740234728311,0.8973851640305971,0.8493
dinov2_s,boot_pair,0,8,0.6783269560759146,0.9168665545316664,0.9331
dinov2_s,boot_pair,0,9,0.6330832779984963,0.9013005484327375,0.8952
dinov2_s,boot_pair,0,10,0.6170339972315342,0.8952386567670151,0.8779
dinov2_s,boot_pair,0,11,0.6145813447123246,0.8843315907278121,0.8672
dinov2_s,boot_pair,0,12,0.5567522989571538,0.8919082041696441,0.8429
dinov2_s,boot_pair,0,13,0.649407038602694,0.900295870777709,0.8381
dinov2_s,boot_pair,0,14,0.6615600389116707,0.8961354532952156,0.8386
dinov2_s,boot_pair,0,15,0.7377832070942419,0.9133715454426083,0.8908
dinov2_s,boot_pair,0,16,0.6164317679337948,0.8992070924604887,0.8724
dinov2_s,boot_pair,0,17,0.6198121653222752,0.9027998771761184,0.8755
dinov2_s,boot_pair,0,18,0.584825520129746,0.9023451373645182,0.8059999999999999
dinov2_s,boot_pair,0,19,0.6880313442833116,0.9065125653223988,0.8982
dinov2_s,boot_pair,0,20,0.6571733263895984,0.9102520022645576,0.8565
dinov2_s,boot_pair,0,21,0.6082211202201986,0.9021551125582198,0.8865
dinov2_s,boot_pair,0,22,0.6699530201546351,0.899030994247348,0.8168
dinov2_s,boot_pair,0,23,0.7032381461094688,0.9039506569615012,0.8924
dinov2_s,boot_pair,0,24,0.5775680039485545,0.8991424912719845,0.7962
dinov2_s,boot_pair,0,25,0.6075578511691212,0.9101903141553008,0.7694
dinov2_s,boot_pair,0,26,0.6638477409947682,0.8880119144259583,0.9009999999999999
dinov2_s,boot_pair,0,27,0.7247954694380353,0.9084606615991307,0.9166
dinov2_s,boot_pair,0,28,0.5944240912103272,0.8939601738605472,0.9031
dinov2_s,boot_pair,0,29,0.5841540224435791,0.9013589525247421,0.8712
dinov2_s,boot_pair,1,2,0.7033493553684254,0.9170670050846969,0.8035
dinov2_s,boot_pair,1,3,0.7921660288263593,0.9356453840568946,0.8202
dinov2_s,boot_pair,1,4,0.6702863407494226,0.9181780067896282,0.7978
dinov2_s,boot_pair,1,5,0.6550050333587467,0.9119136072809566,0.8022
dinov2_s,boot_pair,1,6,0.7241969547113091,0.925313312392736,0.8103
dinov2_s,boot_pair,1,7,0.6207529496387333,0.9034443037185228,0.8353
dinov2_s,boot_pair,1,8,0.6983720466023327,0.9229060898068984,0.8036
dinov2_s,boot_pair,1,9,0.7158731285504972,0.9068834604871856,0.7993
dinov2_s,boot_pair,1,10,0.7246066453862356,0.9187339471823004,0.8397
dinov2_s,boot_pair,1,11,0.6099776722989705,0.8919709599834101,0.7749
dinov2_s,boot_pair,1,12,0.6246231204619264,0.9094171552494796,0.7598
dinov2_s,boot_pair,1,13,0.6827480078522189,0.9186842611134136,0.8535
dinov2_s,boot_pair,1,14,0.7490519136574179,0.9320934514000728,0.8746
dinov2_s,boot_pair,1,15,0.7040366038035485,0.9085713146856192,0.8277
dinov2_s,boot_pair,1,16,0.7335089386313498,0.9178276323553256,0.8293
dinov2_s,boot_pair,1,17,0.6703551158021428,0.9235423777310562,0.8237
dinov2_s,boot_pair,1,18,0.7163128484489347,0.9192823004293992,0.8575
dinov2_s,boot_pair,1,19,0.6813554213732089,0.9180171790557796,0.8146
dinov2_s,boot_pair,1,20,0.7183553580293701,0.9219617275017126,0.7956
dinov2_s,boot_pair,1,21,0.6540856872039629,0.9132736545929948,0.7758
dinov2_s,boot_pair,1,22,0.6966763589023616,0.9142600174822062,0.9013
dinov2_s,boot_pair,1,23,0.7246389046541153,0.9046451980699828,0.7968
dinov2_s,boot_pair,1,24,0.6534713294032954,0.9265200252044504,0.8796
dinov2_s,boot_pair,1,25,0.6613518079603053,0.9118462260661108,0.6940000000000001
dinov2_s,boot_pair,1,26,0.6830695791721735,0.9098344661194142,0.8038
dinov2_s,boot_pair,1,27,0.7117769933023271,0.9168698474584468,0.8127
dinov2_s,boot_pair,1,28,0.7113032972185298,0.9284901610364632,0.8099
dinov2_s,boot_pair,1,29,0.7008878222289375,0.9158536123340468,0.8294
dinov2_s,boot_pair,2,3,0.6649958902354463,0.9104897406570216,0.9207
dinov2_s,boot_pair,2,4,0.6998600252857639,0.9064516047394876,0.9165
dinov2_s,boot_pair,2,5,0.6179851906111846,0.9032127711364208,0.8791
dinov2_s,boot_pair,2,6,0.6316208088793439,0.9113803724141052,0.9067
dinov2_s,boot_pair,2,7,0.6080007657662502,0.9109250472030376,0.8713
dinov2_s,boot_pair,2,8,0.6904552379698539,0.917102225825282,0.9271
dinov2_s,boot_pair,2,9,0.7037923486945639,0.912216108885592,0.9073
dinov2_s,boot_pair,2,10,0.7289184219725048,0.9063227097754624,0.9049
dinov2_s,boot_pair,2,11,0.5667388366496574,0.8922239703984695,0.88
dinov2_s,boot_pair,2,12,0.6663156079554636,0.90159582164025,0.8828
dinov2_s,boot_pair,2,13,0.695749555076178,0.9207117786047097,0.8362
dinov2_s,boot_pair,2,14,0.6788567158739588,0.9111670739706784,0.8512
dinov2_s,boot_pair,2,15,0.6617886150763832,0.90712746815408,0.9035
dinov2_s,boot_pair,2,16,0.6462141523497794,0.9059305746014448,0.8787
dinov2_s,boot_pair,2,17,0.6659595077809127,0.916976586292116,0.8941
dinov2_s,boot_pair,2,18,0.697317902429659,0.9095053506753016,0.8255
dinov2_s,boot_pair,2,19,0.6015409940594227,0.9029641824084796,0.8976
dinov2_s,boot_pair,2,20,0.6295017218521589,0.8940562440728408,0.8654
dinov2_s,boot_pair,2,21,0.6070672322889127,0.9121444953540108,0.8886
dinov2_s,boot_pair,2,22,0.6064322664476557,0.8998782175194482,0.8236
dinov2_s,boot_pair,2,23,0.6116518963808814,0.9000073173988439,0.8852
dinov2_s,boot_pair,2,24,0.7646290545152159,0.9214204557985496,0.812
dinov2_s,boot_pair,2,25,0.6925185085301945,0.905038698965387,0.79
dinov2_s,boot_pair,2,26,0.6241579771809257,0.9097873590822884,0.9172
dinov2_s,boot_pair,2,27,0.5859380810292171,0.9070146896260496,0.9104
dinov2_s,boot_pair,2,28,0.7653053264597468,0.9154453842185496,0.9192
dinov2_s,boot_pair,2,29,0.6469072580318798,0.8995136991951173,0.8892
dinov2_s,boot_pair,3,4,0.6836485952041552,0.9152822480151708,0.9336
dinov2_s,boot_pair,3,5,0.6102616772592229,0.8994861844197537,0.8793
dinov2_s,boot_pair,3,6,0.6916933500562094,0.9155013090705992,0.9133
dinov2_s,boot_pair,3,7,0.6627099540355536,0.9051349209438908,0.8606
dinov2_s,boot_pair,3,8,0.7007111297849348,0.9172088418419116,0.9159999999999999
dinov2_s,boot_pair,3,9,0.6600565547198106,0.8997329434065515,0.9239
dinov2_s,boot_pair,3,10,0.6913327168039126,0.9131942671416868,0.9058
dinov2_s,boot_pair,3,11,0.6019495206305692,0.8911266954642566,0.8934
dinov2_s,boot_pair,3,12,0.6462937787605751,0.9113996025684508,0.8755
dinov2_s,boot_pair,3,13,0.6488871107459153,0.9166131531815882,0.8507
dinov2_s,boot_pair,3,14,0.7483057487561677,0.9221782911965568,0.862
dinov2_s,boot_pair,3,15,0.6936965286222011,0.9082740533115272,0.9054
dinov2_s,boot_pair,3,16,0.6662033169137574,0.8997872769116101,0.89
dinov2_s,boot_pair,3,17,0.6491840949445848,0.9161532864188844,0.8883
dinov2_s,boot_pair,3,18,0.6361991293054219,0.9015147298312132,0.8388
dinov2_s,boot_pair,3,19,0.6681611982688612,0.9168839407130852,0.9112
dinov2_s,boot_pair,3,20,0.6790383757232678,0.9141832854152624,0.8562
dinov2_s,boot_pair,3,21,0.6007458547528604,0.9070746255396768,0.8765
dinov2_s,boot_pair,3,22,0.6889610044075012,0.9071781759569412,0.8202
dinov2_s,boot_pair,3,23,0.7348906511168873,0.9041351975195512,0.9187
dinov2_s,boot_pair,3,24,0.6222432266506638,0.9050901916523834,0.7917
dinov2_s,boot_pair,3,25,0.6605409752850685,0.8955716063329601,0.7739
dinov2_s,boot_pair,3,26,0.7077917050661996,0.9199328128363452,0.9408
dinov2_s,boot_pair,3,27,0.7078788835823361,0.9142310046315018,0.9111
dinov2_s,boot_pair,3,28,0.6982437585458466,0.918930060542418,0.9095
dinov2_s,boot_pair,3,29,0.6876852762559507,0.900759390833881,0.8877
dinov2_s,boot_pair,4,5,0.6601903613232639,0.9001044058264487,0.8843
dinov2_s,boot_pair,4,6,0.6611834038655222,0.911221623774893,0.8961
dinov2_s,boot_pair,4,7,0.6670693950331403,0.9104868411243462,0.8626
dinov2_s,boot_pair,4,8,0.7069372524341385,0.9158473757485512,0.9105
dinov2_s,boot_pair,4,9,0.6359713354505553,0.8923257679647696,0.904
dinov2_s,boot_pair,4,10,0.7060891698827275,0.909933383006332,0.8967
dinov2_s,boot_pair,4,11,0.5580255356371461,0.8856368373016144,0.8815
dinov2_s,boot_pair,4,12,0.6840958742377898,0.906819289009312,0.887
dinov2_s,boot_pair,4,13,0.6752839931852013,0.9056413251053144,0.8331
dinov2_s,boot_pair,4,14,0.7313644967704532,0.9154045562757585,0.8396
dinov2_s,boot_pair,4,15,0.6974846660796443,0.9124837139291418,0.8878
dinov2_s,boot_pair,4,16,0.6618593521466395,0.9030417578242388,0.8718
dinov2_s,boot_pair,4,17,0.7202288170389596,0.912495131480174,0.88
dinov2_s,boot_pair,4,18,0.7182439350822036,0.9099665809824062,0.8348
dinov2_s,boot_pair,4,19,0.5964569742364042,0.899950065070443,0.8965
dinov2_s,boot_pair,4,20,0.6165004210281153,0.9165979692317382,0.846
dinov2_s,boot_pair,4,21,0.5680551806202866,0.8961984221150873,0.871
dinov2_s,boot_pair,4,22,0.6167950316144166,0.9032924999416408,0.8098
dinov2_s,boot_pair,4,23,0.6533745933366266,0.9123835738005156,0.8955
dinov2_s,boot_pair,4,24,0.6813362618234566,0.9080450145233344,0.7966
dinov2_s,boot_pair,4,25,0.7915646878261328,0.9186642325248572,0.7929
dinov2_s,boot_pair,4,26,0.6211076542765328,0.8963939845374858,0.9313
dinov2_s,boot_pair,4,27,0.6214023269867796,0.9096982873280176,0.902
dinov2_s,boot_pair,4,28,0.727581629730439,0.9133736351268348,0.9001
dinov2_s,boot_pair,4,29,0.6866056976107077,0.91099262217413,0.8703
dinov2_s,boot_pair,5,6,0.7002150638652429,0.912288994140676,0.8851
dinov2_s,boot_pair,5,7,0.6859259657128594,0.900084777221525,0.8195
dinov2_s,boot_pair,5,8,0.6856294603731278,0.9038480040073402,0.8795
dinov2_s,boot_pair,5,9,0.6666736468585709,0.9150164724104264,0.9081
dinov2_s,boot_pair,5,10,0.7175931559686931,0.9115602161917981,0.867
dinov2_s,boot_pair,5,11,0.6119245668732783,0.8997715647101482,0.8814
dinov2_s,boot_pair,5,12,0.6445900055330553,0.9159047698341528,0.8315
dinov2_s,boot_pair,5,13,0.6936154313389828,0.9052014035146072,0.8055
dinov2_s,boot_pair,5,14,0.6878074208397104,0.9094411298469258,0.8009999999999999
dinov2_s,boot_pair,5,15,0.6490365287721321,0.9006358050641529,0.8611
dinov2_s,boot_pair,5,16,0.6439926537470846,0.9056085983605496,0.9169
dinov2_s,boot_pair,5,17,0.7352582930053043,0.9196605736579636,0.9142
dinov2_s,boot_pair,5,18,0.670114161379338,0.9232433747074008,0.8559
dinov2_s,boot_pair,5,19,0.6462333628912157,0.9085118674077384,0.8921
dinov2_s,boot_pair,5,20,0.6260161679819808,0.9065886041984986,0.8909
dinov2_s,boot_pair,5,21,0.6902860434692789,0.9096809055971429,0.8489
dinov2_s,boot_pair,5,22,0.6294694073430771,0.9185140885486178,0.84
dinov2_s,boot_pair,5,23,0.6325723841020473,0.9082142545568646,0.8881
dinov2_s,boot_pair,5,24,0.6401107471681182,0.9072649809097778,0.7749
dinov2_s,boot_pair,5,25,0.7082563890480006,0.9010265930836552,0.7503
dinov2_s,boot_pair,5,26,0.6732136522988155,0.9107763040069876,0.9066
dinov2_s,boot_pair,5,27,0.6696756274179149,0.9052189684155718,0.885
dinov2_s,boot_pair,5,28,0.6742658311426183,0.9201058398070866,0.8755
dinov2_s,boot_pair,5,29,0.5904090836064306,0.8962644373239008,0.9158
dinov2_s,boot_pair,6,7,0.6846068738042401,0.9075984192707972,0.8436
dinov2_s,boot_pair,6,8,0.7411225997121944,0.9213129553352752,0.9177
dinov2_s,boot_pair,6,9,0.6467374023338506,0.9094830137050678,0.9193
dinov2_s,boot_pair,6,10,0.6522268128096694,0.91437630702655,0.9142
dinov2_s,boot_pair,6,11,0.6139748811404087,0.8943505166616246,0.8948
dinov2_s,boot_pair,6,12,0.6243424155405828,0.9184335942183296,0.8647
dinov2_s,boot_pair,6,13,0.650359568547438,0.9138578870949042,0.8166
dinov2_s,boot_pair,6,14,0.6772985890572375,0.9119541816052688,0.8355
dinov2_s,boot_pair,6,15,0.7376290568874272,0.918131104877823,0.9044
dinov2_s,boot_pair,6,16,0.6885951528904836,0.915103596866376,0.8967
dinov2_s,boot_pair,6,17,0.6908460024763152,0.9288614711654946,0.8951
dinov2_s,boot_pair,6,18,0.6233446146416614,0.912892705285522,0.8270000000000001
dinov2_s,boot_pair,6,19,0.7308092575489881,0.9187451550273136,0.9267
dinov2_s,boot_pair,6,20,0.6749768033339957,0.9110572847788494,0.8629
dinov2_s,boot_pair,6,21,0.5610984473206447,0.8990805551313664,0.866
dinov2_s,boot_pair,6,22,0.6794635851692841,0.9106535145362216,0.8411
dinov2_s,boot_pair,6,23,0.7133909254044043,0.905018046799293,0.9117
dinov2_s,boot_pair,6,24,0.6080516084225296,0.9132588010946208,0.7957
dinov2_s,boot_pair,6,25,0.6830671112282749,0.9184826848476756,0.7766
dinov2_s,boot_pair,6,26,0.6850220339025427,0.9021220044497792,0.9303
dinov2_s,boot_pair,6,27,0.7176977754270962,0.9171011440747968,0.9035
dinov2_s,boot_pair,6,28,0.6940029880362893,0.9246596744780258,0.9209
dinov2_s,boot_pair,6,29,0.6550253764218883,0.9111055306860512,0.8943
dinov2_s,boot_pair,7,8,0.7066216141245697,0.9229894101788702,0.8782
dinov2_s,boot_pair,7,9,0.6000334403041042,0.8934878640112387,0.8490000000000001
dinov2_s,boot_pair,7,10,0.6441010804233861,0.8927853387070203,0.8415
dinov2_s,boot_pair,7,11,0.5772738590675399,0.8857147683237716,0.8434
dinov2_s,boot_pair,7,12,0.6140960718154892,0.905631949052762,0.8348
dinov2_s,boot_pair,7,13,0.6475008854749883,0.8994390812046593,0.8752
dinov2_s,boot_pair,7,14,0.6538587765720726,0.9146171220656296,0.902
dinov2_s,boot_pair,7,15,0.6176453347430276,0.9000457711069706,0.8504
dinov2_s,boot_pair,7,16,0.6208280570258965,0.9036031708590072,0.8278
dinov2_s,boot_pair,7,17,0.6272923904123616,0.915050006050875,0.831
dinov2_s,boot_pair,7,18,0.6013708685096942,0.9070803313082164,0.8796
dinov2_s,boot_pair,7,19,0.6151334693549954,0.8919268140225365,0.8363
dinov2_s,boot_pair,7,20,0.6205385201888063,0.9046843896708172,0.81
dinov2_s,boot_pair,7,21,0.5883258989540854,0.9107144567528308,0.8343
dinov2_s,boot_pair,7,22,0.5852442897124938,0.8962090101689559,0.8543
dinov2_s,boot_pair,7,23,0.5981942098827077,0.9036725169756198,0.8324
dinov2_s,boot_pair,7,24,0.5967408269937318,0.9038662534959924,0.8404
dinov2_s,boot_pair,7,25,0.6836623760280611,0.9092765983976618,0.7773
dinov2_s,boot_pair,7,26,0.6953705183660046,0.8988234909823368,0.8565
dinov2_s,boot_pair,7,27,0.6306305557268459,0.8998173040578118,0.8489
dinov2_s,boot_pair,7,28,0.6393060624498111,0.9132098201482938,0.8848
dinov2_s,boot_pair,7,29,0.5790009391488075,0.8922857330435191,0.8228
dinov2_s,boot_pair,8,9,0.7035767544820626,0.9044934976655392,0.9088
dinov2_s,boot_pair,8,10,0.7177046678482152,0.9080174457440569,0.9022
dinov2_s,boot_pair,8,11,0.6177444778798464,0.8961379976645627,0.8782
dinov2_s,boot_pair,8,12,0.6867109398886914,0.9137794588003688,0.8702
dinov2_s,boot_pair,8,13,0.7080074188712031,0.92844135178028,0.8496
dinov2_s,boot_pair,8,14,0.7435663185770178,0.9224403905967578,0.8546
dinov2_s,boot_pair,8,15,0.7300217887529987,0.9192401044673338,0.9085
dinov2_s,boot_pair,8,16,0.7559006210526574,0.9163981404839358,0.8935
dinov2_s,boot_pair,8,17,0.6675843202266105,0.9127404882372768,0.8964
dinov2_s,boot_pair,8,18,0.6855613108610413,0.9202985312946508,0.8274
dinov2_s,boot_pair,8,19,0.6463308828699759,0.9083752622853491,0.8977
dinov2_s,boot_pair,8,20,0.7377427080878566,0.9228418892243498,0.8859999999999999
dinov2_s,boot_pair,8,21,0.6496196650428413,0.9138913455605177,0.8818
dinov2_s,boot_pair,8,22,0.6651683975350648,0.9024096080031524,0.8318
dinov2_s,boot_pair,8,23,0.7063860343006949,0.908513144861514,0.9019
dinov2_s,boot_pair,8,24,0.6696791594934177,0.915588616919954,0.8023
dinov2_s,boot_pair,8,25,0.7376818105404073,0.9148012494427176,0.7953
dinov2_s,boot_pair,8,26,0.6815141491495417,0.9157999910792376,0.9256
dinov2_s,boot_pair,8,27,0.6618920094375491,0.9232517658693362,0.9195
dinov2_s,boot_pair,8,28,0.7308043069118635,0.916804328626158,0.932
dinov2_s,boot_pair,8,29,0.6554001440531393,0.9051313655855762,0.8882
dinov2_s,boot_pair,9,10,0.7932338116553115,0.9131016440765748,0.9126
dinov2_s,boot_pair,9,11,0.5948699358511846,0.9066346165919584,0.9158
dinov2_s,boot_pair,9,12,0.6121468148157242,0.8907351985619434,0.8505
dinov2_s,boot_pair,9,13,0.7488966028611529,0.909678283595324,0.8393
dinov2_s,boot_pair,9,14,0.7001446471339116,0.9051323706606016,0.8376
dinov2_s,boot_pair,9,15,0.6557378993192488,0.9002407565748587,0.8847
dinov2_s,boot_pair,9,16,0.6949476057004301,0.9097017466937704,0.8915
dinov2_s,boot_pair,9,17,0.6533536567181667,0.9173303934341206,0.8784
dinov2_s,boot_pair,9,18,0.723941645146571,0.9273706940490192,0.8626
dinov2_s,boot_pair,9,19,0.6072450493664615,0.8954348629681359,0.9165
dinov2_s,boot_pair,9,20,0.62336935109903,0.898332324222621,0.8592
dinov2_s,boot_pair,9,21,0.7113980306837931,0.9016663355931304,0.8759
dinov2_s,boot_pair,9,22,0.6155506571000767,0.9054353980883372,0.8262
dinov2_s,boot_pair,9,23,0.6493014922422391,0.8991316546999061,0.9343
dinov2_s,boot_pair,9,24,0.6325013739787221,0.9135658549226364,0.7968
dinov2_s,boot_pair,9,25,0.6721323101829809,0.897101595909436,0.7607
dinov2_s,boot_pair,9,26,0.6213975710226938,0.9080032191397772,0.9432
dinov2_s,boot_pair,9,27,0.6421612794967712,0.90885484427609,0.9108
dinov2_s,boot_pair,9,28,0.7166606805714588,0.9158640990609348,0.914
dinov2_s,boot_pair,9,29,0.6266703115171874,0.9051164503817168,0.8914
dinov2_s,boot_pair,10,11,0.6040682271092346,0.9013957374664792,0.8802
dinov2_s,boot_pair,10,12,0.6384179074285432,0.897303750027508,0.8555
dinov2_s,boot_pair,10,13,0.7590339660461214,0.9117801600451216,0.8187
dinov2_s,boot_pair,10,14,0.7046274134773227,0.9073826188162312,0.8301
dinov2_s,boot_pair,10,15,0.6647935962021851,0.9062396849633504,0.9238
dinov2_s,boot_pair,10,16,0.7125641128629158,0.9004239570082343,0.8876
dinov2_s,boot_pair,10,17,0.6780002461148542,0.9018694625995172,0.8764
dinov2_s,boot_pair,10,18,0.7109473056980381,0.9075894264990452,0.8257
dinov2_s,boot_pair,10,19,0.611761363299237,0.9104405812888526,0.9016
dinov2_s,boot_pair,10,20,0.6593261679994686,0.8978012606194641,0.8535
dinov2_s,boot_pair,10,21,0.6775537929976628,0.8929586335184304,0.868
dinov2_s,boot_pair,10,22,0.6184334344461755,0.91505804245022,0.8271
dinov2_s,boot_pair,10,23,0.6351689486697624,0.8904342423465229,0.8925
dinov2_s,boot_pair,10,24,0.6820348834623905,0.9116338186563718,0.8304
dinov2_s,boot_pair,10,25,0.6943532415320046,0.8923096807813473,0.7604
dinov2_s,boot_pair,10,26,0.6553075998067865,0.9208415413640288,0.9237
dinov2_s,boot_pair,10,27,0.6341483117208114,0.9049382377351466,0.9032
dinov2_s,boot_pair,10,28,0.7014242425624719,0.9091341505149564,0.8975
dinov2_s,boot_pair,10,29,0.6673949963799855,0.9063597065003476,0.8785
dinov2_s,boot_pair,11,12,0.538764005975288,0.8833188436740896,0.8344
dinov2_s,boot_pair,11,13,0.5800482018658281,0.9079476411284508,0.8115
dinov2_s,boot_pair,11,14,0.6240553294128699,0.8919407129734848,0.7967
dinov2_s,boot_pair,11,15,0.5811149084328671,0.8934878043520267,0.8608
dinov2_s,boot_pair,11,16,0.5940008270690423,0.8844658704799323,0.8713
dinov2_s,boot_pair,11,17,0.5562992954364964,0.8926428035065782,0.8557
dinov2_s,boot_pair,11,18,0.6205790956420322,0.9085757178537678,0.8433
dinov2_s,boot_pair,11,19,0.6357631611587036,0.901964654196534,0.8947
dinov2_s,boot_pair,11,20,0.5837333654287639,0.8885718073957901,0.8484
dinov2_s,boot_pair,11,21,0.5589816904808868,0.8831391150297481,0.8641
dinov2_s,boot_pair,11,22,0.6107548933135813,0.9216024516026508,0.8005
dinov2_s,boot_pair,11,23,0.617235312720324,0.9020767391355192,0.9009
dinov2_s,boot_pair,11,24,0.5501220630687801,0.9027604217372684,0.7757
dinov2_s,boot_pair,11,25,0.5918040817013074,0.8920159928819109,0.7676
dinov2_s,boot_pair,11,26,0.7218275974601309,0.9078461345631432,0.9138
dinov2_s,boot_pair,11,27,0.5946788370585369,0.8946625519193082,0.8843
dinov2_s,boot_pair,11,28,0.6055515032907546,0.9044905889939888,0.8909
dinov2_s,boot_pair,11,29,0.5608647580622474,0.8921991815589583,0.857
dinov2_s,boot_pair,12,13,0.6298098285214169,0.9050544131524471,0.7862
dinov2_s,boot_pair,12,14,0.6589858958322137,0.91205397385444,0.8124
dinov2_s,boot_pair,12,15,0.6488748687443868,0.903995922821057,0.8525
dinov2_s,boot_pair,12,16,0.6216131012617169,0.8972506588191722,0.8256
dinov2_s,boot_pair,12,17,0.6979205714123857,0.9104847291457864,0.8438
dinov2_s,boot_pair,12,18,0.6726927521658143,0.904427299774797,0.7882
dinov2_s,boot_pair,12,19,0.6802424153271992,0.9114414017791852,0.851
dinov2_s,boot_pair,12,20,0.6278088803273837,0.9056605654720208,0.8126
dinov2_s,boot_pair,12,21,0.6516095178869737,0.9095346599575076,0.8565
dinov2_s,boot_pair,12,22,0.5790860052925463,0.8970081002439113,0.7761
dinov2_s,boot_pair,12,23,0.6333038967477937,0.9079544413720008,0.8424
dinov2_s,boot_pair,12,24,0.6498910691578151,0.9073123468555846,0.7787
dinov2_s,boot_pair,12,25,0.6761156008276435,0.9014082110935616,0.8222
dinov2_s,boot_pair,12,26,0.5959201954485644,0.8955067707038837,0.8619
dinov2_s,boot_pair,12,27,0.6100645867904743,0.9138710037628232,0.8839
dinov2_s,boot_pair,12,28,0.6878146998169155,0.910687087560216,0.8642
dinov2_s,boot_pair,12,29,0.6116931431773397,0.8896195917744644,0.8246
dinov2_s,boot_pair,13,14,0.6875351160050315,0.9169292232266468,0.9303
dinov2_s,boot_pair,13,15,0.6780712574541977,0.9269050895411324,0.8169
dinov2_s,boot_pair,13,16,0.7149868521832053,0.9109263258888068,0.8066
dinov2_s,boot_pair,13,17,0.6734677779889633,0.9167447159516704,0.8069
dinov2_s,boot_pair,13,18,0.6826096774002829,0.900886279847834,0.8313
dinov2_s,boot_pair,13,19,0.6005412055910498,0.9073890092430354,0.8125
dinov2_s,boot_pair,13,20,0.6598153515835083,0.9148724035866216,0.802
dinov2_s,boot_pair,13,21,0.6908265467267347,0.9057809223236684,0.8086
dinov2_s,boot_pair,13,22,0.643630576142317,0.9182609629391422,0.8616
dinov2_s,boot_pair,13,23,0.6536204433028294,0.9086427014240448,0.8385
dinov2_s,boot_pair,13,24,0.6768123669878123,0.9136501657903884,0.843
dinov2_s,boot_pair,13,25,0.6998031510285148,0.9118892335191092,0.7176
dinov2_s,boot_pair,13,26,0.6347089189731956,0.9173119968576896,0.8407
dinov2_s,boot_pair,13,27,0.6365937003580225,0.9132140793255129,0.8162
dinov2_s,boot_pair,13,28,0.704217940050866,0.9215102408669542,0.8345
dinov2_s,boot_pair,13,29,0.6036626998863053,0.9013110700962036,0.799
dinov2_s,boot_pair,14,15,0.7390782348931312,0.9067537467706176,0.8296
dinov2_s,boot_pair,14,16,0.7237935970524753,0.908744752459242,0.8199
dinov2_s,boot_pair,14,17,0.7161077707945096,0.91157832784885,0.8212
dinov2_s,boot_pair,14,18,0.6672185634523814,0.90308459322887,0.8282
dinov2_s,boot_pair,14,19,0.6719839616436329,0.9055735016645032,0.8336
dinov2_s,boot_pair,14,20,0.6680338287271329,0.9198536898121344,0.8139
dinov2_s,boot_pair,14,21,0.6342101322568585,0.9120127765163516,0.8086
dinov2_s,boot_pair,14,22,0.6894764608563161,0.9146299202565488,0.8743
dinov2_s,boot_pair,14,23,0.7393498482926841,0.9129913168900928,0.8444
dinov2_s,boot_pair,14,24,0.6577920255538566,0.9212089112089528,0.8715
dinov2_s,boot_pair,14,25,0.6936088997630625,0.9060770337347878,0.7261
dinov2_s,boot_pair,14,26,0.7154841032566128,0.9081905413435486,0.8351
dinov2_s,boot_pair,14,27,0.6841051569317858,0.9101184569330212,0.8366
dinov2_s,boot_pair,14,28,0.7182530371118462,0.915195177661036,0.8509
dinov2_s,boot_pair,14,29,0.724928558815896,0.9100869226266732,0.816
dinov2_s,boot_pair,15,16,0.6669533380731864,0.9083071314353474,0.8647
dinov2_s,boot_pair,15,17,0.7006666294131768,0.9202056402382672,0.8698
dinov2_s,boot_pair,15,18,0.6188063214189631,0.9004191482983295,0.8006
dinov2_s,boot_pair,15,19,0.6580012676384694,0.907415174854182,0.8824
dinov2_s,boot_pair,15,20,0.7351536623483839,0.921776562188963,0.841
dinov2_s,boot_pair,15,21,0.6027472378463199,0.9017443592004936,0.8664
dinov2_s,boot_pair,15,22,0.719849219485788,0.9027665995170876,0.8163
dinov2_s,boot_pair,15,23,0.7174534143548281,0.8997504506913725,0.8654
dinov2_s,boot_pair,15,24,0.6630142662420908,0.9132378201658126,0.8267
dinov2_s,boot_pair,15,25,0.6843769416750496,0.9134053077538812,0.7721
dinov2_s,boot_pair,15,26,0.6265684143690532,0.8998106053408436,0.8951
dinov2_s,boot_pair,15,27,0.6765690461073918,0.921263408943718,0.8919
dinov2_s,boot_pair,15,28,0.6867372441099118,0.9223061105288904,0.8988
dinov2_s,boot_pair,15,29,0.6976463541346862,0.902069980250524,0.8636
dinov2_s,boot_pair,16,17,0.6394154100870721,0.9231744999246276,0.9312
dinov2_s,boot_pair,16,18,0.7427206710242742,0.9207697043728952,0.8468
dinov2_s,boot_pair,16,19,0.6668360515708098,0.9021657397764784,0.9045
dinov2_s,boot_pair,16,20,0.710875332821154,0.91931282754527,0.9309
dinov2_s,boot_pair,16,21,0.6435880025183967,0.9075942597013288,0.846
dinov2_s,boot_pair,16,22,0.6562872724509143,0.8991444252788341,0.8447
dinov2_s,boot_pair,16,23,0.6917304031389292,0.9035707786625122,0.8872
dinov2_s,boot_pair,16,24,0.6494663330191532,0.9085205604830312,0.7712
dinov2_s,boot_pair,16,25,0.6662411833429158,0.9031560089051583,0.7473
dinov2_s,boot_pair,16,26,0.6043030445221553,0.8958457730534478,0.8936
dinov2_s,boot_pair,16,27,0.6210644033362162,0.9100838942478366,0.8907
dinov2_s,boot_pair,16,28,0.6590862282173116,0.9056560126673476,0.8875
dinov2_s,boot_pair,16,29,0.6716243525380382,0.9082769626766642,0.9532
dinov2_s,boot_pair,17,18,0.6635241351452986,0.9184942856348116,0.8431
dinov2_s,boot_pair,17,19,0.6183677845207657,0.9081334348468724,0.8813
dinov2_s,boot_pair,17,20,0.6133105758845641,0.9108100511187606,0.9102
dinov2_s,boot_pair,17,21,0.6692719959278715,0.9237151422009312,0.8469
dinov2_s,boot_pair,17,22,0.6334376110613995,0.9062840523005778,0.8387
dinov2_s,boot_pair,17,23,0.6261859399262403,0.906025644193678,0.8691
dinov2_s,boot_pair,17,24,0.6719521765120577,0.9168199493403544,0.7841
dinov2_s,boot_pair,17,25,0.7030588105481075,0.9166765385207812,0.7583
dinov2_s,boot_pair,17,26,0.6014662922721216,0.9023181744255356,0.8935
dinov2_s,boot_pair,17,27,0.6425374512038173,0.9229846389269524,0.882
dinov2_s,boot_pair,17,28,0.7056344317601413,0.9196548840590032,0.8882
dinov2_s,boot_pair,17,29,0.6587147755391226,0.902036695858072,0.9236
dinov2_s,boot_pair,18,19,0.5828792366227854,0.8959414730562083,0.8228
dinov2_s,boot_pair,18,20,0.6499792706215254,0.9107291416520994,0.8217
dinov2_s,boot_pair,18,21,0.6505301951708337,0.9109105091320936,0.7963
dinov2_s,boot_pair,18,22,0.6160243651857484,0.913838843174486,0.8884
dinov2_s,boot_pair,18,23,0.6450429246564762,0.9096745636440352,0.8418
dinov2_s,boot_pair,18,24,0.6424008815713124,0.9150017258166044,0.8029
dinov2_s,boot_pair,18,25,0.7363873935840708,0.911887647243202,0.7263
dinov2_s,boot_pair,18,26,0.5992375270104969,0.9110067475563224,0.8554
dinov2_s,boot_pair,18,27,0.6168122643603791,0.9152329485787396,0.8236
dinov2_s,boot_pair,18,28,0.7325320537035755,0.9174106536228851,0.8295
dinov2_s,boot_pair,18,29,0.6582796470275474,0.9039061303455156,0.8425
dinov2_s,boot_pair,19,20,0.6098892352952492,0.9100157578487108,0.8619
dinov2_s,boot_pair,19,21,0.6333278545828812,0.8979884996791611,0.8822
dinov2_s,boot_pair,19,22,0.627599089570781,0.9141888238972208,0.8228
dinov2_s,boot_pair,19,23,0.6807099441431871,0.9085685445657656,0.9048
dinov2_s,boot_pair,19,24,0.5942749143730269,0.9044592337528272,0.7974
dinov2_s,boot_pair,19,25,0.5863890913949645,0.8992409467981265,0.7616
dinov2_s,boot_pair,19,26,0.6932265994265342,0.9054918530907712,0.9137
dinov2_s,boot_pair,19,27,0.7150039339177473,0.9108527285171648,0.9133
dinov2_s,boot_pair,19,28,0.643826901521678,0.9079983399353866,0.9005
dinov2_s,boot_pair,19,29,0.6179779700817762,0.9009734976912034,0.8978
dinov2_s,boot_pair,20,21,0.6083992789639465,0.9043258532180825,0.8231
dinov2_s,boot_pair,20,22,0.6669948954978999,0.909550930455112,0.8277
dinov2_s,boot_pair,20,23,0.691718018021499,0.9134080692483656,0.8761
dinov2_s,boot_pair,20,24,0.6540541325841114,0.9138377597439826,0.7732
dinov2_s,boot_pair,20,25,0.6406998640465218,0.9096267573138764,0.732
dinov2_s,boot_pair,20,26,0.5961537604499068,0.8942449950359644,0.865
dinov2_s,boot_pair,20,27,0.6145667191213089,0.9073914285626636,0.8605
dinov2_s,boot_pair,20,28,0.6224809619425352,0.9178762155019126,0.86
dinov2_s,boot_pair,20,29,0.6395931483092488,0.9193262415692199,0.9044
dinov2_s,boot_pair,21,22,0.5967458496223559,0.8994433050590437,0.7881
dinov2_s,boot_pair,21,23,0.6297503796397805,0.9027886101883902,0.8665
dinov2_s,boot_pair,21,24,0.6167074611634871,0.9090927913842468,0.7889
dinov2_s,boot_pair,21,25,0.6127409222375286,0.9002390612581074,0.7712
dinov2_s,boot_pair,21,26,0.5850434685330682,0.8975510601703974,0.8742
dinov2_s,boot_pair,21,27,0.6006680118979052,0.9066120495716792,0.8937
dinov2_s,boot_pair,21,28,0.6054660590806195,0.9001614214678437,0.8759999999999999
dinov2_s,boot_pair,21,29,0.5398395247388604,0.9009919455427641,0.8472
dinov2_s,boot_pair,22,23,0.7108908302381308,0.9090303751848438,0.8257
dinov2_s,boot_pair,22,24,0.6164862467248756,0.9114552034315736,0.8434
dinov2_s,boot_pair,22,25,0.6390018307278178,0.9076782875080976,0.7119
dinov2_s,boot_pair,22,26,0.6345892117650666,0.9127040827114145,0.8301
dinov2_s,boot_pair,22,27,0.6613127442257499,0.9096484577299144,0.8265
dinov2_s,boot_pair,22,28,0.6739465269945513,0.9207910322114068,0.8240000000000001
dinov2_s,boot_pair,22,29,0.7234255732203625,0.9174352230589964,0.8446
dinov2_s,boot_pair,23,24,0.6247499926771187,0.9042291789431536,0.7864
dinov2_s,boot_pair,23,25,0.6796307294945761,0.9080088308850645,0.7497
dinov2_s,boot_pair,23,26,0.676247105555915,0.9066647637816672,0.9222
dinov2_s,boot_pair,23,27,0.7096457585552385,0.9074981342346612,0.8998
dinov2_s,boot_pair,23,28,0.6864290274301209,0.9081918625413914,0.8912
dinov2_s,boot_pair,23,29,0.6526037022648085,0.9050697015650228,0.8797
dinov2_s,boot_pair,24,25,0.6862509964535768,0.9095363208827714,0.7025
dinov2_s,boot_pair,24,26,0.5885246197359079,0.9010952011991836,0.7986
dinov2_s,boot_pair,24,27,0.5591469389943928,0.9080432464162784,0.8083
dinov2_s,boot_pair,24,28,0.7251793140708271,0.9283312341130036,0.809
dinov2_s,boot_pair,24,29,0.592037019462791,0.9086544223168516,0.773
dinov2_s,boot_pair,25,26,0.6152414953951328,0.8875360691942588,0.7712
dinov2_s,boot_pair,25,27,0.6162958040276901,0.907106189261724,0.7743
dinov2_s,boot_pair,25,28,0.8029867606204795,0.9184370033451846,0.802
dinov2_s,boot_pair,25,29,0.6424000137639508,0.8997517057529959,0.7483
dinov2_s,boot_pair,26,27,0.6803263504230626,0.903025402847635,0.9094
dinov2_s,boot_pair,26,28,0.6566549040167347,0.9053143102870971,0.9184
dinov2_s,boot_pair,26,29,0.6051341141484897,0.8872764307670109,0.8849
dinov2_s,boot_pair,27,28,0.6445114115566418,0.917884472978836,0.9076
dinov2_s,boot_pair,27,29,0.6330963979348361,0.9014234855824068,0.8869
dinov2_s,boot_pair,28,29,0.6805751188991755,0.9099179788527092,0.8841
dinov2_s,ref_vs_boot,-1,0,0.7380133198176269,0.9269178012905694,0.8817
dinov2_s,ref_vs_boot,-1,1,0.744848397947264,0.936143495580814,0.8138
dinov2_s,ref_vs_boot,-1,2,0.6188008353535053,0.9083607502804252,0.8634
dinov2_s,ref_vs_boot,-1,3,0.7303472388081772,0.933609689772028,0.8984
dinov2_s,ref_vs_boot,-1,4,0.6331627256191276,0.9278968568355248,0.8738
dinov2_s,ref_vs_boot,-1,5,0.6766352543735014,0.9239164037858492,0.9157
dinov2_s,ref_vs_boot,-1,6,0.7369556589614271,0.9393992727984236,0.875
dinov2_s,ref_vs_boot,-1,7,0.616399138748406,0.918452570198848,0.8247
dinov2_s,ref_vs_boot,-1,8,0.6941052470250744,0.9337929953600324,0.9006
dinov2_s,ref_vs_boot,-1,9,0.6593318317648663,0.9149203383415678,0.8826
dinov2_s,ref_vs_boot,-1,10,0.6685657333651326,0.9180924693072808,0.8564
dinov2_s,ref_vs_boot,-1,11,0.5936628647744083,0.8999825739523963,0.8586
dinov2_s,ref_vs_boot,-1,12,0.6565268342717031,0.9217931194676736,0.8197
dinov2_s,ref_vs_boot,-1,13,0.6725283713349226,0.9258914351388566,0.831
dinov2_s,ref_vs_boot,-1,14,0.7075436500612386,0.9257108187387252,0.8249
dinov2_s,ref_vs_boot,-1,15,0.7438852978924738,0.9227365267220148,0.8527
dinov2_s,ref_vs_boot,-1,16,0.6956699482852755,0.92207683007736,0.9109999999999999
dinov2_s,ref_vs_boot,-1,17,0.7007194317186338,0.9373248734139472,0.9159999999999999
dinov2_s,ref_vs_boot,-1,18,0.6726205625595989,0.9301212436791172,0.8463
dinov2_s,ref_vs_boot,-1,19,0.6963251983652499,0.9238881917524754,0.8688
dinov2_s,ref_vs_boot,-1,20,0.6971605974786748,0.9299349239187974,0.8975
dinov2_s,ref_vs_boot,-1,21,0.6860230529048637,0.9283712688576712,0.8399
dinov2_s,ref_vs_boot,-1,22,0.7540435314203622,0.9272387371067656,0.838
dinov2_s,ref_vs_boot,-1,23,0.8114304084772384,0.931826506490117,0.9058
dinov2_s,ref_vs_boot,-1,24,0.6190497924737922,0.9228066739022516,0.7595
dinov2_s,ref_vs_boot,-1,25,0.6521510348359529,0.9248653996075572,0.7547
dinov2_s,ref_vs_boot,-1,26,0.6449309998151633,0.9128539164847891,0.8882
dinov2_s,ref_vs_boot,-1,27,0.7268955602556211,0.9291538130918672,0.8727
dinov2_s,ref_vs_boot,-1,28,0.6655662839815489,0.9282988152077928,0.8887
dinov2_s,ref_vs_boot,-1,29,0.6598030120743695,0.9181811639966221,0.8967
i21k_b,boot_pair,0,1,0.9572980256930916,0.9468467328002236,0.9079999999999999
i21k_b,boot_pair,0,2,0.9609022542539201,0.9521728504668768,0.9215
i21k_b,boot_pair,0,3,0.9528892070196708,0.928539828369254,0.8753
i21k_b,boot_pair,0,4,0.9508293521379204,0.9325229470185208,0.8836
i21k_b,boot_pair,0,5,0.9484084033111778,0.9344414176947567,0.8837
i21k_b,boot_pair,0,6,0.9488397589970422,0.9333588615583436,0.8788
i21k_b,boot_pair,0,7,0.9550046118941734,0.9512105277233908,0.8644
i21k_b,boot_pair,0,8,0.9561744073070984,0.9456131427758976,0.8781
i21k_b,boot_pair,0,9,0.9540614822694072,0.9320579161717288,0.8184
i21k_b,boot_pair,0,10,0.9373387955765916,0.9346438703936047,0.9037
i21k_b,boot_pair,0,11,0.9644632801384948,0.9579060248000484,0.9258
i21k_b,boot_pair,0,12,0.9507866994954852,0.9297921381621004,0.8174
i21k_b,boot_pair,0,13,0.9390387131329254,0.9457809117216692,0.9034
i21k_b,boot_pair,0,14,0.9456734468625108,0.9262536119735332,0.8714
i21k_b,boot_pair,0,15,0.9577325313427698,0.9147789121243566,0.778
i21k_b,boot_pair,0,16,0.9281058502986842,0.9354752026565089,0.8922
i21k_b,boot_pair,0,17,0.9541570785528252,0.9391436606729352,0.8362
i21k_b,boot_pair,0,18,0.9481489916513964,0.9479214650455124,0.8511
i21k_b,boot_pair,0,19,0.9312908636566676,0.9254689565285872,0.8171
i21k_b,boot_pair,0,20,0.9286488593051362,0.9393619756056452,0.8754
i21k_b,boot_pair,0,21,0.9550767016753988,0.9554685598242756,0.8732
i21k_b,boot_pair,0,22,0.9570948377835116,0.947972628890976,0.9013
i21k_b,boot_pair,0,23,0.9538132938089744,0.9487734165230352,0.9098
i21k_b,boot_pair,0,24,0.931874671989642,0.9328559731067833,0.8814
i21k_b,boot_pair,0,25,0.9649922051989368,0.945803671710746,0.8554
i21k_b,boot_pair,0,26,0.9425080934435478,0.9484433110763928,0.851
i21k_b,boot_pair,0,27,0.9454179239823652,0.9496863046429762,0.8678
i21k_b,boot_pair,0,28,0.94520164485451,0.9422855172453052,0.9037
i21k_b,boot_pair,0,29,0.946599031477557,0.9457686677725384,0.9145
i21k_b,boot_pair,1,2,0.9671062530574182,0.9680434379648812,0.9423
i21k_b,boot_pair,1,3,0.9453447561710726,0.9194732903973204,0.867
i21k_b,boot_pair,1,4,0.9527301816318512,0.9408556454082616,0.889
i21k_b,boot_pair,1,5,0.9447467980986016,0.9416919378738964,0.8999
i21k_b,boot_pair,1,6,0.9600908812691876,0.9377797946755988,0.8789
i21k_b,boot_pair,1,7,0.9559543647406462,0.961936387812952,0.8849
i21k_b,boot_pair,1,8,0.9496095020554562,0.931217802639845,0.8642
i21k_b,boot_pair,1,9,0.9560545548229632,0.9396600852822328,0.8398
i21k_b,boot_pair,1,10,0.9424074871992402,0.943468932857999,0.9101
i21k_b,boot_pair,1,11,0.9707372183493729,0.9641938435481654,0.9363
i21k_b,boot_pair,1,12,0.9549804828248089,0.928021180900256,0.82
i21k_b,boot_pair,1,13,0.9287445969804956,0.9605286356139648,0.9359999999999999
i21k_b,boot_pair,1,14,0.9530220728960196,0.9278709861401128,0.8667
i21k_b,boot_pair,1,15,0.9601574847837068,0.9229682788696579,0.8007
i21k_b,boot_pair,1,16,0.9322463525906156,0.9603556951512848,0.9284
i21k_b,boot_pair,1,17,0.9646815936314151,0.9592390748086884,0.8627
i21k_b,boot_pair,1,18,0.9500774330884786,0.9449510939318648,0.8523
i21k_b,boot_pair,1,19,0.9549245750292068,0.9495942292544224,0.8645
i21k_b,boot_pair,1,20,0.9381986368222608,0.9307011144172188,0.8663
i21k_b,boot_pair,1,21,0.9526251287130252,0.9395042297674809,0.8482
i21k_b,boot_pair,1,22,0.9531093896124582,0.957969738798032,0.9274
i21k_b,boot_pair,1,23,0.949394895442294,0.970337654385794,0.9458
i21k_b,boot_pair,1,24,0.9330873647117948,0.9344551334903564,0.8938
i21k_b,boot_pair,1,25,0.9538948839271028,0.9433867241248098,0.8559
i21k_b,boot_pair,1,26,0.9544905839327106,0.9659143869075107,0.8824
i21k_b,boot_pair,1,27,0.940305194222928,0.9445844264897898,0.8527
i21k_b,boot_pair,1,28,0.936164647969832,0.9418661812658272,0.8954
i21k_b,boot_pair,1,29,0.9505915058766212,0.9575426678255412,0.9242
i21k_b,boot_pair,2,3,0.9427423975400724,0.9303227689631149,0.875
i21k_b,boot_pair,2,4,0.9556322652849424,0.942809096868006,0.9076
i21k_b,boot_pair,2,5,0.9414220209830428,0.9374802919551734,0.8861
i21k_b,boot_pair,2,6,0.950202359827069,0.9307311971871638,0.8771
i21k_b,boot_pair,2,7,0.9417225670947807,0.9562113455311017,0.8727
i21k_b,boot_pair,2,8,0.9393982807613964,0.9274848113766252,0.8544
i21k_b,boot_pair,2,9,0.9575679680268954,0.9394383143045876,0.8428
i21k_b,boot_pair,2,10,0.9246775036386472,0.9312515262287436,0.8934
i21k_b,boot_pair,2,11,0.9554691879421708,0.9604484678962358,0.9184
i21k_b,boot_pair,2,12,0.946674747439184,0.9313658443320104,0.8170000000000001
i21k_b,boot_pair,2,13,0.934331031067058,0.9615716338617116,0.9333
i21k_b,boot_pair,2,14,0.9539017935137162,0.9364906707290604,0.8828
i21k_b,boot_pair,2,15,0.9458475640884592,0.9096430558589992,0.7879999999999999
i21k_b,boot_pair,2,16,0.9213525299533992,0.9558021816142612,0.9323
i21k_b,boot_pair,2,17,0.9597695060156278,0.957927085837948,0.8584
i21k_b,boot_pair,2,18,0.9438300938772692,0.9398565582210144,0.8427
i21k_b,boot_pair,2,19,0.9522156202040382,0.9403867831064874,0.8487
i21k_b,boot_pair,2,20,0.927511939527682,0.9328642336687256,0.8742
i21k_b,boot_pair,2,21,0.9426093174666093,0.9372458233528604,0.8399
i21k_b,boot_pair,2,22,0.9450901411037346,0.9575425240452364,0.9307
i21k_b,boot_pair,2,23,0.940550597263324,0.9593208630312772,0.9316
i21k_b,boot_pair,2,24,0.9225551716545616,0.9358659590183402,0.8848
i21k_b,boot_pair,2,25,0.9509644837837578,0.9509092884846136,0.8596
i21k_b,boot_pair,2,26,0.9452755779704448,0.9662883094631932,0.8788
i21k_b,boot_pair,2,27,0.9484970558857752,0.9508535955401268,0.8590000000000001
i21k_b,boot_pair,2,28,0.946320353835958,0.9506755169231516,0.9142
i21k_b,boot_pair,2,29,0.9514670707919004,0.9528053557333468,0.9344
i21k_b,boot_pair,3,4,0.9356265872212332,0.9412145411632864,0.9007
i21k_b,boot_pair,3,5,0.9337897479113816,0.9473094079751809,0.9276
i21k_b,boot_pair,3,6,0.9388297299264521,0.9369682652175052,0.8852
i21k_b,boot_pair,3,7,0.9483426691825606,0.9349199516490068,0.8426
i21k_b,boot_pair,3,8,0.9473214582301204,0.9155507447185358,0.8074
i21k_b,boot_pair,3,9,0.9560018103271978,0.9643639052904736,0.8978
i21k_b,boot_pair,3,10,0.9344309419135284,0.9131529135573734,0.8631
i21k_b,boot_pair,3,11,0.9484923074554944,0.9324973818728371,0.8981
i21k_b,boot_pair,3,12,0.9434318213325644,0.9482457989105464,0.8623
i21k_b,boot_pair,3,13,0.9353970852422888,0.923681179914354,0.8747
i21k_b,boot_pair,3,14,0.9413395181835243,0.9550702501578716,0.9211
i21k_b,boot_pair,3,15,0.9398190636209091,0.915270999980168,0.7577
i21k_b,boot_pair,3,16,0.9238755033138032,0.921775774206141,0.8716
i21k_b,boot_pair,3,17,0.948411050286316,0.9253167942376316,0.8356
i21k_b,boot_pair,3,18,0.9430216882148936,0.9237394613295796,0.8098
i21k_b,boot_pair,3,19,0.9336953798503148,0.9086172867133676,0.7912
i21k_b,boot_pair,3,20,0.9161499108239252,0.9410477886043552,0.8561
i21k_b,boot_pair,3,21,0.9379911301222691,0.9151633831802012,0.7971
i21k_b,boot_pair,3,22,0.9404477259267164,0.9217725074298072,0.8488
i21k_b,boot_pair,3,23,0.9452394056631122,0.9258703925780348,0.8846
i21k_b,boot_pair,3,24,0.9196998467987948,0.9583303172078086,0.9267
i21k_b,boot_pair,3,25,0.9529789001673271,0.9245373721526956,0.8212
i21k_b,boot_pair,3,26,0.9376698345686194,0.9218902561328932,0.8186
i21k_b,boot_pair,3,27,0.9273071307328876,0.9183974537820854,0.8164
i21k_b,boot_pair,3,28,0.9342247605632048,0.9441000477198936,0.9068
i21k_b,boot_pair,3,29,0.9340407588438916,0.9225545736101876,0.856
i21k_b,boot_pair,4,5,0.9406605519620992,0.9554470217740952,0.9248
i21k_b,boot_pair,4,6,0.9457664283490838,0.9437160389686168,0.8957
i21k_b,boot_pair,4,7,0.9452358380964004,0.9420591603244718,0.8478
i21k_b,boot_pair,4,8,0.9330326838025931,0.9185655725697324,0.8248
i21k_b,boot_pair,4,9,0.9499833506971244,0.9479668870735636,0.8556
i21k_b,boot_pair,4,10,0.930417692033234,0.922278151050822,0.8762
i21k_b,boot_pair,4,11,0.9517275469005724,0.9440080721081551,0.9002
i21k_b,boot_pair,4,12,0.9407767072625034,0.9388796413370868,0.8420000000000001
i21k_b,boot_pair,4,13,0.9197859421405552,0.9278928799657016,0.8724
i21k_b,boot_pair,4,14,0.9419762562155082,0.9472686822927324,0.9178
i21k_b,boot_pair,4,15,0.9400398276385068,0.9220177159159084,0.7774
i21k_b,boot_pair,4,16,0.9224075246146952,0.9335386556540785,0.8983
i21k_b,boot_pair,4,17,0.9459567022317712,0.9434490390251448,0.8393
i21k_b,boot_pair,4,18,0.9383244342969376,0.9265080983941368,0.8059
i21k_b,boot_pair,4,19,0.947881904195063,0.925751784627292,0.8181
i21k_b,boot_pair,4,20,0.9197070309058658,0.9365863492474228,0.8755
i21k_b,boot_pair,4,21,0.9458545735558468,0.9298322624149512,0.8199
i21k_b,boot_pair,4,22,0.941755115269954,0.94107217729831,0.8942
i21k_b,boot_pair,4,23,0.9360565020799284,0.9351561753330062,0.8769
i21k_b,boot_pair,4,24,0.9246743441317664,0.9446186609031832,0.9125
i21k_b,boot_pair,4,25,0.9367232617773033,0.9211965418659308,0.8208
i21k_b,boot_pair,4,26,0.9383456156125648,0.9395261913852812,0.8306
i21k_b,boot_pair,4,27,0.9437463031028834,0.9283134933279376,0.8244
i21k_b,boot_pair,4,28,0.9537781842780452,0.9536253324111724,0.9175
i21k_b,boot_pair,4,29,0.9484347482296211,0.9380936713086128,0.8908
i21k_b,boot_pair,5,6,0.9313213625941579,0.9465656166690992,0.8946
i21k_b,boot_pair,5,7,0.9410764378432585,0.9338559772506182,0.8357
i21k_b,boot_pair,5,8,0.9576950410680006,0.9323820610637616,0.8331
i21k_b,boot_pair,5,9,0.9291570335371748,0.9558366236556696,0.8779
i21k_b,boot_pair,5,10,0.9310205438182094,0.9171404679705036,0.8642
i21k_b,boot_pair,5,11,0.9388661111192352,0.9357812672468552,0.8969
i21k_b,boot_pair,5,12,0.9474313967762916,0.95762562512798,0.8778
i21k_b,boot_pair,5,13,0.9210068046690988,0.9292713273817466,0.8887
i21k_b,boot_pair,5,14,0.9351685734761456,0.952978645331451,0.9242
i21k_b,boot_pair,5,15,0.9462597574101976,0.9360414299025968,0.7865
i21k_b,boot_pair,5,16,0.9049273479122524,0.9289909455817036,0.871
i21k_b,boot_pair,5,17,0.9329761912037516,0.93522223826262,0.8357
i21k_b,boot_pair,5,18,0.9402778780194928,0.9248080056642198,0.8038
i21k_b,boot_pair,5,19,0.920722821903602,0.918165299908222,0.8018
i21k_b,boot_pair,5,20,0.9212194342019521,0.9524929624451872,0.8774
i21k_b,boot_pair,5,21,0.9507092778183606,0.9289493194468788,0.8115
i21k_b,boot_pair,5,22,0.9542496338326588,0.9316669840399512,0.8671
i21k_b,boot_pair,5,23,0.9408547394657808,0.9357456333750231,0.8938
i21k_b,boot_pair,5,24,0.9288415916852596,0.95632529116763,0.9352
i21k_b,boot_pair,5,25,0.943216791837212,0.9257071135326824,0.8224
i21k_b,boot_pair,5,26,0.9669069161985436,0.9465953183365096,0.8388
i21k_b,boot_pair,5,27,0.9378173447406766,0.9271277016793636,0.8294
i21k_b,boot_pair,5,28,0.918332752918285,0.9417201950733864,0.9108
i21k_b,boot_pair,5,29,0.9497882141942008,0.9380686383062936,0.8781
i21k_b,boot_pair,6,7,0.94254482466902,0.9322868403123136,0.8204
i21k_b,boot_pair,6,8,0.9274437754529334,0.9221942859549456,0.8154
i21k_b,boot_pair,6,9,0.9438022086957802,0.9511311775399852,0.8535
i21k_b,boot_pair,6,10,0.9419453539365016,0.9214294509824692,0.852
i21k_b,boot_pair,6,11,0.94893824256528,0.9276502584176922,0.8568
i21k_b,boot_pair,6,12,0.9419728621890168,0.9464146966019444,0.8556
i21k_b,boot_pair,6,13,0.9326323347527562,0.9267822557717748,0.8681
i21k_b,boot_pair,6,14,0.9420061070614856,0.9464906470844128,0.9042
i21k_b,boot_pair,6,15,0.9357444301780302,0.925301115871588,0.7542
i21k_b,boot_pair,6,16,0.9173286320251308,0.9184441633678508,0.8584
i21k_b,boot_pair,6,17,0.9483682310857788,0.9307418576866584,0.8081
i21k_b,boot_pair,6,18,0.9590656256786256,0.9425720532956552,0.8307
i21k_b,boot_pair,6,19,0.9576947594708476,0.9382924284783886,0.8259
i21k_b,boot_pair,6,20,0.9220788519609364,0.9497368836889252,0.8667
i21k_b,boot_pair,6,21,0.9466017386251454,0.9331838678019572,0.8203
i21k_b,boot_pair,6,22,0.931272047143158,0.9237791919528066,0.8554
i21k_b,boot_pair,6,23,0.9348051550676426,0.9274255057722,0.8629
i21k_b,boot_pair,6,24,0.9266771223954956,0.9483889351282734,0.9008
i21k_b,boot_pair,6,25,0.9356970787822312,0.9096484662600351,0.7855
i21k_b,boot_pair,6,26,0.9380345252199588,0.9331540201742241,0.8171
i21k_b,boot_pair,6,27,0.9325206395749992,0.9218416247324216,0.8036
i21k_b,boot_pair,6,28,0.9229252130089984,0.9298792829445508,0.8752
i21k_b,boot_pair,6,29,0.936339768672568,0.9292779704037456,0.8568
i21k_b,boot_pair,7,8,0.9561476793782184,0.9412453142069788,0.8601
i21k_b,boot_pair,7,9,0.9523410019894116,0.9453601469328341,0.9035
i21k_b,boot_pair,7,10,0.9505724259552896,0.9493690709560749,0.8690000000000001
i21k_b,boot_pair,7,11,0.9618223480726268,0.9687682314052938,0.8883
i21k_b,boot_pair,7,12,0.9580550535424082,0.9334398061621356,0.8509
i21k_b,boot_pair,7,13,0.9399699280481688,0.9588821161916421,0.8692
i21k_b,boot_pair,7,14,0.9466446702975436,0.9302277603748972,0.8195
i21k_b,boot_pair,7,15,0.9509923045947116,0.9232542853612296,0.8161
i21k_b,boot_pair,7,16,0.9360948101677398,0.9560964792522952,0.8639
i21k_b,boot_pair,7,17,0.9464270360127836,0.9645151911001596,0.9039
i21k_b,boot_pair,7,18,0.9594423721718702,0.9461803488009288,0.9095
i21k_b,boot_pair,7,19,0.9467375878027732,0.9526980635650416,0.8893
i21k_b,boot_pair,7,20,0.9230205089279764,0.9278339145359824,0.8129
i21k_b,boot_pair,7,21,0.9544511861707068,0.9511653688941268,0.9209999999999999
i21k_b,boot_pair,7,22,0.9508483021629368,0.9580065259678622,0.8622
i21k_b,boot_pair,7,23,0.9468845980272479,0.9590955422483654,0.8724
i21k_b,boot_pair,7,24,0.937457886165485,0.9371669201195814,0.8457
i21k_b,boot_pair,7,25,0.9518095449172134,0.951990146402226,0.8941
i21k_b,boot_pair,7,26,0.9498962396748653,0.960688122530963,0.9357
i21k_b,boot_pair,7,27,0.932254789387574,0.9477603391845248,0.9246
i21k_b,boot_pair,7,28,0.9381587011678678,0.946500428875013,0.8512
i21k_b,boot_pair,7,29,0.943128824112117,0.9559433424165876,0.8765
i21k_b,boot_pair,8,9,0.9451962349285592,0.9274185388233848,0.8049
i21k_b,boot_pair,8,10,0.9529632123112446,0.9376465196663484,0.8745
i21k_b,boot_pair,8,11,0.9578012531267104,0.93471534741436,0.8528
i21k_b,boot_pair,8,12,0.9517795029479064,0.9286413624459116,0.8162
i21k_b,boot_pair,8,13,0.9213873310059888,0.92210527983898,0.8512
i21k_b,boot_pair,8,14,0.9509622916733164,0.914358580411998,0.7977
i21k_b,boot_pair,8,15,0.9627489657903384,0.9345117632600669,0.8049
i21k_b,boot_pair,8,16,0.932044113455784,0.92838621414529,0.8444
i21k_b,boot_pair,8,17,0.94145865903401,0.9368951424418526,0.8543
i21k_b,boot_pair,8,18,0.9395785589280912,0.9453206322483796,0.8578
i21k_b,boot_pair,8,19,0.9340557185544391,0.9372649891784348,0.8593
i21k_b,boot_pair,8,20,0.925204392569814,0.9370537685422576,0.8420000000000001
i21k_b,boot_pair,8,21,0.961059108562936,0.9602491964066548,0.8924
i21k_b,boot_pair,8,22,0.9598665289983768,0.9315144814746004,0.8440000000000001
i21k_b,boot_pair,8,23,0.9445762686119836,0.935096358491903,0.8608
i21k_b,boot_pair,8,24,0.9284643799773604,0.9208319013856708,0.8239
i21k_b,boot_pair,8,25,0.9579097701433944,0.9491142987701312,0.8794
i21k_b,boot_pair,8,26,0.9559143350800736,0.9373773034038542,0.8425
i21k_b,boot_pair,8,27,0.9366165301257235,0.9389935545256932,0.8584
i21k_b,boot_pair,8,28,0.9305170174068438,0.9181100057110186,0.8231
i21k_b,boot_pair,8,29,0.9529759035990136,0.946431067732705,0.882
i21k_b,boot_pair,9,10,0.938760902370313,0.9238971204525444,0.8078
i21k_b,boot_pair,9,11,0.957462190806688,0.9443191839414504,0.847
i21k_b,boot_pair,9,12,0.9481019770294,0.9545878241621436,0.8885
i21k_b,boot_pair,9,13,0.9266934833108491,0.9303535599608728,0.8381
i21k_b,boot_pair,9,14,0.937776814139944,0.9500721687464284,0.8643
i21k_b,boot_pair,9,15,0.9519441900855664,0.935848060471328,0.8032
i21k_b,boot_pair,9,16,0.92970648026419,0.9357972726972624,0.8369
i21k_b,boot_pair,9,17,0.9512884846970732,0.9421907899766228,0.866
i21k_b,boot_pair,9,18,0.9370588551009676,0.9295168350649868,0.8704
i21k_b,boot_pair,9,19,0.9509533220230764,0.927028465341382,0.8348
i21k_b,boot_pair,9,20,0.9210331641790452,0.9451579995362842,0.8089
i21k_b,boot_pair,9,21,0.9408510013075648,0.9253446899886542,0.8508
i21k_b,boot_pair,9,22,0.9461132821827088,0.936632241849057,0.8245
i21k_b,boot_pair,9,23,0.9576144621337414,0.9486844813972172,0.8561
i21k_b,boot_pair,9,24,0.9256046710026592,0.955588092244558,0.8683
i21k_b,boot_pair,9,25,0.9513399338582454,0.9330042596215168,0.8497
i21k_b,boot_pair,9,26,0.9439217603998609,0.9407947540961848,0.9035
i21k_b,boot_pair,9,27,0.9466392512608864,0.9311884898769408,0.8798
i21k_b,boot_pair,9,28,0.9477735123357668,0.9501582831175148,0.8602
i21k_b,boot_pair,9,29,0.9507456035143766,0.936978671770494,0.8197
i21k_b,boot_pair,10,11,0.9388613012757848,0.9403362290948134,0.9101
i21k_b,boot_pair,10,12,0.9325038833821718,0.9078935344025942,0.7867
i21k_b,boot_pair,10,13,0.9400231522866452,0.9396985982277306,0.9005
i21k_b,boot_pair,10,14,0.9356229901762164,0.9108440446901744,0.8429
i21k_b,boot_pair,10,15,0.9447588546675274,0.9009766439860276,0.7771
i21k_b,boot_pair,10,16,0.9190088428434632,0.9318660741531702,0.883
i21k_b,boot_pair,10,17,0.9253357251419568,0.9287698364835819,0.8301
i21k_b,boot_pair,10,18,0.9455544094224068,0.9420462053869122,0.841
i21k_b,boot_pair,10,19,0.93393722727415,0.9453944272080538,0.8507
i21k_b,boot_pair,10,20,0.9176578233791636,0.9125999140876021,0.846
i21k_b,boot_pair,10,21,0.9645374998080358,0.9411812836239976,0.8540000000000001
i21k_b,boot_pair,10,22,0.946521915657847,0.9381982424355206,0.888
i21k_b,boot_pair,10,23,0.9494457766639188,0.9494748424465314,0.9125
i21k_b,boot_pair,10,24,0.934343722170246,0.9257816555014876,0.8853
i21k_b,boot_pair,10,25,0.9420828817761264,0.9498880101371564,0.8671
i21k_b,boot_pair,10,26,0.935732710405074,0.9366187735579474,0.8397
i21k_b,boot_pair,10,27,0.9411834574388732,0.9593118387999844,0.8771
i21k_b,boot_pair,10,28,0.9100289130770906,0.9183003101471992,0.8625
i21k_b,boot_pair,10,29,0.93467944886719,0.9570132463112612,0.9273
i21k_b,boot_pair,11,12,0.9479257791145708,0.9270535592674036,0.8213
i21k_b,boot_pair,11,13,0.9272735634041268,0.9516087063779486,0.9175
i21k_b,boot_pair,11,14,0.9467902009036172,0.9321111575989228,0.8858
i21k_b,boot_pair,11,15,0.9648291380848684,0.9226843765052208,0.8015
i21k_b,boot_pair,11,16,0.9335913230232074,0.9538005449868384,0.9117
i21k_b,boot_pair,11,17,0.9615918342688397,0.967287559252502,0.8837
i21k_b,boot_pair,11,18,0.9405433056929944,0.9358060166409692,0.8397
i21k_b,boot_pair,11,19,0.9482289966186648,0.9429480162622452,0.8405
i21k_b,boot_pair,11,20,0.9329418687959924,0.931891423092282,0.8658
i21k_b,boot_pair,11,21,0.9603678455142176,0.9523932441411109,0.8558
i21k_b,boot_pair,11,22,0.9542856628888386,0.9648720518427509,0.9162
i21k_b,boot_pair,11,23,0.9503736693949292,0.9594589436976616,0.9335
i21k_b,boot_pair,11,24,0.9273452052944321,0.9293499053369644,0.8835
i21k_b,boot_pair,11,25,0.95306610833457,0.943685111004554,0.8513
i21k_b,boot_pair,11,26,0.9490441565001906,0.9603562136914944,0.8754
i21k_b,boot_pair,11,27,0.9420172957924366,0.9510585612135112,0.8716
i21k_b,boot_pair,11,28,0.9502167105685632,0.9568299112420412,0.9171
i21k_b,boot_pair,11,29,0.9504210750552314,0.9538316309501508,0.9157
i21k_b,boot_pair,12,13,0.934526062057894,0.9266099159408868,0.8224
i21k_b,boot_pair,12,14,0.9630930910718852,0.9611716064535488,0.8702
i21k_b,boot_pair,12,15,0.9431174404782776,0.9384798617605784,0.8415
i21k_b,boot_pair,12,16,0.9301841737541204,0.9157985725419588,0.7929
i21k_b,boot_pair,12,17,0.9547423964300144,0.938019414862023,0.905
i21k_b,boot_pair,12,18,0.9522727113964756,0.9324827672254324,0.8341
i21k_b,boot_pair,12,19,0.9453269596255448,0.9286620164310956,0.879
i21k_b,boot_pair,12,20,0.9300995794047392,0.9456187817731214,0.8059
i21k_b,boot_pair,12,21,0.942307474018258,0.9233387860143653,0.8199
i21k_b,boot_pair,12,22,0.9437971974719822,0.9209343892231194,0.7953
i21k_b,boot_pair,12,23,0.9382586214501856,0.922851602864542,0.8162
i21k_b,boot_pair,12,24,0.932530064472394,0.9604489311844044,0.8703
i21k_b,boot_pair,12,25,0.9560324258454924,0.9311449165167524,0.8791
i21k_b,boot_pair,12,26,0.9493763771380352,0.9355161650369852,0.8488
i21k_b,boot_pair,12,27,0.9265149511151084,0.9215715356834484,0.8343
i21k_b,boot_pair,12,28,0.9397110932130592,0.9390927974237664,0.8422
i21k_b,boot_pair,12,29,0.9442829522158253,0.9284771922822274,0.8101
i21k_b,boot_pair,13,14,0.9325969833701104,0.9239942680004906,0.8667
i21k_b,boot_pair,13,15,0.9222651094506918,0.9091382165700086,0.7948
i21k_b,boot_pair,13,16,0.9146669563719471,0.9464714030400608,0.9007
i21k_b,boot_pair,13,17,0.9337588134315541,0.9471583173800806,0.8598
i21k_b,boot_pair,13,18,0.9379493338662416,0.9359600777857248,0.8536
i21k_b,boot_pair,13,19,0.9180369106793641,0.9391992709740744,0.8496
i21k_b,boot_pair,13,20,0.9135173298138334,0.9175814082486492,0.8403
i21k_b,boot_pair,13,21,0.942181344993134,0.939248020897893,0.838
i21k_b,boot_pair,13,22,0.931600987949072,0.9534757650018072,0.9151
i21k_b,boot_pair,13,23,0.9472755751068418,0.9590847909528502,0.9406
i21k_b,boot_pair,13,24,0.9174742052950632,0.934606856553146,0.8897
i21k_b,boot_pair,13,25,0.9374209654266152,0.9429231672316696,0.8433
i21k_b,boot_pair,13,26,0.9225411341725036,0.9554886346936432,0.8835
i21k_b,boot_pair,13,27,0.933475279543728,0.9430946342644954,0.8571
i21k_b,boot_pair,13,28,0.9212367642850264,0.9450813964500344,0.9077
i21k_b,boot_pair,13,29,0.9110569287136911,0.937172530584449,0.8992
i21k_b,boot_pair,14,15,0.9390974874985452,0.9226520873568512,0.7626
i21k_b,boot_pair,14,16,0.9312831002285312,0.9171261774576236,0.8587
i21k_b,boot_pair,14,17,0.9590751658130322,0.9295102721509572,0.8263
i21k_b,boot_pair,14,18,0.9453663252815416,0.9209775713626908,0.7891
i21k_b,boot_pair,14,19,0.9468700132842762,0.9162943315325442,0.787
i21k_b,boot_pair,14,20,0.9366455265181844,0.9480333628180372,0.8645
i21k_b,boot_pair,14,21,0.9434253606193468,0.9157195739018228,0.7873
i21k_b,boot_pair,14,22,0.9399661617748116,0.9238815053299859,0.8602
i21k_b,boot_pair,14,23,0.9289693587800631,0.919434575473876,0.8596
i21k_b,boot_pair,14,24,0.9301904528558668,0.9624944213671904,0.9273
i21k_b,boot_pair,14,25,0.9579575723785392,0.9213664548170272,0.7995
i21k_b,boot_pair,14,26,0.9327853746563246,0.922989107779366,0.8124
i21k_b,boot_pair,14,27,0.927600809202676,0.9181261965403597,0.8098
i21k_b,boot_pair,14,28,0.9343515348486304,0.9450706230631176,0.9149
i21k_b,boot_pair,14,29,0.9376839768482226,0.9286907455720316,0.8689
i21k_b,boot_pair,15,16,0.9251972441382292,0.9058217710670712,0.7776
i21k_b,boot_pair,15,17,0.9473043275123092,0.9303962182860609,0.8809
i21k_b,boot_pair,15,18,0.9328658407283014,0.9183549965798016,0.8167
i21k_b,boot_pair,15,19,0.9390027641232656,0.9224919930509702,0.8717
i21k_b,boot_pair,15,20,0.9206355128954332,0.9287553792220584,0.7922
i21k_b,boot_pair,15,21,0.9544414163176624,0.9220863358900668,0.7922
i21k_b,boot_pair,15,22,0.9604029374468028,0.92006404654947,0.7871
i21k_b,boot_pair,15,23,0.9552389570961928,0.9195918139167608,0.8043
i21k_b,boot_pair,15,24,0.922699529179916,0.9231181568385634,0.7675
i21k_b,boot_pair,15,25,0.9502864042607041,0.9107808473092952,0.8637
i21k_b,boot_pair,15,26,0.9442612942712668,0.9203955724371496,0.825
i21k_b,boot_pair,15,27,0.9457243451795176,0.909005130652149,0.8176
i21k_b,boot_pair,15,28,0.9315913964342522,0.9136929612406672,0.7737
i21k_b,boot_pair,15,29,0.9534883409136731,0.9219878819156884,0.7926
i21k_b,boot_pair,16,17,0.9299761296396136,0.9492265089475194,0.8437
i21k_b,boot_pair,16,18,0.9176364411277124,0.9262852493833376,0.8199
i21k_b,boot_pair,16,19,0.9197869450067911,0.928133198459314,0.8285
i21k_b,boot_pair,16,20,0.9073621277906369,0.9165450385237296,0.8548
i21k_b,boot_pair,16,21,0.9239517261083804,0.9276246095255648,0.8187
i21k_b,boot_pair,16,22,0.9231445903630172,0.9520035967830384,0.9179
i21k_b,boot_pair,16,23,0.9217303902442548,0.9558308577178988,0.9146
i21k_b,boot_pair,16,24,0.8956976532281407,0.9182882759586328,0.8569
i21k_b,boot_pair,16,25,0.9387633586932068,0.9432503264188972,0.8434
i21k_b,boot_pair,16,26,0.9214469710840744,0.9532960782027152,0.8556
i21k_b,boot_pair,16,27,0.9086732810316609,0.930148804212375,0.8249
i21k_b,boot_pair,16,28,0.9339460137641241,0.9344597191088966,0.8854
i21k_b,boot_pair,16,29,0.9136723967162058,0.9416045548736316,0.9098
i21k_b,boot_pair,17,18,0.9441444618504768,0.938941205025216,0.8612
i21k_b,boot_pair,17,19,0.9499936645087396,0.9527179226693372,0.9247
i21k_b,boot_pair,17,20,0.9384093452819952,0.92412558283573,0.8059
i21k_b,boot_pair,17,21,0.9399118042250644,0.9383987212962374,0.8535
i21k_b,boot_pair,17,22,0.9400356687064828,0.9539754765662763,0.847
i21k_b,boot_pair,17,23,0.9412522894716712,0.9559439309473188,0.8673
i21k_b,boot_pair,17,24,0.9210541766244164,0.925826585185644,0.8186
i21k_b,boot_pair,17,25,0.9516162569108916,0.9465749194120174,0.9241
i21k_b,boot_pair,17,26,0.947771956909548,0.9604832847107608,0.8932
i21k_b,boot_pair,17,27,0.9310455556465932,0.9451448629141284,0.8767
i21k_b,boot_pair,17,28,0.9427046677714138,0.9439363709281406,0.8486
i21k_b,boot_pair,17,29,0.941730490717404,0.9506954599665692,0.8493
i21k_b,boot_pair,18,19,0.946843245887735,0.9518366331980328,0.8846
i21k_b,boot_pair,18,20,0.9213067371124576,0.9296367338803716,0.7935
i21k_b,boot_pair,18,21,0.9470065882463166,0.9448630680680896,0.8986
i21k_b,boot_pair,18,22,0.9288654194536942,0.9268430483595566,0.8163
i21k_b,boot_pair,18,23,0.933011451371478,0.9452571114111648,0.8639
i21k_b,boot_pair,18,24,0.9379828931842356,0.9283379032802146,0.8084
i21k_b,boot_pair,18,25,0.9455552510997312,0.942637223804231,0.8621
i21k_b,boot_pair,18,26,0.9434713630985988,0.9448853896663638,0.9165
i21k_b,boot_pair,18,27,0.9187213632270996,0.9447336091783122,0.9129
i21k_b,boot_pair,18,28,0.9203961999880116,0.9191858103354168,0.809
i21k_b,boot_pair,18,29,0.9332472529245791,0.9477976066804198,0.8459
i21k_b,boot_pair,19,20,0.9142286069913624,0.9097547798008871,0.7919
i21k_b,boot_pair,19,21,0.93642613332603,0.9326174054249282,0.8529
i21k_b,boot_pair,19,22,0.9296110609271734,0.9379313848940468,0.8365
i21k_b,boot_pair,19,23,0.9286215677664658,0.9411298403472638,0.8485
i21k_b,boot_pair,19,24,0.9276884102898904,0.9235632231987192,0.8102
i21k_b,boot_pair,19,25,0.9302343855778104,0.9453553423892728,0.9202
i21k_b,boot_pair,19,26,0.933621446243722,0.9468490736487498,0.8775
i21k_b,boot_pair,19,27,0.9380451023329538,0.95590283646018,0.8809
i21k_b,boot_pair,19,28,0.9342673417424272,0.9209382610596584,0.8053
i21k_b,boot_pair,19,29,0.9454620581340536,0.9511365057517736,0.8564
i21k_b,boot_pair,20,21,0.9286668845765332,0.9406495426432192,0.8252
i21k_b,boot_pair,20,22,0.9295452003055164,0.920241826777246,0.8424
i21k_b,boot_pair,20,23,0.9212082169547164,0.9255796422393796,0.8552
i21k_b,boot_pair,20,24,0.9189340669965552,0.9567861672725828,0.8798
i21k_b,boot_pair,20,25,0.9306215093398312,0.9173206132914186,0.8087
i21k_b,boot_pair,20,26,0.9269164091302812,0.9276652402670752,0.8019
i21k_b,boot_pair,20,27,0.9090197981872504,0.9190580959888088,0.8024
i21k_b,boot_pair,20,28,0.9108009896198902,0.9341549652064716,0.8601
i21k_b,boot_pair,20,29,0.9172670218156525,0.9274898757401802,0.8625
i21k_b,boot_pair,21,22,0.9654855493728879,0.9438212562521072,0.8320000000000001
i21k_b,boot_pair,21,23,0.9441739166544302,0.9353761942012934,0.831
i21k_b,boot_pair,21,24,0.9393325983062732,0.9293851685166789,0.8238
i21k_b,boot_pair,21,25,0.949284824069126,0.932254730362218,0.8647
i21k_b,boot_pair,21,26,0.9519246886386048,0.9422799918860968,0.8937
i21k_b,boot_pair,21,27,0.9374698766492532,0.9386308199213732,0.9108
i21k_b,boot_pair,21,28,0.9268568286189764,0.9244648630981545,0.8162
i21k_b,boot_pair,21,29,0.9426274429377616,0.9388843772068072,0.8433
i21k_b,boot_pair,22,23,0.9493589592796824,0.948637396712972,0.9068
i21k_b,boot_pair,22,24,0.9326912665279375,0.927218199871126,0.8667
i21k_b,boot_pair,22,25,0.9580164668791884,0.9419736073368656,0.8416
i21k_b,boot_pair,22,26,0.955097916275174,0.9524463085128766,0.8540000000000001
i21k_b,boot_pair,22,27,0.9441069417057676,0.9438388132940426,0.8428
i21k_b,boot_pair,22,28,0.9278270598611156,0.9434457557576832,0.9058
i21k_b,boot_pair,22,29,0.9490531138480384,0.948586634222354,0.9114
i21k_b,boot_pair,23,24,0.9175692382541396,0.9285763499756438,0.8859
i21k_b,boot_pair,23,25,0.9454514899894172,0.949135109081998,0.856
i21k_b,boot_pair,23,26,0.9471985278754748,0.9615884151940454,0.8859999999999999
i21k_b,boot_pair,23,27,0.9614322897286408,0.9493799724904006,0.8586
i21k_b,boot_pair,23,28,0.9351663650176572,0.9402842828556308,0.8926
i21k_b,boot_pair,23,29,0.9439289267706092,0.9558774452611152,0.9174
i21k_b,boot_pair,24,25,0.936095767155311,0.9331624448438192,0.8321
i21k_b,boot_pair,24,26,0.9239583402309752,0.9284994340628554,0.8177
i21k_b,boot_pair,24,27,0.9071897365593344,0.9224988095515476,0.8186
i21k_b,boot_pair,24,28,0.9029920889952432,0.9395117571502748,0.8991
i21k_b,boot_pair,24,29,0.9271396051494346,0.9347320941120608,0.8821
i21k_b,boot_pair,25,26,0.9432006631854104,0.9428341666371068,0.8683
i21k_b,boot_pair,25,27,0.9380128107727604,0.9597562605113436,0.8952
i21k_b,boot_pair,25,28,0.9401233405835908,0.9299786482631108,0.8248
i21k_b,boot_pair,25,29,0.9370180583662009,0.9525181579968096,0.8666
i21k_b,boot_pair,26,27,0.9360257225340191,0.9497869401028872,0.9268
i21k_b,boot_pair,26,28,0.9232340219379608,0.9366302348769986,0.838
i21k_b,boot_pair,26,29,0.9436815327300206,0.9525625829679528,0.8579
i21k_b,boot_pair,27,28,0.928683537650946,0.9326288420789298,0.8408
i21k_b,boot_pair,27,29,0.9513123076468551,0.9602908497827062,0.8726
i21k_b,boot_pair,28,29,0.9309456443938456,0.936785433246826,0.8952
i21k_b,ref_vs_boot,-1,0,0.9707888298217344,0.9375820367324595,0.8815
i21k_b,ref_vs_boot,-1,1,0.9631736833604074,0.9371318210344672,0.8849
i21k_b,ref_vs_boot,-1,2,0.9552648421808584,0.9326144539595947,0.8747
i21k_b,ref_vs_boot,-1,3,0.9650848197633568,0.966250867633564,0.9603
i21k_b,ref_vs_boot,-1,4,0.9519854775053688,0.9544941914118162,0.9209
i21k_b,ref_vs_boot,-1,5,0.9451599523856368,0.9643523948435628,0.9504
i21k_b,ref_vs_boot,-1,6,0.9478011339751442,0.9535576473229416,0.8963
i21k_b,ref_vs_boot,-1,7,0.9623206009066868,0.946709233691856,0.8511
i21k_b,ref_vs_boot,-1,8,0.9519329044736324,0.9271461326274468,0.8129
i21k_b,ref_vs_boot,-1,9,0.963535616124497,0.9790888519952384,0.9048
i21k_b,ref_vs_boot,-1,10,0.941396468670978,0.9249622479069884,0.8693
i21k_b,ref_vs_boot,-1,11,0.9708025684260916,0.9527203426907478,0.9193
i21k_b,ref_vs_boot,-1,12,0.9530332157222484,0.9529869001502396,0.8667
i21k_b,ref_vs_boot,-1,13,0.9326596731981848,0.9253907095684716,0.8722
i21k_b,ref_vs_boot,-1,14,0.9445935991465148,0.9512613146275948,0.9236
i21k_b,ref_vs_boot,-1,15,0.9603326719744398,0.9377870210244796,0.7805
i21k_b,ref_vs_boot,-1,16,0.933743211291522,0.930639205635086,0.8724
i21k_b,ref_vs_boot,-1,17,0.9618322426792872,0.9433441504848884,0.8497
i21k_b,ref_vs_boot,-1,18,0.9510705496248004,0.9278251477006746,0.8057
i21k_b,ref_vs_boot,-1,19,0.9437022741154552,0.9215970157955666,0.7974
i21k_b,ref_vs_boot,-1,20,0.926129045335369,0.9501624495506484,0.8703
i21k_b,ref_vs_boot,-1,21,0.9506509023502416,0.9311095565898496,0.8083
i21k_b,ref_vs_boot,-1,22,0.9522363410919996,0.9341069281246344,0.8616
i21k_b,ref_vs_boot,-1,23,0.9572380295255228,0.9421964259812244,0.8965
i21k_b,ref_vs_boot,-1,24,0.9333477298192704,0.9572826653334908,0.932
i21k_b,ref_vs_boot,-1,25,0.9612361506377244,0.9283081296181028,0.8217
i21k_b,ref_vs_boot,-1,26,0.9460951228026944,0.9330349364635636,0.8263
i21k_b,ref_vs_boot,-1,27,0.943291506551484,0.9273168556259652,0.8232
i21k_b,ref_vs_boot,-1,28,0.9497797282090412,0.9523342040532591,0.9125
i21k_b,ref_vs_boot,-1,29,0.9473474410622796,0.9357366617298564,0.8666
i21k_l,boot_pair,0,1,0.7963059827866952,0.9586709669981144,0.9535
i21k_l,boot_pair,0,2,0.7449013272006391,0.9605504144690422,0.9618
i21k_l,boot_pair,0,3,0.8253625618020388,0.964352322592706,0.9638
i21k_l,boot_pair,0,4,0.8843511577981379,0.9642386138253328,0.9638
i21k_l,boot_pair,0,5,0.8705471733634793,0.9549409453581059,0.9596
i21k_l,boot_pair,0,6,0.8878250476527265,0.9621316962294609,0.9603
i21k_l,boot_pair,0,7,0.8797190156610031,0.9632245724303936,0.9627
i21k_l,boot_pair,0,8,0.8555335394096683,0.9627768133789822,0.9665
i21k_l,boot_pair,0,9,0.7702760962947937,0.9642629473844656,0.9687
i21k_l,boot_pair,0,10,0.857304118107697,0.9669217543047346,0.9727
i21k_l,boot_pair,0,11,0.9364229414014568,0.9729515953079252,0.9762
i21k_l,boot_pair,0,12,0.8352721398338979,0.9590120405256912,0.9645
i21k_l,boot_pair,0,13,0.9240974670437294,0.9539021768799496,0.9539
i21k_l,boot_pair,0,14,0.9056493195738708,0.9530938228246766,0.9581
i21k_l,boot_pair,0,15,0.8723337146662484,0.9596517290443788,0.9606
i21k_l,boot_pair,0,16,0.8649459967960141,0.9603813298920238,0.9576
i21k_l,boot_pair,0,17,0.8822165201823046,0.9577758321422128,0.9615
i21k_l,boot_pair,0,18,0.7640948172395698,0.9516399886897018,0.9528
i21k_l,boot_pair,0,19,0.8409512950721741,0.9590901018795271,0.96
i21k_l,boot_pair,0,20,0.8811534722486574,0.9626401178732168,0.9646
i21k_l,boot_pair,0,21,0.8897301164993925,0.959328331555114,0.9597
i21k_l,boot_pair,0,22,0.8861294180318823,0.9558777162474263,0.9549
i21k_l,boot_pair,0,23,0.7554777771088165,0.9445561706103992,0.9458
i21k_l,boot_pair,0,24,0.7707161827355086,0.9398838664534798,0.8821
i21k_l,boot_pair,0,25,0.8692481665887691,0.9604822811929452,0.9639
i21k_l,boot_pair,0,26,0.7736875018470616,0.9560172885365292,0.9612
i21k_l,boot_pair,0,27,0.8860654282023249,0.9583401653468704,0.9585
i21k_l,boot_pair,0,28,0.8837519235613628,0.9587842002687031,0.9614
i21k_l,boot_pair,0,29,0.913714847678525,0.9664705939647308,0.9647
i21k_l,boot_pair,1,2,0.8507890394163383,0.9436251264659878,0.945
i21k_l,boot_pair,1,3,0.7446620356553016,0.9633632472620514,0.9598
i21k_l,boot_pair,1,4,0.8084515411931266,0.9691775679059856,0.9684
i21k_l,boot_pair,1,5,0.7437065781392644,0.944121406884727,0.9448
i21k_l,boot_pair,1,6,0.8122629880932356,0.9670087679314772,0.9628
i21k_l,boot_pair,1,7,0.7866515882176905,0.9598711481718808,0.956
i21k_l,boot_pair,1,8,0.7577955320166021,0.9588150493300888,0.9558
i21k_l,boot_pair,1,9,0.9112623073222336,0.9572230251864576,0.9578
i21k_l,boot_pair,1,10,0.72875471720485,0.9610810070912548,0.9592
i21k_l,boot_pair,1,11,0.7991230226806095,0.9545525714287264,0.9492
i21k_l,boot_pair,1,12,0.7345606252526049,0.9505070326501204,0.95
i21k_l,boot_pair,1,13,0.8007144805670159,0.9696953351747148,0.9678
i21k_l,boot_pair,1,14,0.7740177696717281,0.9570273833657116,0.9573
i21k_l,boot_pair,1,15,0.7834907017999867,0.9599214157043492,0.9597
i21k_l,boot_pair,1,16,0.7858479034274504,0.9614177709600518,0.9565
i21k_l,boot_pair,1,17,0.8006389357908155,0.9594687919057702,0.9554
i21k_l,boot_pair,1,18,0.9084798904149441,0.9607213750514244,0.9640000000000001
i21k_l,boot_pair,1,19,0.7719488695293351,0.9648629104405338,0.9599
i21k_l,boot_pair,1,20,0.7717822849070011,0.9574792911987764,0.9559
i21k_l,boot_pair,1,21,0.7934291731613685,0.959038989470134,0.9558
i21k_l,boot_pair,1,22,0.8048405703213924,0.9693341593820696,0.9635
i21k_l,boot_pair,1,23,0.919510679741718,0.954118803058258,0.9516
i21k_l,boot_pair,1,24,0.9346936435609632,0.9659642601961492,0.9025
i21k_l,boot_pair,1,25,0.7711900257249407,0.9573070919999492,0.9566
i21k_l,boot_pair,1,26,0.9243360696465878,0.9595092185611686,0.9557
i21k_l,boot_pair,1,27,0.7970104096274231,0.9541072044975104,0.9535
i21k_l,boot_pair,1,28,0.7928521722472508,0.9536181661579396,0.9517
i21k_l,boot_pair,1,29,0.8105283527992488,0.9668327537387688,0.961
i21k_l,boot_pair,2,3,0.6986967916926217,0.9520512069611228,0.9516
i21k_l,boot_pair,2,4,0.7101416618855777,0.9507477226739904,0.9498
i21k_l,boot_pair,2,5,0.7566690306588416,0.9718943632665528,0.9789
i21k_l,boot_pair,2,6,0.7171386393034268,0.9512017942498342,0.9481
i21k_l,boot_pair,2,7,0.7288020068430563,0.9607349308203872,0.9577
i21k_l,boot_pair,2,8,0.7007142215720678,0.9566480858533444,0.9570000000000001
i21k_l,boot_pair,2,9,0.8425415817691996,0.9533364863518248,0.9528
i21k_l,boot_pair,2,10,0.7473857009652972,0.957431461527686,0.9563
i21k_l,boot_pair,2,11,0.7332575255741659,0.9588828581247898,0.9591
i21k_l,boot_pair,2,12,0.7646001102254142,0.967988947693342,0.9619
i21k_l,boot_pair,2,13,0.7278552233763258,0.9498696721163936,0.943
i21k_l,boot_pair,2,14,0.7516445875679443,0.9594529651882464,0.9528
i21k_l,boot_pair,2,15,0.7056518406228529,0.9477984555798052,0.9485
i21k_l,boot_pair,2,16,0.7033053000598879,0.9530447068535988,0.9467
i21k_l,boot_pair,2,17,0.7103131099798304,0.9522630806851704,0.9506
i21k_l,boot_pair,2,18,0.8642557631710366,0.9449983581143716,0.9412
i21k_l,boot_pair,2,19,0.7049398917097291,0.9505713084766312,0.9497
i21k_l,boot_pair,2,20,0.7192328086143868,0.9624895750909728,0.9621
i21k_l,boot_pair,2,21,0.7206785412024889,0.9510562726143654,0.9438
i21k_l,boot_pair,2,22,0.7297417150672397,0.9460156899973892,0.94
i21k_l,boot_pair,2,23,0.8787745498288441,0.9608159434880044,0.9552
i21k_l,boot_pair,2,24,0.8567784681882208,0.929701456566922,0.8741
i21k_l,boot_pair,2,25,0.7195076294665625,0.9525398845922276,0.9446
i21k_l,boot_pair,2,26,0.8558115350852726,0.9461531062136644,0.9465
i21k_l,boot_pair,2,27,0.7135581943421357,0.9621449624428282,0.9623
i21k_l,boot_pair,2,28,0.7380096761398091,0.9539629563543652,0.9445
i21k_l,boot_pair,2,29,0.7247369510350974,0.9511426201428036,0.9455
i21k_l,boot_pair,3,4,0.8891947061340251,0.9754574732944098,0.9818
i21k_l,boot_pair,3,5,0.8192671781779098,0.9558541673522534,0.9571
i21k_l,boot_pair,3,6,0.8658781666116583,0.9743090521898846,0.9767
i21k_l,boot_pair,3,7,0.8572540473385766,0.9632569403484988,0.9667
i21k_l,boot_pair,3,8,0.8515130639854342,0.965777773016562,0.9682
i21k_l,boot_pair,3,9,0.7359297970443183,0.9636410433091332,0.9691
i21k_l,boot_pair,3,10,0.8514834298499032,0.9665340291913846,0.9685
i21k_l,boot_pair,3,11,0.8315673550784224,0.9602934145105949,0.9628
i21k_l,boot_pair,3,12,0.8292591549692009,0.9587694439372112,0.9641
i21k_l,boot_pair,3,13,0.8323509173098055,0.9603997032425036,0.9591
i21k_l,boot_pair,3,14,0.837064068752876,0.95627990447963,0.9547
i21k_l,boot_pair,3,15,0.8603553222621237,0.9732498809186436,0.9759
i21k_l,boot_pair,3,16,0.8674940232426728,0.975817032875616,0.9827
i21k_l,boot_pair,3,17,0.8604282341613804,0.968032162486552,0.9771
i21k_l,boot_pair,3,18,0.7399623243858272,0.9543832505309078,0.9566
i21k_l,boot_pair,3,19,0.920630629115722,0.9744363399634242,0.9779
i21k_l,boot_pair,3,20,0.8659502357640134,0.9641401354190648,0.9705
i21k_l,boot_pair,3,21,0.8611192904990876,0.9649021663590406,0.9673
i21k_l,boot_pair,3,22,0.8556243426266443,0.9685105101910256,0.9703
i21k_l,boot_pair,3,23,0.7499445935905016,0.9544152559398028,0.9557
i21k_l,boot_pair,3,24,0.7315857626190109,0.947753172987674,0.8856
i21k_l,boot_pair,3,25,0.8647947246645588,0.9666952619773642,0.9707
i21k_l,boot_pair,3,26,0.7268788929837422,0.9605878245101712,0.9686
i21k_l,boot_pair,3,27,0.8582816070318587,0.9610483538075926,0.9648
i21k_l,boot_pair,3,28,0.8491018838383438,0.9663818283834418,0.9727
i21k_l,boot_pair,3,29,0.8249553562601539,0.9644843941488682,0.9652
i21k_l,boot_pair,4,5,0.8673236462448682,0.9563821097559368,0.9536
i21k_l,boot_pair,4,6,0.930108318306014,0.977711761042815,0.9756
i21k_l,boot_pair,4,7,0.9053147238379752,0.9688282838622324,0.9699
i21k_l,boot_pair,4,8,0.9131510095792348,0.971445510588582,0.9759
i21k_l,boot_pair,4,9,0.8078439499788983,0.973838137905478,0.9804
i21k_l,boot_pair,4,10,0.8250316471980551,0.9704414834157457,0.9692
i21k_l,boot_pair,4,11,0.8982949879020943,0.9651358049514264,0.9658
i21k_l,boot_pair,4,12,0.8462365716307824,0.9606674494745459,0.9636
i21k_l,boot_pair,4,13,0.888957992559652,0.9625248997918072,0.9614
i21k_l,boot_pair,4,14,0.8723600791542675,0.9596275700410892,0.9626
i21k_l,boot_pair,4,15,0.9243353420174462,0.96977245963852,0.971
i21k_l,boot_pair,4,16,0.9354678990897264,0.9737160317525416,0.9766
i21k_l,boot_pair,4,17,0.9297758514362541,0.9679596900840508,0.9745
i21k_l,boot_pair,4,18,0.7676983875245851,0.9519480943754176,0.9571
i21k_l,boot_pair,4,19,0.8858775247281859,0.9782642296294104,0.9848
i21k_l,boot_pair,4,20,0.90995247331698,0.9645678005088456,0.9716
i21k_l,boot_pair,4,21,0.9001087825902253,0.9621115206067012,0.9676
i21k_l,boot_pair,4,22,0.9078323409135882,0.9654376731161896,0.9649
i21k_l,boot_pair,4,23,0.7885661595706458,0.9600224385418344,0.9635
i21k_l,boot_pair,4,24,0.7933534937151581,0.9483316079730971,0.8882
i21k_l,boot_pair,4,25,0.8980859708557195,0.9643544963507262,0.9683
i21k_l,boot_pair,4,26,0.7871203726486627,0.9685700724110654,0.9742
i21k_l,boot_pair,4,27,0.909058034434855,0.9722196057950296,0.9776
i21k_l,boot_pair,4,28,0.908214634641518,0.9698933349107576,0.9743
i21k_l,boot_pair,4,29,0.8922694457794822,0.965918616608302,0.9643
i21k_l,boot_pair,5,6,0.8484852040442397,0.9557530034466596,0.9543
i21k_l,boot_pair,5,7,0.8654442581973215,0.9587537082911346,0.9532
i21k_l,boot_pair,5,8,0.8600536696055292,0.9582694452357332,0.9543
i21k_l,boot_pair,5,9,0.7392109821969534,0.95139008496971,0.9498
i21k_l,boot_pair,5,10,0.868746086501109,0.9682833594770796,0.9675
i21k_l,boot_pair,5,11,0.8750502183700472,0.9554792524430245,0.9596
i21k_l,boot_pair,5,12,0.8184137609054379,0.956328204301746,0.9540000000000001
i21k_l,boot_pair,5,13,0.8549179335796714,0.9492829668979568,0.9454
i21k_l,boot_pair,5,14,0.9006130247332956,0.9636394029717704,0.9582
i21k_l,boot_pair,5,15,0.8422670145744218,0.9515543976728282,0.9521
i21k_l,boot_pair,5,16,0.8496715298899148,0.9573910687423656,0.953
i21k_l,boot_pair,5,17,0.8448218157874711,0.9561230551814028,0.9559
i21k_l,boot_pair,5,18,0.7539094294018003,0.9424129703413016,0.9394
i21k_l,boot_pair,5,19,0.8297201015348713,0.9514535761039298,0.9479
i21k_l,boot_pair,5,20,0.8565883429713037,0.9561294911894971,0.9541
i21k_l,boot_pair,5,21,0.8799758828507935,0.951213585877228,0.9470000000000001
i21k_l,boot_pair,5,22,0.838597423251996,0.947605047172056,0.9464
i21k_l,boot_pair,5,23,0.7600669468559532,0.9593890319210964,0.9572
i21k_l,boot_pair,5,24,0.728340257487135,0.9279230342845229,0.8754
i21k_l,boot_pair,5,25,0.8568186561928385,0.9506204013211704,0.9479
i21k_l,boot_pair,5,26,0.7367959166415516,0.9486374671406056,0.9498
i21k_l,boot_pair,5,27,0.8701450092204637,0.9578569007340748,0.9535
i21k_l,boot_pair,5,28,0.8765572679161509,0.9604447887797132,0.953
i21k_l,boot_pair,5,29,0.8598834086454278,0.9534200341247212,0.9479
i21k_l,boot_pair,6,7,0.914045475893876,0.966315088907904,0.9590000000000001
i21k_l,boot_pair,6,8,0.8806970153784258,0.9664431452889176,0.9627
i21k_l,boot_pair,6,9,0.7929854661394072,0.9672027514101554,0.9622
i21k_l,boot_pair,6,10,0.8295094538853747,0.971865948113904,0.9723
i21k_l,boot_pair,6,11,0.9017481205244616,0.9625950781504288,0.9583
i21k_l,boot_pair,6,12,0.8817850987347385,0.9630233970467259,0.9566
i21k_l,boot_pair,6,13,0.8916134360878151,0.9604711895820892,0.9525
i21k_l,boot_pair,6,14,0.8828739385885168,0.9574599984283908,0.9503
i21k_l,boot_pair,6,15,0.911242360666184,0.967850222157518,0.9652
i21k_l,boot_pair,6,16,0.9076636305123448,0.9730965985481356,0.9735
i21k_l,boot_pair,6,17,0.9217303275070244,0.9694343814987371,0.9705
i21k_l,boot_pair,6,18,0.7688301142621804,0.9481297007653412,0.945
i21k_l,boot_pair,6,19,0.8935657933109287,0.9742632125454388,0.9707
i21k_l,boot_pair,6,20,0.8976924849292969,0.9642719398561591,0.9653
i21k_l,boot_pair,6,21,0.8953346027518577,0.9607906870579164,0.9602
i21k_l,boot_pair,6,22,0.9221844512754752,0.9675701359157608,0.9590000000000001
i21k_l,boot_pair,6,23,0.7805787456207881,0.9546860235162304,0.9474
i21k_l,boot_pair,6,24,0.8190881495329455,0.9521341879340848,0.8908
i21k_l,boot_pair,6,25,0.8910155171318085,0.9644606403020348,0.9636
i21k_l,boot_pair,6,26,0.8018223029079958,0.9694334163584096,0.9675
i21k_l,boot_pair,6,27,0.8863922703403845,0.9605643058838186,0.9598
i21k_l,boot_pair,6,28,0.9135714018064058,0.9691961919412968,0.9645
i21k_l,boot_pair,6,29,0.9032706580553624,0.9696754437112748,0.9683
i21k_l,boot_pair,7,8,0.876337367315092,0.9693217852810364,0.9791
i21k_l,boot_pair,7,9,0.7843138071936766,0.9689067957460566,0.9768
i21k_l,boot_pair,7,10,0.8168962249078228,0.9615097653881446,0.9538
i21k_l,boot_pair,7,11,0.8733749389134764,0.9568209659896384,0.9495
i21k_l,boot_pair,7,12,0.8907239983002109,0.9631546331811917,0.9625
i21k_l,boot_pair,7,13,0.8722345836183698,0.9597527086931456,0.9506
i21k_l,boot_pair,7,14,0.8893188503716435,0.960075319753419,0.9591
i21k_l,boot_pair,7,15,0.8744597044239577,0.9598806243414528,0.9593
i21k_l,boot_pair,7,16,0.8905542575807447,0.9671390981123826,0.9670000000000001
i21k_l,boot_pair,7,17,0.8869838146543971,0.9658597554699708,0.9722
i21k_l,boot_pair,7,18,0.7569535481078541,0.9516647090009231,0.9532
i21k_l,boot_pair,7,19,0.8676496074656702,0.9663042576754676,0.9688
i21k_l,boot_pair,7,20,0.8984489036839755,0.9716195319172144,0.9778
i21k_l,boot_pair,7,21,0.9185515106457104,0.9633923569475392,0.9595
i21k_l,boot_pair,7,22,0.8981723301130159,0.9599185138763048,0.9512
i21k_l,boot_pair,7,23,0.8195157061905892,0.9651103148269607,0.9634
i21k_l,boot_pair,7,24,0.7926703709361045,0.9445258671496998,0.8794
i21k_l,boot_pair,7,25,0.9183664849303504,0.9651683906392979,0.9643
i21k_l,boot_pair,7,26,0.7733469423450737,0.9580182279441136,0.9614
i21k_l,boot_pair,7,27,0.9056223085098204,0.9656800063744004,0.9677
i21k_l,boot_pair,7,28,0.9228171899612132,0.9672836268553762,0.9643
i21k_l,boot_pair,7,29,0.8862085363043283,0.960896122551124,0.9575
i21k_l,boot_pair,8,9,0.7839179978520655,0.9661978278441921,0.9763
i21k_l,boot_pair,8,10,0.8013393329975321,0.9646131609593234,0.9595
i21k_l,boot_pair,8,11,0.8561492078658629,0.9546751215333305,0.9538
i21k_l,boot_pair,8,12,0.8432856810442031,0.9692767908533793,0.972
i21k_l,boot_pair,8,13,0.8645280468143605,0.9578216342725401,0.9541
i21k_l,boot_pair,8,14,0.8704790603355297,0.9555926488726088,0.9536
i21k_l,boot_pair,8,15,0.9252919583463692,0.9658380266539734,0.9638
i21k_l,boot_pair,8,16,0.9303343052956984,0.9674665682125536,0.9668
i21k_l,boot_pair,8,17,0.8808988761493267,0.9585562396343912,0.9682
i21k_l,boot_pair,8,18,0.7484712304961406,0.9495568842498748,0.9507
i21k_l,boot_pair,8,19,0.8456289400296148,0.9660083062904756,0.9735
i21k_l,boot_pair,8,20,0.9177516853506316,0.9734938497914718,0.9763
i21k_l,boot_pair,8,21,0.8620019810948008,0.9556115267816248,0.9587
i21k_l,boot_pair,8,22,0.8566091692486747,0.9564182036987176,0.9517
i21k_l,boot_pair,8,23,0.7705609271771741,0.9618010093247504,0.9642
i21k_l,boot_pair,8,24,0.7678864363741271,0.9455002246253252,0.8821
i21k_l,boot_pair,8,25,0.8891179585925131,0.9641370392320078,0.966
i21k_l,boot_pair,8,26,0.7682854842859339,0.9681048377340076,0.975
i21k_l,boot_pair,8,27,0.8700940699781872,0.9550856390650247,0.963
i21k_l,boot_pair,8,28,0.8701712944088207,0.9596908236428476,0.9647
i21k_l,boot_pair,8,29,0.8655623414321426,0.9641381825863584,0.9623
i21k_l,boot_pair,9,10,0.6878543118958493,0.9584293137028108,0.9546
i21k_l,boot_pair,9,11,0.7832118721763777,0.9672499158688048,0.9607
i21k_l,boot_pair,9,12,0.7252163437269462,0.9617432545157912,0.9663
i21k_l,boot_pair,9,13,0.7559692195349959,0.9504107193737936,0.9512
i21k_l,boot_pair,9,14,0.7408556949895809,0.9515537652087632,0.9570000000000001
i21k_l,boot_pair,9,15,0.7938931913950779,0.9626435248081032,0.9646
i21k_l,boot_pair,9,16,0.7928940266810734,0.9641913936292276,0.97
i21k_l,boot_pair,9,17,0.7837002943615607,0.9601625925722088,0.9626
i21k_l,boot_pair,9,18,0.8938340229326084,0.9533658260294195,0.9553
i21k_l,boot_pair,9,19,0.7477791867497332,0.9729963996907446,0.9779
i21k_l,boot_pair,9,20,0.7779968236016872,0.966556389202759,0.9703
i21k_l,boot_pair,9,21,0.7663297954008581,0.9561278621081036,0.9620000000000001
i21k_l,boot_pair,9,22,0.76454272700249,0.9544397274330824,0.9518
i21k_l,boot_pair,9,23,0.9104783062435504,0.9511060585001472,0.9566
i21k_l,boot_pair,9,24,0.9073718898742128,0.9372116716729916,0.8761
i21k_l,boot_pair,9,25,0.7789247829807573,0.9558994481222208,0.9587
i21k_l,boot_pair,9,26,0.918991412246989,0.9600990165153857,0.9666
i21k_l,boot_pair,9,27,0.7889954835793392,0.967631630873069,0.9707
i21k_l,boot_pair,9,28,0.7775220190662993,0.9654314260546168,0.9685
i21k_l,boot_pair,9,29,0.7666234438195796,0.9562370576075218,0.9573
i21k_l,boot_pair,10,11,0.8588532099205074,0.9690363954726176,0.9721
i21k_l,boot_pair,10,12,0.7953049230293951,0.9543730925360514,0.9524
i21k_l,boot_pair,10,13,0.8432969832177938,0.964686090340295,0.9653
i21k_l,boot_pair,10,14,0.8534321629379729,0.968706283279728,0.9605
i21k_l,boot_pair,10,15,0.8146605138864327,0.9641336330657174,0.9654
i21k_l,boot_pair,10,16,0.8128358509425994,0.9684347807174486,0.9662
i21k_l,boot_pair,10,17,0.8174385858090627,0.9647478678507078,0.9634
i21k_l,boot_pair,10,18,0.716220369110322,0.9481452942048106,0.9501
i21k_l,boot_pair,10,19,0.8789981558938278,0.9646468734799464,0.9612
i21k_l,boot_pair,10,20,0.8183380294247349,0.9645924661637394,0.9616
i21k_l,boot_pair,10,21,0.8433435630432163,0.9565685909034038,0.9547
i21k_l,boot_pair,10,22,0.8276799364267217,0.9623267691131976,0.9618
i21k_l,boot_pair,10,23,0.7044316461552793,0.9513402647760992,0.9451
i21k_l,boot_pair,10,24,0.7101782101804569,0.9454840769450606,0.8908
i21k_l,boot_pair,10,25,0.8167370170724035,0.9632396281642744,0.9645
i21k_l,boot_pair,10,26,0.6973234535036176,0.958009020101564,0.9569
i21k_l,boot_pair,10,27,0.8327902079306171,0.9576943984722872,0.953
i21k_l,boot_pair,10,28,0.834417046494804,0.9633844272449508,0.9606
i21k_l,boot_pair,10,29,0.8324908735989243,0.9695635267636176,0.9682
i21k_l,boot_pair,11,12,0.8285505380589978,0.9566643145459373,0.961
i21k_l,boot_pair,11,13,0.9211446309604568,0.9605621275523752,0.9545
i21k_l,boot_pair,11,14,0.9100462352934622,0.9558651020878096,0.9540000000000001
i21k_l,boot_pair,11,15,0.8811042002076427,0.9552229395634692,0.9581
i21k_l,boot_pair,11,16,0.8809687630430103,0.9682898958545892,0.9643
i21k_l,boot_pair,11,17,0.8985058003611822,0.9625754603055832,0.9574
i21k_l,boot_pair,11,18,0.783122341081938,0.9517994095396042,0.9494
i21k_l,boot_pair,11,19,0.8707503186229766,0.9659258984799556,0.9612
i21k_l,boot_pair,11,20,0.8774413314187398,0.9599826619476116,0.9573
i21k_l,boot_pair,11,21,0.8967801743096648,0.9625370836270752,0.9632
i21k_l,boot_pair,11,22,0.9013887956081258,0.9588633364877452,0.9576
i21k_l,boot_pair,11,23,0.7605241483502517,0.9475894066372448,0.9464
i21k_l,boot_pair,11,24,0.7780354282785378,0.939750683224846,0.8848
i21k_l,boot_pair,11,25,0.8668669172736923,0.9518369560580888,0.9536
i21k_l,boot_pair,11,26,0.7787018405746322,0.9555379664402456,0.9549
i21k_l,boot_pair,11,27,0.8917016285750428,0.9583305517252028,0.9578
i21k_l,boot_pair,11,28,0.8995692342869334,0.9649370817098164,0.9605
i21k_l,boot_pair,11,29,0.9039185297854526,0.960021071608928,0.9568
i21k_l,boot_pair,12,13,0.8321828095410496,0.9523487586312288,0.9503
i21k_l,boot_pair,12,14,0.8553850743254359,0.9505979116502375,0.9465
i21k_l,boot_pair,12,15,0.8401503709908243,0.9554369625815432,0.9606
i21k_l,boot_pair,12,16,0.8316302780237799,0.9608991039800291,0.9602
i21k_l,boot_pair,12,17,0.8387656575495981,0.9531193665606658,0.9573
i21k_l,boot_pair,12,18,0.7252775011644953,0.950940298045974,0.9532
i21k_l,boot_pair,12,19,0.8373571869316477,0.9539210618628003,0.9596
i21k_l,boot_pair,12,20,0.8719966491081553,0.9699435305258288,0.9717
i21k_l,boot_pair,12,21,0.8566617248694451,0.9580607232338412,0.9618
i21k_l,boot_pair,12,22,0.8495502274213592,0.9539242654717194,0.9518
i21k_l,boot_pair,12,23,0.7616371185716667,0.9556206347945936,0.9536
i21k_l,boot_pair,12,24,0.7583728170886326,0.936793584180716,0.8762
i21k_l,boot_pair,12,25,0.8687525054185555,0.9676408391001732,0.9731
i21k_l,boot_pair,12,26,0.7490917281961234,0.9596217034509662,0.9649
i21k_l,boot_pair,12,27,0.8433965479092751,0.9578288770011224,0.9625
i21k_l,boot_pair,12,28,0.8816851265748025,0.9630268228513492,0.965
i21k_l,boot_pair,12,29,0.8448645880805448,0.9583488991197197,0.9626
i21k_l,boot_pair,13,14,0.9023179063177402,0.9608483373348832,0.9596
i21k_l,boot_pair,13,15,0.8852030077747912,0.9639059891677716,0.9642
i21k_l,boot_pair,13,16,0.8747771555721817,0.9665013150939448,0.9609
i21k_l,boot_pair,13,17,0.8769894689914035,0.9593027028212759,0.9548
i21k_l,boot_pair,13,18,0.7628216059923273,0.9548687342426662,0.9646
i21k_l,boot_pair,13,19,0.8575243736945258,0.958835102721872,0.9561
i21k_l,boot_pair,13,20,0.8818107763188063,0.9610586287707646,0.9540000000000001
i21k_l,boot_pair,13,21,0.8711094835664661,0.958107893956622,0.9578
i21k_l,boot_pair,13,22,0.9022245522219268,0.9729213313781584,0.9689
i21k_l,boot_pair,13,23,0.7594581693858181,0.9592178851875396,0.9532
i21k_l,boot_pair,13,24,0.7889248680301675,0.9661451262862296,0.9005
i21k_l,boot_pair,13,25,0.8674848394713363,0.9591339938167828,0.9578
i21k_l,boot_pair,13,26,0.7810249826917993,0.9568282214347852,0.9533
i21k_l,boot_pair,13,27,0.8851142750114107,0.9511034697810244,0.9455
i21k_l,boot_pair,13,28,0.8872980335169397,0.9578681093533404,0.9564
i21k_l,boot_pair,13,29,0.9130135904177314,0.9640636337253998,0.9588
i21k_l,boot_pair,14,15,0.862506259714253,0.9560010266865476,0.9576
i21k_l,boot_pair,14,16,0.8584039188969951,0.9558414350587429,0.9509
i21k_l,boot_pair,14,17,0.8735046719120753,0.9537533348458876,0.9562
i21k_l,boot_pair,14,18,0.7764927947313566,0.9551452222480592,0.9587
i21k_l,boot_pair,14,19,0.870056074046742,0.9606141480393756,0.9631
i21k_l,boot_pair,14,20,0.8972484978907648,0.9582913258949228,0.9576
i21k_l,boot_pair,14,21,0.8974160940964713,0.9574146430037038,0.9590000000000001
i21k_l,boot_pair,14,22,0.8722380008508399,0.9521483054034929,0.9519
i21k_l,boot_pair,14,23,0.7774429944876262,0.9583351690129628,0.9578
i21k_l,boot_pair,14,24,0.7509815130243422,0.9379702835109732,0.8795
i21k_l,boot_pair,14,25,0.8658257745600636,0.9510970244487428,0.9477
i21k_l,boot_pair,14,26,0.7669725236371838,0.9459344984974464,0.9478
i21k_l,boot_pair,14,27,0.8847334252855024,0.9554945365657376,0.9574
i21k_l,boot_pair,14,28,0.8941214951739591,0.9579037001222328,0.9581
i21k_l,boot_pair,14,29,0.9081832485113994,0.95642170603086,0.9531
i21k_l,boot_pair,15,16,0.9320296195522874,0.9696154424950354,0.971
i21k_l,boot_pair,15,17,0.9128533922582824,0.9621060817268086,0.9647
i21k_l,boot_pair,15,18,0.7696315158779773,0.9518908282195991,0.9556
i21k_l,boot_pair,15,19,0.869814693741363,0.9689315713595648,0.9666
i21k_l,boot_pair,15,20,0.9119439450138108,0.9657376636580394,0.9674
i21k_l,boot_pair,15,21,0.8719547489257538,0.9640685695232012,0.9663
i21k_l,boot_pair,15,22,0.8889228267448943,0.9685848441514544,0.9695
i21k_l,boot_pair,15,23,0.7601695050052597,0.95576869787372,0.9569
i21k_l,boot_pair,15,24,0.7845352808874068,0.9504265589291884,0.8896
i21k_l,boot_pair,15,25,0.9083068188922144,0.9680073819271712,0.9695
i21k_l,boot_pair,15,26,0.7721951239507916,0.9552799441275032,0.9587
i21k_l,boot_pair,15,27,0.8773105581106203,0.9564425557175252,0.9606
i21k_l,boot_pair,15,28,0.8838320571342122,0.9625040732925856,0.9642
i21k_l,boot_pair,15,29,0.8848378974895419,0.9606657825244388,0.9645
i21k_l,boot_pair,16,17,0.9154557567152956,0.9701150950165642,0.9753
i21k_l,boot_pair,16,18,0.7613888832915678,0.9502844959378516,0.953
i21k_l,boot_pair,16,19,0.8629046187957378,0.9729351359979656,0.975
i21k_l,boot_pair,16,20,0.9012680804484584,0.9659054103322756,0.9666
i21k_l,boot_pair,16,21,0.8876079491135673,0.9640610476926528,0.9646
i21k_l,boot_pair,16,22,0.8878161279245369,0.9669569806340405,0.9657
i21k_l,boot_pair,16,23,0.7671548411229462,0.957837361128576,0.9557
i21k_l,boot_pair,16,24,0.7722598698082023,0.9467575132975902,0.8854
i21k_l,boot_pair,16,25,0.8919132958255186,0.9633501472223296,0.9634
i21k_l,boot_pair,16,26,0.759601226699313,0.9619310145192841,0.9625
i21k_l,boot_pair,16,27,0.8788332159936183,0.9528313221138904,0.9566
i21k_l,boot_pair,16,28,0.8944938650865735,0.9726188897342652,0.975
i21k_l,boot_pair,16,29,0.8689035850728644,0.9679115644913676,0.9656
i21k_l,boot_pair,17,18,0.7729694058073525,0.949511290119152,0.9508
i21k_l,boot_pair,17,19,0.8800389241035433,0.9670607205575632,0.9709
i21k_l,boot_pair,17,20,0.9188239231700436,0.9690324624979118,0.976
i21k_l,boot_pair,17,21,0.905373447404442,0.9658839502639152,0.968
i21k_l,boot_pair,17,22,0.9087270904569656,0.9640302444805025,0.9631
i21k_l,boot_pair,17,23,0.7779348708051103,0.962188275385534,0.9649
i21k_l,boot_pair,17,24,0.7822713428688857,0.9400919960075728,0.8799
i21k_l,boot_pair,17,25,0.8793131022892304,0.964027067604758,0.9690000000000001
i21k_l,boot_pair,17,26,0.7738581188853277,0.9588052223021232,0.9642
i21k_l,boot_pair,17,27,0.8717114838060719,0.9616932531863528,0.9663
i21k_l,boot_pair,17,28,0.9177655883143075,0.9731266527808244,0.9743
i21k_l,boot_pair,17,29,0.8861326437119865,0.9602048753040341,0.9615
i21k_l,boot_pair,18,19,0.7531439681715872,0.9501115706017348,0.953
i21k_l,boot_pair,18,20,0.7821878680655586,0.9583365724774752,0.9571
i21k_l,boot_pair,18,21,0.7644592835714971,0.954158536141928,0.9545
i21k_l,boot_pair,18,22,0.755784435033264,0.9539258198762124,0.9591
i21k_l,boot_pair,18,23,0.8959223356402441,0.9471250899440954,0.9493
i21k_l,boot_pair,18,24,0.9001416733377238,0.948664141365564,0.8969
i21k_l,boot_pair,18,25,0.7667508880192838,0.9532198488528985,0.9596
i21k_l,boot_pair,18,26,0.8856923341040639,0.9449236683918172,0.9466
i21k_l,boot_pair,18,27,0.7529185948230395,0.9517993462691572,0.9505
i21k_l,boot_pair,18,28,0.7738838760440598,0.9498759834337336,0.9520000000000001
i21k_l,boot_pair,18,29,0.7407668800023633,0.9491191147018522,0.9501
i21k_l,boot_pair,19,20,0.8849502711043775,0.9624788020171928,0.9661
i21k_l,boot_pair,19,21,0.8721658095841021,0.9641802928858816,0.9674
i21k_l,boot_pair,19,22,0.8643598324752569,0.963032577444348,0.9586
i21k_l,boot_pair,19,23,0.7530947771097911,0.953478190746522,0.9555
i21k_l,boot_pair,19,24,0.7507279971208076,0.9451713835820764,0.8829
i21k_l,boot_pair,19,25,0.8531833201560806,0.9579875700830188,0.958
i21k_l,boot_pair,19,26,0.7437885341330989,0.9600412664943948,0.9658
i21k_l,boot_pair,19,27,0.8773555546077779,0.9661333579190459,0.9678
i21k_l,boot_pair,19,28,0.8856278951242781,0.9730054121587584,0.9784
i21k_l,boot_pair,19,29,0.8619464909164223,0.9651734549965412,0.9615
i21k_l,boot_pair,20,21,0.888601627798563,0.9568976695150831,0.956
i21k_l,boot_pair,20,22,0.8779969032194971,0.9564197501697714,0.9548
i21k_l,boot_pair,20,23,0.7757754360891013,0.957149095275142,0.9574
i21k_l,boot_pair,20,24,0.7788886702646843,0.9433006751215608,0.8843
i21k_l,boot_pair,20,25,0.9049223886040672,0.9705296064632756,0.9724
i21k_l,boot_pair,20,26,0.7754693948284309,0.9585987437703186,0.966
i21k_l,boot_pair,20,27,0.8889740495237604,0.9692091472198292,0.9764
i21k_l,boot_pair,20,28,0.9073011064706388,0.963247177116158,0.9648
i21k_l,boot_pair,20,29,0.8695258846619108,0.9609553117622358,0.9654
i21k_l,boot_pair,21,22,0.8857377123417045,0.9679074998747152,0.9683
i21k_l,boot_pair,21,23,0.7948144888516421,0.9658968189556444,0.965
i21k_l,boot_pair,21,24,0.765992388706619,0.9455665403676636,0.8808
i21k_l,boot_pair,21,25,0.9097606655021891,0.9617373377497797,0.9604
i21k_l,boot_pair,21,26,0.7633191517518882,0.9525995384056748,0.9621
i21k_l,boot_pair,21,27,0.9203898810176532,0.9565018566390172,0.9568
i21k_l,boot_pair,21,28,0.9073806849569552,0.9671266559527696,0.97
i21k_l,boot_pair,21,29,0.8859488564650744,0.953693987839368,0.9541
i21k_l,boot_pair,22,23,0.7890230302544258,0.9607927735516271,0.9597
i21k_l,boot_pair,22,24,0.8025705300679828,0.963487302300188,0.8991
i21k_l,boot_pair,22,25,0.8909824967472824,0.9625577585218767,0.9602
i21k_l,boot_pair,22,26,0.7810508443761648,0.9587412268419044,0.9559
i21k_l,boot_pair,22,27,0.8709652987811933,0.9502198179551296,0.9492
i21k_l,boot_pair,22,28,0.913199626810808,0.9632330780126472,0.9613
i21k_l,boot_pair,22,29,0.9193237758544364,0.9645098596660802,0.9605
i21k_l,boot_pair,23,24,0.9225959325478168,0.9439337639412198,0.8805
i21k_l,boot_pair,23,25,0.8061343618254583,0.958423088430872,0.9512
i21k_l,boot_pair,23,26,0.9183534081569684,0.9590608927374276,0.9633
i21k_l,boot_pair,23,27,0.7825440544081294,0.9575422952149651,0.9588
i21k_l,boot_pair,23,28,0.8080758139175287,0.9588646754133698,0.9548
i21k_l,boot_pair,23,29,0.7812304459637142,0.9470366000887832,0.9408
i21k_l,boot_pair,24,25,0.7917407581109356,0.949079067221874,0.8907
i21k_l,boot_pair,24,26,0.9342654090246028,0.9486562505252474,0.8839
i21k_l,boot_pair,24,27,0.7663741774165771,0.9329615339422532,0.8757
i21k_l,boot_pair,24,28,0.7922046395562395,0.9400215374461964,0.8794
i21k_l,boot_pair,24,29,0.7721283855005748,0.9461473318302334,0.8877
i21k_l,boot_pair,25,26,0.7822603907814062,0.9669537900712086,0.9655
i21k_l,boot_pair,25,27,0.9209307571899408,0.9567903214696316,0.9591
i21k_l,boot_pair,25,28,0.9111664146293548,0.9637512009735778,0.965
i21k_l,boot_pair,25,29,0.8666850214156634,0.9607685375604628,0.9654
i21k_l,boot_pair,26,27,0.7642386926201974,0.9472009257875684,0.9566
i21k_l,boot_pair,26,28,0.7822129689162325,0.9588396548069082,0.9587
i21k_l,boot_pair,26,29,0.7883072963328439,0.9582576236326991,0.9572
i21k_l,boot_pair,27,28,0.8994813686716991,0.9599668610525288,0.9583
i21k_l,boot_pair,27,29,0.8880425410544376,0.9542975125876084,0.9545
i21k_l,boot_pair,28,29,0.8898854766756379,0.9597236187466974,0.9594
i21k_l,ref_vs_boot,-1,0,0.9177130365257572,0.962835822281376,0.9536
i21k_l,ref_vs_boot,-1,1,0.8316233668130502,0.9740343430112316,0.9747
i21k_l,ref_vs_boot,-1,2,0.7094257032267274,0.9507440361573954,0.9473
i21k_l,ref_vs_boot,-1,3,0.8445962964906983,0.9643369371137522,0.9608
i21k_l,ref_vs_boot,-1,4,0.9241191426791928,0.9737505656427344,0.9692
i21k_l,ref_vs_boot,-1,5,0.8674540004184776,0.9535412987682952,0.9495
i21k_l,ref_vs_boot,-1,6,0.9253557038013762,0.9697451881884264,0.9640000000000001
i21k_l,ref_vs_boot,-1,7,0.8942041838986725,0.965961991045804,0.9565
i21k_l,ref_vs_boot,-1,8,0.8709322850944484,0.9677929340209146,0.9611
i21k_l,ref_vs_boot,-1,9,0.779759855725312,0.9648424394912224,0.9559
i21k_l,ref_vs_boot,-1,10,0.8594933914413537,0.9734070033127464,0.965
i21k_l,ref_vs_boot,-1,11,0.9235570652335752,0.9645984166393684,0.9528
i21k_l,ref_vs_boot,-1,12,0.8429128651791234,0.9545932851785579,0.95
i21k_l,ref_vs_boot,-1,13,0.9172442432692444,0.9662728960164516,0.9629
i21k_l,ref_vs_boot,-1,14,0.888125016054448,0.959633311370462,0.9507
i21k_l,ref_vs_boot,-1,15,0.8979418663683917,0.959805759481047,0.9571
i21k_l,ref_vs_boot,-1,16,0.8928542213068439,0.966776534169128,0.9569
i21k_l,ref_vs_boot,-1,17,0.9134636805149996,0.9658315274531254,0.9571
i21k_l,ref_vs_boot,-1,18,0.762531947471594,0.9556719301836092,0.9581
i21k_l,ref_vs_boot,-1,19,0.8862246468211773,0.9712727885873064,0.9618
i21k_l,ref_vs_boot,-1,20,0.8900845316090984,0.9643908072526092,0.9611
i21k_l,ref_vs_boot,-1,21,0.9051041808320855,0.9547588433805828,0.9491
i21k_l,ref_vs_boot,-1,22,0.9114833674529864,0.9647145175831322,0.9621
i21k_l,ref_vs_boot,-1,23,0.7805332412543595,0.952509090471502,0.9462
i21k_l,ref_vs_boot,-1,24,0.8020630614780172,0.95484317725178,0.9071
i21k_l,ref_vs_boot,-1,25,0.891217940675983,0.9621354537576264,0.9603
i21k_l,ref_vs_boot,-1,26,0.8020610819881733,0.9630594458091836,0.9543
i21k_l,ref_vs_boot,-1,27,0.9162273729901516,0.9589628246444678,0.9546
i21k_l,ref_vs_boot,-1,28,0.9229896410583409,0.9660222420722494,0.9533
i21k_l,ref_vs_boot,-1,29,0.9242831058695379,0.9709262330235132,0.9674
i21k_s,boot_pair,0,1,0.8626242984061331,0.9630734663673962,0.9568
i21k_s,boot_pair,0,2,0.852272734791283,0.9303452990026708,0.8744
i21k_s,boot_pair,0,3,0.8314740074459547,0.9342902166563032,0.8793
i21k_s,boot_pair,0,4,0.7986261082199025,0.917302653862778,0.7272
i21k_s,boot_pair,0,5,0.8401296075696736,0.9353953075233944,0.8721
i21k_s,boot_pair,0,6,0.8596288588795953,0.9455423033331968,0.8943
i21k_s,boot_pair,0,7,0.8092908533922759,0.9372377387771986,0.894
i21k_s,boot_pair,0,8,0.7925727140650556,0.933332992365522,0.8726
i21k_s,boot_pair,0,9,0.9105006148894088,0.9647598177078262,0.9566
i21k_s,boot_pair,0,10,0.8946815262588518,0.9433371989443282,0.9211
i21k_s,boot_pair,0,11,0.5980860515030925,0.9134050280741144,0.7153
i21k_s,boot_pair,0,12,0.8459915498349495,0.9211218533483,0.7201
i21k_s,boot_pair,0,13,0.9004734005045656,0.9565235668540712,0.9561
i21k_s,boot_pair,0,14,0.8306131964674869,0.9439447777894052,0.8867
i21k_s,boot_pair,0,15,0.9063095813305934,0.9495638638181824,0.9407
i21k_s,boot_pair,0,16,0.8590129354468468,0.9435390645063788,0.8818
i21k_s,boot_pair,0,17,0.8696726110808395,0.9447858782740256,0.8856
i21k_s,boot_pair,0,18,0.8268231823132267,0.938661548086744,0.8895
i21k_s,boot_pair,0,19,0.8144391566168199,0.9275903686409716,0.8623
i21k_s,boot_pair,0,20,0.8683843478213804,0.9550638295696344,0.9449
i21k_s,boot_pair,0,21,0.8562585376456324,0.9505861362612856,0.9441
i21k_s,boot_pair,0,22,0.8377327216332481,0.9374993598616396,0.8817
i21k_s,boot_pair,0,23,0.8465787454123339,0.939251999168922,0.8845
i21k_s,boot_pair,0,24,0.8354309402981329,0.9445336202934176,0.8886
i21k_s,boot_pair,0,25,0.6914816404674843,0.9537279159271764,0.9449
i21k_s,boot_pair,0,26,0.9006679987712073,0.9488050332266852,0.9382
i21k_s,boot_pair,0,27,0.6219355353115547,0.9440979477137272,0.888
i21k_s,boot_pair,0,28,0.6851881334299098,0.9454384575189244,0.9324
i21k_s,boot_pair,0,29,0.6117417489281929,0.9342052365269592,0.8767
i21k_s,boot_pair,1,2,0.7970093434832263,0.9372999700246162,0.8722
i21k_s,boot_pair,1,3,0.8348412122034531,0.9315989912543889,0.8785
i21k_s,boot_pair,1,4,0.8355366946417568,0.9202357954158156,0.7233
i21k_s,boot_pair,1,5,0.8549496295087623,0.9385090356094098,0.882
i21k_s,boot_pair,1,6,0.8680492491539076,0.9372587677797951,0.873
i21k_s,boot_pair,1,7,0.8521002417632765,0.9302350469643386,0.8717
i21k_s,boot_pair,1,8,0.8408892287112212,0.9324452639921836,0.8699
i21k_s,boot_pair,1,9,0.8612535572429799,0.957941347191135,0.9464
i21k_s,boot_pair,1,10,0.8487425938999146,0.9487738298563599,0.9312
i21k_s,boot_pair,1,11,0.5946453814867426,0.9090835982753392,0.7114
i21k_s,boot_pair,1,12,0.8000147997481203,0.920071075622693,0.7121
i21k_s,boot_pair,1,13,0.8498338529337154,0.9599342359172276,0.9454
i21k_s,boot_pair,1,14,0.8602019443949449,0.9441064337648332,0.8902
i21k_s,boot_pair,1,15,0.8698618444894473,0.9627420276311274,0.9525
i21k_s,boot_pair,1,16,0.7975394155600078,0.9334311099519113,0.8717
i21k_s,boot_pair,1,17,0.888963579131705,0.9394210987067326,0.8803
i21k_s,boot_pair,1,18,0.8295966815039331,0.9405518758433028,0.8924
i21k_s,boot_pair,1,19,0.8630447067243071,0.932649517643078,0.8606
i21k_s,boot_pair,1,20,0.8841638466933889,0.9434597545182716,0.9302
i21k_s,boot_pair,1,21,0.8982463758103737,0.9608289806820476,0.9469
i21k_s,boot_pair,1,22,0.8471901653840781,0.9419925970433248,0.8892
i21k_s,boot_pair,1,23,0.7840607783917013,0.9273992690109664,0.8734
i21k_s,boot_pair,1,24,0.8545148158453464,0.9397363916412472,0.8796
i21k_s,boot_pair,1,25,0.6238999332985403,0.9341622401210552,0.9144
i21k_s,boot_pair,1,26,0.8651062265500921,0.955173389707448,0.9363
i21k_s,boot_pair,1,27,0.6039926408749505,0.9329936484320784,0.885
i21k_s,boot_pair,1,28,0.6239699154961887,0.949848991685704,0.9332
i21k_s,boot_pair,1,29,0.6230078028044442,0.9275930444552108,0.8768
i21k_s,boot_pair,2,3,0.841663388522936,0.94802129713616,0.951
i21k_s,boot_pair,2,4,0.8555408630573298,0.9476897278706752,0.7587
i21k_s,boot_pair,2,5,0.8703874943314154,0.9646653975849456,0.9605
i21k_s,boot_pair,2,6,0.7876225691657325,0.9315809645806158,0.9272
i21k_s,boot_pair,2,7,0.8608729545085406,0.9608200292374879,0.9556
i21k_s,boot_pair,2,8,0.8258079520801704,0.9552708507888013,0.9490000000000001
i21k_s,boot_pair,2,9,0.8295209321721103,0.9333253215343296,0.8836
i21k_s,boot_pair,2,10,0.8581237427839434,0.9315123110049092,0.878
i21k_s,boot_pair,2,11,0.6296528318661643,0.9318354468298484,0.7468
i21k_s,boot_pair,2,12,0.9436464096365796,0.9522727756453738,0.7539
i21k_s,boot_pair,2,13,0.8641447130917689,0.9395722504966372,0.8768
i21k_s,boot_pair,2,14,0.8590934450358192,0.9550799680117328,0.9458
i21k_s,boot_pair,2,15,0.8620219854742215,0.9369230150885072,0.8875
i21k_s,boot_pair,2,16,0.9017056803234764,0.9487516050199952,0.9456
i21k_s,boot_pair,2,17,0.7919061727150237,0.9381877776733364,0.9392
i21k_s,boot_pair,2,18,0.8831688006854114,0.9549421033259228,0.9524
i21k_s,boot_pair,2,19,0.856687472411409,0.952896146214164,0.9459
i21k_s,boot_pair,2,20,0.8089623613489638,0.9331870210452576,0.889
i21k_s,boot_pair,2,21,0.8084245428178465,0.9443634045114596,0.8921
i21k_s,boot_pair,2,22,0.8699700884405187,0.9591517327639107,0.9488
i21k_s,boot_pair,2,23,0.9106212082855516,0.9500446675267444,0.9414
i21k_s,boot_pair,2,24,0.8519908581211654,0.9616093892561888,0.9528
i21k_s,boot_pair,2,25,0.629727124151972,0.913772163810946,0.8548
i21k_s,boot_pair,2,26,0.8632960539119555,0.9493560352990916,0.9071
i21k_s,boot_pair,2,27,0.6429840182083829,0.9551715600756348,0.9532
i21k_s,boot_pair,2,28,0.6523967204807842,0.9298107080119192,0.8616
i21k_s,boot_pair,2,29,0.626124662895259,0.9392559996231478,0.9389
i21k_s,boot_pair,3,4,0.879772016193202,0.9329305771115856,0.7466
i21k_s,boot_pair,3,5,0.923490140943966,0.9593950647739292,0.9620000000000001
i21k_s,boot_pair,3,6,0.8480307572696663,0.9278009394161026,0.9161
i21k_s,boot_pair,3,7,0.8938884246806436,0.9447155517090507,0.9399
i21k_s,boot_pair,3,8,0.8743979190340933,0.9492505377729142,0.9377
i21k_s,boot_pair,3,9,0.8331525669672822,0.9398432427960642,0.8815
i21k_s,boot_pair,3,10,0.8465469988631523,0.941901336162816,0.8848
i21k_s,boot_pair,3,11,0.6794764000780211,0.9283159269449508,0.7357
i21k_s,boot_pair,3,12,0.8657938112138516,0.9467367928477136,0.7469
i21k_s,boot_pair,3,13,0.8284511053569195,0.9332356997834989,0.8791
i21k_s,boot_pair,3,14,0.9104929849339292,0.94749146705603,0.9311
i21k_s,boot_pair,3,15,0.8154430431609696,0.9313991468144084,0.8817
i21k_s,boot_pair,3,16,0.8747956926598882,0.9578901170281654,0.9478
i21k_s,boot_pair,3,17,0.8452380003203235,0.9301082674850922,0.9285
i21k_s,boot_pair,3,18,0.9085978850916524,0.9567129199633778,0.9538
i21k_s,boot_pair,3,19,0.9201745359625888,0.9565700251588016,0.9465
i21k_s,boot_pair,3,20,0.8859629659546553,0.9423344566958166,0.8895
i21k_s,boot_pair,3,21,0.8406017751488862,0.9243785268278268,0.8752
i21k_s,boot_pair,3,22,0.9309210305376718,0.9561140165513492,0.951
i21k_s,boot_pair,3,23,0.8763921134824695,0.9588511548825523,0.9481
i21k_s,boot_pair,3,24,0.9083542706997634,0.9494770680122367,0.9429
i21k_s,boot_pair,3,25,0.623643114579489,0.9226751963158796,0.8582
i21k_s,boot_pair,3,26,0.819979219182114,0.931315964625932,0.8855
i21k_s,boot_pair,3,27,0.6797866442541634,0.955951144205352,0.9535
i21k_s,boot_pair,3,28,0.5848862250328007,0.916181420109162,0.8538
i21k_s,boot_pair,3,29,0.6884432305788208,0.9500087817471012,0.9387
i21k_s,boot_pair,4,5,0.900995867475222,0.9412968467122356,0.7468
i21k_s,boot_pair,4,6,0.8376736682015117,0.9249343247389692,0.7427
i21k_s,boot_pair,4,7,0.9389287744415424,0.951390000009218,0.7594
i21k_s,boot_pair,4,8,0.873094222304424,0.9452486274599428,0.7482
i21k_s,boot_pair,4,9,0.8346491961136202,0.9207392720233378,0.7233
i21k_s,boot_pair,4,10,0.8334872184700192,0.914643701146768,0.7118
i21k_s,boot_pair,4,11,0.6700724441029222,0.956998165333105,0.9626
i21k_s,boot_pair,4,12,0.8530287025064468,0.9565277959284324,0.9618
i21k_s,boot_pair,4,13,0.8391554627172438,0.9259778636408448,0.7242
i21k_s,boot_pair,4,14,0.9340514515071634,0.9515973659263206,0.7575
i21k_s,boot_pair,4,15,0.8266018053243215,0.9257870131886968,0.7284
i21k_s,boot_pair,4,16,0.875251515095624,0.9425164610663735,0.747
i21k_s,boot_pair,4,17,0.8283550681975701,0.9182071279978224,0.7372
i21k_s,boot_pair,4,18,0.9123133850207829,0.9465832957070526,0.7519
i21k_s,boot_pair,4,19,0.9160442157257436,0.9413151801389644,0.7514
i21k_s,boot_pair,4,20,0.8525766563403453,0.9161998468618964,0.7178
i21k_s,boot_pair,4,21,0.8626327490100105,0.9267065745690888,0.7291
i21k_s,boot_pair,4,22,0.9040419390771962,0.9456479284636036,0.7490000000000001
i21k_s,boot_pair,4,23,0.8588276454453619,0.9447321600095472,0.7509
i21k_s,boot_pair,4,24,0.9175538298818676,0.9493924146488184,0.7496
i21k_s,boot_pair,4,25,0.6087560118842679,0.9061783238294088,0.7106
i21k_s,boot_pair,4,26,0.8404497235100395,0.9202300308507522,0.7233
i21k_s,boot_pair,4,27,0.6644314370614233,0.9377502029947192,0.7490000000000001
i21k_s,boot_pair,4,28,0.6168983158769427,0.9234582651779948,0.7192
i21k_s,boot_pair,4,29,0.6765251245964985,0.9463340439473484,0.7514
i21k_s,boot_pair,5,6,0.8483217535118389,0.9353262814523428,0.9316
i21k_s,boot_pair,5,7,0.9125484310445908,0.949397124027876,0.9486
i21k_s,boot_pair,5,8,0.895753689388922,0.9547977619162716,0.9444
i21k_s,boot_pair,5,9,0.8292222683084133,0.9358880453505166,0.8821
i21k_s,boot_pair,5,10,0.8299535561139751,0.9294375777724662,0.8805
i21k_s,boot_pair,5,11,0.6801117911430448,0.93018202111373,0.7349
i21k_s,boot_pair,5,12,0.8463397643482846,0.9386412457582766,0.7444
i21k_s,boot_pair,5,13,0.8212285831552834,0.9297975569873308,0.8673
i21k_s,boot_pair,5,14,0.9047955874966572,0.9458972425321424,0.9359
i21k_s,boot_pair,5,15,0.8200473681698172,0.9334080453560336,0.8836
i21k_s,boot_pair,5,16,0.8689909000157893,0.9546715174887088,0.9444
i21k_s,boot_pair,5,17,0.8597882856867981,0.938785860194734,0.9399
i21k_s,boot_pair,5,18,0.8840750040837861,0.9531905960406732,0.9617
i21k_s,boot_pair,5,19,0.9118924888129308,0.9481054496679472,0.943
i21k_s,boot_pair,5,20,0.8848415813868622,0.9371630795056736,0.8909999999999999
i21k_s,boot_pair,5,21,0.8700117120384707,0.9405699965102295,0.8877
i21k_s,boot_pair,5,22,0.9405895779080212,0.9667410760584441,0.9656
i21k_s,boot_pair,5,23,0.8797288178068564,0.9553805123764216,0.9462
i21k_s,boot_pair,5,24,0.9431899263462236,0.966647075746588,0.9564
i21k_s,boot_pair,5,25,0.6170326056594858,0.9127468618876377,0.8426
i21k_s,boot_pair,5,26,0.8280550556370221,0.9429573633188452,0.8977
i21k_s,boot_pair,5,27,0.6791687945684414,0.959272555423627,0.9594
i21k_s,boot_pair,5,28,0.5944297433679171,0.9203716209706816,0.8582
i21k_s,boot_pair,5,29,0.6907582526815647,0.9410232960371732,0.9261
i21k_s,boot_pair,6,7,0.8518307111158253,0.936928741573706,0.9509
i21k_s,boot_pair,6,8,0.8694841408684431,0.939675690741408,0.9422
i21k_s,boot_pair,6,9,0.8555907477994734,0.9341794459710042,0.8778
i21k_s,boot_pair,6,10,0.8436343195479709,0.9182584749188912,0.8522
i21k_s,boot_pair,6,11,0.610424958403062,0.9175658021101588,0.7265
i21k_s,boot_pair,6,12,0.7968148463921353,0.9191161088719892,0.7395
i21k_s,boot_pair,6,13,0.8729885546211179,0.9408014578426356,0.8814
i21k_s,boot_pair,6,14,0.8657209504272437,0.9387040917006813,0.9407
i21k_s,boot_pair,6,15,0.8437088805257043,0.9300666547641532,0.8762
i21k_s,boot_pair,6,16,0.8098301558146679,0.9355405536135284,0.9338
i21k_s,boot_pair,6,17,0.8856657792555108,0.952401219087682,0.9533
i21k_s,boot_pair,6,18,0.8443740994297934,0.9379492848111141,0.9443
i21k_s,boot_pair,6,19,0.8537536867425906,0.931970803801202,0.9243
i21k_s,boot_pair,6,20,0.8970980714565205,0.931038036474337,0.875
i21k_s,boot_pair,6,21,0.8930572704405452,0.9361883174297944,0.8873
i21k_s,boot_pair,6,22,0.8681534939176259,0.939589660892368,0.9389
i21k_s,boot_pair,6,23,0.7989786296269287,0.9328542095370776,0.9316
i21k_s,boot_pair,6,24,0.8623647768875088,0.9427451398876672,0.9452
i21k_s,boot_pair,6,25,0.6365044526585301,0.9237666957823196,0.8624
i21k_s,boot_pair,6,26,0.8591464671886491,0.931922510433192,0.8778
i21k_s,boot_pair,6,27,0.6276080617995402,0.9370871545650749,0.9364
i21k_s,boot_pair,6,28,0.6295007258469604,0.9301548095869531,0.873
i21k_s,boot_pair,6,29,0.6259013813858544,0.92741931011952,0.9191
i21k_s,boot_pair,7,8,0.8821076063654519,0.9481133145195614,0.955
i21k_s,boot_pair,7,9,0.8269582272662953,0.936163210985168,0.8954
i21k_s,boot_pair,7,10,0.8384282420307346,0.9324468079575304,0.8696
i21k_s,boot_pair,7,11,0.6707756290493248,0.9302791338212508,0.7395
i21k_s,boot_pair,7,12,0.8469568944056408,0.9405006210180756,0.7536
i21k_s,boot_pair,7,13,0.8316247332082429,0.9312750305858593,0.8768
i21k_s,boot_pair,7,14,0.9389974073213287,0.9554733742524176,0.9494
i21k_s,boot_pair,7,15,0.8252181884679314,0.938029614063136,0.8915
i21k_s,boot_pair,7,16,0.8666456064582716,0.9493469304560012,0.9405
i21k_s,boot_pair,7,17,0.8507963260911836,0.9358667906811527,0.9508
i21k_s,boot_pair,7,18,0.9130967568691004,0.96174531087425,0.9635
i21k_s,boot_pair,7,19,0.9296645472208296,0.9523363023536268,0.9415
i21k_s,boot_pair,7,20,0.8663860122667697,0.9318356532623484,0.8841
i21k_s,boot_pair,7,21,0.8870164547504669,0.9422337282277674,0.8988
i21k_s,boot_pair,7,22,0.9233935898468302,0.9600791458382232,0.9587
i21k_s,boot_pair,7,23,0.8482973749597114,0.9498545954687724,0.9470000000000001
i21k_s,boot_pair,7,24,0.9335372258392214,0.9620330048994707,0.9658
i21k_s,boot_pair,7,25,0.6086108468679267,0.9219139872116071,0.8723
i21k_s,boot_pair,7,26,0.8452187081282057,0.936497252245003,0.8885
i21k_s,boot_pair,7,27,0.6735171190930368,0.956619964502542,0.9617
i21k_s,boot_pair,7,28,0.6155900693966538,0.9350242638411834,0.8849
i21k_s,boot_pair,7,29,0.6743706406171526,0.9477328461106695,0.9377
i21k_s,boot_pair,8,9,0.8015419277081802,0.939069319430166,0.8918
i21k_s,boot_pair,8,10,0.7974970821142244,0.9277033705010741,0.8698
i21k_s,boot_pair,8,11,0.6454363250699727,0.9346560116922432,0.7367
i21k_s,boot_pair,8,12,0.8265687195379209,0.9369508870901132,0.7436
i21k_s,boot_pair,8,13,0.8179911666153872,0.9431325101332376,0.887
i21k_s,boot_pair,8,14,0.883138636372111,0.9454534636548384,0.9479
i21k_s,boot_pair,8,15,0.7909362649844649,0.9349179438282202,0.887
i21k_s,boot_pair,8,16,0.8391058644620429,0.952277505090638,0.9493
i21k_s,boot_pair,8,17,0.8359688392634766,0.9458695377346976,0.9534
i21k_s,boot_pair,8,18,0.8614607170137553,0.9507746391886198,0.9573
i21k_s,boot_pair,8,19,0.8762297981971923,0.947359706652082,0.9385
i21k_s,boot_pair,8,20,0.8511247155347343,0.9363297645925912,0.8901
i21k_s,boot_pair,8,21,0.8389902188308939,0.938782259550688,0.8973
i21k_s,boot_pair,8,22,0.8874088912488547,0.9558526378265008,0.953
i21k_s,boot_pair,8,23,0.8399542824451769,0.9549925647010032,0.9519
i21k_s,boot_pair,8,24,0.9036239531145808,0.9693647011839959,0.9729
i21k_s,boot_pair,8,25,0.591229085769902,0.9222009173654026,0.8668
i21k_s,boot_pair,8,26,0.8057910651668545,0.9321515832548148,0.8839
i21k_s,boot_pair,8,27,0.6501304333631585,0.951891462147584,0.9512
i21k_s,boot_pair,8,28,0.5773856058393714,0.9275383687871132,0.8713
i21k_s,boot_pair,8,29,0.6585439120814621,0.9480596829631268,0.9404
i21k_s,boot_pair,9,10,0.9068433611814508,0.9552029064711296,0.9421
i21k_s,boot_pair,9,11,0.6004377394676257,0.9146003630626796,0.713
i21k_s,boot_pair,9,12,0.8406021332555331,0.9207190022988608,0.7215
i21k_s,boot_pair,9,13,0.907588496744024,0.9558404862621894,0.9519
i21k_s,boot_pair,9,14,0.8402809576896539,0.9363782361157748,0.8851
i21k_s,boot_pair,9,15,0.9147695368660752,0.9561866406562829,0.9587
i21k_s,boot_pair,9,16,0.8717661697354396,0.9470155178741988,0.8867
i21k_s,boot_pair,9,17,0.8758401037646238,0.9429079524109228,0.8946
i21k_s,boot_pair,9,18,0.8450606351522794,0.9426439283712992,0.8984
i21k_s,boot_pair,9,19,0.8283128146937034,0.9379353329110706,0.8864
i21k_s,boot_pair,9,20,0.8956656540548906,0.9688627212476882,0.9612
i21k_s,boot_pair,9,21,0.8597783398092593,0.9546672202566288,0.9588
i21k_s,boot_pair,9,22,0.8278808811807011,0.9362923389759026,0.8883
i21k_s,boot_pair,9,23,0.8515984842789632,0.9438150577691398,0.8933
i21k_s,boot_pair,9,24,0.8371559304886228,0.9415965332277536,0.8939
i21k_s,boot_pair,9,25,0.6897708280660337,0.9524906931045034,0.9355
i21k_s,boot_pair,9,26,0.9111271488972912,0.951404080193448,0.9491
i21k_s,boot_pair,9,27,0.6267661322256434,0.9440679483927716,0.9011
i21k_s,boot_pair,9,28,0.6912068674988817,0.951505241773977,0.9466
i21k_s,boot_pair,9,29,0.6253080499809903,0.9421825476808984,0.8814
i21k_s,boot_pair,10,11,0.5922321262443055,0.8987280218263687,0.6983
i21k_s,boot_pair,10,12,0.8694237876797921,0.9203160216275856,0.7144
i21k_s,boot_pair,10,13,0.9051459743402324,0.9498480652652403,0.9257
i21k_s,boot_pair,10,14,0.845247254855986,0.9316518951990391,0.8635
i21k_s,boot_pair,10,15,0.91448698884667,0.952819018288702,0.9392
i21k_s,boot_pair,10,16,0.8652936225243929,0.935725640038446,0.8749
i21k_s,boot_pair,10,17,0.8524633893610699,0.927689686821199,0.8651
i21k_s,boot_pair,10,18,0.8585133633853053,0.93952126423384,0.8842
i21k_s,boot_pair,10,19,0.8594165687344354,0.9472618683674396,0.8977
i21k_s,boot_pair,10,20,0.8677606390184877,0.9526201490485616,0.9456
i21k_s,boot_pair,10,21,0.8538194453523755,0.9435406206359946,0.9329
i21k_s,boot_pair,10,22,0.8249582231539155,0.9252686007348642,0.8708
i21k_s,boot_pair,10,23,0.8431594587387202,0.9239750672753796,0.8612
i21k_s,boot_pair,10,24,0.8259186496871493,0.9283031656564292,0.8704
i21k_s,boot_pair,10,25,0.6736631553367302,0.9340919169942176,0.9043
i21k_s,boot_pair,10,26,0.9086338394027068,0.9534153528930039,0.9455
i21k_s,boot_pair,10,27,0.6160099134975014,0.9334335689476336,0.8815
i21k_s,boot_pair,10,28,0.6962076978593579,0.9419360187911909,0.9165
i21k_s,boot_pair,10,29,0.6142381101295268,0.9268474808585556,0.8577
i21k_s,boot_pair,11,12,0.6151008723919833,0.9392157963161668,0.9383
i21k_s,boot_pair,11,13,0.6051654478332887,0.91584295847835,0.7122
i21k_s,boot_pair,11,14,0.6763904455097319,0.9348925010022632,0.7378
i21k_s,boot_pair,11,15,0.5817994538911568,0.9077642456180413,0.7125
i21k_s,boot_pair,11,16,0.6552269770385738,0.9356165322280966,0.7371
i21k_s,boot_pair,11,17,0.6250200391860803,0.9166505878545541,0.7318
i21k_s,boot_pair,11,18,0.6752505500803276,0.9356897252924821,0.7397
i21k_s,boot_pair,11,19,0.6563693887206712,0.9250855437615862,0.736
i21k_s,boot_pair,11,20,0.6471874224886371,0.914300235489482,0.7105
i21k_s,boot_pair,11,21,0.6312228062627517,0.9146253987871084,0.7139
i21k_s,boot_pair,11,22,0.7043785352474781,0.9413971876768734,0.7394
i21k_s,boot_pair,11,23,0.6538099833808787,0.9378980490828672,0.7389
i21k_s,boot_pair,11,24,0.6988058362453704,0.9427026363925848,0.7394
i21k_s,boot_pair,11,25,0.6315451929833156,0.9238244130824486,0.7309
i21k_s,boot_pair,11,26,0.5909214939622959,0.9068683166096,0.7101
i21k_s,boot_pair,11,27,0.6543191496386707,0.932232591055412,0.7382
i21k_s,boot_pair,11,28,0.7895412170668688,0.915724534924739,0.7264
i21k_s,boot_pair,11,29,0.6865385128950237,0.9541972671121892,0.7682
i21k_s,boot_pair,12,13,0.8804413927749345,0.9279551231122936,0.7156
i21k_s,boot_pair,12,14,0.8780408239103493,0.9553392055753136,0.76
i21k_s,boot_pair,12,15,0.8511207059360894,0.9160616430193452,0.7239
i21k_s,boot_pair,12,16,0.9061589530983492,0.9479068709747172,0.7491
i21k_s,boot_pair,12,17,0.7913362951452549,0.9161670191106764,0.7367
i21k_s,boot_pair,12,18,0.8920855304599434,0.9486015338281124,0.7514
i21k_s,boot_pair,12,19,0.8869041181462902,0.9558981398375814,0.759
i21k_s,boot_pair,12,20,0.8239474192354903,0.9264450307755338,0.7232
i21k_s,boot_pair,12,21,0.7999855104801384,0.916372429238388,0.7202
i21k_s,boot_pair,12,22,0.8508933765496608,0.9378713948466436,0.7424
i21k_s,boot_pair,12,23,0.9066296837101184,0.9455823952127804,0.7541
i21k_s,boot_pair,12,24,0.839935604789086,0.9351653761898112,0.7437
i21k_s,boot_pair,12,25,0.6311412174241792,0.9080263528602006,0.7022
i21k_s,boot_pair,12,26,0.8568824260256616,0.9220149298622206,0.7252
i21k_s,boot_pair,12,27,0.6443703927000025,0.9406995984802204,0.7518
i21k_s,boot_pair,12,28,0.6439259829734151,0.9103730100445044,0.7091
i21k_s,boot_pair,12,29,0.6322266862456769,0.9393926556217363,0.7383
i21k_s,boot_pair,13,14,0.8539159974584954,0.9418793812236402,0.8836
i21k_s,boot_pair,13,15,0.9208322149896988,0.9591604430720452,0.9456
i21k_s,boot_pair,13,16,0.8552715853633773,0.9350743008907274,0.8847
i21k_s,boot_pair,13,17,0.866838379227231,0.9404127551426278,0.8862
i21k_s,boot_pair,13,18,0.865960116595375,0.9404308476838896,0.8832
i21k_s,boot_pair,13,19,0.8392465095610872,0.9378471892104236,0.8709
i21k_s,boot_pair,13,20,0.8852778022232274,0.9540294429146522,0.9491
i21k_s,boot_pair,13,21,0.8907700184507975,0.9582778599384724,0.9548
i21k_s,boot_pair,13,22,0.8297508459917557,0.9346161057248792,0.8781
i21k_s,boot_pair,13,23,0.8470022000124791,0.9343877518070212,0.8797
i21k_s,boot_pair,13,24,0.8343221943922228,0.9407683007315956,0.8898
i21k_s,boot_pair,13,25,0.6828709502785749,0.9462085574021708,0.945
i21k_s,boot_pair,13,26,0.906569010722939,0.9528806217226116,0.9415
i21k_s,boot_pair,13,27,0.6183542043501358,0.9278202489366248,0.8742
i21k_s,boot_pair,13,28,0.7094307632804759,0.950127862255004,0.9257
i21k_s,boot_pair,13,29,0.6208357895897388,0.9309712827272326,0.875
i21k_s,boot_pair,14,15,0.8413168930836683,0.9405921672704036,0.8928
i21k_s,boot_pair,14,16,0.8893367714420695,0.9630214790692004,0.9589
i21k_s,boot_pair,14,17,0.8492045729908233,0.9388856963909036,0.9482
i21k_s,boot_pair,14,18,0.9293822446200304,0.9648265954083056,0.9609
i21k_s,boot_pair,14,19,0.9334188851088212,0.9546813151207872,0.9353
i21k_s,boot_pair,14,20,0.8643084272331467,0.9344150129522172,0.8874
i21k_s,boot_pair,14,21,0.8726205756444549,0.9409438230610272,0.8952
i21k_s,boot_pair,14,22,0.9189403638993926,0.9497051457721758,0.9468
i21k_s,boot_pair,14,23,0.8531103656673915,0.9501282347846886,0.9496
i21k_s,boot_pair,14,24,0.919409968646296,0.956528675103476,0.9570000000000001
i21k_s,boot_pair,14,25,0.6153079273779112,0.9205762823569326,0.8546
i21k_s,boot_pair,14,26,0.8489924020246964,0.9353627119055268,0.8786
i21k_s,boot_pair,14,27,0.6892367516793929,0.9626454189043404,0.9615
i21k_s,boot_pair,14,28,0.6303315107695372,0.9319858504061036,0.8689
i21k_s,boot_pair,14,29,0.6788494262352266,0.9533914329891198,0.9457
i21k_s,boot_pair,15,16,0.8552765896152859,0.93082856492468,0.8796
i21k_s,boot_pair,15,17,0.8527116893586225,0.9395731130458886,0.8925
i21k_s,boot_pair,15,18,0.8362868857967316,0.9369130250657924,0.8896
i21k_s,boot_pair,15,19,0.8295802272942491,0.9357683216122128,0.8824
i21k_s,boot_pair,15,20,0.8566379347809161,0.9469540007963706,0.9489
i21k_s,boot_pair,15,21,0.8620427389673881,0.9606179718358808,0.9690000000000001
i21k_s,boot_pair,15,22,0.8216172204266601,0.9358893671872835,0.8898
i21k_s,boot_pair,15,23,0.8338074349781883,0.9330132791995835,0.8848
i21k_s,boot_pair,15,24,0.8170152648412032,0.9421446881016856,0.8978
i21k_s,boot_pair,15,25,0.6678059560769677,0.9330550487208096,0.9202
i21k_s,boot_pair,15,26,0.9153778199026156,0.9603153911659126,0.956
i21k_s,boot_pair,15,27,0.6044792705070017,0.9293286012160318,0.8866
i21k_s,boot_pair,15,28,0.7145013694885274,0.9575830799216134,0.9451
i21k_s,boot_pair,15,29,0.6062681792518192,0.9279863859705118,0.8759999999999999
i21k_s,boot_pair,16,17,0.8245853918076406,0.9402980375215221,0.9398
i21k_s,boot_pair,16,18,0.8941811236226583,0.9544377279426328,0.9501
i21k_s,boot_pair,16,19,0.8703167244797148,0.9557704854165394,0.943
i21k_s,boot_pair,16,20,0.8436191008098296,0.9559328260764228,0.9098
i21k_s,boot_pair,16,21,0.8136889110378156,0.9344654922280896,0.8887
i21k_s,boot_pair,16,22,0.8801112770791565,0.9509280327488624,0.9402
i21k_s,boot_pair,16,23,0.9140064204899822,0.9628576805267012,0.9589
i21k_s,boot_pair,16,24,0.884620015380114,0.9608679366249424,0.955
i21k_s,boot_pair,16,25,0.6498891734752364,0.926134567735943,0.8654
i21k_s,boot_pair,16,26,0.8651956500051586,0.9339239635867622,0.8839
i21k_s,boot_pair,16,27,0.6725837003089199,0.9580358831418934,0.9475
i21k_s,boot_pair,16,28,0.6485492262229119,0.9232983753245166,0.8591
i21k_s,boot_pair,16,29,0.6589181342331064,0.9563620180413216,0.9417
i21k_s,boot_pair,17,18,0.8260463240233312,0.9326470282164764,0.9458
i21k_s,boot_pair,17,19,0.8451667195525382,0.9325575121261952,0.9332
i21k_s,boot_pair,17,20,0.9202170250555796,0.9373330049001568,0.8899
i21k_s,boot_pair,17,21,0.9068774037946591,0.944634125355241,0.9026
i21k_s,boot_pair,17,22,0.8566689475446415,0.9411548205735476,0.9478
i21k_s,boot_pair,17,23,0.8086333816800609,0.9354583003454464,0.9388
i21k_s,boot_pair,17,24,0.875845343384037,0.9562290492157104,0.9684
i21k_s,boot_pair,17,25,0.6407105511256019,0.9240048942442578,0.8618
i21k_s,boot_pair,17,26,0.8463547015750142,0.9332062853921022,0.8863
i21k_s,boot_pair,17,27,0.6261542604769051,0.9452406969085071,0.9538
i21k_s,boot_pair,17,28,0.6236719143296939,0.930726902698228,0.8698
i21k_s,boot_pair,17,29,0.6446602786871497,0.932792901893864,0.9255
i21k_s,boot_pair,18,19,0.910154094726356,0.9549184088143928,0.9399
i21k_s,boot_pair,18,20,0.8604866508333987,0.9380299197051016,0.8936
i21k_s,boot_pair,18,21,0.8526916918017949,0.9354715674792692,0.8934
i21k_s,boot_pair,18,22,0.9096752068088402,0.9613779254959904,0.9718
i21k_s,boot_pair,18,23,0.8789144698576108,0.9544681376127646,0.9562
i21k_s,boot_pair,18,24,0.9059472681905838,0.9559327987769534,0.9605
i21k_s,boot_pair,18,25,0.6310682966752714,0.9230707854567209,0.8569
i21k_s,boot_pair,18,26,0.8478411531855338,0.9346179995268415,0.8853
i21k_s,boot_pair,18,27,0.6884033339020827,0.9628499376734256,0.9744
i21k_s,boot_pair,18,28,0.6269864236750792,0.9261906508299036,0.8653
i21k_s,boot_pair,18,29,0.6711627521797566,0.9522249041110028,0.9497
i21k_s,boot_pair,19,20,0.8723144834298201,0.9353258214533572,0.8837
i21k_s,boot_pair,19,21,0.8720063423631657,0.9360962920896648,0.882
i21k_s,boot_pair,19,22,0.914894110661798,0.9474489289364648,0.9368
i21k_s,boot_pair,19,23,0.8554513703406288,0.9515736638321676,0.9438
i21k_s,boot_pair,19,24,0.9101286814089128,0.946385963277927,0.9394
i21k_s,boot_pair,19,25,0.6044529469156277,0.9165533429026996,0.8451
i21k_s,boot_pair,19,26,0.8326819607048572,0.9318856249864822,0.879
i21k_s,boot_pair,19,27,0.6652082388645899,0.9463785463811444,0.9399
i21k_s,boot_pair,19,28,0.6109675130528525,0.928640048479256,0.8622
i21k_s,boot_pair,19,29,0.6711068743454982,0.9445182159466216,0.9289
i21k_s,boot_pair,20,21,0.9123783425506764,0.9514378334095336,0.9593
i21k_s,boot_pair,20,22,0.8749382239948882,0.9320438620516144,0.8819
i21k_s,boot_pair,20,23,0.8411803349180473,0.9461964824189452,0.8963
i21k_s,boot_pair,20,24,0.8864237049668876,0.9377360058700912,0.8936
i21k_s,boot_pair,20,25,0.6583036111501827,0.9471584214420572,0.9298
i21k_s,boot_pair,20,26,0.8615731373757036,0.9486117489657746,0.9559
i21k_s,boot_pair,20,27,0.6376640651651417,0.9347533543956388,0.8861
i21k_s,boot_pair,20,28,0.6296863745668194,0.9362526537766784,0.9255
i21k_s,boot_pair,20,29,0.6665191460839973,0.937398235376768,0.8789
i21k_s,boot_pair,21,22,0.8715355011378141,0.943108062507838,0.8969
i21k_s,boot_pair,21,23,0.8049419455870034,0.9294028310369009,0.8859
i21k_s,boot_pair,21,24,0.8901874587928845,0.952166928262873,0.9095
i21k_s,boot_pair,21,25,0.6432061276700374,0.9364842573353876,0.9317
i21k_s,boot_pair,21,26,0.8717480897381189,0.960606287626721,0.9583
i21k_s,boot_pair,21,27,0.6243710156659915,0.9350150973866116,0.8931
i21k_s,boot_pair,21,28,0.6492858030854474,0.952883564328158,0.9468
i21k_s,boot_pair,21,29,0.6427294455154698,0.926921184392782,0.8767
i21k_s,boot_pair,22,23,0.8859127106402163,0.9606957261729552,0.9538
i21k_s,boot_pair,22,24,0.9550175149303792,0.9732608310558982,0.9649
i21k_s,boot_pair,22,25,0.626477452906015,0.9223534778684443,0.8543
i21k_s,boot_pair,22,26,0.8309271553273632,0.9386471686410516,0.8852
i21k_s,boot_pair,22,27,0.6887802398393212,0.9604239095122504,0.9664
i21k_s,boot_pair,22,28,0.5972321420243007,0.9264764429896374,0.8682
i21k_s,boot_pair,22,29,0.685473843915931,0.9480656746919979,0.9417
i21k_s,boot_pair,23,24,0.8749653162486281,0.9611321394449048,0.9548
i21k_s,boot_pair,23,25,0.6464972839476097,0.9266314422513474,0.8583
i21k_s,boot_pair,23,26,0.8419523215373326,0.9282388151797464,0.8761
i21k_s,boot_pair,23,27,0.6601007774478918,0.953106541209122,0.9503
i21k_s,boot_pair,23,28,0.6194623578743871,0.91746202213047,0.8613
i21k_s,boot_pair,23,29,0.6587649671721985,0.9562534462808616,0.9459
i21k_s,boot_pair,24,25,0.630302805657778,0.929713242665738,0.8679
i21k_s,boot_pair,24,26,0.8389794688789965,0.9435839773057612,0.8908
i21k_s,boot_pair,24,27,0.6850818079726048,0.9627242221101114,0.9639
i21k_s,boot_pair,24,28,0.6010507489267717,0.9298727344846648,0.8702
i21k_s,boot_pair,24,29,0.6994158659460965,0.9515299056952692,0.9372
i21k_s,boot_pair,25,26,0.6803518530704279,0.9382632360304872,0.9249
i21k_s,boot_pair,25,27,0.8725595948494341,0.922606945254605,0.8573
i21k_s,boot_pair,25,28,0.6910663335575805,0.9542986270369817,0.9507
i21k_s,boot_pair,25,29,0.9061330695730012,0.9465034461630988,0.8886
i21k_s,boot_pair,26,27,0.6125134908412576,0.9332687860523082,0.8877
i21k_s,boot_pair,26,28,0.6982684413212167,0.9483512439947029,0.9364
i21k_s,boot_pair,26,29,0.6129725812891565,0.9241649142754276,0.8658
i21k_s,boot_pair,27,28,0.6246944661630323,0.92632226498007,0.8706
i21k_s,boot_pair,27,29,0.9156902446321066,0.9496183106278158,0.9374
i21k_s,boot_pair,28,29,0.6254687002489704,0.9361844099361348,0.8897
i21k_s,ref_vs_boot,-1,0,0.8456444759464731,0.9224422632097088,0.7147
i21k_s,ref_vs_boot,-1,1,0.7982820553377756,0.9219135443576948,0.7108
i21k_s,ref_vs_boot,-1,2,0.9145072061562028,0.9428727239895904,0.7473
i21k_s,ref_vs_boot,-1,3,0.8603338472765477,0.9398272413931006,0.7402
i21k_s,ref_vs_boot,-1,4,0.8801262230810921,0.9647586626224304,0.96
i21k_s,ref_vs_boot,-1,5,0.8481986494816572,0.9344319390610832,0.7403
i21k_s,ref_vs_boot,-1,6,0.8163227302411303,0.9262449379910664,0.7372
i21k_s,ref_vs_boot,-1,7,0.8731788538704671,0.9495270947959992,0.753
i21k_s,ref_vs_boot,-1,8,0.8345535996768993,0.944066178947336,0.7462
i21k_s,ref_vs_boot,-1,9,0.8456875981948531,0.9265845644586502,0.7213
i21k_s,ref_vs_boot,-1,10,0.8689050400426052,0.9198383381422504,0.7126
i21k_s,ref_vs_boot,-1,11,0.6582025806063408,0.9548306458916496,0.9436
i21k_s,ref_vs_boot,-1,12,0.9247047252833952,0.9669168056972096,0.9654
i21k_s,ref_vs_boot,-1,13,0.8846034340096159,0.9324748164093808,0.7170000000000001
i21k_s,ref_vs_boot,-1,14,0.8982847007878552,0.9598257698180732,0.7583
i21k_s,ref_vs_boot,-1,15,0.8560727257696421,0.9230449946213228,0.7237
i21k_s,ref_vs_boot,-1,16,0.9297762871548706,0.95655607045504,0.755
i21k_s,ref_vs_boot,-1,17,0.8114282237073525,0.9263181756289812,0.7402
i21k_s,ref_vs_boot,-1,18,0.9155175639875984,0.9554073316254454,0.7534
i21k_s,ref_vs_boot,-1,19,0.8787039700746929,0.954010294026458,0.7541
i21k_s,ref_vs_boot,-1,20,0.8292065270160883,0.9310066133698396,0.7237
i21k_s,ref_vs_boot,-1,21,0.8311984136474097,0.92897845964169,0.7261
i21k_s,ref_vs_boot,-1,22,0.8709560620686884,0.9423019179973062,0.7434
i21k_s,ref_vs_boot,-1,23,0.9095929476012568,0.9499025255066812,0.7494
i21k_s,ref_vs_boot,-1,24,0.8709400157893395,0.9445292376009716,0.7469
i21k_s,ref_vs_boot,-1,25,0.6548592090265939,0.9173445775074924,0.7044
i21k_s,ref_vs_boot,-1,26,0.8578625872839094,0.9176080311764964,0.7183
i21k_s,ref_vs_boot,-1,27,0.6586734462074954,0.9418492003526278,0.7490000000000001
i21k_s,ref_vs_boot,-1,28,0.6564637636968236,0.9167748827968908,0.7073
i21k_s,ref_vs_boot,-1,29,0.6546872152093612,0.9496373882082276,0.7405
i21k_t,boot_pair,0,1,0.8054727546702989,0.9511227107826676,0.9708
i21k_t,boot_pair,0,2,0.7562904665511163,0.9123315662319664,0.8992
i21k_t,boot_pair,0,3,0.7664842492280266,0.9134514706126758,0.8823
i21k_t,boot_pair,0,4,0.7690668118845052,0.9130396050110344,0.8843
i21k_t,boot_pair,0,5,0.7602575412882612,0.9113358969858296,0.8762
i21k_t,boot_pair,0,6,0.7681153353270376,0.9147700843258864,0.8855
i21k_t,boot_pair,0,7,0.7971128371208575,0.9110906508598824,0.8807
i21k_t,boot_pair,0,8,0.7863008255896552,0.9507007758484132,0.9687
i21k_t,boot_pair,0,9,0.7660240705626673,0.9212689166713434,0.8852
i21k_t,boot_pair,0,10,0.7476570149928656,0.9490039882967172,0.9704
i21k_t,boot_pair,0,11,0.7827271547251342,0.9518033431910654,0.9716
i21k_t,boot_pair,0,12,0.8000107689403168,0.9582673206938176,0.9717
i21k_t,boot_pair,0,13,0.8060569606975473,0.960260920691019,0.9731
i21k_t,boot_pair,0,14,0.8466927757401427,0.9598454577091068,0.9755
i21k_t,boot_pair,0,15,0.8354064577792226,0.9482498639925656,0.9643
i21k_t,boot_pair,0,16,0.821780633610209,0.9491845683147376,0.9690000000000001
i21k_t,boot_pair,0,17,0.8212767100864702,0.9545042653235742,0.9725
i21k_t,boot_pair,0,18,0.810659918411105,0.9476561046134668,0.9648
i21k_t,boot_pair,0,19,0.7823459782030966,0.9611445213376102,0.977
i21k_t,boot_pair,0,20,0.8825819914725574,0.9608728219698404,0.9740000000000001
i21k_t,boot_pair,0,21,0.7434354633555676,0.9278636657148994,0.9196
i21k_t,boot_pair,0,22,0.76557129073109,0.9496721795144636,0.9695
i21k_t,boot_pair,0,23,0.8164745358355477,0.9117192506147632,0.8757
i21k_t,boot_pair,0,24,0.8037085512877771,0.9197488859034554,0.9039
i21k_t,boot_pair,0,25,0.7877255177247133,0.9411612702985628,0.9620000000000001
i21k_t,boot_pair,0,26,0.8055583971691896,0.9136997555819252,0.8814
i21k_t,boot_pair,0,27,0.7751313756134164,0.9093429157386516,0.8778
i21k_t,boot_pair,0,28,0.7852947240206373,0.9475577042262712,0.9654
i21k_t,boot_pair,0,29,0.7983491196037803,0.9125123952042536,0.88
i21k_t,boot_pair,1,2,0.7852080127131771,0.9042482963899784,0.8899
i21k_t,boot_pair,1,3,0.8537938309761074,0.9274705867562985,0.8845
i21k_t,boot_pair,1,4,0.8416705612785991,0.9211314151764172,0.8825
i21k_t,boot_pair,1,5,0.8127750550915521,0.9201918842475983,0.8816
i21k_t,boot_pair,1,6,0.8366230709254495,0.9227976066861154,0.885
i21k_t,boot_pair,1,7,0.8819346109065735,0.9281822520783708,0.8859
i21k_t,boot_pair,1,8,0.7918218221459487,0.9524401879801936,0.9703
i21k_t,boot_pair,1,9,0.8081549091859159,0.9122092972204442,0.8764
i21k_t,boot_pair,1,10,0.7973849456440634,0.9605003405734543,0.9775
i21k_t,boot_pair,1,11,0.792159950454482,0.9495122680419644,0.9693
i21k_t,boot_pair,1,12,0.8074164671339118,0.9506030778623746,0.9689
i21k_t,boot_pair,1,13,0.8472737835668631,0.9620728865299868,0.9732
i21k_t,boot_pair,1,14,0.8658419638699935,0.9622984441032773,0.9761
i21k_t,boot_pair,1,15,0.8425956991521502,0.9633764138028827,0.9776
i21k_t,boot_pair,1,16,0.8439224696936053,0.9533748022020738,0.9716
i21k_t,boot_pair,1,17,0.8494339625498448,0.9650503132223509,0.975
i21k_t,boot_pair,1,18,0.8542462602630342,0.9665497608185256,0.9809
i21k_t,boot_pair,1,19,0.8275958956558309,0.9587692199180208,0.9746
i21k_t,boot_pair,1,20,0.8197869996199968,0.9590335434622486,0.973
i21k_t,boot_pair,1,21,0.8040936401548664,0.9296054697066224,0.9197
i21k_t,boot_pair,1,22,0.8218496361018871,0.9492544929933934,0.9639
i21k_t,boot_pair,1,23,0.8479591161725555,0.9185291745176124,0.8789
i21k_t,boot_pair,1,24,0.8190587739585251,0.93173755208458,0.9039
i21k_t,boot_pair,1,25,0.827967622550655,0.9634044779875268,0.9793
i21k_t,boot_pair,1,26,0.8665880238175486,0.9184950028804516,0.8806
i21k_t,boot_pair,1,27,0.8437657037193208,0.9122753994426678,0.8764
i21k_t,boot_pair,1,28,0.8488576017853116,0.9558413324154224,0.9709
i21k_t,boot_pair,1,29,0.8747859304573019,0.9201450117727334,0.8809
i21k_t,boot_pair,2,3,0.7725021347023926,0.913615111979669,0.8624
i21k_t,boot_pair,2,4,0.7631341787623536,0.9160544397106528,0.8676
i21k_t,boot_pair,2,5,0.772566162665412,0.9112372792246598,0.8628
i21k_t,boot_pair,2,6,0.7697534122627537,0.9082365300801948,0.8593
i21k_t,boot_pair,2,7,0.8077697907411695,0.911331525865985,0.8579
i21k_t,boot_pair,2,8,0.7586526039095968,0.9167104463473978,0.9055
i21k_t,boot_pair,2,9,0.7847692536818338,0.9163431611270786,0.8609
i21k_t,boot_pair,2,10,0.7871230331234902,0.9112486641500498,0.9024
i21k_t,boot_pair,2,11,0.7795014208556632,0.915602377036466,0.9041
i21k_t,boot_pair,2,12,0.8089343029435311,0.9180872314436936,0.9065
i21k_t,boot_pair,2,13,0.7933180190055499,0.9244743725341228,0.9082
i21k_t,boot_pair,2,14,0.791606219241479,0.9118784582961964,0.8976
i21k_t,boot_pair,2,15,0.7603789964557058,0.9088760141198979,0.8975
i21k_t,boot_pair,2,16,0.7761639744011469,0.9061343480410696,0.8962
i21k_t,boot_pair,2,17,0.7789904592565382,0.9177220047023004,0.9009999999999999
i21k_t,boot_pair,2,18,0.7658262591942273,0.9084562037607574,0.8987
i21k_t,boot_pair,2,19,0.7849304820965615,0.9159348205090104,0.9041
i21k_t,boot_pair,2,20,0.7701052940595491,0.9201029764802712,0.9072
i21k_t,boot_pair,2,21,0.7529993018336122,0.914129281673448,0.8729
i21k_t,boot_pair,2,22,0.7871466463591664,0.9262210908145376,0.9104
i21k_t,boot_pair,2,23,0.8024230723019781,0.902395160432187,0.8536
i21k_t,boot_pair,2,24,0.7949880752715157,0.9121980307500566,0.8719
i21k_t,boot_pair,2,25,0.7740772045563152,0.9069565635242426,0.8951
i21k_t,boot_pair,2,26,0.8235528863952084,0.911767899691298,0.866
i21k_t,boot_pair,2,27,0.8190014905566362,0.9146189560530722,0.8675
i21k_t,boot_pair,2,28,0.7583181160744721,0.9069414146587575,0.8978
i21k_t,boot_pair,2,29,0.7837737680797625,0.9121928928651918,0.8639
i21k_t,boot_pair,3,4,0.8595233707617779,0.957772982606708,0.9698
i21k_t,boot_pair,3,5,0.7934118953224258,0.9522792107150324,0.9714
i21k_t,boot_pair,3,6,0.8131139719170302,0.9670082714759418,0.9788
i21k_t,boot_pair,3,7,0.8271208108177607,0.9665839664649049,0.9819
i21k_t,boot_pair,3,8,0.7444823539574699,0.9152167993737904,0.8774
i21k_t,boot_pair,3,9,0.7653709456257575,0.9550645460975784,0.9713
i21k_t,boot_pair,3,10,0.7604677390244096,0.9201331325521972,0.8822
i21k_t,boot_pair,3,11,0.7735941511078429,0.9174056317438598,0.8805
i21k_t,boot_pair,3,12,0.7942360949385675,0.9167191348147348,0.8808
i21k_t,boot_pair,3,13,0.8375103995347988,0.9282319834107596,0.8862
i21k_t,boot_pair,3,14,0.8073433221854035,0.918523775987478,0.8856
i21k_t,boot_pair,3,15,0.8001157929972028,0.9117824865411664,0.8764
i21k_t,boot_pair,3,16,0.7988873563958951,0.9181737551210192,0.8834
i21k_t,boot_pair,3,17,0.7828395678439997,0.9253579778589373,0.8824
i21k_t,boot_pair,3,18,0.7949152438489715,0.9146870408293902,0.8766
i21k_t,boot_pair,3,19,0.8538106331473974,0.9334279277912682,0.8907
i21k_t,boot_pair,3,20,0.7875192074198124,0.9237043245353426,0.8818
i21k_t,boot_pair,3,21,0.7465641615395139,0.9320971004590396,0.9205
i21k_t,boot_pair,3,22,0.783707534185943,0.9289225357668904,0.8895
i21k_t,boot_pair,3,23,0.8479001222351472,0.9509723289463741,0.9667
i21k_t,boot_pair,3,24,0.7978032491613376,0.9499499738107092,0.956
i21k_t,boot_pair,3,25,0.7972955063004279,0.9109224174422028,0.8758
i21k_t,boot_pair,3,26,0.8055356770216573,0.9572450303786616,0.9758
i21k_t,boot_pair,3,27,0.7934313188468536,0.9486555850442364,0.9704
i21k_t,boot_pair,3,28,0.7986814572358981,0.9198584912704196,0.8812
i21k_t,boot_pair,3,29,0.8486023656878149,0.9631663510093648,0.9767
i21k_t,boot_pair,4,5,0.7708589044743235,0.9494455084058584,0.9699
i21k_t,boot_pair,4,6,0.7932074710642246,0.95626663650061,0.9690000000000001
i21k_t,boot_pair,4,7,0.8538915408434171,0.9588790150060204,0.9698
i21k_t,boot_pair,4,8,0.7661289738206084,0.9201787018214173,0.8878
i21k_t,boot_pair,4,9,0.7782593147382237,0.9521002027234868,0.9659
i21k_t,boot_pair,4,10,0.7510459321728898,0.9197598519261566,0.8902
i21k_t,boot_pair,4,11,0.7883197279067312,0.9220053426070208,0.888
i21k_t,boot_pair,4,12,0.7962754943486826,0.9209320435492828,0.8928
i21k_t,boot_pair,4,13,0.8058665624112858,0.9246877510652446,0.8916
i21k_t,boot_pair,4,14,0.8322725125673763,0.9184386543833212,0.8847
i21k_t,boot_pair,4,15,0.8099914830493165,0.9116901815368184,0.8818
i21k_t,boot_pair,4,16,0.8167684560731951,0.9188127653244048,0.8802
i21k_t,boot_pair,4,17,0.8161292209257969,0.9221553193611304,0.8889
i21k_t,boot_pair,4,18,0.8075247714797569,0.919025960982022,0.8859
i21k_t,boot_pair,4,19,0.8422268494510259,0.9215488592879372,0.8861
i21k_t,boot_pair,4,20,0.8115016014388704,0.9344364104431868,0.8991
i21k_t,boot_pair,4,21,0.753571342767407,0.9323614108826086,0.9244
i21k_t,boot_pair,4,22,0.8140727291301157,0.9289483557458632,0.8951
i21k_t,boot_pair,4,23,0.7972482165054615,0.93764789014586,0.9603
i21k_t,boot_pair,4,24,0.7753201531778647,0.9466587740583896,0.9592
i21k_t,boot_pair,4,25,0.7604668444392702,0.9070668311978746,0.8793
i21k_t,boot_pair,4,26,0.8002018103246016,0.9544403853327116,0.9752
i21k_t,boot_pair,4,27,0.7932248509823588,0.9418185642683058,0.9654
i21k_t,boot_pair,4,28,0.8371918529229736,0.9123061338560404,0.8841
i21k_t,boot_pair,4,29,0.8487853794892548,0.9553429549100542,0.9744
i21k_t,boot_pair,5,6,0.7830305377302432,0.9488177196113556,0.9662
i21k_t,boot_pair,5,7,0.823880661634399,0.96019630404836,0.9765
i21k_t,boot_pair,5,8,0.8039929293884336,0.917135126814345,0.8824
i21k_t,boot_pair,5,9,0.8469490770868127,0.9490644946842666,0.9694
i21k_t,boot_pair,5,10,0.8456963285111145,0.9239805275811344,0.8861
i21k_t,boot_pair,5,11,0.7456856989349616,0.9082889601046801,0.8793
i21k_t,boot_pair,5,12,0.8050575451947739,0.9192387316344132,0.8852
i21k_t,boot_pair,5,13,0.8297066413723672,0.9224792229790592,0.889
i21k_t,boot_pair,5,14,0.8070797945405387,0.913497078596706,0.8787
i21k_t,boot_pair,5,15,0.8225946497817525,0.9217550026859282,0.8887
i21k_t,boot_pair,5,16,0.7849766316827193,0.9036869676784938,0.8709
i21k_t,boot_pair,5,17,0.7794592542086951,0.9227566731985584,0.8857
i21k_t,boot_pair,5,18,0.8076642681492333,0.9292260299264552,0.892
i21k_t,boot_pair,5,19,0.7757156526103596,0.9201001272961576,0.8802
i21k_t,boot_pair,5,20,0.7895903452891143,0.9143926378155856,0.882
i21k_t,boot_pair,5,21,0.8510871651139535,0.9383410244213364,0.9309999999999999
i21k_t,boot_pair,5,22,0.8063916054619309,0.9315202831351296,0.892
i21k_t,boot_pair,5,23,0.8493757710979051,0.948769267752548,0.9713
i21k_t,boot_pair,5,24,0.7535865106281457,0.9391027687776721,0.9540000000000001
i21k_t,boot_pair,5,25,0.7490470860602455,0.9058079786355148,0.8818
i21k_t,boot_pair,5,26,0.809712470711359,0.959502461790853,0.9756
i21k_t,boot_pair,5,27,0.8034817491490134,0.9471151559468208,0.9696
i21k_t,boot_pair,5,28,0.7822789574656185,0.9226716194747048,0.8888
i21k_t,boot_pair,5,29,0.7922749771615188,0.9539029706087524,0.9719
i21k_t,boot_pair,6,7,0.8225367526540245,0.9613344548369402,0.9759
i21k_t,boot_pair,6,8,0.7561405442171274,0.918475176144146,0.8808
i21k_t,boot_pair,6,9,0.8011679643777941,0.9569676688936308,0.9752
i21k_t,boot_pair,6,10,0.7862233058217399,0.921137837440118,0.8836
i21k_t,boot_pair,6,11,0.7733062467614294,0.9216114259982732,0.8848
i21k_t,boot_pair,6,12,0.8165267672466416,0.9203168709228801,0.8809999999999999
i21k_t,boot_pair,6,13,0.8256160286631514,0.9218551339898527,0.8842
i21k_t,boot_pair,6,14,0.8181455908252054,0.9168098058484934,0.885
i21k_t,boot_pair,6,15,0.8169930895675547,0.9169081219926962,0.8786
i21k_t,boot_pair,6,16,0.8440554068418683,0.9280812265678818,0.89
i21k_t,boot_pair,6,17,0.8279139014224026,0.9253409449858746,0.8833
i21k_t,boot_pair,6,18,0.8035258438351306,0.9137535687158632,0.8778
i21k_t,boot_pair,6,19,0.8292694635661114,0.9334203107184968,0.8906
i21k_t,boot_pair,6,20,0.7942335231300137,0.924074091056662,0.8818
i21k_t,boot_pair,6,21,0.7672856822379939,0.9353119349574932,0.9218
i21k_t,boot_pair,6,22,0.7631529445873494,0.9230101897068359,0.8843
i21k_t,boot_pair,6,23,0.826122844808114,0.9454156037565092,0.9629
i21k_t,boot_pair,6,24,0.7759859268044635,0.9451603964500112,0.9558
i21k_t,boot_pair,6,25,0.7914695224316681,0.9062403241765196,0.8731
i21k_t,boot_pair,6,26,0.8752630541815644,0.9695032419222244,0.9774
i21k_t,boot_pair,6,27,0.8424481333908603,0.9518192572671016,0.9667
i21k_t,boot_pair,6,28,0.8079775211053049,0.9150187407924772,0.8753
i21k_t,boot_pair,6,29,0.8344780988579987,0.9571146583836015,0.9706
i21k_t,boot_pair,7,8,0.7907187576067669,0.9185659780508052,0.8764
i21k_t,boot_pair,7,9,0.811705873104625,0.9502182115159312,0.9668
i21k_t,boot_pair,7,10,0.7917291211833565,0.9172471891270836,0.8787
i21k_t,boot_pair,7,11,0.7992593544451442,0.9238684246191364,0.8813
i21k_t,boot_pair,7,12,0.8212847066191459,0.9197678602391376,0.8816
i21k_t,boot_pair,7,13,0.8340342777792831,0.9193311221734384,0.8814
i21k_t,boot_pair,7,14,0.8393273396918565,0.9140592286534394,0.8809999999999999
i21k_t,boot_pair,7,15,0.8450060839547829,0.9242104210349662,0.8842
i21k_t,boot_pair,7,16,0.8378807794733247,0.9199195423447428,0.882
i21k_t,boot_pair,7,17,0.873801990948245,0.9211287573588354,0.8782
i21k_t,boot_pair,7,18,0.8587153942722288,0.9209915705052306,0.8815
i21k_t,boot_pair,7,19,0.8441783504925398,0.9276725595923112,0.8871
i21k_t,boot_pair,7,20,0.8236188758710236,0.9219992738919488,0.8817
i21k_t,boot_pair,7,21,0.8169828426712308,0.943100992925861,0.9272
i21k_t,boot_pair,7,22,0.8711025683377828,0.9311970015260844,0.8875
i21k_t,boot_pair,7,23,0.8263518448098397,0.951067005093722,0.9690000000000001
i21k_t,boot_pair,7,24,0.7916191968761791,0.9480416362558136,0.9512
i21k_t,boot_pair,7,25,0.7913401437932672,0.9093713469209532,0.8765
i21k_t,boot_pair,7,26,0.8685677570591992,0.9576416787262678,0.9718
i21k_t,boot_pair,7,27,0.8618052542143474,0.9493693541975642,0.9671
i21k_t,boot_pair,7,28,0.8850148728192517,0.9291747481998344,0.8876
i21k_t,boot_pair,7,29,0.8855148540296782,0.9579542071060352,0.9709
i21k_t,boot_pair,8,9,0.7945775260770834,0.9145277190835468,0.882
i21k_t,boot_pair,8,10,0.7706024107518302,0.9589184297230346,0.9838
i21k_t,boot_pair,8,11,0.8379241064943118,0.9661390472864204,0.9832
i21k_t,boot_pair,8,12,0.7693988991894225,0.9669059566341144,0.9833
i21k_t,boot_pair,8,13,0.7852784215154112,0.9638884556892696,0.9816
i21k_t,boot_pair,8,14,0.8282828558260221,0.9520541542743092,0.9681
i21k_t,boot_pair,8,15,0.8046351303183137,0.9600767286480096,0.9779
i21k_t,boot_pair,8,16,0.8282923667280069,0.9538224257190728,0.9690000000000001
i21k_t,boot_pair,8,17,0.7943072664202276,0.9665890417679304,0.9842
i21k_t,boot_pair,8,18,0.8159989859696827,0.9582173563415934,0.9796
i21k_t,boot_pair,8,19,0.7766669372904768,0.9582461846582208,0.9722
i21k_t,boot_pair,8,20,0.8198900074807837,0.9621344799292568,0.9802
i21k_t,boot_pair,8,21,0.7967007197229753,0.9245907947435456,0.9182
i21k_t,boot_pair,8,22,0.7873833414661964,0.9535665886197096,0.9739
i21k_t,boot_pair,8,23,0.8031918073870882,0.9212374311555038,0.8798
i21k_t,boot_pair,8,24,0.8095812705180648,0.9337038919920592,0.9096
i21k_t,boot_pair,8,25,0.7473612930629209,0.9510970234538716,0.973
i21k_t,boot_pair,8,26,0.7912983479686834,0.9215451526927602,0.8877
i21k_t,boot_pair,8,27,0.7760453382590408,0.9210254890947412,0.8859
i21k_t,boot_pair,8,28,0.7946165304861533,0.9584454380643224,0.972
i21k_t,boot_pair,8,29,0.7792655840247256,0.9253672770904384,0.8869
i21k_t,boot_pair,9,10,0.8629439971813874,0.9208358435671474,0.8871
i21k_t,boot_pair,9,11,0.7691034410497125,0.9202242802281316,0.887
i21k_t,boot_pair,9,12,0.7640875617664672,0.921482215100871,0.8832
i21k_t,boot_pair,9,13,0.7986223940922035,0.9190623187138376,0.8838
i21k_t,boot_pair,9,14,0.8048921896663194,0.9105840824085312,0.8789
i21k_t,boot_pair,9,15,0.7629422548043959,0.9104718699361198,0.8799
i21k_t,boot_pair,9,16,0.8045800799509099,0.9189475594583684,0.8852
i21k_t,boot_pair,9,17,0.7752054764404485,0.9200309689407952,0.8851
i21k_t,boot_pair,9,18,0.7874084856388557,0.911645772286354,0.8796
i21k_t,boot_pair,9,19,0.7859789502668301,0.9194311077070628,0.8813
i21k_t,boot_pair,9,20,0.7961250426759316,0.9218593022778314,0.8818
i21k_t,boot_pair,9,21,0.8505523217639545,0.9341202198149376,0.9254
i21k_t,boot_pair,9,22,0.7984991361112387,0.9238418684391766,0.8866
i21k_t,boot_pair,9,23,0.7965136699089788,0.9468596922266131,0.9655
i21k_t,boot_pair,9,24,0.746335007728744,0.9417347624338606,0.9548
i21k_t,boot_pair,9,25,0.7597426529261068,0.9039782512724688,0.8754
i21k_t,boot_pair,9,26,0.8495449515565842,0.9536051616088764,0.9718
i21k_t,boot_pair,9,27,0.8193904866762229,0.9423398398875842,0.9647
i21k_t,boot_pair,9,28,0.7834527032745947,0.9120103416588984,0.8768
i21k_t,boot_pair,9,29,0.8091063734362625,0.9474234395768736,0.9692
i21k_t,boot_pair,10,11,0.7579958966644895,0.9587511993729598,0.9802
i21k_t,boot_pair,10,12,0.7816104510907882,0.9596654319155308,0.9806
i21k_t,boot_pair,10,13,0.7786851069108529,0.9620897553039752,0.9819
i21k_t,boot_pair,10,14,0.7824183112807959,0.9541261496573262,0.9717
i21k_t,boot_pair,10,15,0.7734840117948965,0.9610128543545784,0.9777
i21k_t,boot_pair,10,16,0.7873404903166286,0.9522212169937329,0.9699
i21k_t,boot_pair,10,17,0.7685657233053533,0.968008557768276,0.9872
i21k_t,boot_pair,10,18,0.7980502968077903,0.9676972766933492,0.9832
i21k_t,boot_pair,10,19,0.7945986094190178,0.9584952141112774,0.9742
i21k_t,boot_pair,10,20,0.7831183980137024,0.9613173534043948,0.981
i21k_t,boot_pair,10,21,0.8674575787013372,0.933426753209678,0.9262
i21k_t,boot_pair,10,22,0.7971536177441884,0.958079513223988,0.9775
i21k_t,boot_pair,10,23,0.7730024701742088,0.9128021253750483,0.8786
i21k_t,boot_pair,10,24,0.768432356774177,0.933478892720776,0.9115
i21k_t,boot_pair,10,25,0.7780944257929976,0.9567898830027192,0.9769
i21k_t,boot_pair,10,26,0.8394339011526373,0.9352839014702748,0.893
i21k_t,boot_pair,10,27,0.8223682494820035,0.9269055510337416,0.8879
i21k_t,boot_pair,10,28,0.7898708067025658,0.9532106356088564,0.9706
i21k_t,boot_pair,10,29,0.7993953427764596,0.9274181368964098,0.8889
i21k_t,boot_pair,11,12,0.7970605312576975,0.9644084888719038,0.9816
i21k_t,boot_pair,11,13,0.798644178031976,0.9615581480780762,0.978
i21k_t,boot_pair,11,14,0.8253844742338167,0.9472895643827618,0.9661
i21k_t,boot_pair,11,15,0.8178535275426767,0.9658264340260844,0.9798
i21k_t,boot_pair,11,16,0.8608839413328968,0.9637670222212121,0.9768
i21k_t,boot_pair,11,17,0.8116800600904724,0.961292091060182,0.9781
i21k_t,boot_pair,11,18,0.8378199057729823,0.9579729220068796,0.9766
i21k_t,boot_pair,11,19,0.7892084498101314,0.960555867423268,0.9773
i21k_t,boot_pair,11,20,0.8120619654267701,0.9617313072532724,0.9817
i21k_t,boot_pair,11,21,0.7771562024545481,0.932787052490966,0.9225
i21k_t,boot_pair,11,22,0.7597460380752906,0.9516925384465644,0.9723
i21k_t,boot_pair,11,23,0.815523041000844,0.917754519728854,0.8786
i21k_t,boot_pair,11,24,0.8537787683909638,0.9357413080005592,0.9095
i21k_t,boot_pair,11,25,0.8394254102572829,0.9563568028689636,0.9728
i21k_t,boot_pair,11,26,0.8110938139576387,0.9194764202629448,0.8862
i21k_t,boot_pair,11,27,0.8181483746831103,0.9258651388405508,0.8878
i21k_t,boot_pair,11,28,0.8323215942768563,0.9635339070428294,0.9748
i21k_t,boot_pair,11,29,0.8041609509226001,0.9253949703572428,0.8869
i21k_t,boot_pair,12,13,0.8267163198538796,0.9663320990655924,0.9854
i21k_t,boot_pair,12,14,0.7967942717877099,0.9500338292036752,0.9695
i21k_t,boot_pair,12,15,0.8335420074042321,0.9615650508638552,0.9771
i21k_t,boot_pair,12,16,0.7956698754861075,0.9547683898201093,0.9704
i21k_t,boot_pair,12,17,0.8232078700026014,0.963547560383932,0.9818
i21k_t,boot_pair,12,18,0.7701438842631805,0.9518188628404012,0.9739
i21k_t,boot_pair,12,19,0.7888114224124059,0.9599159055061351,0.9771
i21k_t,boot_pair,12,20,0.8201739166776877,0.9683773155076156,0.9873
i21k_t,boot_pair,12,21,0.7425634332792547,0.9225599162012618,0.9196
i21k_t,boot_pair,12,22,0.7803214499858967,0.9512684910967444,0.9741
i21k_t,boot_pair,12,23,0.8360008990957972,0.9166039869446654,0.8811
i21k_t,boot_pair,12,24,0.8163336182175724,0.9299960097211708,0.9071
i21k_t,boot_pair,12,25,0.7738542815061674,0.9501314594103728,0.9705
i21k_t,boot_pair,12,26,0.8010378494263185,0.9167592211119048,0.8872
i21k_t,boot_pair,12,27,0.8118442811560391,0.9169176818893168,0.8859
i21k_t,boot_pair,12,28,0.8241278290144336,0.9553032817269624,0.9723
i21k_t,boot_pair,12,29,0.8222564510224764,0.9254831310538176,0.889
i21k_t,boot_pair,13,14,0.8390929635194941,0.9664511776682458,0.9762
i21k_t,boot_pair,13,15,0.8606970438565174,0.9650680865086404,0.9788
i21k_t,boot_pair,13,16,0.7996356560198452,0.9526723149175576,0.9703
i21k_t,boot_pair,13,17,0.8264370672403661,0.9750706381936824,0.9856
i21k_t,boot_pair,13,18,0.8004074947046967,0.9596281053383972,0.9767
i21k_t,boot_pair,13,19,0.7939854536094968,0.9698214370879776,0.982
i21k_t,boot_pair,13,20,0.8206870502713243,0.9642234922727,0.9832
i21k_t,boot_pair,13,21,0.7768457650544914,0.9243725215695328,0.9198
i21k_t,boot_pair,13,22,0.7986482364576324,0.9620460650863352,0.9803
i21k_t,boot_pair,13,23,0.855102664847053,0.9177002391478344,0.8814
i21k_t,boot_pair,13,24,0.7787877332873562,0.9313937505886044,0.909
i21k_t,boot_pair,13,25,0.7985587944056063,0.9554300445549913,0.972
i21k_t,boot_pair,13,26,0.8166852155250283,0.9241173458767088,0.8909999999999999
i21k_t,boot_pair,13,27,0.8089753943230121,0.926388490628157,0.8912
i21k_t,boot_pair,13,28,0.8089838870265422,0.9577962555419915,0.9767
i21k_t,boot_pair,13,29,0.8197674816759709,0.9247332684898514,0.8893
i21k_t,boot_pair,14,15,0.8666621593224003,0.9512677416393276,0.9659
i21k_t,boot_pair,14,16,0.8704197352789892,0.9524600925762444,0.9689
i21k_t,boot_pair,14,17,0.8745781552276817,0.9694058488163684,0.978
i21k_t,boot_pair,14,18,0.8731157554987148,0.9544854892917392,0.9665
i21k_t,boot_pair,14,19,0.8088712312714033,0.9652054071087602,0.9809
i21k_t,boot_pair,14,20,0.8496189567675148,0.95462428027693,0.9711
i21k_t,boot_pair,14,21,0.7896289508520887,0.9234771130286608,0.912
i21k_t,boot_pair,14,22,0.8055683394573425,0.9549371489234558,0.9690000000000001
i21k_t,boot_pair,14,23,0.8397482804483717,0.9032633077466248,0.8713
i21k_t,boot_pair,14,24,0.8464424381605534,0.9216743331641164,0.8996
i21k_t,boot_pair,14,25,0.8262517046689144,0.9455502878074268,0.9632
i21k_t,boot_pair,14,26,0.8412166915145732,0.9136839834489884,0.8817
i21k_t,boot_pair,14,27,0.8314914669649076,0.9092583009686039,0.88
i21k_t,boot_pair,14,28,0.8281762380816027,0.9493295818444554,0.9636
i21k_t,boot_pair,14,29,0.8316282441505387,0.9167699712959496,0.8859999999999999
i21k_t,boot_pair,15,16,0.8391853826960685,0.9574133840252828,0.9685
i21k_t,boot_pair,15,17,0.8756737362582822,0.9662858094453896,0.9814
i21k_t,boot_pair,15,18,0.8406442607847577,0.9611783722905356,0.9818
i21k_t,boot_pair,15,19,0.7823853358426398,0.9546708342811244,0.9690000000000001
i21k_t,boot_pair,15,20,0.8525301653080192,0.9552722450310178,0.9726
i21k_t,boot_pair,15,21,0.7780929426174689,0.9325068671090562,0.9256
i21k_t,boot_pair,15,22,0.7926386345426025,0.9522436077527602,0.9697
i21k_t,boot_pair,15,23,0.8499819927833212,0.9250251423528532,0.8842
i21k_t,boot_pair,15,24,0.8230998378899952,0.9302172648795208,0.9063
i21k_t,boot_pair,15,25,0.8324069224327304,0.9567766311161118,0.9790000000000001
i21k_t,boot_pair,15,26,0.8096015304130205,0.9186366894487644,0.884
i21k_t,boot_pair,15,27,0.8230171232627238,0.9256516380567232,0.8866
i21k_t,boot_pair,15,28,0.8598042885343249,0.9720709035460549,0.9798
i21k_t,boot_pair,15,29,0.8468959507986697,0.9242959034765224,0.8829
i21k_t,boot_pair,16,17,0.8376132946157304,0.9534709983150312,0.9696
i21k_t,boot_pair,16,18,0.8869765366380181,0.9526473162828176,0.9668
i21k_t,boot_pair,16,19,0.8245820360188858,0.9604710406038884,0.9785
i21k_t,boot_pair,16,20,0.8445490476505504,0.9556209428213256,0.9712
i21k_t,boot_pair,16,21,0.810518704446447,0.9251157333583744,0.9129
i21k_t,boot_pair,16,22,0.7742784513215052,0.9433057399008088,0.9617
i21k_t,boot_pair,16,23,0.8323069361919697,0.9096382862741852,0.8703
i21k_t,boot_pair,16,24,0.8425505333417344,0.928702745698936,0.9018
i21k_t,boot_pair,16,25,0.8243640981996768,0.9411892973160384,0.9619
i21k_t,boot_pair,16,26,0.8581184767496249,0.9163675085027488,0.8788
i21k_t,boot_pair,16,27,0.8310005135734357,0.9119440831359622,0.8766
i21k_t,boot_pair,16,28,0.8261738112162796,0.9535930958265968,0.9636
i21k_t,boot_pair,16,29,0.8487132065411666,0.9203755133075074,0.8835
i21k_t,boot_pair,17,18,0.8626135484879577,0.9641423927288976,0.9792
i21k_t,boot_pair,17,19,0.8017904863553812,0.9685378588878376,0.9774
i21k_t,boot_pair,17,20,0.8396751486886053,0.9645824552137549,0.98
i21k_t,boot_pair,17,21,0.7831758584092822,0.9326598985139848,0.9246
i21k_t,boot_pair,17,22,0.8128589415850389,0.9588255538538102,0.9747
i21k_t,boot_pair,17,23,0.8015569080918811,0.9151403343001456,0.879
i21k_t,boot_pair,17,24,0.8016583753903492,0.9296148388528211,0.9081
i21k_t,boot_pair,17,25,0.8056484375511503,0.9596750304267632,0.977
i21k_t,boot_pair,17,26,0.8299833057546424,0.9289583491411832,0.8909999999999999
i21k_t,boot_pair,17,27,0.8231669361161601,0.9284459011054956,0.8889
i21k_t,boot_pair,17,28,0.841675480854305,0.9600830177848644,0.9747
i21k_t,boot_pair,17,29,0.8593501783003187,0.9287892884387966,0.8891
i21k_t,boot_pair,18,19,0.8003740717023042,0.9536455701406438,0.9684
i21k_t,boot_pair,18,20,0.8313104261907637,0.9567869503223856,0.9766
i21k_t,boot_pair,18,21,0.8054717526755031,0.9318342304910742,0.925
i21k_t,boot_pair,18,22,0.7928153725341777,0.9525514056800892,0.9706
i21k_t,boot_pair,18,23,0.8267405142914173,0.9140872987677452,0.8838
i21k_t,boot_pair,18,24,0.8267672548142185,0.9260864118210465,0.9049
i21k_t,boot_pair,18,25,0.8460746170660619,0.9645433419963648,0.9825
i21k_t,boot_pair,18,26,0.8368119198065758,0.9210492240897336,0.8846
i21k_t,boot_pair,18,27,0.8438985664409399,0.921826579527009,0.8868
i21k_t,boot_pair,18,28,0.8252303669120792,0.9596747006137288,0.9774
i21k_t,boot_pair,18,29,0.8374571006002128,0.9150318485411396,0.8823
i21k_t,boot_pair,19,20,0.7860813152567527,0.962945559666314,0.9784
i21k_t,boot_pair,19,21,0.7914670306468082,0.9361609549595512,0.9211
i21k_t,boot_pair,19,22,0.7904031349175286,0.9520352110529712,0.9712
i21k_t,boot_pair,19,23,0.7809940496375528,0.9092418493075886,0.8713
i21k_t,boot_pair,19,24,0.7742969238929637,0.9261423776575392,0.9015
i21k_t,boot_pair,19,25,0.7759719393201832,0.9471708441111604,0.9655
i21k_t,boot_pair,19,26,0.8517962388402326,0.9231317257711776,0.8848
i21k_t,boot_pair,19,27,0.8422753921122705,0.9202915787921166,0.8833
i21k_t,boot_pair,19,28,0.8275219486030113,0.9595927387668868,0.9714
i21k_t,boot_pair,19,29,0.8387361323906523,0.9261791007598646,0.8862
i21k_t,boot_pair,20,21,0.7750892627846915,0.9317470223520876,0.9217
i21k_t,boot_pair,20,22,0.78279417215898,0.9514137183289209,0.9763
i21k_t,boot_pair,20,23,0.8300009475870893,0.9140070300181844,0.8784
i21k_t,boot_pair,20,24,0.8154256205764763,0.9280368523364912,0.9071
i21k_t,boot_pair,20,25,0.7955605357033882,0.9494825658173102,0.97
i21k_t,boot_pair,20,26,0.8113778916948899,0.9243022262044912,0.8894
i21k_t,boot_pair,20,27,0.7900529573408217,0.917029784116698,0.8857
i21k_t,boot_pair,20,28,0.7987463268560197,0.9517419668449556,0.9727
i21k_t,boot_pair,20,29,0.8236795422251293,0.9237918786299952,0.8873
i21k_t,boot_pair,21,22,0.8047531298190016,0.9274056899153856,0.9196
i21k_t,boot_pair,21,23,0.7895318506712707,0.9259830491491916,0.9215
i21k_t,boot_pair,21,24,0.7826476655953158,0.9526524119679384,0.9488
i21k_t,boot_pair,21,25,0.7509640863695318,0.9206250964906816,0.9194
i21k_t,boot_pair,21,26,0.8201789758176391,0.9352522972159631,0.925
i21k_t,boot_pair,21,27,0.7950342234601139,0.9283413706317624,0.9213
i21k_t,boot_pair,21,28,0.801462834576213,0.9329103502176268,0.9227
i21k_t,boot_pair,21,29,0.8037262221487655,0.9341327415379737,0.9234
i21k_t,boot_pair,22,23,0.7743953153603421,0.9191664693111266,0.8823
i21k_t,boot_pair,22,24,0.7525046513971742,0.9299529114486472,0.9076
i21k_t,boot_pair,22,25,0.7463470936433392,0.937948344219971,0.9622
i21k_t,boot_pair,22,26,0.8060057147045913,0.9343260264166072,0.8959999999999999
i21k_t,boot_pair,22,27,0.7978122741261287,0.92788400012858,0.8933
i21k_t,boot_pair,22,28,0.8384401173703513,0.9579566953334008,0.9753
i21k_t,boot_pair,22,29,0.8182818177194513,0.9256194081771588,0.8919
i21k_t,boot_pair,23,24,0.8343902531316579,0.9387433221216352,0.9513
i21k_t,boot_pair,23,25,0.8185780045136916,0.9138678637429896,0.8817
i21k_t,boot_pair,23,26,0.8380551329368687,0.9479229571312404,0.9708
i21k_t,boot_pair,23,27,0.8375970402362823,0.9514161152392436,0.9728
i21k_t,boot_pair,23,28,0.8351484114238733,0.9353483891903092,0.8899
i21k_t,boot_pair,23,29,0.8522031151321415,0.9584600888010618,0.9693
i21k_t,boot_pair,24,25,0.8063377151738453,0.9163995250591768,0.8996
i21k_t,boot_pair,24,26,0.8167702594195402,0.947667212639458,0.9595
i21k_t,boot_pair,24,27,0.7733881654994047,0.9341739538899821,0.9507
i21k_t,boot_pair,24,28,0.7807382639832806,0.9263601047940572,0.9031
i21k_t,boot_pair,24,29,0.7954238277171019,0.9510000073594396,0.961
i21k_t,boot_pair,25,26,0.8122882358102029,0.909940532823174,0.8794
i21k_t,boot_pair,25,27,0.81740449672021,0.9120501481281021,0.8805
i21k_t,boot_pair,25,28,0.8141088012183794,0.9545000489467824,0.9728
i21k_t,boot_pair,25,29,0.7943185955319552,0.9098814634253579,0.8773
i21k_t,boot_pair,26,27,0.8819139682703762,0.9603458270399926,0.9785
i21k_t,boot_pair,26,28,0.8334413746300351,0.9200307922229112,0.8853
i21k_t,boot_pair,26,29,0.85978437992236,0.9588428745437356,0.9747
i21k_t,boot_pair,27,28,0.8419072429215696,0.9233739591406228,0.885
i21k_t,boot_pair,27,29,0.8481972622536804,0.9511643480983596,0.9688
i21k_t,boot_pair,28,29,0.8769009858198982,0.9283009946658892,0.8852
i21k_t,ref_vs_boot,-1,0,0.8323338073233847,0.9570322334819182,0.9729
i21k_t,ref_vs_boot,-1,1,0.8857298482512969,0.9639223607241066,0.9744
i21k_t,ref_vs_boot,-1,2,0.8188603102792741,0.9259456152957626,0.9092
i21k_t,ref_vs_boot,-1,3,0.8717733827277359,0.9429877078182832,0.8913
i21k_t,ref_vs_boot,-1,4,0.8203082272298191,0.9335884721197591,0.8935
i21k_t,ref_vs_boot,-1,5,0.8443685070753677,0.9348832417883104,0.8923
i21k_t,ref_vs_boot,-1,6,0.8745195490207613,0.9408544013726192,0.8906
i21k_t,ref_vs_boot,-1,7,0.8547558958822675,0.9356220030248772,0.8854
i21k_t,ref_vs_boot,-1,8,0.8098965910297513,0.9613674930243691,0.9781
i21k_t,ref_vs_boot,-1,9,0.8439216557855508,0.937511781117764,0.8923
i21k_t,ref_vs_boot,-1,10,0.8230872509271235,0.9710427566673908,0.9849
i21k_t,ref_vs_boot,-1,11,0.7882536969122097,0.9593901073023816,0.9789
i21k_t,ref_vs_boot,-1,12,0.8114093020986379,0.9551605300747102,0.9743
i21k_t,ref_vs_boot,-1,13,0.8669182182139855,0.9689035530248034,0.9815
i21k_t,ref_vs_boot,-1,14,0.8638082578079651,0.9605681729527842,0.972
i21k_t,ref_vs_boot,-1,15,0.8553845100964081,0.9635198998337834,0.9777
i21k_t,ref_vs_boot,-1,16,0.8474712065917965,0.95741795074322,0.97
i21k_t,ref_vs_boot,-1,17,0.8315847040480323,0.9743038732598098,0.9837
i21k_t,ref_vs_boot,-1,18,0.8405736418773896,0.967247293945716,0.9807
i21k_t,ref_vs_boot,-1,19,0.8427678786000281,0.9654340925927216,0.9734
i21k_t,ref_vs_boot,-1,20,0.8392400763521989,0.96419369401586,0.9769
i21k_t,ref_vs_boot,-1,21,0.8036696147174079,0.9409192388806832,0.9263
i21k_t,ref_vs_boot,-1,22,0.7940285741256049,0.9665362821015198,0.9818
i21k_t,ref_vs_boot,-1,23,0.8799389704806895,0.9286517588795056,0.8856
i21k_t,ref_vs_boot,-1,24,0.8097248925095193,0.9375391584798934,0.9141
i21k_t,ref_vs_boot,-1,25,0.8311618281383039,0.957486211452988,0.975
i21k_t,ref_vs_boot,-1,26,0.9038681908494582,0.9484897139297438,0.8994
i21k_t,ref_vs_boot,-1,27,0.8548912446981353,0.9385947016564452,0.8954
i21k_t,ref_vs_boot,-1,28,0.8205789522736365,0.9595592709481596,0.9719
i21k_t,ref_vs_boot,-1,29,0.8623310364347155,0.939519824681076,0.8936
siglip_b,boot_pair,0,1,0.878078058229671,0.9650975528461404,0.9506
siglip_b,boot_pair,0,2,0.8307509390004257,0.9275096021921564,0.8747
siglip_b,boot_pair,0,3,0.7377970209969644,0.9544483245126808,0.941
siglip_b,boot_pair,0,4,0.7686961716934789,0.9628378706968048,0.9475
siglip_b,boot_pair,0,5,0.8057907099738786,0.9554064422246916,0.9349
siglip_b,boot_pair,0,6,0.6335257324846741,0.914621192257588,0.8784
siglip_b,boot_pair,0,7,0.7975928456639542,0.96782757560459,0.9575
siglip_b,boot_pair,0,8,0.7621688454271427,0.9518319312461868,0.9321
siglip_b,boot_pair,0,9,0.8707572994789249,0.9652236494289416,0.9515
siglip_b,boot_pair,0,10,0.7691949585058837,0.919273043374672,0.8687
siglip_b,boot_pair,0,11,0.7716571346202348,0.9475481715216776,0.9189
siglip_b,boot_pair,0,12,0.7710860263696766,0.9602092051282459,0.9428
siglip_b,boot_pair,0,13,0.8007840298364655,0.955032057576792,0.9103
siglip_b,boot_pair,0,14,0.7762052224350732,0.9663806016946268,0.9545
siglip_b,boot_pair,0,15,0.7673019271343607,0.95009771633439,0.9351
siglip_b,boot_pair,0,16,0.7635107785963356,0.9706083761259878,0.9549
siglip_b,boot_pair,0,17,0.6068184756404976,0.9401215817094842,0.9194
siglip_b,boot_pair,0,18,0.7533343020565831,0.9576679072167888,0.9393
siglip_b,boot_pair,0,19,0.7886867318902689,0.925432340161042,0.8723
siglip_b,boot_pair,0,20,0.7698150036894705,0.9609981946795414,0.9473
siglip_b,boot_pair,0,21,0.7021061271797338,0.9218335476135042,0.8827
siglip_b,boot_pair,0,22,0.6453511983459811,0.939556213150511,0.9157
siglip_b,boot_pair,0,23,0.8492888442558663,0.9614889900093336,0.9249
siglip_b,boot_pair,0,24,0.7561109531366168,0.9523485846360924,0.9231
siglip_b,boot_pair,0,25,0.7405290208252221,0.9576379979314762,0.9387
siglip_b,boot_pair,0,26,0.751418921032414,0.9210374576039017,0.8657
siglip_b,boot_pair,0,27,0.7510993633317756,0.9232377756294547,0.8744
siglip_b,boot_pair,0,28,0.7781319464919128,0.928237248797919,0.883
siglip_b,boot_pair,0,29,0.7635282130150494,0.9178226582418756,0.8661
siglip_b,boot_pair,1,2,0.8156674952722792,0.9180271598047604,0.8661
siglip_b,boot_pair,1,3,0.7743410180820672,0.9605551491708004,0.956
siglip_b,boot_pair,1,4,0.7784417348620956,0.9613004201155638,0.9490000000000001
siglip_b,boot_pair,1,5,0.8515615250230996,0.9591716025226508,0.9431
siglip_b,boot_pair,1,6,0.6789712063548171,0.9264079945462984,0.8916
siglip_b,boot_pair,1,7,0.8144026218997006,0.9685189641515444,0.9586
siglip_b,boot_pair,1,8,0.7878972607470998,0.9642841703846804,0.9504
siglip_b,boot_pair,1,9,0.8787162145795441,0.9651159303840638,0.9556
siglip_b,boot_pair,1,10,0.8050355304698383,0.9194104592297244,0.8673
siglip_b,boot_pair,1,11,0.779429843660226,0.9545034917403892,0.9384
siglip_b,boot_pair,1,12,0.7754368029293573,0.9582500796047728,0.9505
siglip_b,boot_pair,1,13,0.8149151199313835,0.9576535719340188,0.922
siglip_b,boot_pair,1,14,0.7762190053165589,0.9706837639800852,0.9585
siglip_b,boot_pair,1,15,0.7743930697002245,0.964962670396872,0.9546
siglip_b,boot_pair,1,16,0.7607759326873412,0.9579031325451108,0.9434
siglip_b,boot_pair,1,17,0.6583055097388719,0.9601816907956808,0.9458
siglip_b,boot_pair,1,18,0.7402457993950529,0.9517644754014,0.9338
siglip_b,boot_pair,1,19,0.8051560428402312,0.9310817145461028,0.8808
siglip_b,boot_pair,1,20,0.7417894098249419,0.9563031216699562,0.9488
siglip_b,boot_pair,1,21,0.7016229352614594,0.9243009720833812,0.8865
siglip_b,boot_pair,1,22,0.6751127205308183,0.9409945497693774,0.9136
siglip_b,boot_pair,1,23,0.8825546679057491,0.9708666145150406,0.9415
siglip_b,boot_pair,1,24,0.76740953507491,0.9510594382096204,0.9241
siglip_b,boot_pair,1,25,0.7595519038983637,0.9655434958250604,0.9502
siglip_b,boot_pair,1,26,0.7449877388518718,0.9196982249662424,0.8698
siglip_b,boot_pair,1,27,0.7623403076127074,0.9297578929561432,0.8844
siglip_b,boot_pair,1,28,0.7951595885021691,0.927750852632558,0.8811
siglip_b,boot_pair,1,29,0.7702430427765471,0.9215452904258778,0.8785
siglip_b,boot_pair,2,3,0.7315944113692602,0.9234518840651894,0.8640000000000001
siglip_b,boot_pair,2,4,0.7413967913331945,0.9319094196407204,0.8763
siglip_b,boot_pair,2,5,0.841072561234711,0.9266876294771398,0.8649
siglip_b,boot_pair,2,6,0.6392333662032952,0.9423426423340828,0.9229999999999999
siglip_b,boot_pair,2,7,0.825664500429163,0.9373462079971974,0.8864
siglip_b,boot_pair,2,8,0.7442640877445676,0.9227306821907538,0.8685
siglip_b,boot_pair,2,9,0.8270486557274362,0.9261309092082294,0.8779
siglip_b,boot_pair,2,10,0.7808321610868749,0.9455620385380824,0.9316
siglip_b,boot_pair,2,11,0.7393407791344784,0.9202453229661944,0.8553
siglip_b,boot_pair,2,12,0.7561932341361078,0.9318786083276036,0.87
siglip_b,boot_pair,2,13,0.7413211229735295,0.922673726363687,0.8747
siglip_b,boot_pair,2,14,0.7698608152377134,0.9347359314975544,0.8872
siglip_b,boot_pair,2,15,0.7476179701740499,0.923409899277048,0.8704
siglip_b,boot_pair,2,16,0.7979145192514597,0.9422204439450776,0.8913
siglip_b,boot_pair,2,17,0.5915705398216643,0.9005209781049962,0.8485
siglip_b,boot_pair,2,18,0.7647368878064357,0.9398574941585782,0.8914
siglip_b,boot_pair,2,19,0.832243323953598,0.9507277335075448,0.929
siglip_b,boot_pair,2,20,0.767834938078536,0.9366014911406612,0.8803
siglip_b,boot_pair,2,21,0.6963251161916364,0.9175968793125562,0.8402
siglip_b,boot_pair,2,22,0.6352791847536392,0.9147263446801744,0.8607
siglip_b,boot_pair,2,23,0.8235351449033124,0.923914217652264,0.8874
siglip_b,boot_pair,2,24,0.7386367972747916,0.9261996999425232,0.8688
siglip_b,boot_pair,2,25,0.7439234066659656,0.9247272086142491,0.8679
siglip_b,boot_pair,2,26,0.7396689236116191,0.9514787399025508,0.9307
siglip_b,boot_pair,2,27,0.7385509884447659,0.9517711992435904,0.9327
siglip_b,boot_pair,2,28,0.7731759087496716,0.9606990070052228,0.9546
siglip_b,boot_pair,2,29,0.7601121001741163,0.952264405224586,0.9342
siglip_b,boot_pair,3,4,0.8928458494080643,0.9699363749005312,0.9597
siglip_b,boot_pair,3,5,0.7988146266450682,0.9762541036448482,0.9684
siglip_b,boot_pair,3,6,0.7575701646443742,0.921113675695922,0.8856
siglip_b,boot_pair,3,7,0.7931693658249133,0.9614339593986179,0.9543
siglip_b,boot_pair,3,8,0.868830012957604,0.9642522858685724,0.9614
siglip_b,boot_pair,3,9,0.7501529562856455,0.9619805171892144,0.9536
siglip_b,boot_pair,3,10,0.7834115461736635,0.9241435623482288,0.8735
siglip_b,boot_pair,3,11,0.870795502840773,0.9592762488773016,0.943
siglip_b,boot_pair,3,12,0.8822794635809744,0.9692107508863096,0.9616
siglip_b,boot_pair,3,13,0.7912473320935552,0.946090698216774,0.9082
siglip_b,boot_pair,3,14,0.8566981914082895,0.9627528285462812,0.9531
siglip_b,boot_pair,3,15,0.8564948595928857,0.954184380482654,0.9556
siglip_b,boot_pair,3,16,0.7346902874889193,0.9618456561195048,0.9464
siglip_b,boot_pair,3,17,0.7222371560610767,0.9399079344994644,0.9284
siglip_b,boot_pair,3,18,0.8393495502028366,0.95072005638633,0.9302
siglip_b,boot_pair,3,19,0.8074184161886354,0.9358026789484484,0.8755
siglip_b,boot_pair,3,20,0.8565863333976608,0.9542218570383156,0.9417
siglip_b,boot_pair,3,21,0.7916353340711384,0.9185682369585804,0.8783
siglip_b,boot_pair,3,22,0.7656955361569042,0.9443483857646664,0.9173
siglip_b,boot_pair,3,23,0.7538114511278967,0.9582573499030316,0.9287
siglip_b,boot_pair,3,24,0.8617512859026024,0.9620952511382288,0.9318
siglip_b,boot_pair,3,25,0.8727642714197629,0.9708392903730474,0.958
siglip_b,boot_pair,3,26,0.842880247002815,0.9310094924074772,0.8772
siglip_b,boot_pair,3,27,0.8575271864850309,0.9460356713655074,0.8971
siglip_b,boot_pair,3,28,0.8083315455918239,0.9334394988370551,0.8809
siglip_b,boot_pair,3,29,0.8794733311635188,0.9325138376434124,0.8821
siglip_b,boot_pair,4,5,0.7944489653391139,0.9687995478523438,0.9522
siglip_b,boot_pair,4,6,0.7717776338256171,0.9305120137298848,0.8961
siglip_b,boot_pair,4,7,0.8254062076523879,0.9713029263491252,0.9704
siglip_b,boot_pair,4,8,0.8970335306325423,0.9587704064650551,0.9426
siglip_b,boot_pair,4,9,0.7671452086817058,0.9654462104159816,0.9558
siglip_b,boot_pair,4,10,0.8259360439383094,0.9371698025951702,0.8862
siglip_b,boot_pair,4,11,0.9129027104023241,0.9597331778570498,0.9435
siglip_b,boot_pair,4,12,0.8970388901940799,0.9654915387478272,0.9551
siglip_b,boot_pair,4,13,0.8118963937760507,0.9449864610493184,0.9056
siglip_b,boot_pair,4,14,0.8914027580154575,0.9693653859907024,0.9628
siglip_b,boot_pair,4,15,0.90567688755464,0.9605357347723072,0.9569
siglip_b,boot_pair,4,16,0.7608560908587602,0.967073113167194,0.9618
siglip_b,boot_pair,4,17,0.7512037557373297,0.944315737770502,0.9313
siglip_b,boot_pair,4,18,0.8794616294274419,0.9578803261100044,0.948
siglip_b,boot_pair,4,19,0.8087589785371951,0.9355947992534458,0.8841
siglip_b,boot_pair,4,20,0.857279953342472,0.955086519012566,0.945
siglip_b,boot_pair,4,21,0.8252405474786882,0.9279294644891088,0.8985
siglip_b,boot_pair,4,22,0.7897064017173588,0.9522007563704724,0.9351
siglip_b,boot_pair,4,23,0.7734411259013471,0.964412927473312,0.9298
siglip_b,boot_pair,4,24,0.8937372920705177,0.9646938236181548,0.9485
siglip_b,boot_pair,4,25,0.8774251868092248,0.9685474052962072,0.9614
siglip_b,boot_pair,4,26,0.8707666705978743,0.9324366370073656,0.8762
siglip_b,boot_pair,4,27,0.889081742646797,0.9516125740707274,0.9061
siglip_b,boot_pair,4,28,0.8367165608969321,0.9438487182168016,0.8962
siglip_b,boot_pair,4,29,0.926887986159438,0.9442310311134904,0.8909999999999999
siglip_b,boot_pair,5,6,0.6775131020716579,0.9236542055248604,0.8774
siglip_b,boot_pair,5,7,0.8383629864271781,0.9655461257598152,0.9498
siglip_b,boot_pair,5,8,0.7868340079332797,0.9631989602439444,0.9528
siglip_b,boot_pair,5,9,0.8475932268802123,0.9650570266483472,0.9489
siglip_b,boot_pair,5,10,0.8418674846845294,0.9323647445011128,0.8779
siglip_b,boot_pair,5,11,0.7962124678429937,0.958673558158509,0.9371
siglip_b,boot_pair,5,12,0.7988202451101478,0.9677555290148888,0.9565
siglip_b,boot_pair,5,13,0.7618553322522914,0.9470041469510652,0.8991
siglip_b,boot_pair,5,14,0.7730660029025446,0.9639115146549996,0.9498
siglip_b,boot_pair,5,15,0.7871935154766143,0.9609208205767564,0.9536
siglip_b,boot_pair,5,16,0.7757180500450445,0.9631084043463434,0.943
siglip_b,boot_pair,5,17,0.6426994560525302,0.9368733516813341,0.9141
siglip_b,boot_pair,5,18,0.7404300528121697,0.9481009925200276,0.9224
siglip_b,boot_pair,5,19,0.8148626057599967,0.9316216738057236,0.8666
siglip_b,boot_pair,5,20,0.7393002188886196,0.9467209605934216,0.9244
siglip_b,boot_pair,5,21,0.7303377106146159,0.916438153168488,0.8756
siglip_b,boot_pair,5,22,0.6809033285514444,0.9438765130107084,0.9153
siglip_b,boot_pair,5,23,0.8498774374672532,0.9617354406088874,0.9292
siglip_b,boot_pair,5,24,0.806771154865147,0.9667840199710451,0.9314
siglip_b,boot_pair,5,25,0.7860003325718303,0.9705480213910628,0.9565
siglip_b,boot_pair,5,26,0.7685031565836258,0.9357884118186895,0.8773
siglip_b,boot_pair,5,27,0.7955325744672558,0.9417231019366769,0.8906
siglip_b,boot_pair,5,28,0.8499123973892629,0.9418812912063564,0.883
siglip_b,boot_pair,5,29,0.8002266911425461,0.9372099792635272,0.8741
siglip_b,boot_pair,6,7,0.7179725197812109,0.9465375869054232,0.9078
siglip_b,boot_pair,6,8,0.7577595983392669,0.9212435967352784,0.8809
siglip_b,boot_pair,6,9,0.6351131630523682,0.91671312978284,0.8844
siglip_b,boot_pair,6,10,0.7011232715527893,0.956710865687656,0.9412
siglip_b,boot_pair,6,11,0.7527631614204122,0.9213820310734636,0.877
siglip_b,boot_pair,6,12,0.7544387643045122,0.9252860840080456,0.8842
siglip_b,boot_pair,6,13,0.6902658263666326,0.9121023115758036,0.8681
siglip_b,boot_pair,6,14,0.7759530698081579,0.939854772876783,0.9086
siglip_b,boot_pair,6,15,0.7618107726186968,0.9276998863135942,0.8897
siglip_b,boot_pair,6,16,0.6534100402494653,0.9280302502878004,0.8946
siglip_b,boot_pair,6,17,0.8844560375853808,0.9313908188223344,0.8992
siglip_b,boot_pair,6,18,0.7466518329934223,0.922622504893476,0.8832
siglip_b,boot_pair,6,19,0.7009124723712893,0.941489307909631,0.9165
siglip_b,boot_pair,6,20,0.7351028603323381,0.9255416109433384,0.8867
siglip_b,boot_pair,6,21,0.7019678191691211,0.9188760965076972,0.8564
siglip_b,boot_pair,6,22,0.9184441042518591,0.9415422496764724,0.8959999999999999
siglip_b,boot_pair,6,23,0.6590659229623449,0.9237234572673492,0.8819
siglip_b,boot_pair,6,24,0.7448910247630959,0.9179008791759276,0.8706
siglip_b,boot_pair,6,25,0.7618036322624263,0.9292559691107368,0.8909999999999999
siglip_b,boot_pair,6,26,0.7483677329130429,0.9475304633301908,0.9229999999999999
siglip_b,boot_pair,6,27,0.7288031939955549,0.9453471582064568,0.9291
siglip_b,boot_pair,6,28,0.7056503423017799,0.955345720989735,0.9407
siglip_b,boot_pair,6,29,0.771059120929993,0.9580516005296066,0.9439
siglip_b,boot_pair,7,8,0.8037663244606483,0.9618957225941276,0.9481
siglip_b,boot_pair,7,9,0.7952829833317188,0.9680557103603608,0.9593
siglip_b,boot_pair,7,10,0.8896229056472286,0.94353359074928,0.8936
siglip_b,boot_pair,7,11,0.8094398615526603,0.9589584055202116,0.9451
siglip_b,boot_pair,7,12,0.8307411040490312,0.9688783490244448,0.9574
siglip_b,boot_pair,7,13,0.7639208101569627,0.9548457960536232,0.9166
siglip_b,boot_pair,7,14,0.8502197942047333,0.982116384456635,0.9817
siglip_b,boot_pair,7,15,0.8307151246210863,0.9692077009867328,0.9641
siglip_b,boot_pair,7,16,0.8671067943074879,0.9707157891504395,0.9689
siglip_b,boot_pair,7,17,0.6529891555083274,0.94767139521747,0.9309999999999999
siglip_b,boot_pair,7,18,0.8052049326567312,0.9602620922601196,0.9567
siglip_b,boot_pair,7,19,0.9152314159805176,0.9455852406074678,0.8961
siglip_b,boot_pair,7,20,0.8043288305836744,0.9641034527034252,0.9583
siglip_b,boot_pair,7,21,0.7557025981649499,0.9382680311965964,0.907
siglip_b,boot_pair,7,22,0.7171965904412885,0.953106970740456,0.9342
siglip_b,boot_pair,7,23,0.7813068244690984,0.9644792846062442,0.9299
siglip_b,boot_pair,7,24,0.8078031262944768,0.9616229751897892,0.9420000000000001
siglip_b,boot_pair,7,25,0.8048895759845146,0.9695360203916816,0.9629
siglip_b,boot_pair,7,26,0.8147216332123877,0.9365745533406832,0.8782
siglip_b,boot_pair,7,27,0.7792334270886789,0.9443792698797516,0.9038
siglip_b,boot_pair,7,28,0.7705347520996721,0.9521987970015454,0.9029
siglip_b,boot_pair,7,29,0.83129227027183,0.9447995796353822,0.8919
siglip_b,boot_pair,8,9,0.7654865749263351,0.9584027613492874,0.9428
siglip_b,boot_pair,8,10,0.8135779867316996,0.9310905507360212,0.8739
siglip_b,boot_pair,8,11,0.9194725290839488,0.9660860965385416,0.9426
siglip_b,boot_pair,8,12,0.9002147820755843,0.962233514923046,0.9469
siglip_b,boot_pair,8,13,0.8150562720424434,0.947845611576586,0.8994
siglip_b,boot_pair,8,14,0.8817580599840646,0.966928363306484,0.9539
siglip_b,boot_pair,8,15,0.9119261033418159,0.973537232655954,0.9635
siglip_b,boot_pair,8,16,0.7595460104272286,0.9558747058937332,0.9369
siglip_b,boot_pair,8,17,0.7538844958409124,0.9528227826070128,0.9317
siglip_b,boot_pair,8,18,0.8666276353565838,0.9546228919898322,0.9362
siglip_b,boot_pair,8,19,0.8038177531803751,0.9328181194259444,0.8685
siglip_b,boot_pair,8,20,0.8388515685942822,0.9512162176642605,0.9315
siglip_b,boot_pair,8,21,0.8074260442593275,0.920234891753708,0.8748
siglip_b,boot_pair,8,22,0.7790738876868815,0.9490521418496278,0.9291
siglip_b,boot_pair,8,23,0.7735470142652028,0.9644831420417824,0.9256
siglip_b,boot_pair,8,24,0.9087537382226932,0.9637611874306092,0.9399
siglip_b,boot_pair,8,25,0.8799766560319794,0.9684623241926792,0.9528
siglip_b,boot_pair,8,26,0.8676898636889411,0.9321725765639091,0.8865
siglip_b,boot_pair,8,27,0.8631588079538473,0.9386744704216272,0.8855
siglip_b,boot_pair,8,28,0.8531983467961494,0.9352217238689836,0.877
siglip_b,boot_pair,8,29,0.8935452249870822,0.9283030297631398,0.8719
siglip_b,boot_pair,9,10,0.7812877305028861,0.9245388542164912,0.8758
siglip_b,boot_pair,9,11,0.7685389399745051,0.953728053690912,0.93
siglip_b,boot_pair,9,12,0.7867572459205922,0.9625885521517962,0.9469
siglip_b,boot_pair,9,13,0.7794040957221836,0.9511969949372192,0.9057
siglip_b,boot_pair,9,14,0.7445566246685947,0.9641725917293156,0.9543
siglip_b,boot_pair,9,15,0.766945035867195,0.9569890357012824,0.9469
siglip_b,boot_pair,9,16,0.7274495535036425,0.9583033304270352,0.9454
siglip_b,boot_pair,9,17,0.6295239690895461,0.9475691371645424,0.9346
siglip_b,boot_pair,9,18,0.7235116375095512,0.9479107222886578,0.9298
siglip_b,boot_pair,9,19,0.7848114922731265,0.9286817047751756,0.8773
siglip_b,boot_pair,9,20,0.7281826030255448,0.9518385714400074,0.9401
siglip_b,boot_pair,9,21,0.7028168811154378,0.9189620689222978,0.8844
siglip_b,boot_pair,9,22,0.6475299987243974,0.9437268320893146,0.9169
siglip_b,boot_pair,9,23,0.8833386174188678,0.969673455169999,0.94
siglip_b,boot_pair,9,24,0.7666644747720971,0.9582345019831294,0.9297
siglip_b,boot_pair,9,25,0.7539434604295144,0.9701980983508374,0.9584
siglip_b,boot_pair,9,26,0.7550591002095453,0.9260383788038044,0.8648
siglip_b,boot_pair,9,27,0.7652496222483401,0.9322314626326216,0.8851
siglip_b,boot_pair,9,28,0.8045230201766397,0.9325332513132122,0.8876
siglip_b,boot_pair,9,29,0.7787868855749263,0.9277416883842292,0.8803
siglip_b,boot_pair,10,11,0.824255578539897,0.9384860437115421,0.8815
siglip_b,boot_pair,10,12,0.786112911326643,0.9263723495588142,0.8673
siglip_b,boot_pair,10,13,0.7749410829788883,0.9182441840481954,0.8771
siglip_b,boot_pair,10,14,0.8070992560132537,0.9335986581161392,0.8877
siglip_b,boot_pair,10,15,0.8279474750583345,0.9419104995270547,0.8879
siglip_b,boot_pair,10,16,0.8184676676200336,0.9301442709692126,0.8801
siglip_b,boot_pair,10,17,0.6653046219213028,0.9162504326879912,0.8682
siglip_b,boot_pair,10,18,0.7726609338233398,0.9244656852908932,0.8687
siglip_b,boot_pair,10,19,0.8585679115854362,0.9408687240300856,0.9172
siglip_b,boot_pair,10,20,0.7738363519891711,0.9290303187996396,0.8728
siglip_b,boot_pair,10,21,0.7550125823832565,0.9260346208922302,0.8482
siglip_b,boot_pair,10,22,0.7255907851812451,0.9263693964843238,0.8687
siglip_b,boot_pair,10,23,0.7876136697552547,0.9340117492210792,0.8959999999999999
siglip_b,boot_pair,10,24,0.8402775421749676,0.9294984384565028,0.8644
siglip_b,boot_pair,10,25,0.7911398623004133,0.9348134813087372,0.8794
siglip_b,boot_pair,10,26,0.7954057221166875,0.9544852175786942,0.9355
siglip_b,boot_pair,10,27,0.8158818451177468,0.955318155880109,0.9429
siglip_b,boot_pair,10,28,0.7971989422053805,0.9627111974602741,0.9482
siglip_b,boot_pair,10,29,0.8109569118540841,0.9648915620759108,0.9481
siglip_b,boot_pair,11,12,0.9060058806911144,0.961221995139692,0.9429
siglip_b,boot_pair,11,13,0.8224338139531921,0.9612304600538863,0.9285
siglip_b,boot_pair,11,14,0.8814204270298772,0.962527292238962,0.9470000000000001
siglip_b,boot_pair,11,15,0.9132702397653416,0.965322801078462,0.9563
siglip_b,boot_pair,11,16,0.7744887347564472,0.9573215339226976,0.9365
siglip_b,boot_pair,11,17,0.7723963659549512,0.9518413859221092,0.9266
siglip_b,boot_pair,11,18,0.8786751899965906,0.9613707923305638,0.9383
siglip_b,boot_pair,11,19,0.7993592952045661,0.9434351125159304,0.8924
siglip_b,boot_pair,11,20,0.8602105593611925,0.9557007468002768,0.9293
siglip_b,boot_pair,11,21,0.8059030039235718,0.9271153950577248,0.8873
siglip_b,boot_pair,11,22,0.7731716614042031,0.949941671289222,0.9171
siglip_b,boot_pair,11,23,0.7649726132425227,0.9605448735820208,0.9219
siglip_b,boot_pair,11,24,0.9117341378996832,0.9748689002677596,0.9574
siglip_b,boot_pair,11,25,0.8754065635455192,0.9676143348039796,0.9406
siglip_b,boot_pair,11,26,0.8857256857732474,0.9366536706399208,0.8803
siglip_b,boot_pair,11,27,0.8629331038568891,0.943788499956698,0.8968
siglip_b,boot_pair,11,28,0.8430801507860409,0.9349857256693924,0.8757
siglip_b,boot_pair,11,29,0.8844461198748447,0.9255379001774512,0.8612
siglip_b,boot_pair,12,13,0.8014491595664697,0.953137241351932,0.9117
siglip_b,boot_pair,12,14,0.8857436338693024,0.9703395745856556,0.9583
siglip_b,boot_pair,12,15,0.8945131218644167,0.9601378122326086,0.9561
siglip_b,boot_pair,12,16,0.7680131556916097,0.9667409034569799,0.9527
siglip_b,boot_pair,12,17,0.7348772560307504,0.9397452176584415,0.9246
siglip_b,boot_pair,12,18,0.8825503972267922,0.9586075081377808,0.9412
siglip_b,boot_pair,12,19,0.8226966698681234,0.9415655480097244,0.8871
siglip_b,boot_pair,12,20,0.8653304209310778,0.9569195930864643,0.9439
siglip_b,boot_pair,12,21,0.822813774111595,0.9300898998586083,0.8941
siglip_b,boot_pair,12,22,0.7740319960115649,0.9509045232047526,0.9317
siglip_b,boot_pair,12,23,0.7547683039322224,0.9567478719787326,0.9211
siglip_b,boot_pair,12,24,0.8922513523281466,0.9677827583878604,0.9429
siglip_b,boot_pair,12,25,0.8827906624306818,0.9670661798877788,0.9529
siglip_b,boot_pair,12,26,0.8828932991886892,0.9398960047167388,0.8872
siglip_b,boot_pair,12,27,0.857598204087908,0.9430783824191185,0.8912
siglip_b,boot_pair,12,28,0.8300396019198054,0.937028983738262,0.8837
siglip_b,boot_pair,12,29,0.9103164397425212,0.9339002786445936,0.8797
siglip_b,boot_pair,13,14,0.8062045025636245,0.9568415384318152,0.9186
siglip_b,boot_pair,13,15,0.8099950748071492,0.9472248309036388,0.907
siglip_b,boot_pair,13,16,0.7236176266103035,0.9545683904172204,0.9125
siglip_b,boot_pair,13,17,0.667011456654216,0.9420239232010772,0.9101
siglip_b,boot_pair,13,18,0.8149861136822913,0.9582776212573616,0.9174
siglip_b,boot_pair,13,19,0.7720225454505041,0.939257991305789,0.9078
siglip_b,boot_pair,13,20,0.7982750520285302,0.9565485247848928,0.9191
siglip_b,boot_pair,13,21,0.7457370472034138,0.9289411456337908,0.8772
siglip_b,boot_pair,13,22,0.7033695239848854,0.941679654657,0.8963
siglip_b,boot_pair,13,23,0.8009575131230401,0.9551090871160238,0.9225
siglip_b,boot_pair,13,24,0.7925251180853939,0.9524431026745004,0.9094
siglip_b,boot_pair,13,25,0.7957607718566394,0.9563298315380832,0.9069
siglip_b,boot_pair,13,26,0.7848289888096905,0.9158934642629142,0.8715
siglip_b,boot_pair,13,27,0.7932997682957562,0.9269700050662576,0.8931
siglip_b,boot_pair,13,28,0.7915824424419086,0.921114316447054,0.8814
siglip_b,boot_pair,13,29,0.8148166442343231,0.9159708319434288,0.8767
siglip_b,boot_pair,14,15,0.881634176320003,0.9678226320508512,0.9638
siglip_b,boot_pair,14,16,0.7958099968483053,0.9717138310280798,0.9706
siglip_b,boot_pair,14,17,0.7062188845180537,0.9480560465371172,0.9296
siglip_b,boot_pair,14,18,0.8825271750621398,0.9626312342074912,0.9536
siglip_b,boot_pair,14,19,0.8457883303703118,0.9512232340775212,0.9
siglip_b,boot_pair,14,20,0.8880056099949594,0.9679277085063543,0.9588
siglip_b,boot_pair,14,21,0.8068346405950585,0.9376750012144149,0.9066
siglip_b,boot_pair,14,22,0.7723307476705303,0.9522332362332184,0.9328
siglip_b,boot_pair,14,23,0.7564585666259691,0.966147330268886,0.9305
siglip_b,boot_pair,14,24,0.8664482247658656,0.9620022293002344,0.9406
siglip_b,boot_pair,14,25,0.8725408763383474,0.9715705970877948,0.9644
siglip_b,boot_pair,14,26,0.8683970749681851,0.9327487365829829,0.8785
siglip_b,boot_pair,14,27,0.8570435292705779,0.9486904605752616,0.9036
siglip_b,boot_pair,14,28,0.8095277724573007,0.942965053850881,0.8994
siglip_b,boot_pair,14,29,0.890865129284067,0.9373260605703922,0.8869
siglip_b,boot_pair,15,16,0.754179782500924,0.9548501994727936,0.9454
siglip_b,boot_pair,15,17,0.7429160277137249,0.9551087565640672,0.9351
siglip_b,boot_pair,15,18,0.8712883159424968,0.9478986904061644,0.9334
siglip_b,boot_pair,15,19,0.8013649569037207,0.9303294930961068,0.8791
siglip_b,boot_pair,15,20,0.8582385918544452,0.9516220305624484,0.9383
siglip_b,boot_pair,15,21,0.8124990868533674,0.9214164483713416,0.8833
siglip_b,boot_pair,15,22,0.7696116817074223,0.9454638920294092,0.9243
siglip_b,boot_pair,15,23,0.7727178755698564,0.9644225834467186,0.9351
siglip_b,boot_pair,15,24,0.9084599444468976,0.9615999296295574,0.9384
siglip_b,boot_pair,15,25,0.8745753124842561,0.9655549674487209,0.9579
siglip_b,boot_pair,15,26,0.9029307840563854,0.9332213655785564,0.8809
siglip_b,boot_pair,15,27,0.8711097405254518,0.9387460380394946,0.8963
siglip_b,boot_pair,15,28,0.8686392723518781,0.942906949518418,0.8905
siglip_b,boot_pair,15,29,0.9245160049452034,0.9413808130301397,0.8843
siglip_b,boot_pair,16,17,0.6183304068884149,0.9393420578662074,0.9201
siglip_b,boot_pair,16,18,0.8020634933588237,0.970147881162799,0.9615
siglip_b,boot_pair,16,19,0.8763770190914215,0.9442124241087474,0.8915
siglip_b,boot_pair,16,20,0.7949987790260719,0.971889129230864,0.9647
siglip_b,boot_pair,16,21,0.7178571944622099,0.9276561468343568,0.8983
siglip_b,boot_pair,16,22,0.6615981874587494,0.9438644153058716,0.924
siglip_b,boot_pair,16,23,0.7205323684265106,0.9582051340759848,0.9185
siglip_b,boot_pair,16,24,0.7431054407248736,0.960653390123952,0.9401
siglip_b,boot_pair,16,25,0.7522219232293421,0.9635885837441904,0.9533
siglip_b,boot_pair,16,26,0.7503694755383156,0.9317389192414658,0.871
siglip_b,boot_pair,16,27,0.720558853852519,0.938910807188424,0.8909
siglip_b,boot_pair,16,28,0.7019986973057675,0.9382467607721146,0.8901
siglip_b,boot_pair,16,29,0.7598308913044824,0.9330602221316034,0.8781
siglip_b,boot_pair,17,18,0.7001192351193456,0.9372904567017678,0.9103
siglip_b,boot_pair,17,19,0.6480076637533443,0.9073680797244548,0.86
siglip_b,boot_pair,17,20,0.6980086971448851,0.9451968133632529,0.9343
siglip_b,boot_pair,17,21,0.6592039065021976,0.9080047479570648,0.8716
siglip_b,boot_pair,17,22,0.8581383828784994,0.9584987650880896,0.9403
siglip_b,boot_pair,17,23,0.6324653574189363,0.9513423280091452,0.9133
siglip_b,boot_pair,17,24,0.7365912593443497,0.9401880178375532,0.9111
siglip_b,boot_pair,17,25,0.7153833264973961,0.9501353675034636,0.9371
siglip_b,boot_pair,17,26,0.7088840146494226,0.9080761986640468,0.8534
siglip_b,boot_pair,17,27,0.6873653154148731,0.9150288275423912,0.8706
siglip_b,boot_pair,17,28,0.6695529527276051,0.9119942090077028,0.8659
siglip_b,boot_pair,17,29,0.7230172863223043,0.9118953490956913,0.8705
siglip_b,boot_pair,18,19,0.8221879373993135,0.9412365527076612,0.8884
siglip_b,boot_pair,18,20,0.8929795139964845,0.968877646408628,0.9540000000000001
siglip_b,boot_pair,18,21,0.8004511511025799,0.9274756855909059,0.895
siglip_b,boot_pair,18,22,0.7543191107101841,0.9564604391293244,0.9402
siglip_b,boot_pair,18,23,0.7219145745718915,0.9512824916207651,0.9092
siglip_b,boot_pair,18,24,0.8379090588262247,0.9521930520632068,0.9393
siglip_b,boot_pair,18,25,0.8548979730200855,0.9565243217858571,0.9358
siglip_b,boot_pair,18,26,0.8563671563961058,0.9266037931241882,0.8776
siglip_b,boot_pair,18,27,0.8415491655677904,0.9422704961923706,0.8911
siglip_b,boot_pair,18,28,0.793275355516002,0.926746897165852,0.8763
siglip_b,boot_pair,18,29,0.8891376790736402,0.9292770780846528,0.8695
siglip_b,boot_pair,19,20,0.8324033030187564,0.9430260473984512,0.8866
siglip_b,boot_pair,19,21,0.7557604180674765,0.9352878097789172,0.8568
siglip_b,boot_pair,19,22,0.6992200815901438,0.923940023433562,0.8667
siglip_b,boot_pair,19,23,0.7727482914810248,0.928498095832817,0.8883
siglip_b,boot_pair,19,24,0.7916503337369059,0.939966763913881,0.8894
siglip_b,boot_pair,19,25,0.8111772091424498,0.9438501432591314,0.8856
siglip_b,boot_pair,19,26,0.8012348208019793,0.9453761086896424,0.9213
siglip_b,boot_pair,19,27,0.7831162505861637,0.9616067218919933,0.9476
siglip_b,boot_pair,19,28,0.7425116723982642,0.9492606124309251,0.9308
siglip_b,boot_pair,19,29,0.8100351133488124,0.9453680573547908,0.9219
siglip_b,boot_pair,20,21,0.7995544301201077,0.9292905716195584,0.8959
siglip_b,boot_pair,20,22,0.7398681146477809,0.9433040436486091,0.9212
siglip_b,boot_pair,20,23,0.7193047158265311,0.9523871609855412,0.9083
siglip_b,boot_pair,20,24,0.8338161756675181,0.9473090351523082,0.9192
siglip_b,boot_pair,20,25,0.8554939803284245,0.9597463956108524,0.9470000000000001
siglip_b,boot_pair,20,26,0.8574936196212739,0.9220577939236668,0.8595
siglip_b,boot_pair,20,27,0.8212218496742933,0.9343565722237064,0.8794
siglip_b,boot_pair,20,28,0.7852127836605362,0.9293644547700199,0.8767
siglip_b,boot_pair,20,29,0.8564205933252248,0.929179033790878,0.8799
siglip_b,boot_pair,21,22,0.7149857798237506,0.9201868216126222,0.8822
siglip_b,boot_pair,21,23,0.7195668986161833,0.9289940076903472,0.8727
siglip_b,boot_pair,21,24,0.8319731750965268,0.9217059005079944,0.8811
siglip_b,boot_pair,21,25,0.8680055823674392,0.9328353851647866,0.9
siglip_b,boot_pair,21,26,0.8227436300838435,0.9200929713489204,0.841
siglip_b,boot_pair,21,27,0.8282747791225015,0.9335248832239644,0.8646
siglip_b,boot_pair,21,28,0.798419300843093,0.9287874036188738,0.8555
siglip_b,boot_pair,21,29,0.8162881243325157,0.9183843563559008,0.8387
siglip_b,boot_pair,22,23,0.6578679081384783,0.9457347223650026,0.9004
siglip_b,boot_pair,22,24,0.7537154865222458,0.9470792502440258,0.9237
siglip_b,boot_pair,22,25,0.7850554336876744,0.9533309187506284,0.9298
siglip_b,boot_pair,22,26,0.7577340326030503,0.9266124518658281,0.8771
siglip_b,boot_pair,22,27,0.7456313934539379,0.9320803027860928,0.8777
siglip_b,boot_pair,22,28,0.7174469015840375,0.9235289339688876,0.8686
siglip_b,boot_pair,22,29,0.7738948845149785,0.9232195631309456,0.8613
siglip_b,boot_pair,23,24,0.7631058823023581,0.9543612684647199,0.9047
siglip_b,boot_pair,23,25,0.7578349904353092,0.9677001924884436,0.9281
siglip_b,boot_pair,23,26,0.7408418482768305,0.9331259201962954,0.8909
siglip_b,boot_pair,23,27,0.7564125430830753,0.94218775389247,0.9104
siglip_b,boot_pair,23,28,0.8110447396036159,0.9353488697155192,0.9004
siglip_b,boot_pair,23,29,0.7634477554767529,0.9301699767130844,0.8906
siglip_b,boot_pair,24,25,0.8621511105435101,0.9666861601700104,0.9385
siglip_b,boot_pair,24,26,0.8666116366704659,0.9359880936078184,0.8762
siglip_b,boot_pair,24,27,0.8950759387011659,0.941492851155804,0.8859999999999999
siglip_b,boot_pair,24,28,0.8647145369876587,0.9384155212791618,0.8757
siglip_b,boot_pair,24,29,0.8742930761534623,0.9242435549127384,0.8578
siglip_b,boot_pair,25,26,0.8715743435868255,0.9371310063140688,0.8747
siglip_b,boot_pair,25,27,0.8636139573115114,0.9481597989533399,0.8985
siglip_b,boot_pair,25,28,0.8320362787949621,0.9399259223744838,0.8837
siglip_b,boot_pair,25,29,0.8905252443588082,0.9355259308134392,0.8828
siglip_b,boot_pair,26,27,0.8470090293236264,0.9567191397379536,0.9407
siglip_b,boot_pair,26,28,0.8280686995154427,0.96292069389853,0.9420000000000001
siglip_b,boot_pair,26,29,0.8938509358082313,0.9518377041006222,0.9308
siglip_b,boot_pair,27,28,0.846890507977881,0.9570725930166972,0.9477
siglip_b,boot_pair,27,29,0.8909755670129827,0.9617741339480966,0.9453
siglip_b,boot_pair,28,29,0.8463442165464115,0.9619921030343814,0.9494
siglip_b,ref_vs_boot,-1,0,0.682149918232203,0.9619992988592962,0.9365
siglip_b,ref_vs_boot,-1,1,0.6848586413180566,0.9550362721038316,0.9323
siglip_b,ref_vs_boot,-1,2,0.6386998469520364,0.9255249444837574,0.8796
siglip_b,ref_vs_boot,-1,3,0.7023209478007297,0.9450998647409621,0.924
siglip_b,ref_vs_boot,-1,4,0.7050171546396248,0.9452995065246744,0.917
siglip_b,ref_vs_boot,-1,5,0.6278396398033955,0.9430925103615674,0.9107
siglip_b,ref_vs_boot,-1,6,0.8771813647983063,0.9303955097175408,0.8946
siglip_b,ref_vs_boot,-1,7,0.649806453951309,0.9534968741885258,0.9335
siglip_b,ref_vs_boot,-1,8,0.6990980987930673,0.9478756684270524,0.9289
siglip_b,ref_vs_boot,-1,9,0.6454650203971434,0.9494680871706562,0.9236
siglip_b,ref_vs_boot,-1,10,0.6369093692915251,0.9094857505902872,0.8548
siglip_b,ref_vs_boot,-1,11,0.6985594234065348,0.9381769102082752,0.9018
siglip_b,ref_vs_boot,-1,12,0.7014924372980829,0.9465914916860324,0.9179
siglip_b,ref_vs_boot,-1,13,0.7323741965037773,0.950960443638268,0.9147
siglip_b,ref_vs_boot,-1,14,0.7220922781589374,0.9560230186258624,0.9355
siglip_b,ref_vs_boot,-1,15,0.7040008906263687,0.9437333130030746,0.9183
siglip_b,ref_vs_boot,-1,16,0.6314548937362237,0.9597532750946676,0.9369
siglip_b,ref_vs_boot,-1,17,0.8320210441180352,0.9625602917078921,0.9426
siglip_b,ref_vs_boot,-1,18,0.7295339373812612,0.9576609765550982,0.9395
siglip_b,ref_vs_boot,-1,19,0.6644690221280148,0.9177102216293708,0.8686
siglip_b,ref_vs_boot,-1,20,0.740851654418344,0.9585850070632648,0.9397
siglip_b,ref_vs_boot,-1,21,0.6594536702500471,0.9114765997910969,0.8654
siglip_b,ref_vs_boot,-1,22,0.8384085464451706,0.9584184343399912,0.9365
siglip_b,ref_vs_boot,-1,23,0.6709729757670063,0.9548513736677346,0.91
siglip_b,ref_vs_boot,-1,24,0.6838481654370804,0.9415744826182164,0.9069
siglip_b,ref_vs_boot,-1,25,0.7006683214232045,0.9495007777831024,0.9223
siglip_b,ref_vs_boot,-1,26,0.6994881329658305,0.912445578871398,0.8635
siglip_b,ref_vs_boot,-1,27,0.6751751323835807,0.9184221542914329,0.8691
siglip_b,ref_vs_boot,-1,28,0.6563900403092929,0.9132499249949156,0.8621
siglip_b,ref_vs_boot,-1,29,0.7170378060187446,0.914008526589752,0.8619
