model,partition,s,seed,kind,n,d,hub_rms,ratio,excessB_real,excessB_star,excessB_star_sd,depth,z,time_s,delta_999,delta_sd,null_mean,null_sd,excess,r_above,p_left
i21k_t,rand6,0.0,0,census,1000,192,29.85499382019043,,,,,,,343.71198177337646,0.08373195403108441,0.000447353973918708,0.09264951627111576,0.004904983972457921,-0.008917562240031346,191.0,0.04975124378109453
i21k_t,rand6,0.25,0,census,1000,192,29.854999542236328,,,,,,,327.17241072654724,0.08163057239164805,0.00030391821695510365,0.09562264128654448,0.0043667603661225116,-0.013992068894896431,199.0,0.009950248756218905
i21k_t,rand6,0.5,0,census,1000,192,29.85499382019043,,,,,,,324.01488137245184,0.08395112812878389,0.000402950436956201,0.09030480254524534,0.005189794571559079,-0.006353674416461452,172.0,0.14427860696517414
i21k_t,rand6,0.75,0,census,1000,192,29.854995727539066,,,,,,,333.5375812053681,0.08111269959683984,0.0003143543037754347,0.09109336450705334,0.0053938042479954535,-0.009980664910213502,194.0,0.03482587064676617
i21k_t,rand6,1.0,0,census,1000,192,29.85499382019043,,,,,,,334.5729014873505,0.08064885126188898,0.00032881518989763753,0.09004729136426143,0.005596123099900887,-0.009398440102372452,190.0,0.05472636815920398
i21k_t,rand6,0.0,0,depth,1000,192,29.85499382019043,,4.179297111450708e-05,0.00031518174918518106,0.007462361198960886,-0.00027338877807067403,-0.021157690368167004,62.24138426780701,,,,,,,
i21k_t,rand6,0.0,1,depth,1000,192,29.854995727539066,,-0.0042038369039573975,0.00031517901361305937,0.007462359047030992,-0.004519015917570457,-0.3426876711112077,62.28117084503174,,,,,,,
i21k_t,rand6,0.0,2,depth,1000,192,29.854995727539066,,-0.00038782622386282495,0.0003151810556074663,0.007462358522793211,-0.0007030072794702912,-0.05797703252315919,62.1138072013855,,,,,,,
i21k_t,rand6,0.0,3,depth,1000,192,29.854995727539066,,0.003812135103721165,0.0003151763464298185,0.007462357501356956,0.0034969587572913465,0.2641050818306626,65.02669715881348,,,,,,,
i21k_t,rand6,0.0,4,depth,1000,192,29.85499382019043,,0.003107797840257498,0.0003151800477318917,0.007462364525761407,0.0027926177925256053,0.2379836178850667,64.09399151802063,,,,,,,
i21k_t,rand6,0.25,0,depth,1000,192,29.854999542236328,,-0.0052628777862350476,0.00031517479984019824,0.007462353108706494,-0.0055780525860752465,-0.5116504867118701,64.80376744270325,,,,,,,
i21k_t,rand6,0.25,1,depth,1000,192,29.85499763488769,,0.005413143965884715,0.00031517717735764504,0.007462356269816677,0.005097966788527071,0.4098165736370502,65.92996287345886,,,,,,,
i21k_t,rand6,0.25,2,depth,1000,192,29.854995727539066,,-0.00016002715112417576,0.00031517883253444904,0.00746235669983009,-0.0004752059836586248,-0.04506270982563915,63.36618423461914,,,,,,,
i21k_t,rand6,0.25,3,depth,1000,192,29.854999542236328,,0.002021345621189913,0.00031517802859076517,0.007462353417171773,0.0017061675925991475,0.14243688338995253,64.48458123207092,,,,,,,
i21k_t,rand6,0.25,4,depth,1000,192,29.85499382019043,,0.0036159608721484096,0.0003151799190204335,0.007462362348470058,0.003300780953127977,0.2423391983668481,61.0320463180542,,,,,,,
i21k_t,rand6,0.5,0,depth,1000,192,29.85499382019043,,0.00665313251257066,0.0003151822085962013,0.007462362414650301,0.006337950303974457,0.488019468718194,60.35683798789978,,,,,,,
i21k_t,rand6,0.5,1,depth,1000,192,29.85499763488769,,0.014470608901356763,0.000315176501112896,0.007462358430451105,0.014155432400243868,1.0345435019974756,60.4754810333252,,,,,,,
i21k_t,rand6,0.5,2,depth,1000,192,29.854995727539066,,0.007381474744954347,0.0003151798916534804,0.007462357961938095,0.007066294853300866,0.4927114761576172,61.19221496582031,,,,,,,
i21k_t,rand6,0.5,3,depth,1000,192,29.854995727539066,,0.0060545501349253406,0.0003151796804231,0.007462359190440857,0.00573937045450224,0.3754439647889862,59.576119184494026,,,,,,,
i21k_t,rand6,0.5,4,depth,1000,192,29.85499763488769,,-0.003913238444254313,0.0003151771919011892,0.0074623539503796766,-0.004228415636155503,-0.28869467832242424,62.22679543495178,,,,,,,
i21k_t,rand6,0.75,0,depth,1000,192,29.854995727539066,,-0.0027486656899430306,0.00031518298928186195,0.007462357581836345,-0.003063848679224893,-0.17960903726021585,60.913357257843025,,,,,,,
i21k_t,rand6,0.75,1,depth,1000,192,29.85499763488769,,-0.004411373270985258,0.0003151803953205245,0.007462354213748083,-0.004726553666305783,-0.3113474291430033,60.31825923919678,,,,,,,
i21k_t,rand6,0.75,2,depth,1000,192,29.854999542236328,,-0.005658815742805773,0.00031517564046356077,0.007462353655997481,-0.005973991383269334,-0.4453692665739582,60.38173770904541,,,,,,,
i21k_t,rand6,0.75,3,depth,1000,192,29.8549919128418,,0.0044149902529499185,0.00031518438663543085,0.0074623635767577185,0.004099805866314489,0.2514570774383315,62.23160171508789,,,,,,,
i21k_t,rand6,0.75,4,depth,1000,192,29.854995727539066,,0.0021377198305862766,0.00031517899417602134,0.007462360591185883,0.0018225408364102552,0.12801032234769796,61.18599653244018,,,,,,,
i21k_t,rand6,1.0,0,depth,1000,192,29.85499382019043,,-0.01730281923668464,0.00031518328420569454,0.007462360092968055,-0.017618002520890342,-1.2225751700118663,60.03044033050537,,,,,,,
i21k_t,rand6,1.0,1,depth,1000,192,29.85499382019043,,-0.00650190037775944,0.0003151804509645306,0.0074623606940161765,-0.00681708082872397,-0.4011690582874444,61.00704002380371,,,,,,,
i21k_t,rand6,1.0,2,depth,1000,192,29.854995727539066,,-0.00815311253845688,0.0003151792973478201,0.007462359404802566,-0.0084682918358047,-0.5038634383155967,62.441907167434685,,,,,,,
i21k_t,rand6,1.0,3,depth,1000,192,29.854995727539066,,-0.012092631078058663,0.0003151770101006092,0.007462362048053766,-0.012407808088159273,-0.7473391721188924,60.81822848320007,,,,,,,
i21k_t,rand6,1.0,4,depth,1000,192,29.854995727539066,,-0.012054474313610869,0.0003151806573880811,0.007462357285366513,-0.01236965497099895,-0.7328873137325475,61.35637307167053,,,,,,,
i21k_t,rand6_t06,0.0,0,depth,1000,192,29.85499382019043,0.4397902190685272,-0.009581131853067444,-0.00921237974811662,0.005097597038372095,-0.00036875210495082404,-0.04562085971752442,58.46292686462402,,,,,,,
i21k_t,rand6_t06,0.0,1,depth,1000,192,29.854995727539066,0.4306826293468475,-0.019817729014599158,-0.009212383378448196,0.005097598998312968,-0.010605345636150964,-1.157978056609961,58.54768562316895,,,,,,,
i21k_t,rand6_t06,0.5,0,depth,1000,192,29.85499382019043,0.4436171352863312,-0.060616900416448835,-0.009212382346651149,0.005097594462067183,-0.051404518069797685,-5.705465974920402,58.821351051330566,,,,,,,
i21k_t,rand6_t06,0.5,1,depth,1000,192,29.85499763488769,0.4603084623813629,-0.05488132799632478,-0.009199884720964871,0.0050875327872255145,-0.045681443275359904,-3.7557997202559386,58.28385186195374,,,,,,,
i21k_t,rand6_t06,1.0,0,depth,1000,192,29.85499382019043,0.4653056263923645,-0.13796640961536888,-0.009212380301169313,0.00509759761876616,-0.12875402931419958,-10.846449342188883,58.374664545059204,,,,,,,
i21k_t,rand6_t06,1.0,1,depth,1000,192,29.854995727539066,0.4555088877677918,-0.135683819002741,-0.00919988352343194,0.005087532788745785,-0.12648393547930906,-9.558185852238427,58.34944462776184,,,,,,,
i21k_t,real,real,0,depth,1000,192,29.854995727539066,,-0.017306886749485786,0.00030773784278943783,0.007462135845461569,-0.017614624592275224,-1.4813579176116465,55.168368339538574,,,,,,,
i21k_t,tight06,real,0,depth,1000,192,29.854995727539066,0.5999999642372131,-0.03620079975685736,-0.009124212001632388,0.005149069215044989,-0.02707658775522497,-1.967588022362648,55.846479654312134,,,,,,,
i21k_t,wn6,0.0,0,depth,1000,192,29.85499382019043,,4.179297111450708e-05,0.00031518174918518106,0.007462361198960886,-0.00027338877807067403,-0.021157690368167004,61.36674118041992,,,,,,,
i21k_t,wn6,0.25,0,depth,1000,192,29.854995727539066,,-0.0018866463581602155,0.00031517715842218074,0.0074623600672403,-0.002201823516582396,-0.21716995846625534,61.49143886566162,,,,,,,
i21k_t,wn6,0.5,0,depth,1000,192,29.85499763488769,,-0.010380679247110641,0.0003151770534818326,0.007462354575891649,-0.010695856300592476,-0.8519497552004573,60.3509418964386,,,,,,,
i21k_t,wn6,0.75,0,depth,1000,192,29.85499763488769,,-0.030223024178778837,0.0003151783177369444,0.0074623584538423965,-0.03053820249651578,-1.8774214422386084,61.336901903152466,,,,,,,
i21k_t,wn6,1.0,0,depth,1000,192,29.85499382019043,,-0.02771018970036021,0.000315181710706472,0.007462362402084161,-0.02802537141106668,-1.4020269846883215,61.716479063034065,,,,,,,
i21k_s,rand6,0.0,0,census,1000,384,19.30592536926269,,,,,,,371.6269872188568,0.06282852107489102,0.00027845709040177474,0.08124077459217645,0.00396431217845474,-0.018412253517285426,200.0,0.0049751243781094535
i21k_s,rand6,0.25,0,census,1000,384,19.30592536926269,,,,,,,369.2962746620178,0.06138051277097791,0.0003399284067601605,0.08146676605896247,0.004082546023068539,-0.020086253287984558,200.0,0.0049751243781094535
i21k_s,rand6,0.5,0,census,1000,384,19.30592536926269,,,,,,,388.3778040409088,0.061932673173673215,0.00035357005860194984,0.08044084337244951,0.004207767991137464,-0.0185081701987763,200.0,0.0049751243781094535
i21k_s,rand6,0.75,0,census,1000,384,19.30592536926269,,,,,,,376.1103353500366,0.06328495413169473,0.0003446203605231042,0.07997998274203559,0.0046110103693158344,-0.016695028610340876,200.0,0.0049751243781094535
i21k_s,rand6,1.0,0,census,1000,384,19.30592536926269,,,,,,,372.3910987377167,0.06076638012552577,0.00030841359516469737,0.080786852572317,0.004746904439270896,-0.020020472446791227,200.0,0.0049751243781094535
i21k_s,rand6,0.0,0,depth,1000,384,19.30592536926269,,-0.00885936462359807,0.0033929120331220946,0.005035875225251967,-0.012252276656720166,-1.2290349542406571,71.997878074646,,,,,,,
i21k_s,rand6,0.0,1,depth,1000,384,19.30592536926269,,-0.001991852541460976,0.003392911848585992,0.005035875195710779,-0.005384764390046967,-0.5323556056527634,71.56124472618103,,,,,,,
i21k_s,rand6,0.0,2,depth,1000,384,19.305927276611328,,-0.008682888452709023,0.00339290817266185,0.005035877969576985,-0.012075796625370871,-1.2043043838488459,74.36983251571654,,,,,,,
i21k_s,rand6,0.0,3,depth,1000,384,19.30592536926269,,-0.005848467240492053,0.0033929083344274523,0.0050358735890506465,-0.009241375574919506,-0.9884394772768602,76.74429988861084,,,,,,,
i21k_s,rand6,0.0,4,depth,1000,384,19.30592536926269,,-0.002443843299491183,0.003392911566517015,0.0050358741628655475,-0.005836754866008198,-0.5790345212455468,73.03446292877197,,,,,,,
i21k_s,rand6,0.25,0,depth,1000,384,19.30592536926269,,-0.00939233672598197,0.0033929083239128176,0.005035874707471917,-0.012785245049894787,-1.2412557537236295,74.77639842033386,,,,,,,
i21k_s,rand6,0.25,1,depth,1000,384,19.305927276611328,,-0.005287454818625498,0.003392907349230703,0.005035874261940258,-0.008680362167856202,-1.0362741045441666,74.1234645843506,,,,,,,
i21k_s,rand6,0.25,2,depth,1000,384,19.305927276611328,,-0.007685909501606719,0.003392906695830168,0.005035878377031774,-0.011078816197436888,-1.216806744202494,75.05437517166138,,,,,,,
i21k_s,rand6,0.25,3,depth,1000,384,19.30592536926269,,-0.007523122077148864,0.003392908715186761,0.005035873714919587,-0.010916030792335623,-1.1689642316779951,68.93548941612244,,,,,,,
i21k_s,rand6,0.25,4,depth,1000,384,19.30592536926269,,-0.006286079069735343,0.0033929084764582128,0.005035873531437492,-0.009678987546193556,-1.085934272857492,70.6918041706085,,,,,,,
i21k_s,rand6,0.5,0,depth,1000,384,19.30592536926269,,0.001917628338944266,0.003392910538007705,0.005035874614475796,-0.0014752821990634394,-0.11859780091747756,70.47315764427184,,,,,,,
i21k_s,rand6,0.5,1,depth,1000,384,19.305923461914066,,-0.00017931986128554012,0.003392910833685021,0.005035870487171573,-0.0035722306949705616,-0.3348008462255471,69.54415893554689,,,,,,,
i21k_s,rand6,0.5,2,depth,1000,384,19.30592536926269,,0.002871501549538441,0.0033929088412104,0.005035874386261925,-0.0005214072916719589,-0.04316588435821096,71.96734642982483,,,,,,,
i21k_s,rand6,0.5,3,depth,1000,384,19.30592536926269,,0.0017080363519778458,0.003392912649546778,0.0050358716971464716,-0.0016848762975689325,-0.15462188961821394,70.36888432502747,,,,,,,
i21k_s,rand6,0.5,4,depth,1000,384,19.30592536926269,,0.0004939542028519622,0.0033929125901782037,0.005035872942750965,-0.002898958387326243,-0.30008975593487275,70.56304407119752,,,,,,,
i21k_s,rand6,0.75,0,depth,1000,384,19.30592536926269,,-0.009222758379983792,0.003392909366408193,0.005035876941909148,-0.012615667746391985,-0.843769979020826,70.86628746986389,,,,,,,
i21k_s,rand6,0.75,1,depth,1000,384,19.30592536926269,,-0.007958459128549089,0.0033929111346579642,0.005035874530856528,-0.011351370263207051,-0.833518266046935,69.52484536170961,,,,,,,
i21k_s,rand6,0.75,2,depth,1000,384,19.30592536926269,,-0.015141532427381938,0.003392909364636856,0.0050358745831685075,-0.01853444179201879,-1.221106042418134,71.25320601463321,,,,,,,
i21k_s,rand6,0.75,3,depth,1000,384,19.30592536926269,,-0.010345289932101405,0.003392909433275841,0.005035869838331921,-0.013738199365377244,-0.9794299613494636,69.48010730743408,,,,,,,
i21k_s,rand6,0.75,4,depth,1000,384,19.30592536926269,,-0.009461911577572632,0.003412456166549389,0.005028235693871393,-0.012874367744122022,-0.9203894543500694,69.93092274665833,,,,,,,
i21k_s,rand6,1.0,0,depth,1000,384,19.30592536926269,,-0.022228637554818964,0.003392907217431332,0.005035872228998069,-0.02562154477225029,-2.0406049091091933,69.71770024299622,,,,,,,
i21k_s,rand6,1.0,1,depth,1000,384,19.30592536926269,,-0.021369104206019063,0.003392910086328514,0.005035870843926115,-0.024762014292347576,-1.9574207334306133,70.09520721435547,,,,,,,
i21k_s,rand6,1.0,2,depth,1000,384,19.30592536926269,,-0.023568407266962924,0.003392907740457771,0.0050358714021949535,-0.026961315007420696,-1.9989152396032843,70.90880441665651,,,,,,,
i21k_s,rand6,1.0,3,depth,1000,384,19.30592536926269,,-0.020759363933565256,0.003392910134628903,0.00503587302368376,-0.02415227406819416,-1.9042498693156047,71.07091498374939,,,,,,,
i21k_s,rand6,1.0,4,depth,1000,384,19.30592536926269,,-0.02364740126374873,0.003392910396449093,0.005035874675381728,-0.027040311660197824,-1.9993046034698765,70.17637681961061,,,,,,,
i21k_s,rand6_t06,0.0,0,depth,1000,384,19.30592536926269,0.4130663275718689,-0.021054627866046397,-0.01926336847917604,0.0038231829102746665,-0.0017912593868703586,-0.15538925777790188,60.39224433898926,,,,,,,
i21k_s,rand6_t06,0.0,1,depth,1000,384,19.30592536926269,0.4055574238300324,-0.022438292408637955,-0.018701603473355897,0.004306088336008024,-0.0037366889352820586,-0.2950927758224479,67.70230603218079,,,,,,,
i21k_s,rand6_t06,0.5,0,depth,1000,384,19.30592536926269,0.4162946939468384,-0.08119834016503283,-0.018701602302593788,0.0043060846858605905,-0.06249673786243904,-6.312025483611671,66.94067740440369,,,,,,,
i21k_s,rand6_t06,0.5,1,depth,1000,384,19.30592536926269,0.4106031358242035,-0.08273069791033426,-0.018701603311972282,0.004306085466852294,-0.06402909459836198,-7.592867518946491,67.00917220115662,,,,,,,
i21k_s,rand6_t06,1.0,0,depth,1000,384,19.30592536926269,0.4294277131557465,-0.1598120479270225,-0.018701602886520195,0.004306087251989889,-0.1411104450405023,-10.364303973164953,64.91460084915161,,,,,,,
i21k_s,rand6_t06,1.0,1,depth,1000,384,19.30592536926269,0.41103196144104,-0.16322578382799785,-0.01870160223040891,0.004306087119980367,-0.14452418159758895,-10.560809349125428,65.89490866661072,,,,,,,
i21k_s,real,real,0,depth,1000,384,19.30592536926269,,-0.0247066719693006,0.003392909098758444,0.005035874386449524,-0.028099581068059043,-2.361505082329531,67.94347381591797,,,,,,,
i21k_s,tight06,real,0,depth,1000,384,19.30592536926269,0.5999999642372131,-0.04632127259126845,-0.01926336937022875,0.0038231788544217564,-0.027057903221039698,-2.7917521574014144,66.72481656074524,,,,,,,
i21k_s,wn6,0.0,0,depth,1000,384,19.30592536926269,,-0.00885936462359807,0.0033929120331220946,0.005035875225251967,-0.012252276656720166,-1.2290349542406571,70.39523506164552,,,,,,,
i21k_s,wn6,0.25,0,depth,1000,384,19.305927276611328,,-0.006257611934312235,0.0033929065866980233,0.005035878278635501,-0.009650518521010258,-0.9918596825717544,75.0004827976227,,,,,,,
i21k_s,wn6,0.5,0,depth,1000,384,19.30592536926269,,-0.0016967503777179233,0.003392907604742989,0.005035869691153878,-0.005089657982460913,-0.420278270752728,82.00043296813966,,,,,,,
i21k_s,wn6,0.75,0,depth,1000,384,19.30592536926269,,-0.0327686733573094,0.0033929108133524213,0.0050358735634302345,-0.03616158417066182,-2.662108803047638,78.81904244422913,,,,,,,
i21k_s,wn6,1.0,0,depth,1000,384,19.305927276611328,,-0.037276190883200805,0.003392907949374635,0.00503587505427377,-0.04066909883257544,-2.676825363057942,79.2004508972168,,,,,,,
i21k_b,rand6,0.0,0,census,1000,768,33.24438095092773,,,,,,,576.9707605838777,0.06128650812732581,0.0005067563822514208,0.07858370884841326,0.00379738300751826,-0.017297200721087445,200.0,0.0049751243781094535
i21k_b,rand6,0.25,0,census,1000,768,33.24437713623047,,,,,,,554.6489107608795,0.05988920164113791,0.0004808145767158295,0.08059585018008025,0.003641707981976083,-0.020706648538942343,200.0,0.0049751243781094535
i21k_b,rand6,0.5,0,census,1000,768,33.24437713623047,,,,,,,591.5964007377626,0.056982283439268026,0.00029321472710088967,0.07702700621607872,0.004069815999823664,-0.0200447227768107,200.0,0.0049751243781094535
i21k_b,rand6,0.75,0,census,1000,768,33.24438095092773,,,,,,,624.0802299976349,0.05661294727739252,0.000444016863695921,0.07703178346314114,0.004458917582477403,-0.02041883618574864,200.0,0.0049751243781094535
i21k_b,rand6,1.0,0,census,1000,768,33.24438095092773,,,,,,,610.5917048454285,0.058422252750109836,0.00042178648739529215,0.07925617806507149,0.004560375845890134,-0.02083392531496165,200.0,0.0049751243781094535
i21k_b,rand6,0.0,0,depth,1000,768,33.24438095092773,,-0.0006831469397342582,-7.95224843412462e-06,0.0024683857624168905,-0.0006751946913001336,-0.05257812717906035,94.8142340183258,,,,,,,
i21k_b,rand6,0.0,1,depth,1000,768,33.24437713623047,,-0.0025277113239287052,-3.972813974224832e-06,0.002653394955135748,-0.0025237385099544803,-0.1953518035707772,92.06809616088869,,,,,,,
i21k_b,rand6,0.0,2,depth,1000,768,33.24438095092773,,-0.005802904086645827,-3.9764526651206426e-06,0.0026533957266888296,-0.005798927633980706,-0.563681194965526,98.31441330909729,,,,,,,
i21k_b,rand6,0.0,3,depth,1000,768,33.24438095092773,,0.0012289220688846134,-7.949554321826089e-06,0.0024683830003336426,0.0012368716232064394,0.09929638975348568,93.92974495887756,,,,,,,
i21k_b,rand6,0.0,4,depth,1000,768,33.24438095092773,,-0.0019324085285277735,-3.975372369544038e-06,0.002653394029170042,-0.0019284331561582296,-0.14696144332548305,96.7239944934845,,,,,,,
i21k_b,rand6,0.25,0,depth,1000,768,33.24437713623047,,-0.0004206366038731757,-7.948229081310152e-06,0.002468388325038,-0.00041268837479186565,-0.029967489088245237,92.84325122833252,,,,,,,
i21k_b,rand6,0.25,1,depth,1000,768,33.24438095092773,,0.0012368543341047256,-7.949743589265313e-06,0.002468387980169964,0.001244804077693991,0.10970938887393744,90.63300561904907,,,,,,,
i21k_b,rand6,0.25,2,depth,1000,768,33.24437713623047,,0.0019356911133009136,-7.949473799710726e-06,0.002468390633347987,0.0019436405871006246,0.128934120858057,89.26316261291504,,,,,,,
i21k_b,rand6,0.25,3,depth,1000,768,33.24438095092773,,0.0019621139278582227,-7.950906681544743e-06,0.002468389656434429,0.0019700648345397677,0.13449993279469935,90.43508505821228,,,,,,,
i21k_b,rand6,0.25,4,depth,1000,768,33.24438095092773,,-0.0010369616654700429,-7.829226851519958e-05,0.0025488517983920074,-0.0009586693969548431,-0.072788192722161,91.32541489601135,,,,,,,
i21k_b,rand6,0.5,0,depth,1000,768,33.24437713623047,,0.008203042840545155,-3.973487230880812e-06,0.0026533951567409,0.008207016327776036,0.5662267599639602,91.05648684501648,,,,,,,
i21k_b,rand6,0.5,1,depth,1000,768,33.24438095092773,,0.008046283051160744,-7.95002295998215e-06,0.002468389008565846,0.008054233074120726,0.608967725559652,90.526442527771,,,,,,,
i21k_b,rand6,0.5,2,depth,1000,768,33.244384765625,,0.010053629198922262,-7.953598730837953e-06,0.002468392553959605,0.0100615827976531,0.7369919343899286,90.54542589187622,,,,,,,
i21k_b,rand6,0.5,3,depth,1000,768,33.24437713623047,,0.014735113528244024,-3.972979933290766e-06,0.002653394627503234,0.014739086508177316,1.0305721649651158,90.44196891784668,,,,,,,
i21k_b,rand6,0.5,4,depth,1000,768,33.24437713623047,,0.00923666967560055,-3.973868224982358e-06,0.002653395964797565,0.009240643543825531,0.7665258694987781,90.47280883789062,,,,,,,
i21k_b,rand6,0.75,0,depth,1000,768,33.24438095092773,,-0.0015240295394096381,-3.974498962264206e-06,0.0026533951883306976,-0.001520055040447374,-0.10056668558495156,85.63008642196654,,,,,,,
i21k_b,rand6,0.75,1,depth,1000,768,33.24438095092773,,0.0026038433410216213,-3.9738664319194365e-06,0.002653394740768209,0.002607817207453541,0.1736093875121871,91.30764532089232,,,,,,,
i21k_b,rand6,0.75,2,depth,1000,768,33.24438095092773,,0.00014724464260898462,-7.953132808193042e-06,0.002468391297688263,0.00015519777541717766,0.010317438225560948,87.33821392059326,,,,,,,
i21k_b,rand6,0.75,3,depth,1000,768,33.24437713623047,,0.00021522459454773046,-3.975645316657561e-06,0.0026533980740613174,0.000219200239864388,0.014936952557754598,90.30892777442932,,,,,,,
i21k_b,rand6,0.75,4,depth,1000,768,33.24438095092773,,0.0061587109119463895,-7.95235346682105e-06,0.0024683892145278266,0.0061666632654132116,0.43117524274579416,88.47447514533997,,,,,,,
i21k_b,rand6,1.0,0,depth,1000,768,33.24438095092773,,-0.007410559624335815,-7.951887287019344e-06,0.0024683902731933785,-0.007402607737048797,-0.4717356358840821,96.21004867553712,,,,,,,
i21k_b,rand6,1.0,1,depth,1000,768,33.24438095092773,,-0.006432222342488775,-7.952266819864772e-06,0.002468389806468463,-0.0064242700756689105,-0.3900417041086908,100.40749883651732,,,,,,,
i21k_b,rand6,1.0,2,depth,1000,768,33.24438095092773,,-0.009701269674279143,-7.953255152871874e-06,0.0024683885305292644,-0.009693316419126272,-0.6285636825833287,99.84782814979552,,,,,,,
i21k_b,rand6,1.0,3,depth,1000,768,33.24438095092773,,-0.007026957879450986,-3.975455437212061e-06,0.002653397468418162,-0.0070229824240137725,-0.453442907051123,95.44188022613524,,,,,,,
i21k_b,rand6,1.0,4,depth,1000,768,33.24438095092773,,-0.0070186696785772,-3.975545974002625e-06,0.0026533950294998928,-0.007014694132603197,-0.4640369875950803,94.90598106384277,,,,,,,
i21k_b,rand6_t06,0.0,0,depth,1000,768,33.24438095092773,0.4119144976139069,-0.034356582207740335,-0.0245038146363298,0.005384864881823599,-0.009852767571410542,-0.8008125901248315,81.61655330657959,,,,,,,
i21k_b,rand6_t06,0.0,1,depth,1000,768,33.24437713623047,0.4040948152542114,-0.038487828192692704,-0.0245930282058554,0.0052964379355274725,-0.013894799986837306,-1.2598831442084741,83.04711604118347,,,,,,,
i21k_b,rand6_t06,0.5,0,depth,1000,768,33.24438095092773,0.4145470261573792,-0.09713640576880003,-0.02449075469253123,0.0053468397971206325,-0.0726456510762688,-8.139064460502404,84.49009394645691,,,,,,,
i21k_b,rand6_t06,0.5,1,depth,1000,768,33.24438095092773,0.4160860180854797,-0.09749584510486478,-0.024532121191340718,0.0053023007063004324,-0.07296372391352407,-7.164772759785856,79.225754737854,,,,,,,
i21k_b,rand6_t06,1.0,0,depth,1000,768,33.24438095092773,0.4327221512794495,-0.16474641382090527,-0.024503812797656104,0.005384867598858725,-0.14024260102324915,-11.360203338788713,76.84748673439027,,,,,,,
i21k_b,rand6_t06,1.0,1,depth,1000,768,33.24438095092773,0.4305160641670227,-0.16237733590091696,-0.02453212196297959,0.005302301870660378,-0.13784521393793736,-10.757575432852438,92.32336950302124,,,,,,,
i21k_b,real,real,0,depth,1000,768,33.24438095092773,,-0.0334709385291426,-7.948608354908793e-06,0.00246838760286602,-0.03346298992078769,-3.619781224237433,87.05084133148193,,,,,,,
i21k_b,tight06,real,0,depth,1000,768,33.24438095092773,0.5999999642372131,-0.05469871516324211,-0.02434127224945154,0.0051866214832718,-0.03035744291379057,-2.306622006891321,85.82863664627075,,,,,,,
i21k_b,wn6,0.0,0,depth,1000,768,33.24438095092773,,-0.0006831469397342582,-7.95224843412462e-06,0.0024683857624168905,-0.0006751946913001336,-0.05257812717906035,93.6378858089447,,,,,,,
i21k_b,wn6,0.25,0,depth,1000,768,33.24438095092773,,-0.0003728277121472223,-7.950630519584779e-06,0.00246838612554618,-0.0003648770816276375,-0.03110991425272188,92.23384165763856,,,,,,,
i21k_b,wn6,0.5,0,depth,1000,768,33.24437713623047,,-0.008227500332365481,-7.94960581223525e-06,0.0024683878567929715,-0.008219550726553245,-0.9266811838963928,92.3340175151825,,,,,,,
i21k_b,wn6,0.75,0,depth,1000,768,33.24438095092773,,-0.02604330705586505,-7.951858751964469e-06,0.002468389419712181,-0.026035355197113086,-1.7805300296078674,95.77339601516724,,,,,,,
i21k_b,wn6,1.0,0,depth,1000,768,33.24437713623047,,-0.03000950856869017,-7.950184335399347e-06,0.002468387298870593,-0.030001558384354768,-1.9492324649788693,93.67519116401672,,,,,,,
i21k_l,rand6,0.0,0,census,1000,1024,32.467044830322266,,,,,,,696.484858751297,0.0561901427049323,0.0005951760619827643,0.07890863709445248,0.004062692328058553,-0.022718494389520186,200.0,0.0049751243781094535
i21k_l,rand6,0.25,0,census,1000,1024,32.467041015625,,,,,,,745.4255957603455,0.05800020574843943,0.0006351098236673705,0.08048221067947745,0.003908380588606822,-0.022482004931038014,200.0,0.0049751243781094535
i21k_l,rand6,0.5,0,census,1000,1024,32.46704864501953,,,,,,,749.238157749176,0.05632681976646231,0.000497090665307756,0.07913769985283498,0.0040086691552325675,-0.022810880086372658,200.0,0.0049751243781094535
i21k_l,rand6,0.75,0,census,1000,1024,32.467044830322266,,,,,,,760.0801737308502,0.053093630519170376,0.000720848276744631,0.07859058264701993,0.004581151133533572,-0.02549695212784954,200.0,0.0049751243781094535
i21k_l,rand6,1.0,0,census,1000,1024,32.467044830322266,,,,,,,720.5579991340637,0.05481580608474287,0.0006747190256069619,0.08141756095120163,0.004718045940970938,-0.02660175486645875,200.0,0.0049751243781094535
i21k_l,rand6,0.0,0,depth,1000,1024,32.467044830322266,,-0.008050485237383874,-0.00047507038805214284,0.0033332156093035486,-0.00757541484933173,-0.834141216179667,107.36957120895386,,,,,,,
i21k_l,rand6,0.0,1,depth,1000,1024,32.467044830322266,,-0.0071340202459095345,-0.00047507058591833996,0.0033332106639059893,-0.006658949659991194,-0.7768015389019144,111.21432161331177,,,,,,,
i21k_l,rand6,0.0,2,depth,1000,1024,32.467041015625,,-0.002499765425587108,-0.0004750658293366586,0.003333211650753554,-0.0020246995962504497,-0.21275311229814586,112.852854013443,,,,,,,
i21k_l,rand6,0.0,3,depth,1000,1024,32.467044830322266,,-0.00835237271860391,-0.00047506998434115183,0.0033332118489973546,-0.007877302734262756,-0.916379969300654,108.93643188476562,,,,,,,
i21k_l,rand6,0.0,4,depth,1000,1024,32.467044830322266,,-0.005255199437678186,-0.0004750680103357996,0.0033332134225664486,-0.004780131427342388,-0.5345875595023898,108.73575162887572,,,,,,,
i21k_l,rand6,0.25,0,depth,1000,1024,32.467041015625,,-0.004282331448088969,-0.0004750705883885597,0.00333321456709427,-0.003807260859700409,-0.4169217283918693,101.8326666355133,,,,,,,
i21k_l,rand6,0.25,1,depth,1000,1024,32.467044830322266,,-0.007364186565590125,-0.0004750693012151045,0.0033332129787353683,-0.00688911726437502,-0.963723951713703,102.27572107315063,,,,,,,
i21k_l,rand6,0.25,2,depth,1000,1024,32.467041015625,,-0.0035703331784388845,-0.00047506504446182685,0.003333214141484645,-0.003095268133977057,-0.3052206368215393,103.84304165840149,,,,,,,
i21k_l,rand6,0.25,3,depth,1000,1024,32.467044830322266,,-0.005429419191717508,-0.0004750717229899281,0.0033332126597781604,-0.00495434746872758,-0.5142095841830825,103.13721823692322,,,,,,,
i21k_l,rand6,0.25,4,depth,1000,1024,32.467044830322266,,-0.004539526208872047,-0.00047507085726155164,0.00333321182590141,-0.004064455351610496,-0.469812627727424,103.00846076011658,,,,,,,
i21k_l,rand6,0.5,0,depth,1000,1024,32.46704864501953,,0.003399283065314007,-0.00047507019451726863,0.003333212361152908,0.003874353259831276,0.3363302999228311,102.41063022613524,,,,,,,
i21k_l,rand6,0.5,1,depth,1000,1024,32.467044830322266,,-0.00610195176523555,-0.000475071563565517,0.003333211855518784,-0.005626880201670033,-0.5146399784465532,102.56945705413818,,,,,,,
i21k_l,rand6,0.5,2,depth,1000,1024,32.467044830322266,,0.0013288815907319393,-0.0004750685096368418,0.003333211666436975,0.0018039501003687813,0.16234282679169787,101.96825098991394,,,,,,,
i21k_l,rand6,0.5,3,depth,1000,1024,32.46704864501953,,0.0009124708750554016,-0.0004750684884493248,0.0033332084197153127,0.0013875393635047267,0.13028418992667087,100.87448358535768,,,,,,,
i21k_l,rand6,0.5,4,depth,1000,1024,32.46704864501953,,-0.0014060969862672162,-0.0004750690555598192,0.003333212920001625,-0.0009310279307073966,-0.07862820459130912,101.89823842048644,,,,,,,
i21k_l,rand6,0.75,0,depth,1000,1024,32.467044830322266,,-0.019519308229085125,-0.00047507161637469356,0.0033332113946982073,-0.01904423661271043,-1.8771094757441087,101.13105702400208,,,,,,,
i21k_l,rand6,0.75,1,depth,1000,1024,32.46704864501953,,-0.01711402233926633,-0.00047507123758465803,0.0033332103028043364,-0.016638951101681673,-1.4848211909203743,103.53356075286864,,,,,,,
i21k_l,rand6,0.75,2,depth,1000,1024,32.467044830322266,,-0.017676437121614097,-0.00047506991354071833,0.0033332115790698108,-0.01720136720807338,-1.7590620055076078,108.48278975486755,,,,,,,
i21k_l,rand6,0.75,3,depth,1000,1024,32.467041015625,,-0.014183634585304972,-0.0004750695789125792,0.003333214725971887,-0.013708565006392393,-1.3339883415569755,122.56080961227416,,,,,,,
i21k_l,rand6,0.75,4,depth,1000,1024,32.467044830322266,,-0.015543961958510403,-0.0004750693697398722,0.003333215275875264,-0.015068892588770531,-1.445015558850043,110.91782331466676,,,,,,,
i21k_l,rand6,1.0,0,depth,1000,1024,32.467044830322266,,-0.02596061060020946,-0.0004750688662073621,0.0033332152531023746,-0.0254855417340021,-2.216835725056082,108.23981308937073,,,,,,,
i21k_l,rand6,1.0,1,depth,1000,1024,32.467044830322266,,-0.025101301760289227,-0.0004750698362646244,0.003333214413136004,-0.0246262319240246,-2.0764249695019164,106.69547820091248,,,,,,,
i21k_l,rand6,1.0,2,depth,1000,1024,32.467044830322266,,-0.02779672242040564,-0.0004750679435960373,0.0033332115170144924,-0.0273216544768096,-2.9475474359621683,106.56661200523376,,,,,,,
i21k_l,rand6,1.0,3,depth,1000,1024,32.46704864501953,,-0.029120098780782144,-0.00047507105027049657,0.0033332114226602987,-0.02864502773051165,-2.9311914894865483,105.96609258651732,,,,,,,
i21k_l,rand6,1.0,4,depth,1000,1024,32.467044830322266,,-0.02684503545465025,-0.0004750678240360407,0.0033332131174228018,-0.026369967630614208,-2.7610625364567887,109.30810189247131,,,,,,,
i21k_l,rand6_t06,0.0,0,depth,1000,1024,32.467041015625,0.4081808924674988,-0.03844304871249255,-0.02430780455500129,0.003807161734193632,-0.014135244157491253,-1.3048831951224524,97.5021653175354,,,,,,,
i21k_l,rand6_t06,0.0,1,depth,1000,1024,32.467041015625,0.40976643562316895,-0.045988014151232985,-0.02430781323772636,0.0038071618268905494,-0.02168020091350663,-1.9149544884305099,94.83335995674132,,,,,,,
i21k_l,rand6_t06,0.5,0,depth,1000,1024,32.467044830322266,0.4264651536941528,-0.10056849357663457,-0.024307812388095585,0.003807160455587881,-0.07626068118853897,-8.227883242797773,86.95176553726195,,,,,,,
i21k_l,rand6_t06,0.5,1,depth,1000,1024,32.467044830322266,0.4167171120643616,-0.10056056836455884,-0.024307819856287376,0.003807160917313682,-0.07625274850827146,-9.073904426809042,93.81075835227966,,,,,,,
i21k_l,rand6_t06,1.0,0,depth,1000,1024,32.467041015625,0.43390315771102905,-0.16791365018644133,-0.024307807859899683,0.003807161428404943,-0.14360584232654164,-13.465048445538578,98.08127951622008,,,,,,,
i21k_l,rand6_t06,1.0,1,depth,1000,1024,32.467041015625,0.4306548833847046,-0.16496577469470172,-0.024307809073360602,0.0038071633999821326,-0.1406579656213411,-11.037803085368461,101.62263059616087,,,,,,,
i21k_l,real,real,0,depth,1000,1024,32.467044830322266,,-0.033640434412626555,-0.0004750719555626697,0.003333213798253298,-0.033165362457063884,-4.040148732302261,109.43898701667786,,,,,,,
i21k_l,tight06,real,0,depth,1000,1024,32.467041015625,0.5999999642372131,-0.044176609427053336,-0.024307811007397324,0.003807159926301721,-0.01986879841965602,-1.9390566978971573,96.37479472160341,,,,,,,
i21k_l,wn6,0.0,0,depth,1000,1024,32.467044830322266,,-0.008050485237383874,-0.00047507038805214284,0.0033332156093035486,-0.00757541484933173,-0.834141216179667,104.60914134979248,,,,,,,
i21k_l,wn6,0.25,0,depth,1000,1024,32.467044830322266,,-0.004379920529147027,-0.0004750694936852956,0.0033332140721097467,-0.003904851035461732,-0.4355999044058199,110.2644910812378,,,,,,,
i21k_l,wn6,0.5,0,depth,1000,1024,32.467044830322266,,-0.006881882675966497,-0.0004750686297317993,0.003333212487792992,-0.006406814046234698,-0.6261319442911661,107.59811544418336,,,,,,,
i21k_l,wn6,0.75,0,depth,1000,1024,32.467044830322266,,-0.03436048037453962,-0.0004750693684234822,0.003333212226924073,-0.03388541100611614,-1.9975381206635685,110.33396506309508,,,,,,,
i21k_l,wn6,1.0,0,depth,1000,1024,32.46704864501953,,-0.042260666843311936,-0.00047507148771867147,0.003333209148950757,-0.04178559535559327,-2.3563826411680204,113.055278301239,,,,,,,
dinov1_b,rand6,0.0,0,census,1000,768,30.42951011657715,,,,,,,573.432510137558,0.05943547240317916,0.0005327758305716209,0.07994173979659587,0.003866915549264029,-0.02050626739341671,200.0,0.0049751243781094535
dinov1_b,rand6,0.25,0,census,1000,768,30.42951202392578,,,,,,,553.9941606521606,0.05909112730315042,0.0005499943884119666,0.08186526680937416,0.0037191413514354133,-0.02277413950622373,200.0,0.0049751243781094535
dinov1_b,rand6,0.5,0,census,1000,768,30.42950820922852,,,,,,,595.018084526062,0.05650721281495597,0.0005678842775413554,0.07829470342381024,0.004154209733504307,-0.021787490608854262,200.0,0.0049751243781094535
dinov1_b,rand6,0.75,0,census,1000,768,30.42950820922852,,,,,,,625.8199083805083,0.05828977946774268,0.0006767422661448337,0.07802510065759882,0.004518709954137631,-0.019735321189856145,200.0,0.0049751243781094535
dinov1_b,rand6,1.0,0,census,1000,768,30.42950820922852,,,,,,,611.0041239261627,0.0622699583428085,0.0006313761243412567,0.0802670758602058,0.004624542746075293,-0.017997117517397306,200.0,0.0049751243781094535
dinov1_b,rand6,0.0,0,depth,1000,768,30.42951011657715,,-0.003148882974442657,-0.00016967049043998956,0.0036925696481796585,-0.002979212484002668,-0.2476622846636469,94.14923477172852,,,,,,,
dinov1_b,rand6,0.0,1,depth,1000,768,30.42951011657715,,-0.0038509167805936273,-0.00016966993963255794,0.003692569615004587,-0.0036812468409610686,-0.3102614415606289,93.06960582733154,,,,,,,
dinov1_b,rand6,0.0,2,depth,1000,768,30.42951202392578,,-0.004648739530322854,-0.00016966907928449987,0.0036925696490736908,-0.004479070451038354,-0.4462482154525228,100.7213933467865,,,,,,,
dinov1_b,rand6,0.0,3,depth,1000,768,30.42951393127441,,-0.00881543345087997,-0.00016967004705480959,0.003692570544870328,-0.00864576340382516,-0.7318407427873489,93.7710235118866,,,,,,,
dinov1_b,rand6,0.0,4,depth,1000,768,30.42951393127441,,-0.00492715484256312,-0.00016966960639959311,0.0036925700050802718,-0.0047574852361635285,-0.4581921050891234,96.49460124969481,,,,,,,
dinov1_b,rand6,0.25,0,depth,1000,768,30.42951202392578,,-0.002429100419361313,-0.00016966947884934636,0.003692570005950715,-0.002259430940511967,-0.19377262550920601,93.07642459869385,,,,,,,
dinov1_b,rand6,0.25,1,depth,1000,768,30.42950820922852,,-0.0006878124432186383,-0.00016967010676916108,0.0036925688553978383,-0.0005181423364494772,-0.04273362549073062,91.75230932235719,,,,,,,
dinov1_b,rand6,0.25,2,depth,1000,768,30.42950820922852,,-0.004328062835991492,-0.00016967005186882268,0.0036925695073543865,-0.004158392784122669,-0.3417897620044237,88.52259087562561,,,,,,,
dinov1_b,rand6,0.25,3,depth,1000,768,30.42951202392578,,-0.0021739961291821213,-0.00016967012108767138,0.0036925708403736392,-0.002004326008094449,-0.15755801300740718,90.81203985214232,,,,,,,
dinov1_b,rand6,0.25,4,depth,1000,768,30.42951011657715,,-0.006528926448900893,-0.00016967160622105294,0.003692569561755971,-0.00635925484267984,-0.6483400768419942,91.1323835849762,,,,,,,
dinov1_b,rand6,0.5,0,depth,1000,768,30.42950820922852,,-0.0012944634852250366,-0.00016967012754227212,0.0036925693345610335,-0.0011247933576827645,-0.10017838002687188,91.53075385093688,,,,,,,
dinov1_b,rand6,0.5,1,depth,1000,768,30.42951011657715,,0.0016010484092986164,-0.00016967061214082232,0.003692569749706336,0.0017707190214394386,0.1447345547963816,90.3334732055664,,,,,,,
dinov1_b,rand6,0.5,2,depth,1000,768,30.42950820922852,,0.0036051023633291296,-0.00016967143424524155,0.003692569337958023,0.003774773797574371,0.29893531722665656,90.68406009674072,,,,,,,
dinov1_b,rand6,0.5,3,depth,1000,768,30.42951011657715,,-0.002273499657612907,-0.0001696705842973961,0.0036925685486575406,-0.0021038290733155105,-0.17897098341132192,90.36936807632445,,,,,,,
dinov1_b,rand6,0.5,4,depth,1000,768,30.42951011657715,,0.000880212643150094,-0.00016967023113427098,0.003692570582530422,0.001049882874284365,0.08079632746557854,90.54972624778748,,,,,,,
dinov1_b,rand6,0.75,0,depth,1000,768,30.42950820922852,,-0.008232109990520792,-0.00016966957105232354,0.003692567935961782,-0.008062440419468467,-0.9305070896226236,88.85384273529053,,,,,,,
dinov1_b,rand6,0.75,1,depth,1000,768,30.42950820922852,,-0.00362220827721424,-0.0001696708420868276,0.003692568677602304,-0.0034525374351274127,-0.2933014479842999,91.36143255233765,,,,,,,
dinov1_b,rand6,0.75,2,depth,1000,768,30.42950820922852,,-0.008307008270633244,-0.00016967054431146493,0.003692569025431258,-0.008137337726321778,-0.6720664082956742,88.71838307380676,,,,,,,
dinov1_b,rand6,0.75,3,depth,1000,768,30.42950820922852,,-0.004331572823874252,-0.00016967035492380933,0.003692569036737995,-0.004161902468950443,-0.4037776151708887,92.73690819740295,,,,,,,
dinov1_b,rand6,0.75,4,depth,1000,768,30.42951393127441,,-0.006946807131720661,-0.00016966982490222018,0.0036925699101555288,-0.0067771373068184395,-0.5694160503965511,90.52217507362366,,,,,,,
dinov1_b,rand6,1.0,0,depth,1000,768,30.42950820922852,,-0.010774336780113442,-0.00016966970160336574,0.003692568957386818,-0.010604667078510077,-0.8620418508817226,101.68701291084291,,,,,,,
dinov1_b,rand6,1.0,1,depth,1000,768,30.42951011657715,,-0.01804566225619913,-0.00016966963322806032,0.0036925701446894094,-0.017875992622971074,-1.6302342698314982,102.36265206336977,,,,,,,
dinov1_b,rand6,1.0,2,depth,1000,768,30.42951011657715,,-0.01732639584407181,-0.00016967038061941746,0.003692569585578836,-0.017156725463452392,-1.472764673431045,100.55120992660522,,,,,,,
dinov1_b,rand6,1.0,3,depth,1000,768,30.42951011657715,,-0.01548581130671289,-0.00016967049400429398,0.0036925703179431827,-0.0153161408127086,-1.3890817903634534,94.99013543128969,,,,,,,
dinov1_b,rand6,1.0,4,depth,1000,768,30.42951011657715,,-0.013603430440126437,-0.00016967043177839035,0.0036925696390312382,-0.013433760008348044,-1.3092072201500284,93.68277263641356,,,,,,,
dinov1_b,rand6_t06,0.0,0,depth,1000,768,30.42951011657715,0.3841595053672791,-0.03463441148364579,-0.016679619603132682,0.0042926164980584955,-0.017954791880513105,-1.6563543784736725,62.700968503952026,,,,,,,
dinov1_b,rand6_t06,0.0,1,depth,1000,768,30.42951011657715,0.3768666982650757,-0.03477807914185855,-0.016778469506744782,0.004239579184885872,-0.01799960963511377,-1.56804233410135,58.53063941001892,,,,,,,
dinov1_b,rand6_t06,0.5,0,depth,1000,768,30.429506301879886,0.38661468029022217,-0.09728239916701467,-0.016778462468888106,0.004239575978327013,-0.08050393669812657,-9.993565931403095,59.62932872772217,,,,,,,
dinov1_b,rand6_t06,0.5,1,depth,1000,768,30.42951011657715,0.388049989938736,-0.09689426402916257,-0.01667961803177801,0.00429261750559548,-0.08021464599738454,-8.877289488932037,58.26253771781922,,,,,,,
dinov1_b,rand6_t06,1.0,0,depth,1000,768,30.42950820922852,0.4035651683807373,-0.1585618190828011,-0.01677846502564546,0.0042395763406582465,-0.14178335405715564,-11.406700297184171,66.18925714492798,,,,,,,
dinov1_b,rand6_t06,1.0,1,depth,1000,768,30.42951011657715,0.4015076458454132,-0.15937307962668867,-0.016778469788555208,0.0042395767226943645,-0.14259460983813346,-11.335579836075196,86.04870891571045,,,,,,,
dinov1_b,real,real,0,depth,1000,768,30.42951011657715,,-0.00906988886920436,-0.00016967049073578905,0.0036925701918515217,-0.00890021837846857,-0.9404819250777352,94.10594415664671,,,,,,,
dinov1_b,tight06,real,0,depth,1000,768,30.42951011657715,0.6000000238418579,-0.05833290783695873,-0.016778468771644756,0.004239577536870858,-0.04155443906531396,-5.486754882472191,69.49922680854796,,,,,,,
dinov1_b,wn6,0.0,0,depth,1000,768,30.42951011657715,,-0.003148882974442657,-0.00016967049043998956,0.0036925696481796585,-0.002979212484002668,-0.2476622846636469,93.93587732315063,,,,,,,
dinov1_b,wn6,0.25,0,depth,1000,768,30.42950820922852,,-0.0030338894345388057,-0.0001696697803291708,0.003692567928477553,-0.002864219654209635,-0.26651000652147994,94.18661117553712,,,,,,,
dinov1_b,wn6,0.5,0,depth,1000,768,30.42950820922852,,-0.007636179687576572,-0.00016967035658815301,0.003692569277854396,-0.007466509330988419,-0.6994426364400347,90.5159990787506,,,,,,,
dinov1_b,wn6,0.75,0,depth,1000,768,30.42951011657715,,-0.021257845285221743,-0.00016966994561572332,0.003692569365624544,-0.021088175339606025,-1.4595356631906018,94.35605812072754,,,,,,,
dinov1_b,wn6,1.0,0,depth,1000,768,30.42951202392578,,-0.02220319585450993,-0.0001696685752391,0.0036925686612689977,-0.022033527279270836,-1.4526515315935702,95.13698506355286,,,,,,,
dinov2_s,rand6,0.0,0,census,1000,384,20.124319076538086,,,,,,,365.55254101753235,0.05860921854904401,0.0004203546550330375,0.0748897031301294,0.00334707400574459,-0.016280484581085386,200.0,0.0049751243781094535
dinov2_s,rand6,0.25,0,census,1000,384,20.12432098388672,,,,,,,367.018075466156,0.05748216542484149,0.0002139482758667702,0.07529458905475367,0.0034644193369939447,-0.01781242362991219,200.0,0.0049751243781094535
dinov2_s,rand6,0.5,0,census,1000,384,20.124319076538086,,,,,,,386.7859935760498,0.058085455677297615,0.0004282080710233683,0.07439461657714454,0.0035963209602629287,-0.016309160899846922,200.0,0.0049751243781094535
dinov2_s,rand6,0.75,0,census,1000,384,20.124319076538086,,,,,,,378.9066286087036,0.05907058117302081,0.00034575206515188503,0.07431620257956982,0.003961821021513807,-0.015245621406549004,200.0,0.0049751243781094535
dinov2_s,rand6,1.0,0,census,1000,384,20.124319076538086,,,,,,,368.6703610420227,0.06003190310116265,0.0003868618504108363,0.0750933619557973,0.004088689003101457,-0.015061458854634648,200.0,0.0049751243781094535
dinov2_s,rand6,0.0,0,depth,1000,384,20.124319076538086,,0.005458097547240873,0.0012096391221253805,0.004286646870271059,0.004248458425115492,0.4974613562268116,73.18970680236815,,,,,,,
dinov2_s,rand6,0.0,1,depth,1000,384,20.124319076538086,,0.0015444576344381955,0.0012096391997622805,0.004286645393288127,0.00033481843467591524,0.04181463195405158,71.09421467781067,,,,,,,
dinov2_s,rand6,0.0,2,depth,1000,384,20.124319076538086,,0.0023230972955425033,0.0012096401247768452,0.004286646778356649,0.0011134571707656581,0.1343008248616759,73.42078351974487,,,,,,,
dinov2_s,rand6,0.0,3,depth,1000,384,20.124319076538086,,0.0017181946384178248,0.0012096383356273762,0.004286646428044438,0.0005085563027904486,0.06275823941735557,74.81430149078369,,,,,,,
dinov2_s,rand6,0.0,4,depth,1000,384,20.124319076538086,,0.0034642770358947195,0.0012096395798794832,0.004286646580042335,0.0022546374560152363,0.2847349540115538,78.04335641860963,,,,,,,
dinov2_s,rand6,0.25,0,depth,1000,384,20.12432098388672,,0.002612364532793981,0.00120963893564969,0.004286645599276458,0.0014027255971442911,0.1637037559361512,74.13171577453612,,,,,,,
dinov2_s,rand6,0.25,1,depth,1000,384,20.124319076538086,,0.004312242907236419,0.0012096397022656345,0.004286645407240036,0.0031026032049707845,0.3908790616285192,76.0372791290283,,,,,,,
dinov2_s,rand6,0.25,2,depth,1000,384,20.124319076538086,,0.0013006260646082762,0.0012096394118032926,0.004286646050379161,9.098665280498361e-05,0.011122355707764096,74.39677786827087,,,,,,,
dinov2_s,rand6,0.25,3,depth,1000,384,20.12432098388672,,0.005561465102337336,0.0012096396788374374,0.004286645536700114,0.004351825423499897,0.5021000237817628,70.8450882434845,,,,,,,
dinov2_s,rand6,0.25,4,depth,1000,384,20.124319076538086,,0.002499909970636871,0.0012096392797231847,0.004286645985439729,0.0012902706909136866,0.1835733251178104,69.53780937194824,,,,,,,
dinov2_s,rand6,0.5,0,depth,1000,384,20.124319076538086,,0.007721473028345804,0.0012096385387211875,0.004286646853961829,0.006511834489624617,0.7448772353677072,69.71873521804811,,,,,,,
dinov2_s,rand6,0.5,1,depth,1000,384,20.12432098388672,,0.007123146419307626,0.0012096396728817113,0.004286644917954379,0.005913506746425916,0.7186050594589913,68.43699312210083,,,,,,,
dinov2_s,rand6,0.5,2,depth,1000,384,20.124317169189453,,0.003160158131078575,0.0012096394772220145,0.004286645921415533,0.0019505186538565605,0.21976076739641864,72.52523756027222,,,,,,,
dinov2_s,rand6,0.5,3,depth,1000,384,20.124319076538086,,0.005501354991822666,0.0012096395504247366,0.004286646153143473,0.004291715441397929,0.5360798858742231,69.16939449310303,,,,,,,
dinov2_s,rand6,0.5,4,depth,1000,384,20.124317169189453,,0.008093509736216142,0.0012096379548876142,0.004286647286775409,0.0068838717813285285,0.9560074017723228,69.32862162590028,,,,,,,
dinov2_s,rand6,0.75,0,depth,1000,384,20.124319076538086,,-0.009132025447817466,0.0012096387349806725,0.004286645707655905,-0.010341664182798138,-1.0451517436439286,69.78735995292665,,,,,,,
dinov2_s,rand6,0.75,1,depth,1000,384,20.124319076538086,,-0.010288611851794027,0.0012096396937315455,0.004286646260880916,-0.011498251545525574,-1.3165367711376768,70.06809449195862,,,,,,,
dinov2_s,rand6,0.75,2,depth,1000,384,20.124319076538086,,-0.0093573963368285,0.0012096390090293465,0.0042866460780152296,-0.010567035345857843,-1.2098817920455671,70.63116502761841,,,,,,,
dinov2_s,rand6,0.75,3,depth,1000,384,20.124319076538086,,-0.00920639546217132,0.0012096384503651428,0.004286646177084732,-0.010416033912536465,-1.1026915686549752,69.99970984458922,,,,,,,
dinov2_s,rand6,0.75,4,depth,1000,384,20.124319076538086,,-0.005915505475972305,0.0012096384938129036,0.0042866461730520986,-0.0071251439697852074,-0.8177223085780345,69.59810853004457,,,,,,,
dinov2_s,rand6,1.0,0,depth,1000,384,20.124319076538086,,-0.017206192510547873,0.0012096386825895186,0.004286645310080207,-0.0184158311931374,-1.5723647339806563,69.61560702323915,,,,,,,
dinov2_s,rand6,1.0,1,depth,1000,384,20.124319076538086,,-0.014543826774883832,0.0012096395475184873,0.0042866463315867145,-0.015753466322402317,-1.4951377906075505,69.84566307067871,,,,,,,
dinov2_s,rand6,1.0,2,depth,1000,384,20.124319076538086,,-0.013415345634245276,0.0012096393808297885,0.004286646633006262,-0.014624985015075063,-1.3009220642045622,70.07687449455261,,,,,,,
dinov2_s,rand6,1.0,3,depth,1000,384,20.124319076538086,,-0.01510231237574361,0.0012096393979121561,0.004286647570132021,-0.016311951773655766,-1.4693139510264943,68.98859429359436,,,,,,,
dinov2_s,rand6,1.0,4,depth,1000,384,20.124319076538086,,-0.014682116914558284,0.0012096390737368207,0.004286646491614554,-0.015891755988295106,-1.293367173051351,71.11683225631714,,,,,,,
dinov2_s,rand6_t06,0.0,0,depth,1000,384,20.124319076538086,0.3146628439426422,-0.0262512098627664,-0.024111889016067617,0.004374905530064876,-0.0021393208466987806,-0.19479702681681246,66.45056962966919,,,,,,,
dinov2_s,rand6_t06,0.0,1,depth,1000,384,20.124319076538086,0.3089427649974823,-0.02626298879369246,-0.02411188786636929,0.0043749055362932955,-0.0021511009273231657,-0.19062147536140364,66.3251850605011,,,,,,,
dinov2_s,rand6_t06,0.5,0,depth,1000,384,20.124319076538086,0.31712213158607483,-0.08106675238191248,-0.02411188611793851,0.0043749055333423045,-0.05695486626397396,-6.016131138854973,64.24826884269714,,,,,,,
dinov2_s,rand6_t06,0.5,1,depth,1000,384,20.12432289123535,0.3127864003181457,-0.08945465591010751,-0.024111892385465617,0.004374907610034269,-0.06534276352464187,-7.194939351150286,66.6746964454651,,,,,,,
dinov2_s,rand6_t06,1.0,0,depth,1000,384,20.124317169189453,0.3271265923976898,-0.17054850811411632,-0.024111885385265677,0.0043749081067801935,-0.14643662272885066,-11.797721142955554,59.15894746780396,,,,,,,
dinov2_s,rand6_t06,1.0,1,depth,1000,384,20.124319076538086,0.3131131231784821,-0.17432207009076092,-0.024111886707315712,0.004374906163209498,-0.15021018338344522,-12.032905062949725,59.46930694580078,,,,,,,
dinov2_s,real,real,0,depth,1000,384,20.124319076538086,,0.008942481107964959,0.001209639009569112,0.004286646317407699,0.0077328420983958455,0.6622476122330512,70.05871319770813,,,,,,,
dinov2_s,tight06,real,0,depth,1000,384,20.124319076538086,0.5999999642372131,-0.08441725379909211,-0.024026358554744918,0.004308019990985011,-0.06039089524434719,-7.5587533882731615,66.26047348976135,,,,,,,
dinov2_s,wn6,0.0,0,depth,1000,384,20.124319076538086,,0.005458097547240873,0.0012096391221253805,0.004286646870271059,0.004248458425115492,0.4974613562268116,70.20088076591493,,,,,,,
dinov2_s,wn6,0.25,0,depth,1000,384,20.12432098388672,,0.003126707705241011,0.0012096399081353015,0.0042866459184910345,0.0019170677971057093,0.2393952034744232,75.92230844497679,,,,,,,
dinov2_s,wn6,0.5,0,depth,1000,384,20.12432098388672,,0.003513984006869461,0.001209639451774966,0.004286645313215981,0.0023043445550944954,0.2306214345848956,81.00414514541627,,,,,,,
dinov2_s,wn6,0.75,0,depth,1000,384,20.12432098388672,,-0.012685063188439122,0.0012096396543931436,0.00428664505722315,-0.013894702842832266,-0.9618317191453972,79.18105792999269,,,,,,,
dinov2_s,wn6,1.0,0,depth,1000,384,20.124319076538086,,-0.018546597689790098,0.0012096388615709596,0.004286647009601468,-0.019756236551361057,-1.4549835444846773,74.69672846794128,,,,,,,
dinov2_b,rand6,0.0,0,census,1000,768,18.712230682373047,1.7034717798233032,,,,,,520.3023951053618,0.040645617242715835,0.00034085831798326947,0.066524134285826,0.002739660399834664,-0.025878517043110158,200.0,0.0049751243781094535
dinov2_b,rand6,0.25,0,census,1000,768,18.71222686767578,1.694549322128296,,,,,,480.40261602401733,0.04111698437073398,0.00041474707513998606,0.06805377840633194,0.002641430721190991,-0.026936794035597955,200.0,0.0049751243781094535
dinov2_b,rand6,0.5,0,census,1000,768,18.71222686767578,1.714358925819397,,,,,,530.6837368011476,0.04200290236977208,0.00023266327438572755,0.06602226517044504,0.0030038147036815623,-0.02401936280067296,200.0,0.0049751243781094535
dinov2_b,rand6,0.75,0,census,1000,768,18.71222686767578,1.749092936515808,,,,,,507.19782090187067,0.041488773750736896,0.00040779889608092643,0.06714661543728154,0.0033640710305517705,-0.02565784168654464,200.0,0.0049751243781094535
dinov2_b,rand6,1.0,0,census,1000,768,18.712228775024414,1.7895218133926392,,,,,,542.9960122108461,0.04128954435162534,0.0003759681714573024,0.06872677725517434,0.0034440688745491607,-0.027437232903549,200.0,0.0049751243781094535
dinov2_b,rand6,0.0,0,depth,1000,768,18.712230682373047,1.7034717798233032,0.0015445283684923784,0.0019217246351933208,0.005757513129956798,-0.00037719626670094236,-0.046648031037741566,94.9902400970459,,,,,,,
dinov2_b,rand6,0.0,1,depth,1000,768,18.712228775024414,1.6711333990097046,0.00039326444778690905,0.0019217231579746086,0.005757511503848342,-0.0015284587101876991,-0.16104356039496215,92.89541435241699,,,,,,,
dinov2_b,rand6,0.0,2,depth,1000,768,18.712228775024414,1.7052583694458008,0.0004510685527012587,0.0019217242389737547,0.0057575127950077075,-0.0014706556862724956,-0.16675443189512612,94.97892713546752,,,,,,,
dinov2_b,rand6,0.0,3,depth,1000,768,18.712228775024414,1.6983619928359983,-0.00355055603385146,0.0019217243985367527,0.005757512649846706,-0.005472280432388213,-0.6266686342247155,97.49350357055664,,,,,,,
dinov2_b,rand6,0.0,4,depth,1000,768,18.712228775024414,1.6898822784423828,0.0007157348460679057,0.0019217247640701152,0.005757513042151096,-0.0012059899180022096,-0.13564152019024836,97.115877866745,,,,,,,
dinov2_b,rand6,0.25,0,depth,1000,768,18.71222686767578,1.694549322128296,-0.0021750593441787203,0.001921723684273774,0.005757513082594254,-0.0040967830284524935,-0.4146348142079211,104.32573628425598,,,,,,,
dinov2_b,rand6,0.25,1,depth,1000,768,18.712228775024414,1.7179735898971558,-0.004091037869158961,0.0019217240105221605,0.005757513501295219,-0.0060127618796811215,-0.5831957745261096,101.48964285850523,,,,,,,
dinov2_b,rand6,0.25,2,depth,1000,768,18.712230682373047,1.681278109550476,0.0014025733661708756,0.0019217247945007509,0.0057575140993635435,-0.0005191514283298753,-0.05925137092535621,105.12743496894836,,,,,,,
dinov2_b,rand6,0.25,3,depth,1000,768,18.712230682373047,1.699160099029541,-0.000678595837687479,0.0019217240685866774,0.005757512750900042,-0.002600319906274157,-0.2945906879022504,114.54206848144531,,,,,,,
dinov2_b,rand6,0.25,4,depth,1000,768,18.712228775024414,1.6776801347732544,0.00016073154767104467,0.0019217239434147395,0.005757511958033114,-0.0017609923957436948,-0.19540239180743926,114.68982338905334,,,,,,,
dinov2_b,rand6,0.5,0,depth,1000,768,18.71222686767578,1.714358925819397,0.01022431879413284,0.001921724101006407,0.005757512394416181,0.008302594693126431,0.7915134472378369,110.35152792930604,,,,,,,
dinov2_b,rand6,0.5,1,depth,1000,768,18.712228775024414,1.7207233905792236,0.006892023794999354,0.0019217240677275485,0.0057575122514666325,0.004970299727271807,0.4945696082302438,110.9321835041046,,,,,,,
dinov2_b,rand6,0.5,2,depth,1000,768,18.712228775024414,1.744418382644653,0.006152759869136826,0.001921724447214218,0.0057575124058403685,0.004231035421922607,0.3965693460708747,112.63490891456604,,,,,,,
dinov2_b,rand6,0.5,3,depth,1000,768,18.712228775024414,1.72194242477417,0.007741278534190112,0.001921724151187429,0.0057575126379657395,0.005819554383002685,0.5579561256972838,110.43580627441406,,,,,,,
dinov2_b,rand6,0.5,4,depth,1000,768,18.712228775024414,1.7080529928207395,0.010987560074490269,0.0019217238836468074,0.005757513802337638,0.009065836190843463,0.8340619139016129,105.36363244056702,,,,,,,
dinov2_b,rand6,0.75,0,depth,1000,768,18.71222686767578,1.749092936515808,0.0039939914744160365,0.0019217238032774489,0.005757513730964336,0.0020722676711385874,0.2195281040618388,105.35010957717896,,,,,,,
dinov2_b,rand6,0.75,1,depth,1000,768,18.712230682373047,1.7700989246368408,0.005080340001839406,0.001921723679508941,0.005757512988183723,0.0031586163223304648,0.30035949453015354,103.19976329803468,,,,,,,
dinov2_b,rand6,0.75,2,depth,1000,768,18.712228775024414,1.7812354564666748,0.005541368491922939,0.0019217243364245198,0.005757513800210469,0.003619644155498418,0.3478735823718605,104.75715732574464,,,,,,,
dinov2_b,rand6,0.75,3,depth,1000,768,18.712228775024414,1.7656279802322388,0.0016636804866919652,0.0019217238189702945,0.0057575124296110345,-0.0002580433322783293,-0.028486069384267718,110.76766586303712,,,,,,,
dinov2_b,rand6,0.75,4,depth,1000,768,18.712228775024414,1.7958288192749023,0.0015175268413774867,0.0019217235717149087,0.005757513510361021,-0.00040419673033742216,-0.04404996983813708,112.13081479072572,,,,,,,
dinov2_b,rand6,1.0,0,depth,1000,768,18.712228775024414,1.7895218133926392,-0.004570695699589318,0.0019217243082706825,0.005757513181461414,-0.00649242000786,-0.7308990549384089,105.62469100952148,,,,,,,
dinov2_b,rand6,1.0,1,depth,1000,768,18.712228775024414,1.7803986072540283,0.0004319721804987437,0.0019217239586325013,0.00575751382957936,-0.0014897517781337574,-0.1584046034762569,107.28363919258119,,,,,,,
dinov2_b,rand6,1.0,2,depth,1000,768,18.712228775024414,1.7793760299682615,0.001053674345136743,0.0019217241161435922,0.005757513620458432,-0.0008680497710068485,-0.09003326943971159,103.9343945980072,,,,,,,
dinov2_b,rand6,1.0,3,depth,1000,768,18.712228775024414,1.7606273889541626,-0.0031858438543969077,0.0019217228699595246,0.005757512696347993,-0.0051075667243564325,-0.5073146905167487,103.19260668754578,,,,,,,
dinov2_b,rand6,1.0,4,depth,1000,768,18.712228775024414,1.7877696752548218,-0.0021682424439125178,0.0019217245930668856,0.005757513122963739,-0.004089967036979404,-0.3802697551848862,102.89033436775208,,,,,,,
dinov2_b,rand6_t06,0.0,0,depth,1000,768,18.712230682373047,0.2756263315677643,-0.04279077747181098,-0.04325568615638136,0.003786836418621229,0.00046490868457037265,0.04062639282753102,66.03768515586853,,,,,,,
dinov2_b,rand6_t06,0.0,1,depth,1000,768,18.712228775024414,0.27039387822151184,-0.04403315767900259,-0.04325568518628064,0.0037868349612548776,-0.0007774724927219477,-0.06879416276025686,75.60036110877991,,,,,,,
dinov2_b,rand6_t06,0.5,0,depth,1000,768,18.71222686767578,0.2773878872394562,-0.10432837575118677,-0.04325568441401896,0.003786835982650433,-0.06107269133716781,-8.509824207177598,71.8828639984131,,,,,,,
dinov2_b,rand6_t06,0.5,1,depth,1000,768,18.712228775024414,0.2784176468849182,-0.10647133349259473,-0.04325568402382971,0.0037868354533506813,-0.06321564946876501,-8.399891099750926,88.09365057945251,,,,,,,
dinov2_b,rand6_t06,1.0,0,depth,1000,768,18.712228775024414,0.2895494699478149,-0.1827015013077228,-0.04325568405805437,0.0037868357404708735,-0.13944581724966842,-11.86031549984916,92.01475763320923,,,,,,,
dinov2_b,rand6_t06,1.0,1,depth,1000,768,18.712228775024414,0.2880733013153076,-0.16884527269228872,-0.04325568399150829,0.003786834215014376,-0.12558958870078046,-10.095106068757763,89.76812386512756,,,,,,,
dinov2_b,real,real,0,depth,1000,768,18.712228775024414,3.70822024345398,-0.01372957148430555,0.0019217242683450687,0.0057575131832573855,-0.015651295752650618,-1.1904942991902543,98.07862162590028,,,,,,,
dinov2_b,tight06,real,0,depth,1000,768,18.712228775024414,0.6000000238418579,-0.10505333504077254,-0.04333029690237121,0.003766252180493173,-0.061723038138401326,-7.304438854838693,76.36215615272522,,,,,,,
dinov2_b,wn6,0.0,0,depth,1000,768,18.712230682373047,1.7034717798233032,0.0015445283684923784,0.0019217246351933208,0.005757513129956798,-0.00037719626670094236,-0.046648031037741566,107.44070315361023,,,,,,,
dinov2_b,wn6,0.25,0,depth,1000,768,18.712228775024414,1.697222113609314,-0.0037000570155041454,0.0019217240146274601,0.005757513356696709,-0.0056217810301316075,-0.5563366548931435,104.68342804908752,,,,,,,
dinov2_b,wn6,0.5,0,depth,1000,768,18.712228775024414,1.762626886367798,-0.006764112721198465,0.0019217238618180266,0.005757513011859238,-0.008685836583016492,-0.8313683288893973,110.52330470085144,,,,,,,
dinov2_b,wn6,0.75,0,depth,1000,768,18.712228775024414,1.7909833192825315,-0.01239306686400138,0.0019217246079866594,0.005757513392403901,-0.014314791471988038,-0.9476478283145902,106.62800478935242,,,,,,,
dinov2_b,wn6,1.0,0,depth,1000,768,18.712228775024414,1.779125452041626,-0.010466834495308427,0.0019217246693558235,0.0057575129963932424,-0.012388559164664251,-0.783919021071835,105.1824197769165,,,,,,,
dinov2_l,rand6,0.0,0,census,1000,1024,17.967090606689453,1.720115065574646,,,,,,544.9883878231049,0.035308728615432036,0.0002652100185341151,0.06387848322965396,0.0027092138270063512,-0.028569754614221926,200.0,0.0049751243781094535
dinov2_l,rand6,0.25,0,census,1000,1024,17.967090606689453,1.7366915941238403,,,,,,701.5153081417084,0.03510495231257753,0.00023343353803170243,0.06455537693223691,0.002557249771693839,-0.029450424619659375,200.0,0.0049751243781094535
dinov2_l,rand6,0.5,0,census,1000,1024,17.967090606689453,1.79716694355011,,,,,,720.7542221546173,0.036487953910659086,0.0001787526249774401,0.06347781862199718,0.002621288300672095,-0.02698986471133809,200.0,0.0049751243781094535
dinov2_l,rand6,0.75,0,census,1000,1024,17.967090606689453,1.7995259761810305,,,,,,719.3727560043335,0.03513577455255218,0.00019018204688454497,0.06545342294438078,0.0031764899166022474,-0.030317648391828583,200.0,0.0049751243781094535
dinov2_l,rand6,1.0,0,census,1000,1024,17.967090606689453,1.8285114765167243,,,,,,723.9179000854492,0.0351406767872644,8.699823975993155e-05,0.06744248991169548,0.003276018659375721,-0.032301813124431075,200.0,0.0049751243781094535
dinov2_l,rand6,0.0,0,depth,1000,1024,17.967090606689453,1.720115065574646,0.0011978276039696506,0.00028110348922952136,0.0050072261267412104,0.0009167241147401293,0.10805792243067727,120.63625979423523,,,,,,,
dinov2_l,rand6,0.0,1,depth,1000,1024,17.967090606689453,1.7267966270446775,0.0007681144415474518,0.00030116167088980463,0.005032419207461789,0.00046695277065764704,0.05267807216613067,119.69643378257751,,,,,,,
dinov2_l,rand6,0.0,2,depth,1000,1024,17.967090606689453,1.736767292022705,0.0030292299061416283,0.000301160962659297,0.005032419191293016,0.0027280689434823315,0.3217837420960028,125.31586146354677,,,,,,,
dinov2_l,rand6,0.0,3,depth,1000,1024,17.967090606689453,1.73231041431427,0.0005217220652831145,0.00030116136439713447,0.005032418815636357,0.00022056070088598,0.02522876998753936,129.88006711006165,,,,,,,
dinov2_l,rand6,0.0,4,depth,1000,1024,17.967090606689453,1.7214192152023315,0.0016509844536940488,0.00030116097578327674,0.0050324181566583715,0.0013498234779107721,0.1547821379425204,127.29714155197144,,,,,,,
dinov2_l,rand6,0.25,0,depth,1000,1024,17.967090606689453,1.7366915941238403,0.0003905756984141223,0.0002811041208166734,0.005007225403271585,0.00010947157759744892,0.01256553263582097,125.903067111969,,,,,,,
dinov2_l,rand6,0.25,1,depth,1000,1024,17.967090606689453,1.7468554973602295,0.0007041548707037297,0.0003011613043199482,0.00503241903955746,0.0004029935663837817,0.046737494496476635,126.40900254249573,,,,,,,
dinov2_l,rand6,0.25,2,depth,1000,1024,17.967090606689453,1.7640115022659302,0.003090223114374971,0.0002811037269257576,0.005007225957689417,0.002809119387449213,0.31884965654680225,127.06380915641785,,,,,,,
dinov2_l,rand6,0.25,3,depth,1000,1024,17.967090606689453,1.7384341955184937,0.0007954735400404339,0.00030116181721777385,0.005032418159554689,0.0004943117228226601,0.0569685789314108,116.70409941673279,,,,,,,
dinov2_l,rand6,0.25,4,depth,1000,1024,17.967090606689453,1.7482571601867676,0.001609917213262438,0.00028110289984235176,0.005007226083341781,0.0013288143134200859,0.14990721222019232,120.53452777862549,,,,,,,
dinov2_l,rand6,0.5,0,depth,1000,1024,17.967090606689453,1.79716694355011,0.008369069422790906,0.0002811041733416647,0.005007226105053796,0.008087965249449242,0.6248930012443141,123.08652520179749,,,,,,,
dinov2_l,rand6,0.5,1,depth,1000,1024,17.967090606689453,1.7560878992080688,0.009641528191426591,0.00028110361091426145,0.0050072273163515755,0.009360424580512332,0.7745216504944114,127.26619720458984,,,,,,,
dinov2_l,rand6,0.5,2,depth,1000,1024,17.967090606689453,1.78544282913208,0.006004162647045383,0.0002811043436440744,0.005007226560830915,0.00572305830340131,0.4633777618868229,128.39736795425415,,,,,,,
dinov2_l,rand6,0.5,3,depth,1000,1024,17.967090606689453,1.7873107194900513,0.009754814459467435,0.0002811043468987141,0.0050072262549685715,0.009473710112568723,0.774283365788584,124.51354146003723,,,,,,,
dinov2_l,rand6,0.5,4,depth,1000,1024,17.967090606689453,1.777344822883606,0.008784770013906387,0.0002811045284673311,0.005007227165621961,0.008503665485439056,0.6698696742855259,120.38717937469481,,,,,,,
dinov2_l,rand6,0.75,0,depth,1000,1024,17.967090606689453,1.7995259761810305,0.000622893863480245,0.00028110414489325165,0.0050072281604554725,0.0003417897185869933,0.04050470716636366,120.5305278301239,,,,,,,
dinov2_l,rand6,0.75,1,depth,1000,1024,17.96708869934082,1.8177740573883057,0.0010872728902013434,0.00028110289578189146,0.005007226133846588,0.000806169994419452,0.09124804974641844,121.97375607490541,,,,,,,
dinov2_l,rand6,0.75,2,depth,1000,1024,17.967090606689453,1.7957512140274048,0.0016064856315520376,0.00028110402621929904,0.0050072257735425145,0.0013253816053327384,0.14987268156039674,125.52998971939087,,,,,,,
dinov2_l,rand6,0.75,3,depth,1000,1024,17.967092514038086,1.81434166431427,-0.0014107991923821006,0.0003011623127425632,0.005032418022601958,-0.0017119615051246636,-0.22408476261253607,122.03371620178223,,,,,,,
dinov2_l,rand6,0.75,4,depth,1000,1024,17.967090606689453,1.8078632354736328,0.00016548716776303152,0.00028110375834001784,0.005007226000281639,-0.00011561659057698628,-0.012913279943895895,123.57828378677368,,,,,,,
dinov2_l,rand6,1.0,0,depth,1000,1024,17.967090606689453,1.8285114765167243,-0.006147445310743446,0.0003011613216573533,0.005032418515251141,-0.006448606632400799,-0.7285787095848472,118.28722381591795,,,,,,,
dinov2_l,rand6,1.0,1,depth,1000,1024,17.967090606689453,1.814822793006897,-0.008050584187933585,0.00030116099692098367,0.005032418236939167,-0.008351745184854568,-0.9378251237535424,113.07510709762572,,,,,,,
dinov2_l,rand6,1.0,2,depth,1000,1024,17.967090606689453,1.823891043663025,-0.006474478499791394,0.00028110384958569405,0.005007226045669744,-0.006755582349377089,-0.8203959713113097,103.87727689743042,,,,,,,
dinov2_l,rand6,1.0,3,depth,1000,1024,17.967092514038086,1.8154828548431399,-0.005483240515466406,0.0003011608206269209,0.005032418415325629,-0.005784401336093327,-0.6714506248056679,104.97019934654236,,,,,,,
dinov2_l,rand6,1.0,4,depth,1000,1024,17.967090606689453,1.822029709815979,-0.007032047744821982,0.00028110423241215485,0.005007226393811932,-0.007313151977234136,-0.8566701438484743,103.66890406608582,,,,,,,
dinov2_l,rand6_t06,0.0,0,depth,1000,1024,17.967090606689453,0.2661983668804169,-0.04452600869949752,-0.04900395158784705,0.004010080070504033,0.004477942888349532,0.3810913532972489,81.7261312007904,,,,,,,
dinov2_l,rand6_t06,0.0,1,depth,1000,1024,17.967090606689453,0.26723238825798035,-0.04871542120951143,-0.04908916935717773,0.0040569284889634,0.0003737481476663029,0.0321993617162153,88.67337656021118,,,,,,,
dinov2_l,rand6_t06,0.5,0,depth,1000,1024,17.967090606689453,0.2781226634979248,-0.10783928193504784,-0.04902710972428126,0.004010496813357003,-0.0588121722107666,-8.21918189037201,101.7189872264862,,,,,,,
dinov2_l,rand6_t06,0.5,1,depth,1000,1024,17.967090606689453,0.271765410900116,-0.10437265011500264,-0.04906431401616361,0.004053956625399075,-0.05530833609883904,-6.579161562916073,101.4408962726593,,,,,,,
dinov2_l,rand6_t06,1.0,0,depth,1000,1024,17.967090606689453,0.28297340869903564,-0.1873113827659793,-0.04902711016006235,0.004010495875428892,-0.13828427260591694,-11.410597557245572,74.31664705276489,,,,,,,
dinov2_l,rand6_t06,1.0,1,depth,1000,1024,17.967090606689453,0.2808550298213959,-0.18355599202424544,-0.049089170359643865,0.004056927424614732,-0.13446682166460158,-10.432852556507301,71.35069942474365,,,,,,,
dinov2_l,real,real,0,depth,1000,1024,17.967090606689453,3.877066850662232,-0.02741691707740936,0.0003011612908869504,0.005032419098367549,-0.02771807836829631,-2.3878543686819467,117.92520570755005,,,,,,,
dinov2_l,tight06,real,0,depth,1000,1024,17.967090606689453,0.6000000238418579,-0.11035033811696572,-0.04901158009544823,0.004099838554717052,-0.06133875802151751,-6.129207301787607,106.55490589141846,,,,,,,
dinov2_l,wn6,0.0,0,depth,1000,1024,17.967090606689453,1.720115065574646,0.0011978276039696506,0.00028110348922952136,0.0050072261267412104,0.0009167241147401293,0.10805792243067727,103.65430641174316,,,,,,,
dinov2_l,wn6,0.25,0,depth,1000,1024,17.967090606689453,1.7404839992523191,0.001272624575889253,0.0003011604079136101,0.005032418910993511,0.0009714641679756427,0.09938789471055556,104.4636549949646,,,,,,,
dinov2_l,wn6,0.5,0,depth,1000,1024,17.967090606689453,1.7850781679153442,-0.0006011541597785025,0.00030116115305122565,0.005032418330369516,-0.0009023153128297284,-0.08046932020590394,105.21131205558777,,,,,,,
dinov2_l,wn6,0.75,0,depth,1000,1024,17.967092514038086,1.8525160551071167,-0.009333303398635516,0.00030116225871580784,0.005032417349911619,-0.009634465657351323,-0.7694830281848852,104.2094988822937,,,,,,,
dinov2_l,wn6,1.0,0,depth,1000,1024,17.967090606689453,1.8643238544464111,-0.016177199038519042,0.00030116119510327635,0.005032419594027522,-0.016478360233622313,-1.0836898371309238,105.09484887123108,,,,,,,
dinov2_g,rand6,0.0,0,census,1000,1536,23.69311332702637,1.7440736293792725,,,,,,944.2398743629456,0.03524975264043352,0.0004544701932423993,0.06328250371136566,0.002518174684500992,-0.02803275107093215,200.0,0.0049751243781094535
dinov2_g,rand6,0.25,0,census,1000,1536,23.69311141967773,1.7588857412338257,,,,,,975.4803938865663,0.03571325336127708,0.00035057216553417887,0.0634499751618383,0.0023938677683861074,-0.02773672180056122,200.0,0.0049751243781094535
dinov2_g,rand6,0.5,0,census,1000,1536,23.69311332702637,1.770378351211548,,,,,,956.1386911869048,0.03693091104939712,0.0003424084616805664,0.06293263408067239,0.002704299620882471,-0.02600172303127526,200.0,0.0049751243781094535
dinov2_g,rand6,0.75,0,census,1000,1536,23.693117141723643,1.8032876253128047,,,,,,862.0194501876831,0.03588452132151649,0.0003827524869835007,0.06575486416927405,0.003150866923520716,-0.029870342847757563,200.0,0.0049751243781094535
dinov2_g,rand6,1.0,0,census,1000,1536,23.69311332702637,1.8393536806106567,,,,,,953.3427536487579,0.03660154344840811,0.00032678076638197664,0.06668855462333076,0.003209872962196786,-0.03008701117492265,200.0,0.0049751243781094535
dinov2_g,rand6,0.0,0,depth,1000,1536,23.69311332702637,1.7440736293792725,-0.0024795659598882275,0.0006725362329042763,0.006259054069754416,-0.0031521021927925037,-0.2101872270139437,152.6669645309448,,,,,,,
dinov2_g,rand6,0.0,1,depth,1000,1536,23.69311141967773,1.7427239418029783,-0.0057181892306867035,0.0006563792201791541,0.006268304224532015,-0.006374568450865857,-0.3965806247637134,157.8066577911377,,,,,,,
dinov2_g,rand6,0.0,2,depth,1000,1536,23.69311141967773,1.7447599172592163,-0.002359440702195361,0.000681724814900074,0.0062513687776404895,-0.003041165517095436,-0.17864371111791555,162.72339105606082,,,,,,,
dinov2_g,rand6,0.0,3,depth,1000,1536,23.69311332702637,1.7456434965133667,-0.00435387271039453,0.0006855022906503332,0.006249255014294381,-0.005039375001044863,-0.3100348497695831,158.99968338012698,,,,,,,
dinov2_g,rand6,0.0,4,depth,1000,1536,23.69311332702637,1.7531929016113281,-0.0017547664334247315,0.000676312385205491,0.006256951397996582,-0.002431078818630223,-0.16344466983275724,162.00327777862552,,,,,,,
dinov2_g,rand6,0.25,0,depth,1000,1536,23.69311141967773,1.7588857412338257,-0.0014217323886830252,0.0006725353665795754,0.006259054272713282,-0.0020942677552626006,-0.12589353462302053,155.1609308719635,,,,,,,
dinov2_g,rand6,0.25,1,depth,1000,1536,23.69311332702637,1.7533227205276491,-0.0014025907532766724,0.0006855020419330463,0.006249256209902296,-0.0020880927952097185,-0.12769915125571318,153.12987732887268,,,,,,,
dinov2_g,rand6,0.25,2,depth,1000,1536,23.69311141967773,1.7570067644119265,-0.00023159030470794317,0.0006725355895310437,0.006259054495291563,-0.0009041258942389873,-0.05882594855044115,148.87571740150455,,,,,,,
dinov2_g,rand6,0.25,3,depth,1000,1536,23.69311332702637,1.760638952255249,0.0011188506278764498,0.0006725363585938919,0.006259054720186309,0.0004463142692825578,0.026619661374197173,159.6293818950653,,,,,,,
dinov2_g,rand6,0.25,4,depth,1000,1536,23.69311332702637,1.7481379508972168,0.0003837010325208612,0.0006817250732113992,0.006251368022293345,-0.000298024040690538,-0.01955402951740864,161.67271995544434,,,,,,,
dinov2_g,rand6,0.5,0,depth,1000,1536,23.69311332702637,1.770378351211548,0.01390887908844192,0.0006655685992092459,0.006260654914949738,0.013243310489232671,0.7663664395204363,153.65090942382812,,,,,,,
dinov2_g,rand6,0.5,1,depth,1000,1536,23.69311332702637,1.7826684713363647,0.013269966394530291,0.0006855020916004777,0.006249255320645503,0.012584464302929813,0.6556091582569876,152.1996841430664,,,,,,,
dinov2_g,rand6,0.5,2,depth,1000,1536,23.69311332702637,1.7924460172653198,0.014560838742556537,0.0006725368820571037,0.006259055293467639,0.013888301860499429,0.7343070563463312,152.60383629798892,,,,,,,
dinov2_g,rand6,0.5,3,depth,1000,1536,23.69311332702637,1.7930580377578735,0.01486927167016849,0.0006655681430031232,0.006260655618619858,0.014203703527165368,0.7526502797093773,158.55494952201843,,,,,,,
dinov2_g,rand6,0.5,4,depth,1000,1536,23.69311332702637,1.7870196104049685,0.012823426760931345,0.0006817248616274112,0.0062513681645679255,0.012141701899303931,0.6599146673735272,157.37208533287045,,,,,,,
dinov2_g,rand6,0.75,0,depth,1000,1536,23.693117141723643,1.8032876253128047,0.01724149653796973,0.0006725347160663393,0.0062590556973354024,0.01656896182190339,1.43168420436598,154.26273512840268,,,,,,,
dinov2_g,rand6,0.75,1,depth,1000,1536,23.69311332702637,1.8393757343292243,0.014019554487720493,0.0006725366079441782,0.0062590543618148,0.013347017879776314,1.3098005335778418,149.27136063575745,,,,,,,
dinov2_g,rand6,0.75,2,depth,1000,1536,23.69311332702637,1.8201752901077268,0.015996900316669938,0.0006817265893798193,0.006251367706139669,0.015315173727290115,1.303873737277046,137.69845294952393,,,,,,,
dinov2_g,rand6,0.75,3,depth,1000,1536,23.69311332702637,1.801859736442566,0.013211456493510076,0.0007011885130003461,0.006217795837315622,0.012510267980509731,1.1525584328988745,126.90147352218628,,,,,,,
dinov2_g,rand6,0.75,4,depth,1000,1536,23.69311141967773,1.8328251838684082,0.0151272918396127,0.0006655683700419219,0.0062606549880157465,0.014461723469570776,1.3213169782765353,134.0885956287384,,,,,,,
dinov2_g,rand6,1.0,0,depth,1000,1536,23.69311332702637,1.8393536806106567,0.012320965693049288,0.0006655673332841852,0.006260655746822015,0.011655398359765102,1.1590809961852178,114.648823261261,,,,,,,
dinov2_g,rand6,1.0,1,depth,1000,1536,23.69311332702637,1.8065230846405032,0.008235100336731277,0.0006725365789245763,0.006259054693377898,0.0075625637578067015,0.7068268926565477,111.92866611480713,,,,,,,
dinov2_g,rand6,1.0,2,depth,1000,1536,23.69311332702637,1.830358505249024,0.009713595142047574,0.0006817251245610625,0.006251368418435035,0.009031870017486513,0.7945663484252476,127.7916214466095,,,,,,,
dinov2_g,rand6,1.0,3,depth,1000,1536,23.69311332702637,1.8533546924591064,0.010651286846436278,0.000681726497590869,0.006251367794684465,0.00996956034884541,1.0133636657411187,134.17508935928342,,,,,,,
dinov2_g,rand6,1.0,4,depth,1000,1536,23.69311332702637,1.818899273872376,0.008778733968968,0.0006974124508010299,0.006219928715543071,0.00808132151816697,0.7345761006360529,124.15495824813844,,,,,,,
dinov2_g,rand6_t06,0.0,0,depth,1000,1536,23.69311332702637,0.26670050621032715,-0.056304827888260627,-0.055545970969595584,0.0029450244638879962,-0.0007588569186650421,-0.06643441799136406,130.7022728919983,,,,,,,
dinov2_g,rand6_t06,0.0,1,depth,1000,1536,23.69311141967773,0.26649409532547,-0.04930032915214809,-0.05555778452322944,0.002955133069574801,0.006257455371081347,0.5388301172098815,121.43621468544006,,,,,,,
dinov2_g,rand6_t06,0.5,0,depth,1000,1536,23.69311332702637,0.2707229554653168,-0.11373189978028884,-0.055545972300224976,0.002945023660160902,-0.05818592748006385,-9.217923486463084,126.44903564453124,,,,,,,
dinov2_g,rand6_t06,0.5,1,depth,1000,1536,23.69311332702637,0.2726023197174072,-0.1153148370875768,-0.055545970479241584,0.0029450225022548265,-0.059768866608335226,-8.984966090486234,77.47375535964966,,,,,,,
dinov2_g,rand6_t06,1.0,0,depth,1000,1536,23.69311332702637,0.28127050399780273,-0.1855360279625229,-0.0555577865490036,0.002955132274368867,-0.1299782414135193,-10.27701358722839,75.08508133888246,,,,,,,
dinov2_g,rand6_t06,1.0,1,depth,1000,1536,23.69311332702637,0.2762501537799835,-0.18336873175297325,-0.05554597206065049,0.002945022510954924,-0.12782275969232273,-11.180861183647682,56.6098268032074,,,,,,,
dinov2_g,real,real,0,depth,1000,1536,23.69311332702637,3.9236681461334233,-0.02841619491956754,0.0005697875106583609,0.006411038400558249,-0.0289859824302259,-1.7783407590685485,148.26050925254822,,,,,,,
dinov2_g,tight06,real,0,depth,1000,1536,23.69311332702637,0.6000000238418579,-0.11175573132591199,-0.05579701528739058,0.002606157408127481,-0.05595871603852142,-8.144777463365537,128.17465305328372,,,,,,,
dinov2_g,wn6,0.0,0,depth,1000,1536,23.69311332702637,1.7440736293792725,-0.0024795659598882275,0.0006725362329042763,0.006259054069754416,-0.0031521021927925037,-0.2101872270139437,133.30182814598083,,,,,,,
dinov2_g,wn6,0.25,0,depth,1000,1536,23.69311332702637,1.7527105808258057,-0.006054308299501557,0.0006817260257250476,0.006251367622636532,-0.0067360343252266044,-0.4644109009268755,133.2341046333313,,,,,,,
dinov2_g,wn6,0.5,0,depth,1000,1536,23.69311141967773,1.7663831710815432,-0.003685499702302655,0.0006725367864817407,0.006259054623621628,-0.004358036488784396,-0.3941559157239048,139.1445062160492,,,,,,,
dinov2_g,wn6,0.75,0,depth,1000,1536,23.693115234375,1.8380050659179688,-0.012225469736425644,0.0006855022505256339,0.006249255351936775,-0.01291097198695128,-0.8839596467671972,138.21753978729248,,,,,,,
dinov2_g,wn6,1.0,0,depth,1000,1536,23.69311332702637,1.8197420835494995,-0.012330063140348041,0.0005915785893999173,0.0062717194347693,-0.012921641729747958,-0.8117523985461107,139.5814106464386,,,,,,,
clip_b,rand6,0.0,0,census,1000,512,3.8924756050109854,1.0519896745681765,,,,,,420.90530943870544,0.06942493037193084,0.00025387929194184184,0.09055002095866756,0.005072903623071698,-0.02112509058673674,200.0,0.0049751243781094535
clip_b,rand6,0.25,0,census,1000,512,3.892475843429565,1.0535823106765747,,,,,,422.80734014511114,0.07008302223700975,0.00021066925134352284,0.09104419889370616,0.005031518342768691,-0.020961176656696404,200.0,0.0049751243781094535
clip_b,rand6,0.5,0,census,1000,512,3.8924756050109854,1.0908948183059692,,,,,,422.4721088409424,0.06994767260542496,0.00029817587445229684,0.09074365757634273,0.005125294598772101,-0.020795984970917752,200.0,0.0049751243781094535
clip_b,rand6,0.75,0,census,1000,512,3.892475843429565,1.0944359302520752,,,,,,415.804883480072,0.06898318612855006,0.0004787149291520586,0.08929314433319056,0.0056162514708049385,-0.020309958204640502,200.0,0.0049751243781094535
clip_b,rand6,1.0,0,census,1000,512,3.892475843429565,1.1252824068069458,,,,,,432.08966970443726,0.0704206565701608,0.00031530141057469976,0.09207061854759424,0.005686205551163332,-0.021649961977433442,200.0,0.0049751243781094535
clip_b,rand6,0.0,0,depth,1000,512,3.8924756050109854,1.0519896745681765,-0.007857473761235939,0.00044193854241667,0.004140563275972761,-0.008299412303652609,-0.9830860666164424,91.09479665756227,,,,,,,
clip_b,rand6,0.0,1,depth,1000,512,3.8924756050109854,1.0470926761627195,-0.007050146728651813,0.000441936594438154,0.004140567116857819,-0.0074920833230899654,-0.968405563093452,88.61222624778748,,,,,,,
clip_b,rand6,0.0,2,depth,1000,512,3.8924756050109854,1.0513191223144531,-0.003910241113912416,0.0004419375641625104,0.0041405676451995365,-0.004352178678074926,-0.5615831972451519,88.36622405052185,,,,,,,
clip_b,rand6,0.0,3,depth,1000,512,3.8924756050109854,1.0578415393829346,-0.0028418435455513373,0.0005381061639760001,0.004148056122495657,-0.003379949709527337,-0.39917432176370304,88.75717616081238,,,,,,,
clip_b,rand6,0.0,4,depth,1000,512,3.8924756050109854,1.0333998203277588,-0.004888122046852739,0.00044193764268246757,0.0041405656329347,-0.005330059689535207,-0.744576910466865,88.73441529273987,,,,,,,
clip_b,rand6,0.25,0,depth,1000,512,3.892475843429565,1.0535823106765747,-0.008098839839128014,0.00044193750752579276,0.0041405677807489424,-0.008540777346653806,-1.2756594289953394,89.7087152004242,,,,,,,
clip_b,rand6,0.25,1,depth,1000,512,3.8924753665924072,1.0670311450958252,-0.0017921831315952375,0.0005381021681130069,0.004148047870409515,-0.0023302852997082444,-0.2864772476758114,90.15710473060608,,,,,,,
clip_b,rand6,0.25,2,depth,1000,512,3.892475843429565,1.0613648891448977,-0.0017977845929114946,0.00044193869444592303,0.004140565359605639,-0.0022397232873574173,-0.2456740490276033,88.87058210372925,,,,,,,
clip_b,rand6,0.25,3,depth,1000,512,3.8924756050109854,1.0607275962829592,-0.003063724048539107,0.0005381078341451348,0.004148054097137412,-0.0036018318826842423,-0.4783438600752373,90.63045334815979,,,,,,,
clip_b,rand6,0.25,4,depth,1000,512,3.8924756050109854,1.0517045259475708,-0.009231786674799264,0.0004419378330090554,0.004140566006935621,-0.00967372450780832,-1.0764597480776659,87.96040654182434,,,,,,,
clip_b,rand6,0.5,0,depth,1000,512,3.8924756050109854,1.0908948183059692,-0.0014305833806546595,0.0005381028392345485,0.0041480507665837855,-0.0019686862198892087,-0.25818701428652585,83.66689395904541,,,,,,,
clip_b,rand6,0.5,1,depth,1000,512,3.8924753665924072,1.081654071807861,-0.004731314330795322,0.00044193668090644763,0.004140567059816275,-0.00517325101170177,-0.5032285365208768,73.06852960586549,,,,,,,
clip_b,rand6,0.5,2,depth,1000,512,3.8924756050109854,1.0836044549942017,-0.0035382977175899,0.0005381065382608893,0.004148053495648818,-0.004076404255850789,-0.4863329302705076,59.408583164215095,,,,,,,
clip_b,rand6,0.5,3,depth,1000,512,3.8924753665924072,1.082605481147766,-0.00458608357059645,0.000538101972372472,0.00414805332126024,-0.005124185542968921,-0.5875122815961187,62.75990128517151,,,,,,,
clip_b,rand6,0.5,4,depth,1000,512,3.892475128173828,1.0749636888504028,-0.001826954578936335,0.000538100623819121,0.0041480489993022335,-0.0023650552027554557,-0.2589873237490055,57.92485499382019,,,,,,,
clip_b,rand6,0.75,0,depth,1000,512,3.892475843429565,1.0944359302520752,-0.017518601831214814,0.0005381047083542784,0.004148053139092495,-0.01805670653956909,-1.3482935078957157,52.56579303741455,,,,,,,
clip_b,rand6,0.75,1,depth,1000,512,3.8924753665924072,1.1005191802978516,-0.015798960752311964,0.00044194019490104717,0.004140565772215348,-0.016240900947213012,-1.1222827541956115,52.33522176742554,,,,,,,
clip_b,rand6,0.75,2,depth,1000,512,3.8924753665924072,1.113910675048828,-0.015624491513586162,0.00044193974358050644,0.0041405634517362325,-0.01606643125716667,-1.2230962051122831,66.93101549148561,,,,,,,
clip_b,rand6,0.75,3,depth,1000,512,3.8924753665924072,1.0811737775802612,-0.014546054766435529,0.0005381030833455924,0.0041480495794923656,-0.01508415784978112,-1.1053939276258102,52.540295362472534,,,,,,,
clip_b,rand6,0.75,4,depth,1000,512,3.8924756050109854,1.1188534498214722,-0.0190312812075712,0.00044193757290180574,0.004140564965047122,-0.019473218780473,-1.532628673387095,68.32264852523804,,,,,,,
clip_b,rand6,1.0,0,depth,1000,512,3.892475843429565,1.1252824068069458,-0.02681205566226605,0.00044194063788405996,0.004140567891862761,-0.02725399630015011,-1.8369664902416043,77.07485079765321,,,,,,,
clip_b,rand6,1.0,1,depth,1000,512,3.8924756050109854,1.1155997514724731,-0.026598626835709988,0.0005381064129418467,0.0041480512901996,-0.027136733248651842,-2.0569671253003947,75.86470222473146,,,,,,,
clip_b,rand6,1.0,2,depth,1000,512,3.8924756050109854,1.1139428615570068,-0.029462808870879712,0.000441937010359425,0.004140570445897743,-0.02990474588123913,-2.2799233985590392,64.66149401664735,,,,,,,
clip_b,rand6,1.0,3,depth,1000,512,3.892475843429565,1.090474247932434,-0.031288749955650175,0.0005381040392582303,0.004148052705831737,-0.031826853994908415,-2.8930355612863723,52.8930778503418,,,,,,,
clip_b,rand6,1.0,4,depth,1000,512,3.892475843429565,1.1125273704528809,-0.0257232961412093,0.0005381070933557164,0.004148049895502191,-0.026261403234565016,-1.7278335485229197,54.49488592147827,,,,,,,
clip_b,rand6_t06,0.0,0,depth,1000,512,3.8924756050109854,0.4747296571731568,-0.01507205383506137,-0.0018119959288190547,0.003073536991887961,-0.013260057906242314,-1.4892648259354386,78.42612075805664,,,,,,,
clip_b,rand6_t06,0.0,1,depth,1000,512,3.8924756050109854,0.4725198447704315,-0.020008201480850363,-0.0018120007088382505,0.003073539095637045,-0.018196200772012117,-1.8443392102920075,78.67276549339293,,,,,,,
clip_b,rand6_t06,0.5,0,depth,1000,512,3.8924756050109854,0.4922863245010376,-0.06765205323756568,-0.0017954120590846028,0.0031003920723215697,-0.06585664117848107,-6.502584533220601,70.77423405647278,,,,,,,
clip_b,rand6_t06,0.5,1,depth,1000,512,3.8924753665924072,0.4881162643432617,-0.06879882760533093,-0.0017791846991389649,0.0030997280380558323,-0.06701964290619197,-6.5596868325323445,68.00731253623961,,,,,,,
clip_b,rand6_t06,1.0,0,depth,1000,512,3.892475843429565,0.5078043937683105,-0.14307650789543494,-0.0017954123591396645,0.003100387623785687,-0.1412810955362953,-11.939898379603061,55.63857412338257,,,,,,,
clip_b,rand6_t06,1.0,1,depth,1000,512,3.8924756050109854,0.5034348964691162,-0.14111366521943308,-0.0017954135705449809,0.0031003936670360786,-0.13931825164888811,-12.960392354355626,74.84526515007019,,,,,,,
clip_b,real,real,0,depth,1000,512,3.8924756050109854,1.3295857906341553,-0.015869835461763626,0.0005381052587337438,0.004148051630725975,-0.01640794072049737,-1.9509375149849155,90.5174593925476,,,,,,,
clip_b,tight06,real,0,depth,1000,512,3.8924756050109854,0.6000000238418579,-0.016660101216305706,-0.001795416700654491,0.0031003845794310768,-0.014864684515651216,-1.4822318581075862,80.15171599388124,,,,,,,
clip_b,wn6,0.0,0,depth,1000,512,3.8924756050109854,1.0519896745681765,-0.007857473761235939,0.00044193854241667,0.004140563275972761,-0.008299412303652609,-0.9830860666164424,66.74823975563051,,,,,,,
clip_b,wn6,0.25,0,depth,1000,512,3.8924753665924072,1.057070016860962,-0.006154488373917966,0.00044193601992575937,0.00414056508344999,-0.006596424393843725,-0.8701464695408744,62.35111618041992,,,,,,,
clip_b,wn6,0.5,0,depth,1000,512,3.8924753665924072,1.0871543884277344,-0.0064574491295238115,0.0005381053188235314,0.004148052573364534,-0.006995554448347344,-0.9362163752481424,80.73993182182313,,,,,,,
clip_b,wn6,0.75,0,depth,1000,512,3.892475843429565,1.1069860458374023,-0.02239608882750896,0.0005381057541836917,0.004148055713516722,-0.02293419458169265,-1.7110911917466656,80.1565384864807,,,,,,,
clip_b,wn6,1.0,0,depth,1000,512,3.892476081848145,1.0992224216461182,-0.03208635598275557,0.0004419423175431232,0.004140573808734387,-0.032528298300298686,-2.124415082248019,82.05753803253174,,,,,,,
clip_l,rand6,0.0,0,census,1000,768,6.54116678237915,1.145358681678772,,,,,,434.0992596149445,0.06494186413830154,0.00029072848399367757,0.08729396861628963,0.004542392454841771,-0.02235210447798809,200.0,0.0049751243781094535
clip_l,rand6,0.25,0,census,1000,768,6.541167736053468,1.1393592357635498,,,,,,575.9668083190917,0.0630988746509822,0.00021504475519058247,0.08953921769019768,0.004352271743334134,-0.026440343039215483,200.0,0.0049751243781094535
clip_l,rand6,0.5,0,census,1000,768,6.541167736053468,1.152678370475769,,,,,,454.7009291648865,0.06271650818676391,0.00015850406529075814,0.08503356194828735,0.004859379872093068,-0.02231705376152343,200.0,0.0049751243781094535
clip_l,rand6,0.75,0,census,1000,768,6.541168212890625,1.176032543182373,,,,,,566.9381864070892,0.059951839560481626,0.0002268090210365313,0.08405384763469724,0.005215365769282878,-0.02410200807421561,200.0,0.0049751243781094535
clip_l,rand6,1.0,0,census,1000,768,6.541167736053468,1.203215718269348,,,,,,594.2430248260497,0.06424473317458841,0.0002634739424610887,0.08675267993191672,0.005338987327282582,-0.022507946757328312,200.0,0.0049751243781094535
clip_l,rand6,0.0,0,depth,1000,768,6.54116678237915,1.145358681678772,-0.006731614828313887,0.0005936774303919852,0.003721066294594901,-0.007325292258705872,-0.7850028687578263,108.59037184715271,,,,,,,
clip_l,rand6,0.0,1,depth,1000,768,6.541167736053468,1.123615264892578,-0.006922564332263986,0.0006002089326534663,0.0037230560114420003,-0.007522773264917453,-0.8555005422799081,106.2139024734497,,,,,,,
clip_l,rand6,0.0,2,depth,1000,768,6.541167736053468,1.1465595960617063,-0.010109909796792854,0.0006002082379487281,0.0037230544172674727,-0.01071011803474158,-1.2009595756932294,107.47726035118104,,,,,,,
clip_l,rand6,0.0,3,depth,1000,768,6.541167259216309,1.1419229507446291,-0.005254135096359885,0.0006002084651345524,0.0037230563098474014,-0.005854343561494438,-0.6672123336967347,109.4943368434906,,,,,,,
clip_l,rand6,0.0,4,depth,1000,768,6.541167736053468,1.1362214088439941,-0.010572509841749013,0.0006002064636268054,0.003723053419159882,-0.011172716305375821,-1.2336801357580154,106.64235091209412,,,,,,,
clip_l,rand6,0.25,0,depth,1000,768,6.541167736053468,1.1393592357635498,-0.010159545792492591,0.0006002092898508588,0.0037230540728535404,-0.01075975508234345,-1.253080314902078,109.37100315093994,,,,,,,
clip_l,rand6,0.25,1,depth,1000,768,6.541168212890625,1.15510892868042,-0.010599952075039248,0.0005936771721641491,0.003721071553970069,-0.011193629247203395,-1.2370964986144457,107.74267506599426,,,,,,,
clip_l,rand6,0.25,2,depth,1000,768,6.541167736053468,1.1304363012313845,-0.013377656911551685,0.0005936778074644835,0.0037210638735426533,-0.013971334719016166,-1.5450128727094343,105.06470036506651,,,,,,,
clip_l,rand6,0.25,3,depth,1000,768,6.541168212890625,1.142459511756897,-0.006803331624959219,0.0006002066402975584,0.003723058083356572,-0.007403538265256778,-0.811440557633113,96.73070979118349,,,,,,,
clip_l,rand6,0.25,4,depth,1000,768,6.541167736053468,1.1280169486999512,-0.01245221070734491,0.0006002083463470017,0.003723057418474804,-0.013052419053691913,-1.5249295500344882,90.3553946018219,,,,,,,
clip_l,rand6,0.5,0,depth,1000,768,6.541167736053468,1.152678370475769,-0.007663373616669702,0.0006002100341968214,0.003723055319578211,-0.008263583650866524,-0.9583366355487759,92.65797209739685,,,,,,,
clip_l,rand6,0.5,1,depth,1000,768,6.541167259216309,1.1569578647613523,-0.009860251661907432,0.0005936781712638104,0.0037210700197299953,-0.010453929833171244,-1.162577721648452,92.8548755645752,,,,,,,
clip_l,rand6,0.5,2,depth,1000,768,6.541167736053468,1.1728895902633667,-0.007475723209095925,0.0006002075546891805,0.0037230534932941478,-0.008075930763785105,-0.8917350604039035,83.1327464580536,,,,,,,
clip_l,rand6,0.5,3,depth,1000,768,6.541167736053468,1.1577774286270142,-0.011181769799070831,0.0005936761189769267,0.0037210672860405023,-0.011775445918047758,-1.1197982356644962,87.15783143043518,,,,,,,
clip_l,rand6,0.5,4,depth,1000,768,6.541167259216309,1.1484386920928955,-0.010212554358894316,0.0006002084063609233,0.003723056575682515,-0.010812762765255241,-1.1382524677452566,97.07371711730957,,,,,,,
clip_l,rand6,0.75,0,depth,1000,768,6.541168212890625,1.176032543182373,-0.03037777363166,0.0005936754756034251,0.003721069195638993,-0.030971449107263425,-3.056177722519982,98.43789982795715,,,,,,,
clip_l,rand6,0.75,1,depth,1000,768,6.541168212890625,1.19015634059906,-0.02771015780677366,0.0005936771361689103,0.003721069728073879,-0.028303834942942568,-3.152146190083603,93.85815310478209,,,,,,,
clip_l,rand6,0.75,2,depth,1000,768,6.541167259216309,1.1976443529129028,-0.028257978782346063,0.0006002072510588749,0.0037230556581802346,-0.028858186033404936,-2.4303908953439306,95.1007523536682,,,,,,,
clip_l,rand6,0.75,3,depth,1000,768,6.541168212890625,1.1871501207351685,-0.023999468693322267,0.0006002056121187871,0.0037230567284150507,-0.024599674305441056,-2.3843100096683405,84.33272123336792,,,,,,,
clip_l,rand6,0.75,4,depth,1000,768,6.541168212890625,1.2074562311172483,-0.02547746377796349,0.0005936761217277334,0.00372106705781504,-0.026071139899691224,-2.2003560096672574,96.70889735221864,,,,,,,
clip_l,rand6,1.0,0,depth,1000,768,6.541167736053468,1.203215718269348,-0.035748902036691364,0.0006002062861790655,0.0037230560340922713,-0.036349108322870416,-3.1195336905793747,95.2539792060852,,,,,,,
clip_l,rand6,1.0,1,depth,1000,768,6.541167736053468,1.197081446647644,-0.038586511040381764,0.0005936777717096247,0.003721067653226683,-0.03918018881209138,-3.3660859624127792,95.98439168930055,,,,,,,
clip_l,rand6,1.0,2,depth,1000,768,6.541167736053468,1.196393966674805,-0.03614360039362605,0.0006002102174634566,0.003723057085167681,-0.0367438106110895,-3.568758403028226,92.18014931678772,,,,,,,
clip_l,rand6,1.0,3,depth,1000,768,6.541167259216309,1.183788180351257,-0.04059674420416706,0.0005936802890643258,0.003721066111656067,-0.04119042449323139,-3.5094255327100075,81.42111492156981,,,,,,,
clip_l,rand6,1.0,4,depth,1000,768,6.541167736053468,1.2020374536514282,-0.03701079180484977,0.0006002083431020974,0.003723056342448104,-0.03761100014795187,-2.9656594294815712,67.56221079826355,,,,,,,
clip_l,rand6_t06,0.0,0,depth,1000,768,6.54116678237915,0.4600378572940826,-0.025483503273809903,-0.00033963896791713714,0.003107459304938213,-0.02514386430589276,-2.2693571546727345,95.48908615112305,,,,,,,
clip_l,rand6_t06,0.0,1,depth,1000,768,6.541167736053468,0.4513045847415924,-0.02702268200488083,-0.0003396427941267293,0.0031074607922382523,-0.0266830392107541,-2.5940535930703077,87.76964497566223,,,,,,,
clip_l,rand6_t06,0.5,0,depth,1000,768,6.541167736053468,0.4629779756069183,-0.08686786001708621,-0.00033963836617460633,0.0031074615490592444,-0.0865282216509116,-9.030238110470359,86.76205158233644,,,,,,,
clip_l,rand6_t06,0.5,1,depth,1000,768,6.541167259216309,0.4646967649459839,-0.09028254059651812,-0.00033904765217008934,0.0031067464801026365,-0.08994349294434803,-10.501027096625142,79.40177416801454,,,,,,,
clip_l,rand6_t06,1.0,0,depth,1000,768,6.541167736053468,0.4832764267921448,-0.1525944238000347,-0.0003390480550163083,0.0031067420987464568,-0.1522553757450184,-11.570138118030624,53.28507089614868,,,,,,,
clip_l,rand6_t06,1.0,1,depth,1000,768,6.541167736053468,0.4808125197887421,-0.15372510741510434,-0.00033904818161555885,0.0031067444276329263,-0.1533860592334888,-15.302251900721373,46.342408418655396,,,,,,,
clip_l,real,real,0,depth,1000,768,6.541167736053468,1.4938230514526367,-0.007219043260148938,0.0006002085297779832,0.0037230562751348352,-0.007819251789926922,-0.8272454930859939,109.36457228660583,,,,,,,
clip_l,tight06,real,0,depth,1000,768,6.541167736053468,0.6000000238418579,-0.023977813532544582,-0.0003396389463362514,0.0031074595499558304,-0.02363817458620833,-2.41372169963756,94.34875369071959,,,,,,,
clip_l,wn6,0.0,0,depth,1000,768,6.54116678237915,1.145358681678772,-0.006731614828313887,0.0005936774303919852,0.003721066294594901,-0.007325292258705872,-0.7850028687578263,68.25150966644287,,,,,,,
clip_l,wn6,0.25,0,depth,1000,768,6.541167736053468,1.1411561965942385,-0.008724914366843112,0.0005936784155402955,0.0037210712143213,-0.009318592782383409,-0.97846572899318,68.14986109733583,,,,,,,
clip_l,wn6,0.5,0,depth,1000,768,6.541167736053468,1.185132384300232,-0.00620765618153174,0.0006002076674777298,0.0037230543095369243,-0.006807863849009469,-0.6518724692749646,84.01746535301207,,,,,,,
clip_l,wn6,0.75,0,depth,1000,768,6.541168212890625,1.2041982412338257,-0.02556398646280911,0.0006002079768598706,0.003723055396681425,-0.026164194439668977,-1.7381846188811665,78.5560848712921,,,,,,,
clip_l,wn6,1.0,0,depth,1000,768,6.541168212890625,1.1962254047393799,-0.038259536540174915,0.0006002080348487176,0.0037230569980735853,-0.038859744575023634,-2.7530793104218296,77.40032720565794,,,,,,,
siglip_b,rand6,0.0,0,census,1000,768,5.746446132659912,1.181587815284729,,,,,,558.1610376834868,0.06649172563504824,0.0005289634404665075,0.08686115723056037,0.004475434246941045,-0.02036943159551213,200.0,0.0049751243781094535
siglip_b,rand6,0.25,0,census,1000,768,5.74644660949707,1.175398588180542,,,,,,562.0292286872864,0.06723522247624363,0.0004023728163451688,0.08900217231962111,0.004296998822511342,-0.021766949843377487,200.0,0.0049751243781094535
siglip_b,rand6,0.5,0,census,1000,768,5.74644660949707,1.1891392469406128,,,,,,552.2968852519989,0.06452791807964607,0.0003534522792271728,0.08466095494480362,0.004791330563720463,-0.020133036865157536,200.0,0.0049751243781094535
siglip_b,rand6,0.75,0,census,1000,768,5.74644660949707,1.213232159614563,,,,,,480.11970448493963,0.062337036344662526,0.00035374025067462733,0.0835893042431187,0.005145845898964708,-0.021252267898456176,200.0,0.0049751243781094535
siglip_b,rand6,1.0,0,census,1000,768,5.746446132659912,1.2412750720977783,,,,,,562.8910813331604,0.06646243236780232,0.00044877162054458565,0.0862540397108479,0.0052662423873790715,-0.01979160734304557,200.0,0.0049751243781094535
siglip_b,rand6,0.0,0,depth,1000,768,5.746446132659912,1.181587815284729,-0.005479843622502215,0.0008434316917315957,0.004514180653202422,-0.006323275314233811,-0.6487020614754899,92.3374297618866,,,,,,,
siglip_b,rand6,0.0,1,depth,1000,768,5.74644660949707,1.1591566801071167,-0.007886093079335618,0.0008434296292334275,0.004514184874837476,-0.008729522708569045,-0.823723058331825,90.92327237129213,,,,,,,
siglip_b,rand6,0.0,2,depth,1000,768,5.746446132659912,1.1828271150588991,-0.003669844711842507,0.0008434292608131168,0.00451418283752089,-0.004513273972655624,-0.4354658162765061,92.20445036888123,,,,,,,
siglip_b,rand6,0.0,3,depth,1000,768,5.746446132659912,1.1780434846878052,-0.007084135657802666,0.0008434316318951683,0.004514181906422409,-0.007927567289697833,-0.7716075754925474,91.47899603843688,,,,,,,
siglip_b,rand6,0.0,4,depth,1000,768,5.746446132659912,1.1721616983413696,-0.0072825127805598985,0.0008467371562988867,0.004513186922584286,-0.008129249936858788,-0.8857855172812786,92.4989058971405,,,,,,,
siglip_b,rand6,0.25,0,depth,1000,768,5.74644660949707,1.175398588180542,-0.003982913931616261,0.0008434309833477704,0.0045141853350803935,-0.004826344914964031,-0.4711583026013688,77.27166390419006,,,,,,,
siglip_b,rand6,0.25,1,depth,1000,768,5.746445655822754,1.1916468143463137,-0.00529157659846051,0.0008434314936812558,0.00451418062253073,-0.0061350080921417655,-0.5909642718712391,92.94787073135376,,,,,,,
siglip_b,rand6,0.25,2,depth,1000,768,5.746446132659912,1.1661934852600098,-0.0056274996010980405,0.000843428623579065,0.004514182834831707,-0.006470928224677106,-0.6417822183518302,95.47238564491272,,,,,,,
siglip_b,rand6,0.25,3,depth,1000,768,5.746446132659912,1.1785972118377686,-0.008537170346166106,0.0008434305629502134,0.004514182958094212,-0.00938060090911632,-0.9915668902600954,97.6716821193695,,,,,,,
siglip_b,rand6,0.25,4,depth,1000,768,5.746446132659912,1.1636979579925537,-0.009609966757479936,0.0008434318375245442,0.004514184271295727,-0.010453398595004479,-1.2221050655066843,93.54140663146973,,,,,,,
siglip_b,rand6,0.5,0,depth,1000,768,5.74644660949707,1.1891392469406128,-0.0038648038804444673,0.0008434276549687244,0.004514184741065387,-0.004708231535413192,-0.42946266541308825,98.1467080116272,,,,,,,
siglip_b,rand6,0.5,1,depth,1000,768,5.7464470863342285,1.193553805351257,-0.0034369748163607106,0.0008434299413064353,0.004514186152062618,-0.004280404757667146,-0.4112762905203843,94.16039514541626,,,,,,,
siglip_b,rand6,0.5,2,depth,1000,768,5.746446132659912,1.2099897861480713,3.395913994039268e-05,0.0008434301867973393,0.0045141801781284656,-0.0008094710468569466,-0.08060279717763368,96.1672739982605,,,,,,,
siglip_b,rand6,0.5,3,depth,1000,768,5.746446132659912,1.1943995952606201,-0.0037864280515021173,0.0008434304335819224,0.004514183180865701,-0.0046298584850840395,-0.4189829073326939,95.39619255065918,,,,,,,
siglip_b,rand6,0.5,4,depth,1000,768,5.746446132659912,1.184765338897705,-0.0015737670544204714,0.0008434291913877107,0.004514180304110169,-0.0024171962458081828,-0.2323153001157908,96.93948769569396,,,,,,,
siglip_b,rand6,0.75,0,depth,1000,768,5.74644660949707,1.213232159614563,-0.02335458197351578,0.0008434285423532928,0.00451418349772006,-0.024198010515869086,-1.7808362361782142,95.01597237586977,,,,,,,
siglip_b,rand6,0.75,1,depth,1000,768,5.746446132659912,1.2278027534484863,-0.023261752420806137,0.0008434286367279706,0.004514181032170283,-0.024105181057534102,-1.9170482613056288,95.23002982139587,,,,,,,
siglip_b,rand6,0.75,2,depth,1000,768,5.74644660949707,1.2355273962020874,-0.025149486502953164,0.0008434317915365072,0.004514185307968769,-0.025992918294489683,-2.1301337754408944,102.40245819091795,,,,,,,
siglip_b,rand6,0.75,3,depth,1000,768,5.746446132659912,1.2247015237808228,-0.020981744548840137,0.0008434310644872947,0.0045141819801566285,-0.02182517561332744,-1.5894404730220888,104.12464118003844,,,,,,,
siglip_b,rand6,0.75,4,depth,1000,768,5.746446132659912,1.2456496953964231,-0.018803396289618496,0.0008434290656072332,0.004514182383290619,-0.01964682535522573,-1.494288845374982,103.9239537715912,,,,,,,
siglip_b,rand6,1.0,0,depth,1000,768,5.746446132659912,1.2412750720977783,-0.03087065397561486,0.0008434315329859568,0.004514184613662808,-0.031714085508600824,-2.563737787379312,103.12059259414671,,,,,,,
siglip_b,rand6,1.0,1,depth,1000,768,5.746446132659912,1.2349469661712646,-0.02872067767709346,0.0008434300401481867,0.004514183970288468,-0.02956410771724165,-2.2365130629519783,99.97669863700868,,,,,,,
siglip_b,rand6,1.0,2,depth,1000,768,5.746446132659912,1.234237551689148,-0.033886064055513865,0.000843429167667216,0.004514181490649875,-0.03472949322318108,-3.1241161910587607,98.83298945426941,,,,,,,
siglip_b,rand6,1.0,3,depth,1000,768,5.746446132659912,1.2212328910827637,-0.03363113612992838,0.0008434308568417495,0.004514182774746986,-0.034474566986770136,-2.7062600929426748,100.94932699203493,,,,,,,
siglip_b,rand6,1.0,4,depth,1000,768,5.746446132659912,1.240059494972229,-0.03154185916086659,0.0008434296356018957,0.004514182867320575,-0.03238528879646849,-2.789280509492852,100.63421726226808,,,,,,,
siglip_b,rand6_t06,0.0,0,depth,1000,768,5.746446132659912,0.4607182443141937,-0.0259799665944367,-0.0042700803011424295,0.004779392295114409,-0.021709886293294272,-2.0574662812248183,85.48042845726012,,,,,,,
siglip_b,rand6_t06,0.0,1,depth,1000,768,5.74644660949707,0.4519720673561096,-0.027451983583524974,-0.004279748707386439,0.004776104117280496,-0.023172234876138537,-2.1270710913625472,89.6051332950592,,,,,,,
siglip_b,rand6_t06,0.5,0,depth,1000,768,5.74644660949707,0.4636626541614533,-0.08476821093184997,-0.004279749767931909,0.004776104749022538,-0.08048846116391806,-8.794228127953675,82.25587391853333,,,,,,,
siglip_b,rand6_t06,0.5,1,depth,1000,768,5.7464470863342285,0.4653839766979218,-0.08981922593624797,-0.004269000812798446,0.00477429467765535,-0.08555022512344954,-9.101954640133213,60.69688034057617,,,,,,,
siglip_b,rand6_t06,1.0,0,depth,1000,768,5.746446132659912,0.4839912056922913,-0.1513316922562945,-0.004279288928507464,0.004764216560603274,-0.14705240332778705,-11.437224798972435,46.79882073402405,,,,,,,
siglip_b,rand6_t06,1.0,1,depth,1000,768,5.746446132659912,0.481523722410202,-0.15201898916073733,-0.004268996219883964,0.004774295569726982,-0.14774999294085334,-12.239034111173202,41.57609391212464,,,,,,,
siglip_b,real,real,0,depth,1000,768,5.746446132659912,1.5387986898422241,-0.009716675422748748,0.0008434304194981617,0.004514183128554875,-0.010560105842246908,-0.9002032195421371,94.03025937080385,,,,,,,
siglip_b,tight06,real,0,depth,1000,768,5.746446132659912,0.5999999642372131,-0.014889176678080263,-0.004279289623789822,0.004764218853254197,-0.01060988705429044,-1.0607602076741756,87.42982387542725,,,,,,,
siglip_b,wn6,0.0,0,depth,1000,768,5.746446132659912,1.181587815284729,-0.005479843622502215,0.0008434316917315957,0.004514180653202422,-0.006323275314233811,-0.6487020614754899,98.68391513824464,,,,,,,
siglip_b,wn6,0.25,0,depth,1000,768,5.746446132659912,1.1772527694702148,-0.0050083565302472535,0.0008434301851223735,0.0045141833750104105,-0.005851786715369628,-0.5126420772492081,97.79046010971071,,,,,,,
siglip_b,wn6,0.5,0,depth,1000,768,5.74644660949707,1.222619652748108,-0.002696115048836628,0.0008434297207509224,0.004514184498098942,-0.0035395447695875507,-0.37203930393870255,96.73466181755066,,,,,,,
siglip_b,wn6,0.75,0,depth,1000,768,5.74644660949707,1.2422888278961182,-0.0307462527459713,0.0008434299487047589,0.004514182750515653,-0.03158968269467606,-2.091906706811206,102.16513776779176,,,,,,,
siglip_b,wn6,1.0,0,depth,1000,768,5.746446132659912,1.234063744544983,-0.027202305872929336,0.0008434311286527856,0.004514181377321111,-0.028045737001582118,-1.6985299738569186,101.9648551940918,,,,,,,
